[13:18:49.66] /r giWindowId 0
[13:18:49.66] /r giWindowGeometry 600x300
[13:18:49.68] /o 
              /c                                 Custom Compiler 
              /c 
              /c               Version N-2017.12-SP1-2 for linux64 - May 16, 2018 
              /c 
              /c                     Copyright (c) 2004 - 2018 Synopsys, Inc.
              /c    This software and the associated documentation are proprietary to Synopsys,
              /c  Inc. This software may only be used in accordance with the terms and conditions
              /c  of a written license agreement with Synopsys, Inc. All other use, reproduction,
              /c             or distribution of this software is strictly prohibited.
              /c 
              /c Build  (OPT) Config 4182185 compiled on Wed May 16 15:20:56 2018 for RHEL64 6.6
              /c Invocation: /usr/synopsys/customcompiler/N-2017.12-SP1-2/linux64/platform/bin/custom_compiler
              /c Execution time: Wed Mar 18 13:18:45 2026
              /c Host: localhost.localdomain
              /c Working directory: /root/Excercise/DFlipFlop
              /c 
[13:18:53.76] /r giShowFrameTabs true
[13:18:53.77] /r giWindowId 1
[13:18:53.77] /r giWindowGeometry 1040x800
[13:19:02.51] /# gi::pressButton {/scroll/scrollArea/scrollAreaInnerWidget/recentDesigns/deOpendffdfflayout} -in [gi::getWindows 1]
[13:19:02.52] /# 
[13:19:02.52] /i de::open dff/dff/layout
[13:19:02.53] /m Information: License 'Basic' checked out. (LICENSE-003)
[13:19:02.55] /w Warning: Preference 'leActiveLPP' is deprecated and scheduled for removal in a future release with no replacement. For migration assistance, see the Custom Compiler Tcl Reference Manual. (PREFERENCE-058)
[13:19:02.56] /o 	#######################################
[13:19:02.56] /o 	PDK Library Name	: reference90RF
[13:19:02.56] /o 	PDK Version		: 2.0
[13:19:02.56] /o 	PDK Release Date	: 25-March-2010 
[13:19:02.56] /o 	#######################################
[13:19:02.56] /o 
[13:19:03.47] /r giWindowId 2
[13:19:03.48] /r giWindowGeometry 1632x848
[13:19:03.59] /# de::setActiveLPP [de::getLPPs "exclude blockage" -from [db::getAttr editDesign -of [de::getContexts -window 2]]]
[13:19:04.20] /o oa:0x1d679b20
[13:19:04.34] /# gi::executeAction deSelectActive -in [gi::getWindows 2]
[13:19:04.34] /i de::deselectAll [db::getNext [de::getContexts -window 2]]
[13:19:04.34] /i de::select [de::getActiveFigure [gi::getWindows 2] -point {-3.937 -3.484} -index 0 -intent none]
[13:19:04.34] /o oa:0x1d58c300
[13:19:04.35] /# gi::executeAction deSelectActive -in [gi::getWindows 2]
[13:19:04.35] /i de::cycleActiveFigure [gi::getWindows 2] -direction next
[13:19:04.35] /o oa:0x1d519250
[13:19:04.35] /i de::deselectAll [db::getNext [de::getContexts -window 2]]
[13:19:04.35] /i de::select [de::getActiveFigure [gi::getWindows 2] -point {-3.937 -3.484} -index 1 -intent none]
[13:19:04.35] /o oa:0x1e8d69a0
[13:19:06.11] /i db::setAttr maximized -of [gi::getFrames 1] -value true
[13:19:06.49] /i db::setAttr dockSize -of [gi::getAssistants dePropertyEditor -from [gi::getWindows 2]] -value 290x709
[13:19:06.58] /i db::setAttr geometry -of [gi::getFrames 1] -value 1910x910+5+62
[13:19:08.21] /# gi::executeAction deCanvasZoomInAtPoint -in [gi::getWindows 2]
[13:19:08.21] /i de::zoom -window [gi::getWindows 2] -factor 2.0 -center {-4.621 -3.28}
[13:19:08.22] /o {-6.398 -6.194} {5.044 -0.84}
[13:19:09.48] /# gi::executeAction dePan -in [gi::getWindows 2]
[13:19:09.48] /i ide::pan [db::getNext [de::getContexts -window 2]]
[13:19:10.10] /# gi::executeAction deStartDrag -in [gi::getWindows 2]
[13:19:10.10] /i de::startDrag {2.043 -3.455} -context [db::getNext [de::getContexts -window 2]]
[13:19:12.00] /# gi::executeAction deEndDrag -in [gi::getWindows 2]
[13:19:12.00] /i de::endDrag {2.028 -3.455} -context [db::getNext [de::getContexts -window 2]]
[13:19:12.00] /r dePanToPoint {-3.256 -3.378}
[13:19:15.81] /i gi::setField {stopLevel} -value {1} -in [gi::getToolbars {leHierarchy} -from [gi::getWindows 2]]
[13:19:19.77] /# gi::executeAction xtLVSRun -in [gi::getWindows 2]
[13:19:19.77] /i xt::physicalVerification::executeRun lvs 2
[13:19:20.11] /# xt::physicalVerification::executePve lvs 2
[13:19:21.48] /m Information: "Starting netlisting for design "dff/dff/schematic"..." (NETLISTING-010)
[13:19:21.54] /o No Design Integrity rule violations found in "dff/dff/schematic"
[13:19:21.63] /m Information: "Netlisting design "dff/dff/schematic" finished successfully." (NETLISTING-012)
[13:19:21.77] /r giWindowId 3
[13:19:21.78] /r giWindowGeometry 800x600
[13:19:27.28] /i gi::setActiveTab {tabs} -tabName {dff.LVS_ERRORS} -in [gi::getWindows 3]
[13:19:28.85] /i gi::setActiveTab {tabs} -tabName {stdout.lvs.log} -in [gi::getWindows 3]
[13:19:29.74] /i gi::setActiveTab {tabs} -tabName {dff.LVS_ERRORS} -in [gi::getWindows 3]
[13:19:29.89] /m Information: 
              /c =============================
              /c JobID: hercules_lvs_22
              /c --- EXTRACT ERROR SUMMARY ---
              /c LAYOUT ERRORS RESULTS: CLEAN
              /c --- COMPARE ERROR SUMMARY ---
              /c Top block compare result: FAIL
              /c [dff != dff]
              /c > dff != dff (level = 0)
              /c =============================
              /c 
[13:19:31.27] /j ::xt::hercules::vue::_private::registerConnection localhost:38124 tcp5 herculesVue_1 
[13:19:31.37] /j ::xt::hercules::vue::_private::isJobReady 
[13:19:31.37] /o false
[13:19:32.37] /j ::xt::hercules::vue::_private::isJobReady 
[13:19:32.37] /o false
[13:19:33.37] /m Information: Connection established with 'Hercules-VUE' running on 'localhost'.
[13:19:33.37] /j ::xt::hercules::vue::_private::isJobReady 
[13:19:33.37] /o true
[13:19:33.38] /j ::xt::hercules::vue::startFilter LAY 
[13:19:33.40] /j ::xt::hercules::vue::startFilter SCH 
[13:19:34.04] /j ::xt::hercules::vue::setInlibPath /root/Excercise/DFlipFlop/synopsys_custom/dff.hercules.lvs/. 
[13:19:34.06] /j ::xt::hercules::vue::setTopLayLCV dff dff layout 
[13:19:34.08] /j ::xt::hercules::vue::openCell dff dff layout 
[13:19:34.09] /j ::xt::hercules::vue::setTopSchLib dff 
[13:19:35.35] /j ::xt::hercules::vue::clearAllHighlights {} {} 
[13:19:35.37] /j ::xt::hercules::vue::clearAllHighlights dff layout 
[13:19:36.88] /j ::xt::hercules::vue::clearAllHighlights dff layout 
[13:19:36.88] /j ::xt::hercules::vue::clearAllHighlights dff layout 
[13:19:36.88] /j ::xt::hercules::vue::openCellInstance dff layout dff layout 
[13:19:36.91] /j ::xt::hercules::vue::clearAllHighlights {} {} 
[13:19:36.93] /j ::xt::hercules::vue::clearAllHighlights {} {} 
[13:19:36.95] /j ::xt::hercules::vue::openCell dff dff schematic 
[13:19:36.97] /r giWindowId 4
[13:19:37.01] /r giWindowGeometry 1632x848
[13:19:37.30] /w Warning: Design "dff/dff/schematic" will be checked in "check only" mode, because it is opened read-only. (SE_CHECK-015)
[13:19:37.30] /o "dff/dff/schematic" design does not need checking
[13:19:42.30] /j ::xt::hercules::vue::clearAllHighlights dff schematic 
[13:19:42.32] /j ::xt::hercules::vue::setHighlightProperty dff schematic lime brick 
[13:19:42.34] /j ::xt::hercules::vue::drawSchHighlight XI21/MM2 device 
[13:19:42.42] /j ::xt::hercules::vue::clearAllHighlights dff schematic 
[13:19:42.44] /j ::xt::hercules::vue::clearAllHighlights dff schematic 
[13:19:42.46] /j ::xt::hercules::vue::clearAllHighlights dff schematic 
[13:19:42.48] /j ::xt::hercules::vue::setHighlightProperty dff schematic lime brick 
[13:19:42.49] /j ::xt::hercules::vue::drawSchHighlight XI21/MM2 device 
[13:19:42.53] /j ::xt::hercules::vue::clearAllHighlights dff layout 
[13:19:42.57] /j ::xt::hercules::vue::clearAllHighlights dff layout 
[13:19:42.58] /j ::xt::hercules::vue::setHighlightProperty dff layout lime brick 
[13:19:42.59] /j ::xt::hercules::vue::addPolygonBegin 7 
[13:19:42.63] /j ::xt::hercules::vue::addPolygonPoints {-4.035 -1.730 -4.035 -2.390 -4.030 -2.390 -4.030 -2.450 -4.135 -2.450 -4.135 -1.730 -4.035 -1.730 } 
[13:19:42.63] /j ::xt::hercules::vue::addPolygonEnd 
[13:19:42.63] /j ::xt::hercules::vue::drawHighlights dff layout all 
[13:19:42.65] /j ::xt::hercules::vue::setViewPort extents {-4.148 -2.540 -4.017 -1.640} LAY 
[13:19:42.93] /j ::xt::hercules::vue::clearAllHighlights dff layout 
[13:19:42.96] /j ::xt::hercules::vue::clearAllHighlights dff layout 
[13:19:42.97] /j ::xt::hercules::vue::setHighlightProperty dff layout lime brick 
[13:19:42.98] /j ::xt::hercules::vue::addPolygonBegin 7 
[13:19:43.03] /j ::xt::hercules::vue::addPolygonPoints {-4.035 -1.730 -4.035 -2.390 -4.030 -2.390 -4.030 -2.450 -4.135 -2.450 -4.135 -1.730 -4.035 -1.730 } 
[13:19:43.04] /j ::xt::hercules::vue::addPolygonEnd 
[13:19:43.04] /j ::xt::hercules::vue::drawHighlights dff layout all 
[13:19:43.05] /j ::xt::hercules::vue::setViewPort extents {-4.148 -2.540 -4.017 -1.640} LAY 
[13:19:43.08] /j ::xt::hercules::vue::clearAllHighlights dff schematic 
[13:19:43.14] /j ::xt::hercules::vue::setHighlightProperty dff schematic lime brick 
[13:19:43.16] /j ::xt::hercules::vue::drawSchHighlight XI21/MM2 device 
[13:19:43.30] /j ::xt::hercules::vue::clearAllHighlights dff schematic 
[13:19:43.31] /j ::xt::hercules::vue::clearAllHighlights dff schematic 
[13:19:43.33] /j ::xt::hercules::vue::clearAllHighlights dff schematic 
[13:19:43.34] /j ::xt::hercules::vue::setHighlightProperty dff schematic lime brick 
[13:19:43.36] /j ::xt::hercules::vue::drawSchHighlight XI21/MM2 device 
[13:19:43.43] /j ::xt::hercules::vue::clearAllHighlights dff schematic 
[13:19:43.43] /j ::xt::hercules::vue::setHighlightProperty dff schematic lime brick 
[13:19:43.46] /j ::xt::hercules::vue::drawSchHighlight XI21/MM2 device 
[13:19:43.48] /j ::xt::hercules::vue::clearAllHighlights dff schematic 
[13:19:43.49] /j ::xt::hercules::vue::clearAllHighlights dff schematic 
[13:19:43.49] /j ::xt::hercules::vue::clearAllHighlights dff schematic 
[13:19:43.51] /j ::xt::hercules::vue::setHighlightProperty dff schematic lime brick 
[13:19:43.53] /j ::xt::hercules::vue::drawSchHighlight XI21/MM2 device 
[13:19:43.62] /j ::xt::hercules::vue::clearAllHighlights dff layout 
[13:19:43.63] /j ::xt::hercules::vue::clearAllHighlights dff layout 
[13:19:43.63] /j ::xt::hercules::vue::setHighlightProperty dff layout lime brick 
[13:19:43.63] /j ::xt::hercules::vue::addPolygonBegin 7 
[13:19:43.68] /j ::xt::hercules::vue::addPolygonPoints {-4.035 -1.730 -4.035 -2.390 -4.030 -2.390 -4.030 -2.450 -4.135 -2.450 -4.135 -1.730 -4.035 -1.730 } 
[13:19:43.68] /j ::xt::hercules::vue::addPolygonEnd 
[13:19:43.68] /j ::xt::hercules::vue::drawHighlights dff layout all 
[13:19:43.70] /j ::xt::hercules::vue::setViewPort extents {-4.148 -2.540 -4.017 -1.640} LAY 
[13:19:54.27] /# gi::executeAction deCanvasZoomOutAtPoint -in [gi::getWindows 2]
[13:19:54.27] /i de::zoom -window [gi::getWindows 2] -factor 0.5 -center {-3.75 -2.05}
[13:19:54.27] /o {-6.339 -3.03} {-2.491 -1.23}
[13:19:56.23] /# gi::executeAction deAddPoint -in [gi::getWindows 2]
[13:19:56.23] /i de::addPoint {-3.721 -2.148} -context [db::getNext [de::getContexts -window 2]]
[13:19:57.59] /# gi::executeAction deAbortCommand -in [gi::getWindows 2]
[13:19:57.59] /i de::abortCommand -context [db::getNext [de::getContexts -window 2]]
[13:19:58.48] /# gi::executeAction deSelectActive -in [gi::getWindows 2]
[13:19:58.48] /i de::deselectAll [db::getNext [de::getContexts -window 2]]
[13:19:58.48] /i de::select [de::getActiveFigure [gi::getWindows 2] -point {-3.705 -2.144} -index 0 -intent none]
[13:19:58.48] /o oa:0x1ee449d0
[13:20:06.32] /# gi::executeAction leDelete -in [gi::getWindows 2]
[13:20:06.32] /i ile::delete
[13:20:09.10] /# gi::executeAction deSelectActive -in [gi::getWindows 2]
[13:20:09.10] /i de::deselectAllLogic -context [db::getNext [de::getContexts -window 2]]
[13:20:11.09] /# gi::executeAction leInstance -in [gi::getWindows 2]
[13:20:11.09] /i ile::createInst
[13:20:11.33] /i gi::setActiveDialog [gi::getDialogs {leCreateInst} -parent [gi::getWindows 2]]
[13:20:11.51] /i db::setAttr geometry -of [gi::getDialogs {leCreateInst}] -value 612x532+654+195
[13:20:16.63] /i gi::setCurrentIndex {instLCVLibs} -index {sheets} -in [gi::getDialogs {leCreateInst} -parent [gi::getWindows 2]]
[13:20:16.64] /i gi::setItemSelection {instLCVLibs} -index {sheets} -in [gi::getDialogs {leCreateInst} -parent [gi::getWindows 2]]
[13:20:16.99] /i gi::setCurrentIndex {instLCVLibs} -index {snpsDefTechLib} -in [gi::getDialogs {leCreateInst} -parent [gi::getWindows 2]]
[13:20:17.01] /i gi::setItemSelection {instLCVLibs} -index {snpsDefTechLib} -in [gi::getDialogs {leCreateInst} -parent [gi::getWindows 2]]
[13:20:18.21] /i gi::setCurrentIndex {instLCVLibs} -index {reference90RF} -in [gi::getDialogs {leCreateInst} -parent [gi::getWindows 2]]
[13:20:18.23] /i gi::setItemSelection {instLCVLibs} -index {reference90RF} -in [gi::getDialogs {leCreateInst} -parent [gi::getWindows 2]]
[13:20:20.09] /i gi::setCurrentIndex {instLCVCellCategories} -index {Mos_4t} -in [gi::getDialogs {leCreateInst} -parent [gi::getWindows 2]]
[13:20:20.09] /i gi::setItemSelection {instLCVCellCategories} -index {Mos_4t} -in [gi::getDialogs {leCreateInst} -parent [gi::getWindows 2]]
[13:20:22.84] /i gi::setCurrentIndex {instLCVCells} -index {p_4t} -in [gi::getDialogs {leCreateInst} -parent [gi::getWindows 2]]
[13:20:22.86] /i gi::setItemSelection {instLCVCells} -index {p_4t} -in [gi::getDialogs {leCreateInst} -parent [gi::getWindows 2]]
[13:20:24.77] /i gi::setActiveTab {tabWidget} -tabName {instParamTab} -in [gi::getDialogs {leCreateInst} -parent [gi::getWindows 2]]
[13:20:25.83] /i gi::setItemSelection {instParamExpand} -index {w,all} -in [gi::getDialogs {leCreateInst} -parent [gi::getWindows 2]]
[13:20:25.84] /i gi::setCurrentIndex {instParamExpand} -index {w,Value} -in [gi::getDialogs {leCreateInst} -parent [gi::getWindows 2]]
[13:20:31.98] /i gi::setField {instParamExpand} -value {0.72u} -index {w,Value} -in [gi::getDialogs {leCreateInst} -parent [gi::getWindows 2]]
[13:20:35.20] /i db::setAttr geometry -of [gi::getDialogs {leCreateInst}] -value 612x532+1399+223
[13:20:53.01] /# gi::executeAction deAddPoint -in [gi::getWindows 2]
[13:20:53.01] /i de::addPoint {-4.134 -2.448} -context [db::getNext [de::getContexts -window 2]]
[13:20:55.23] /# gi::executeAction deAbortCommand -in [gi::getWindows 2]
[13:20:55.23] /i de::abortCommand -context [db::getNext [de::getContexts -window 2]]
[13:21:00.37] /i gi::executeAction deSaveDesign -in [gi::getWindows 2]
[13:21:00.37] /m Information: Saving design 'dff dff layout'. (DESIGN_WINDOW-004)
[13:21:06.03] /# gi::executeAction xtLVSRun -in [gi::getWindows 2]
[13:21:06.03] /i xt::physicalVerification::executeRun lvs 2
[13:21:06.19] /# xt::physicalVerification::executePve lvs 2
[13:21:07.19] /m Information: "Starting netlisting for design "dff/dff/schematic"..." (NETLISTING-010)
[13:21:07.20] /o No Design Integrity rule violations found in "dff/dff/schematic"
[13:21:07.26] /m Information: "Netlisting design "dff/dff/schematic" finished successfully." (NETLISTING-012)
[13:21:12.89] /m Information: 
              /c =============================
              /c JobID: hercules_lvs_23
              /c --- EXTRACT ERROR SUMMARY ---
              /c LAYOUT ERRORS RESULTS: CLEAN
              /c --- COMPARE ERROR SUMMARY ---
              /c Top block compare result: FAIL
              /c [dff != dff]
              /c > dff != dff (level = 0)
              /c =============================
              /c 
[13:21:13.39] /j ::xt::hercules::vue::_private::registerConnection localhost:58830 tcp11 herculesVue_2 
[13:21:13.45] /j ::xt::hercules::vue::_private::isJobReady 
[13:21:13.45] /o false
[13:21:14.45] /j ::xt::hercules::vue::_private::isJobReady 
[13:21:14.45] /o false
[13:21:15.45] /m Information: Connection established with 'Hercules-VUE' running on 'localhost'.
[13:21:15.45] /j ::xt::hercules::vue::_private::isJobReady 
[13:21:15.45] /o true
[13:21:15.46] /j ::xt::hercules::vue::startFilter LAY 
[13:21:15.48] /j ::xt::hercules::vue::startFilter SCH 
[13:21:15.84] /j ::xt::hercules::vue::setInlibPath /root/Excercise/DFlipFlop/synopsys_custom/dff.hercules.lvs/. 
[13:21:15.86] /j ::xt::hercules::vue::setTopLayLCV dff dff layout 
[13:21:15.88] /j ::xt::hercules::vue::openCell dff dff layout 
[13:21:15.90] /j ::xt::hercules::vue::setTopSchLib dff 
[13:21:21.78] /j ::xt::hercules::vue::clearAllHighlights dff layout 
[13:21:21.78] /j ::xt::hercules::vue::clearAllHighlights {} {} 
[13:21:23.48] /j ::xt::hercules::vue::clearAllHighlights {} {} 
[13:21:23.48] /j ::xt::hercules::vue::clearAllHighlights {} {} 
[13:21:23.49] /j ::xt::hercules::vue::openCell dff dff schematic 
[13:21:23.51] /j ::xt::hercules::vue::clearAllHighlights dff layout 
[13:21:23.52] /j ::xt::hercules::vue::clearAllHighlights dff layout 
[13:21:23.54] /j ::xt::hercules::vue::openCellInstance dff layout dff layout 
[13:21:38.15] /j ::xt::hercules::vue::clearAllHighlights dff schematic 
[13:21:38.18] /j ::xt::hercules::vue::clearAllHighlights dff schematic 
[13:21:38.19] /j ::xt::hercules::vue::clearAllHighlights dff schematic 
[13:21:38.20] /j ::xt::hercules::vue::setHighlightProperty dff schematic lime brick 
[13:21:38.20] /j ::xt::hercules::vue::drawSchHighlight XI21/MM2 device 
[13:21:38.27] /j ::xt::hercules::vue::clearAllHighlights dff layout 
[13:21:38.28] /j ::xt::hercules::vue::clearAllHighlights dff layout 
[13:21:38.29] /j ::xt::hercules::vue::setHighlightProperty dff layout lime brick 
[13:21:38.31] /j ::xt::hercules::vue::addPolygonBegin 7 
[13:21:38.35] /j ::xt::hercules::vue::addPolygonPoints {-4.035 -1.730 -4.035 -2.390 -4.030 -2.390 -4.030 -2.450 -4.135 -2.450 -4.135 -1.730 -4.035 -1.730 } 
[13:21:38.35] /j ::xt::hercules::vue::addPolygonEnd 
[13:21:38.35] /j ::xt::hercules::vue::drawHighlights dff layout all 
[13:21:38.35] /j ::xt::hercules::vue::setViewPort extents {-4.148 -2.540 -4.017 -1.640} LAY 
[13:21:38.37] /j ::xt::hercules::vue::clearAllHighlights dff layout 
[13:21:38.38] /j ::xt::hercules::vue::clearAllHighlights dff layout 
[13:21:38.38] /j ::xt::hercules::vue::setHighlightProperty dff layout lime brick 
[13:21:38.38] /j ::xt::hercules::vue::addPolygonBegin 7 
[13:21:38.43] /j ::xt::hercules::vue::addPolygonPoints {-4.035 -1.730 -4.035 -2.390 -4.030 -2.390 -4.030 -2.450 -4.135 -2.450 -4.135 -1.730 -4.035 -1.730 } 
[13:21:38.43] /j ::xt::hercules::vue::addPolygonEnd 
[13:21:38.44] /j ::xt::hercules::vue::drawHighlights dff layout all 
[13:21:38.46] /j ::xt::hercules::vue::setViewPort extents {-4.148 -2.540 -4.017 -1.640} LAY 
[13:21:38.47] /j ::xt::hercules::vue::clearAllHighlights dff schematic 
[13:21:38.49] /j ::xt::hercules::vue::clearAllHighlights dff schematic 
[13:21:38.49] /j ::xt::hercules::vue::clearAllHighlights dff schematic 
[13:21:38.50] /j ::xt::hercules::vue::setHighlightProperty dff schematic lime brick 
[13:21:38.50] /j ::xt::hercules::vue::drawSchHighlight XI21/MM2 device 
[13:21:39.52] /i gi::setActiveWindow 3
[13:21:39.52] /i gi::setActiveWindow 3 -raise true
[13:21:39.73] /i gi::setActiveWindow 4
[13:21:39.73] /i gi::setActiveWindow 4 -raise true
[13:21:41.23] /i gi::setActiveWindow 2
[13:21:41.23] /i gi::setActiveWindow 2 -raise true
[13:21:42.26] /# gi::executeAction deCanvasZoomOutAtPoint -in [gi::getWindows 2]
[13:21:42.26] /i de::zoom -window [gi::getWindows 2] -factor 0.5 -center {-3.741 -1.947}
[13:21:42.26] /o {-6.348 -3.133} {-2.5 -1.333}
[13:21:43.85] /# gi::executeAction deCanvasZoomInAtPoint -in [gi::getWindows 2]
[13:21:43.85] /i de::zoom -window [gi::getWindows 2] -factor 2.0 -center {-3.546 -1.935}
[13:21:43.85] /o {-4.947 -2.534} {-3.023 -1.634}
[13:21:44.67] /# gi::executeAction deSelectActive -in [gi::getWindows 2]
[13:21:44.67] /i de::deselectAll [db::getNext [de::getContexts -window 2]]
[13:21:44.67] /i de::select [de::getActiveFigure [gi::getWindows 2] -point {-3.72 -1.781} -index 0 -intent none]
[13:21:44.67] /o oa:0x1f95bcc0
[13:21:51.08] /# gi::executeAction dePan -in [gi::getWindows 2]
[13:21:51.08] /i ide::pan [db::getNext [de::getContexts -window 2]]
[13:21:51.85] /# gi::executeAction deStartDrag -in [gi::getWindows 2]
[13:21:51.85] /i de::startDrag {-3.732 -2.228} -context [db::getNext [de::getContexts -window 2]]
[13:21:52.45] /# gi::executeAction deEndDrag -in [gi::getWindows 2]
[13:21:52.45] /i de::endDrag {-3.731 -2.228} -context [db::getNext [de::getContexts -window 2]]
[13:21:52.46] /r dePanToPoint {-4.055 -2.281}
[13:21:52.96] /# gi::executeAction deCanvasZoomInAtPoint -in [gi::getWindows 2]
[13:21:52.96] /i de::zoom -window [gi::getWindows 2] -factor 2.0 -center {-4.014 -2.503}
[13:21:52.96] /o {-4.515 -2.617} {-3.553 -2.167}
[13:21:53.04] /# gi::executeAction deCanvasZoomInAtPoint -in [gi::getWindows 2]
[13:21:53.04] /i de::zoom -window [gi::getWindows 2] -factor 2.0 -center {-4.014 -2.503}
[13:21:53.04] /o {-4.265 -2.56} {-3.784 -2.335}
[13:21:54.20] /# gi::executeAction deCanvasZoomOutAtPoint -in [gi::getWindows 2]
[13:21:54.20] /i de::zoom -window [gi::getWindows 2] -factor 0.5 -center {-4.048 -2.496}
[13:21:54.20] /o {-4.481 -2.624} {-3.519 -2.174}
[13:21:56.98] /# gi::executeAction leRuler -in [gi::getWindows 2]
[13:21:56.98] /i ile::createRuler
[13:21:58.39] /# gi::executeAction deCanvasZoomInAtPoint -in [gi::getWindows 2]
[13:21:58.39] /i de::zoom -window [gi::getWindows 2] -factor 2.0 -center {-4.131 -2.601}
[13:21:58.39] /o {-4.306 -2.613} {-3.825 -2.388}
[13:21:58.48] /# gi::executeAction deCanvasZoomInAtPoint -in [gi::getWindows 2]
[13:21:58.48] /i de::zoom -window [gi::getWindows 2] -factor 2.0 -center {-4.131 -2.601}
[13:21:58.48] /o {-4.219 -2.607} {-3.978 -2.494}
[13:21:59.60] /# gi::executeAction deAddPoint -in [gi::getWindows 2]
[13:21:59.60] /i de::addPoint {-4.13 -2.594} -context [db::getNext [de::getContexts -window 2]]
[13:22:03.86] /# gi::executeAction deAbortCommand -in [gi::getWindows 2]
[13:22:03.87] /i de::abortCommand -context [db::getNext [de::getContexts -window 2]]
[13:22:05.33] /# gi::executeAction deCanvasZoomOutAtPoint -in [gi::getWindows 2]
[13:22:05.33] /i de::zoom -window [gi::getWindows 2] -factor 0.5 -center {-4.06 -2.565}
[13:22:05.33] /o {-4.377 -2.649} {-3.896 -2.424}
[13:22:06.32] /# gi::executeAction deCanvasZoomOutAtPoint -in [gi::getWindows 2]
[13:22:06.33] /i de::zoom -window [gi::getWindows 2] -factor 0.5 -center {-4.07 -2.531}
[13:22:06.33] /o {-4.684 -2.766} {-3.722 -2.316}
[13:22:06.40] /# gi::executeAction deCanvasZoomOutAtPoint -in [gi::getWindows 2]
[13:22:06.40] /i de::zoom -window [gi::getWindows 2] -factor 0.5 -center {-4.07 -2.53}
[13:22:06.42] /o {-5.299 -3.002} {-3.375 -2.102}
[13:22:08.07] /# gi::executeAction dePan -in [gi::getWindows 2]
[13:22:08.07] /i ide::pan [db::getNext [de::getContexts -window 2]]
[13:22:08.41] /# gi::executeAction deStartDrag -in [gi::getWindows 2]
[13:22:08.41] /i de::startDrag {-3.728 -2.303} -context [db::getNext [de::getContexts -window 2]]
[13:22:10.38] /# gi::executeAction deEndDrag -in [gi::getWindows 2]
[13:22:10.38] /i de::endDrag {-3.726 -2.303} -context [db::getNext [de::getContexts -window 2]]
[13:22:10.38] /r dePanToPoint {-4.147 -1.958}
[13:22:10.92] /# gi::executeAction deCanvasZoomInAtPoint -in [gi::getWindows 2]
[13:22:10.92] /i de::zoom -window [gi::getWindows 2] -factor 2.0 -center {-4.019 -1.784}
[13:22:10.92] /o {-4.564 -2.096} {-3.602 -1.646}
[13:22:11.20] /# gi::executeAction deCanvasZoomInAtPoint -in [gi::getWindows 2]
[13:22:11.20] /i de::zoom -window [gi::getWindows 2] -factor 2.0 -center {-4.028 -1.763}
[13:22:11.20] /o {-4.296 -1.93} {-3.815 -1.705}
[13:22:13.72] /# gi::executeAction deStartDrag -in [gi::getWindows 2]
[13:22:13.72] /i de::startDrag {-3.99 -1.848} -context [db::getNext [de::getContexts -window 2]]
[13:22:13.96] /# gi::executeAction deEndDrag -in [gi::getWindows 2]
[13:22:13.96] /i de::endDrag {-3.99 -1.846} -context [db::getNext [de::getContexts -window 2]]
[13:22:13.96] /r dePanToPoint {-4.076 -1.924}
[13:22:14.39] /# gi::executeAction deStartDrag -in [gi::getWindows 2]
[13:22:14.39] /i de::startDrag {-4.002 -1.956} -context [db::getNext [de::getContexts -window 2]]
[13:22:14.60] /# gi::executeAction deEndDrag -in [gi::getWindows 2]
[13:22:14.60] /i de::endDrag {-4.002 -1.95} -context [db::getNext [de::getContexts -window 2]]
[13:22:14.60] /r dePanToPoint {-4.082 -2.04}
[13:22:14.99] /# gi::executeAction deStartDrag -in [gi::getWindows 2]
[13:22:14.99] /i de::startDrag {-4.002 -2.07} -context [db::getNext [de::getContexts -window 2]]
[13:22:15.31] /# gi::executeAction deEndDrag -in [gi::getWindows 2]
[13:22:15.31] /i de::endDrag {-4.002 -2.069} -context [db::getNext [de::getContexts -window 2]]
[13:22:15.31] /r dePanToPoint {-4.089 -2.137}
[13:22:15.71] /# gi::executeAction deStartDrag -in [gi::getWindows 2]
[13:22:15.71] /i de::startDrag {-3.998 -2.173} -context [db::getNext [de::getContexts -window 2]]
[13:22:16.43] /# gi::executeAction deEndDrag -in [gi::getWindows 2]
[13:22:16.43] /i de::endDrag {-3.998 -2.172} -context [db::getNext [de::getContexts -window 2]]
[13:22:16.44] /r dePanToPoint {-4.094 -2.252}
[13:22:16.82] /# gi::executeAction deStartDrag -in [gi::getWindows 2]
[13:22:16.83] /i de::startDrag {-4.001 -2.294} -context [db::getNext [de::getContexts -window 2]]
[13:22:17.05] /# gi::executeAction deEndDrag -in [gi::getWindows 2]
[13:22:17.05] /i de::endDrag {-4.001 -2.294} -context [db::getNext [de::getContexts -window 2]]
[13:22:17.05] /r dePanToPoint {-4.104 -2.38}
[13:22:20.11] /# gi::executeAction deCanvasZoomInAtPoint -in [gi::getWindows 2]
[13:22:20.11] /i de::zoom -window [gi::getWindows 2] -factor 2.0 -center {-4.079 -2.456}
[13:22:20.11] /o {-4.212 -2.474} {-3.971 -2.362}
[13:22:20.21] /# gi::executeAction deCanvasZoomInAtPoint -in [gi::getWindows 2]
[13:22:20.21] /i de::zoom -window [gi::getWindows 2] -factor 2.0 -center {-4.079 -2.456}
[13:22:20.21] /o {-4.145 -2.465} {-4.025 -2.409}
[13:22:21.44] /# gi::executeAction deCanvasZoomOutAtPoint -in [gi::getWindows 2]
[13:22:21.44] /i de::zoom -window [gi::getWindows 2] -factor 0.5 -center {-4.08 -2.456}
[13:22:21.44] /o {-4.211 -2.474} {-3.97 -2.362}
[13:22:22.02] /# gi::executeAction deCanvasZoomOutAtPoint -in [gi::getWindows 2]
[13:22:22.02] /i de::zoom -window [gi::getWindows 2] -factor 0.5 -center {-4.05 -2.443}
[13:22:22.02] /o {-4.372 -2.506} {-3.891 -2.281}
[13:22:23.17] /# gi::executeAction deCanvasZoomOutAtPoint -in [gi::getWindows 2]
[13:22:23.17] /i de::zoom -window [gi::getWindows 2] -factor 0.5 -center {-3.982 -2.405}
[13:22:23.17] /o {-4.761 -2.607} {-3.799 -2.157}
[13:22:23.50] /# gi::executeAction deCanvasZoomOutAtPoint -in [gi::getWindows 2]
[13:22:23.50] /i de::zoom -window [gi::getWindows 2] -factor 0.5 -center {-3.979 -2.402}
[13:22:23.50] /o {-5.544 -2.811} {-3.62 -1.911}
[13:22:23.73] /# gi::executeAction deCanvasZoomOutAtPoint -in [gi::getWindows 2]
[13:22:23.73] /i de::zoom -window [gi::getWindows 2] -factor 0.5 -center {-3.98 -2.401}
[13:22:23.73] /o {-7.107 -3.222} {-3.26 -1.422}
[13:22:23.79] /# gi::executeAction deCanvasZoomOutAtPoint -in [gi::getWindows 2]
[13:22:23.79] /i de::zoom -window [gi::getWindows 2] -factor 0.5 -center {-3.98 -2.396}
[13:22:23.79] /o {-10.234 -4.047} {-2.539 -0.447}
[13:22:25.18] /# gi::executeAction deStartDrag -in [gi::getWindows 2]
[13:22:25.18] /i de::startDrag {-4.494 -3.582} -context [db::getNext [de::getContexts -window 2]]
[13:22:27.62] /# gi::executeAction deEndDrag -in [gi::getWindows 2]
[13:22:27.62] /i de::endDrag {-4.494 -3.587} -context [db::getNext [de::getContexts -window 2]]
[13:22:27.62] /r dePanToPoint {-4.78 -3.08}
[13:22:30.38] /# gi::executeAction deStartDrag -in [gi::getWindows 2]
[13:22:30.38] /i de::startDrag {-4.489 -3.68} -context [db::getNext [de::getContexts -window 2]]
[13:22:32.76] /# gi::executeAction deEndDrag -in [gi::getWindows 2]
[13:22:32.76] /i de::endDrag {-4.484 -3.69} -context [db::getNext [de::getContexts -window 2]]
[13:22:32.77] /r dePanToPoint {-5.123 -2.492}
[13:22:37.03] /# gi::executeAction deCanvasZoomInAtPoint -in [gi::getWindows 2]
[13:22:37.03] /i de::zoom -window [gi::getWindows 2] -factor 2.0 -center {-5.209 -2.504}
[13:22:37.03] /o {-7.09 -3.398} {-3.242 -1.598}
[13:22:37.95] /# gi::executeAction deCanvasZoomInAtPoint -in [gi::getWindows 2]
[13:22:37.95] /i de::zoom -window [gi::getWindows 2] -factor 2.0 -center {-4.949 -2.516}
[13:22:37.95] /o {-6.019 -2.957} {-4.096 -2.057}
[13:22:38.79] /# gi::executeAction deStartDrag -in [gi::getWindows 2]
[13:22:38.79] /i de::startDrag {-4.767 -2.484} -context [db::getNext [de::getContexts -window 2]]
[13:22:39.55] /# gi::executeAction deEndDrag -in [gi::getWindows 2]
[13:22:39.55] /i de::endDrag {-4.767 -2.488} -context [db::getNext [de::getContexts -window 2]]
[13:22:39.55] /r dePanToPoint {-5.063 -2.246}
[13:22:39.96] /# gi::executeAction deCanvasZoomInAtPoint -in [gi::getWindows 2]
[13:22:39.96] /i de::zoom -window [gi::getWindows 2] -factor 2.0 -center {-5.078 -2.431}
[13:22:39.97] /o {-5.552 -2.564} {-4.59 -2.114}
[13:22:40.53] /# gi::executeAction deCanvasZoomInAtPoint -in [gi::getWindows 2]
[13:22:40.53] /i de::zoom -window [gi::getWindows 2] -factor 2.0 -center {-5.096 -2.449}
[13:22:40.53] /o {-5.324 -2.506} {-4.843 -2.281}
[13:22:42.05] /# gi::executeAction deCanvasZoomOutAtPoint -in [gi::getWindows 2]
[13:22:42.05] /i de::zoom -window [gi::getWindows 2] -factor 0.5 -center {-5.084 -2.447}
[13:22:42.05] /o {-5.564 -2.566} {-4.602 -2.116}
[13:22:42.87] /# gi::executeAction deStartDrag -in [gi::getWindows 2]
[13:22:42.87] /i de::startDrag {-4.989 -2.278} -context [db::getNext [de::getContexts -window 2]]
[13:22:43.34] /# gi::executeAction deEndDrag -in [gi::getWindows 2]
[13:22:43.34] /i de::endDrag {-4.989 -2.278} -context [db::getNext [de::getContexts -window 2]]
[13:22:43.34] /r dePanToPoint {-5.061 -2.235}
[13:22:43.56] /# gi::executeAction deCanvasZoomOutAtPoint -in [gi::getWindows 2]
[13:22:43.56] /i de::zoom -window [gi::getWindows 2] -factor 0.5 -center {-4.989 -2.278}
[13:22:43.56] /o {-6.094 -2.641} {-4.171 -1.741}
[13:22:44.36] /# gi::executeAction deStartDrag -in [gi::getWindows 2]
[13:22:44.36] /i de::startDrag {-4.995 -2.112} -context [db::getNext [de::getContexts -window 2]]
[13:22:46.03] /# gi::executeAction deEndDrag -in [gi::getWindows 2]
[13:22:46.03] /i de::endDrag {-4.995 -2.111} -context [db::getNext [de::getContexts -window 2]]
[13:22:46.03] /r dePanToPoint {-5.097 -2.033}
[13:22:47.52] /# gi::executeAction leRuler -in [gi::getWindows 2]
[13:22:47.52] /i ile::createRuler
[13:22:50.12] /# gi::executeAction deAddPoint -in [gi::getWindows 2]
[13:22:50.12] /i de::addPoint {-5.058 -1.729} -context [db::getNext [de::getContexts -window 2]]
[13:22:59.05] /# gi::executeAction deAbortCommand -in [gi::getWindows 2]
[13:22:59.05] /i de::abortCommand -context [db::getNext [de::getContexts -window 2]]
[13:23:11.44] /# gi::executeAction deSelectActive -in [gi::getWindows 2]
[13:23:11.44] /i de::deselectAll [db::getNext [de::getContexts -window 2]]
[13:23:11.44] /i de::select [de::getActiveFigure [gi::getWindows 2] -point {-5.019 -2.16} -index 0 -intent none]
[13:23:11.44] /o oa:0x1ecade40
[13:23:11.55] /# gi::executeAction deSelectActive -in [gi::getWindows 2]
[13:23:11.55] /i de::cycleActiveFigure [gi::getWindows 2] -direction next
[13:23:11.55] /o oa:0x1ece4650
[13:23:11.55] /i de::cycleActiveFigure [gi::getWindows 2] -direction next
[13:23:11.55] /o oa:0x1f01c780
[13:23:11.55] /i de::deselectAll [db::getNext [de::getContexts -window 2]]
[13:23:11.55] /i de::select [de::getActiveFigure [gi::getWindows 2] -point {-5.019 -2.16} -index 2 -intent none]
[13:23:11.55] /o oa:0x1f828f10
[13:23:12.97] /# gi::executeAction deSelectActive -in [gi::getWindows 2]
[13:23:12.97] /i de::cycleActiveFigure [gi::getWindows 2] -direction next
[13:23:12.97] /o oa:0x20c2bd60
[13:23:12.97] /i de::deselectAll [db::getNext [de::getContexts -window 2]]
[13:23:12.98] /i de::select [de::getActiveFigure [gi::getWindows 2] -point {-5.088 -2.139} -index 1 -intent none]
[13:23:12.98] /o oa:0x2094f7d0
[13:23:13.68] /# gi::executeAction deSelectActive -in [gi::getWindows 2]
[13:23:13.69] /i de::cycleActiveFigure [gi::getWindows 2] -direction next
[13:23:13.69] /o oa:0x1ed47630
[13:23:13.69] /i de::cycleActiveFigure [gi::getWindows 2] -direction next
[13:23:13.69] /o oa:0x1f6a2300
[13:23:13.69] /i de::deselectAll [db::getNext [de::getContexts -window 2]]
[13:23:13.69] /i de::select [de::getActiveFigure [gi::getWindows 2] -point {-5.058 -2.157} -index 2 -intent none]
[13:23:13.69] /o oa:0x1f817de0
[13:23:14.36] /# gi::executeAction deSelectActive -in [gi::getWindows 2]
[13:23:14.36] /i de::cycleActiveFigure [gi::getWindows 2] -direction next
[13:23:14.36] /o oa:0x20c3a680
[13:23:14.36] /i de::deselectAll [db::getNext [de::getContexts -window 2]]
[13:23:14.36] /i de::select [de::getActiveFigure [gi::getWindows 2] -point {-5.081 -2.15} -index 1 -intent none]
[13:23:14.36] /o oa:0x2094f7d0
[13:23:15.29] /# gi::executeAction deSelectActive -in [gi::getWindows 2]
[13:23:15.29] /i de::cycleActiveFigure [gi::getWindows 2] -direction next
[13:23:15.29] /o oa:0x1f188a20
[13:23:15.29] /i de::cycleActiveFigure [gi::getWindows 2] -direction next
[13:23:15.29] /o oa:0x1f631f40
[13:23:15.29] /i de::deselectAll [db::getNext [de::getContexts -window 2]]
[13:23:15.29] /i de::select [de::getActiveFigure [gi::getWindows 2] -point {-5.057 -1.664} -index 2 -intent none]
[13:23:15.30] /o oa:0x1f082d20
[13:23:15.95] /# gi::executeAction deSelectActive -in [gi::getWindows 2]
[13:23:15.95] /i de::cycleActiveFigure [gi::getWindows 2] -direction next
[13:23:15.95] /o oa:0x1f8b3150
[13:23:15.95] /i de::deselectAll [db::getNext [de::getContexts -window 2]]
[13:23:15.95] /i de::select [de::getActiveFigure [gi::getWindows 2] -point {-4.885 -1.673} -index 1 -intent none]
[13:23:15.95] /o oa:0x1f021220
[13:23:16.50] /# gi::executeAction deSelectActive -in [gi::getWindows 2]
[13:23:16.50] /i de::cycleActiveFigure [gi::getWindows 2] -direction next
[13:23:16.50] /o oa:0x1f659460
[13:23:16.50] /i de::deselectAll [db::getNext [de::getContexts -window 2]]
[13:23:16.50] /i de::select [de::getActiveFigure [gi::getWindows 2] -point {-4.75 -1.692} -index 1 -intent none]
[13:23:16.50] /o oa:0x1f7e4bb0
[13:23:18.95] /# gi::executeAction dePropertyEditorToggle -in [gi::getWindows 2]
[13:23:18.95] /i db::setAttr shown -of [gi::getAssistants dePropertyEditor -from [gi::getWindows 2]] -value false
[13:23:19.28] /i db::setAttr dockSize -of [gi::getAssistants leObjectLayerPanel -from [gi::getWindows 2]] -value 290x735
[13:23:21.76] /# gi::executeAction dePropertyEditorToggle -in [gi::getWindows 2]
[13:23:21.76] /i db::setAttr shown -of [gi::getAssistants dePropertyEditor -from [gi::getWindows 2]] -value true
[13:23:22.09] /i db::setAttr dockSize -of [gi::getAssistants leObjectLayerPanel -from [gi::getWindows 2]] -value 290x709
[13:23:41.10] /i gi::setActiveWindow 4
[13:23:41.10] /i gi::setActiveWindow 4 -raise true
[13:23:41.96] /i gi::setActiveWindow 3
[13:23:41.96] /i gi::setActiveWindow 3 -raise true
[13:23:43.49] /i gi::setActiveTab {tabs} -tabName {dff.LAYOUT_ERRORS} -in [gi::getWindows 3]
[13:23:44.06] /i gi::setActiveTab {tabs} -tabName {dff.LVS_ERRORS} -in [gi::getWindows 3]
[13:24:23.05] /i gi::setActiveWindow 2
[13:24:23.05] /i gi::setActiveWindow 2 -raise true
[13:24:24.78] /# gi::executeAction deCanvasZoomInAtPoint -in [gi::getWindows 2]
[13:24:24.78] /i de::zoom -window [gi::getWindows 2] -factor 2.0 -center {-5.122 -1.737}
[13:24:24.78] /o {-5.59 -2.11} {-4.629 -1.66}
[13:24:24.96] /# gi::executeAction deCanvasZoomInAtPoint -in [gi::getWindows 2]
[13:24:24.96] /i de::zoom -window [gi::getWindows 2] -factor 2.0 -center {-5.122 -1.737}
[13:24:24.96] /o {-5.356 -1.924} {-4.875 -1.699}
[13:24:25.04] /# gi::executeAction deCanvasZoomInAtPoint -in [gi::getWindows 2]
[13:24:25.04] /i de::zoom -window [gi::getWindows 2] -factor 2.0 -center {-5.122 -1.737}
[13:24:25.04] /o {-5.239 -1.83} {-4.999 -1.718}
[13:24:25.18] /# gi::executeAction deCanvasZoomInAtPoint -in [gi::getWindows 2]
[13:24:25.18] /i de::zoom -window [gi::getWindows 2] -factor 2.0 -center {-5.122 -1.737}
[13:24:25.18] /o {-5.181 -1.784} {-5.06 -1.727}
[13:24:27.40] /# gi::executeAction deCanvasZoomOutAtPoint -in [gi::getWindows 2]
[13:24:27.40] /i de::zoom -window [gi::getWindows 2] -factor 0.5 -center {-5.109 -1.75}
[13:24:27.40] /o {-5.252 -1.817} {-5.012 -1.705}
[13:24:30.80] /# gi::executeAction dePan -in [gi::getWindows 2]
[13:24:30.80] /i ide::pan [db::getNext [de::getContexts -window 2]]
[13:24:31.18] /# gi::executeAction deStartDrag -in [gi::getWindows 2]
[13:24:31.18] /i de::startDrag {-5.046 -1.793} -context [db::getNext [de::getContexts -window 2]]
[13:24:31.45] /# gi::executeAction deEndDrag -in [gi::getWindows 2]
[13:24:31.45] /i de::endDrag {-5.046 -1.793} -context [db::getNext [de::getContexts -window 2]]
[13:24:31.45] /r dePanToPoint {-5.141 -1.82}
[13:24:31.84] /# gi::executeAction deStartDrag -in [gi::getWindows 2]
[13:24:31.84] /i de::startDrag {-5.08 -1.864} -context [db::getNext [de::getContexts -window 2]]
[13:24:31.97] /# gi::executeAction deEndDrag -in [gi::getWindows 2]
[13:24:31.97] /i de::endDrag {-5.08 -1.863} -context [db::getNext [de::getContexts -window 2]]
[13:24:31.97] /r dePanToPoint {-5.148 -1.898}
[13:24:32.38] /# gi::executeAction deStartDrag -in [gi::getWindows 2]
[13:24:32.38] /i de::startDrag {-5.089 -1.942} -context [db::getNext [de::getContexts -window 2]]
[13:24:32.62] /# gi::executeAction deEndDrag -in [gi::getWindows 2]
[13:24:32.62] /i de::endDrag {-5.089 -1.942} -context [db::getNext [de::getContexts -window 2]]
[13:24:32.62] /r dePanToPoint {-5.13 -1.973}
[13:24:33.05] /# gi::executeAction deStartDrag -in [gi::getWindows 2]
[13:24:33.05] /i de::startDrag {-5.089 -2.017} -context [db::getNext [de::getContexts -window 2]]
[13:24:33.43] /# gi::executeAction deEndDrag -in [gi::getWindows 2]
[13:24:33.43] /i de::endDrag {-5.089 -2.016} -context [db::getNext [de::getContexts -window 2]]
[13:24:33.43] /r dePanToPoint {-5.141 -2.047}
[13:24:33.87] /# gi::executeAction deStartDrag -in [gi::getWindows 2]
[13:24:33.87] /i de::startDrag {-5.101 -2.092} -context [db::getNext [de::getContexts -window 2]]
[13:24:34.17] /# gi::executeAction deEndDrag -in [gi::getWindows 2]
[13:24:34.17] /i de::endDrag {-5.101 -2.091} -context [db::getNext [de::getContexts -window 2]]
[13:24:34.18] /r dePanToPoint {-5.145 -2.114}
[13:24:34.54] /# gi::executeAction deStartDrag -in [gi::getWindows 2]
[13:24:34.54] /i de::startDrag {-5.1 -2.165} -context [db::getNext [de::getContexts -window 2]]
[13:24:34.90] /# gi::executeAction deEndDrag -in [gi::getWindows 2]
[13:24:34.90] /i de::endDrag {-5.1 -2.165} -context [db::getNext [de::getContexts -window 2]]
[13:24:34.90] /r dePanToPoint {-5.146 -2.183}
[13:24:35.29] /# gi::executeAction deStartDrag -in [gi::getWindows 2]
[13:24:35.30] /i de::startDrag {-5.107 -2.226} -context [db::getNext [de::getContexts -window 2]]
[13:24:35.63] /# gi::executeAction deEndDrag -in [gi::getWindows 2]
[13:24:35.63] /i de::endDrag {-5.107 -2.223} -context [db::getNext [de::getContexts -window 2]]
[13:24:35.63] /r dePanToPoint {-5.147 -2.262}
[13:24:36.05] /# gi::executeAction deStartDrag -in [gi::getWindows 2]
[13:24:36.05] /i de::startDrag {-5.11 -2.311} -context [db::getNext [de::getContexts -window 2]]
[13:24:36.19] /# gi::executeAction deEndDrag -in [gi::getWindows 2]
[13:24:36.19] /i de::endDrag {-5.11 -2.311} -context [db::getNext [de::getContexts -window 2]]
[13:24:36.19] /r dePanToPoint {-5.152 -2.346}
[13:24:38.08] /# gi::executeAction deStartDrag -in [gi::getWindows 2]
[13:24:38.08] /i de::startDrag {-5.107 -2.382} -context [db::getNext [de::getContexts -window 2]]
[13:24:38.32] /# gi::executeAction deEndDrag -in [gi::getWindows 2]
[13:24:38.32] /i de::endDrag {-5.109 -2.382} -context [db::getNext [de::getContexts -window 2]]
[13:24:38.32] /r dePanToPoint {-5.122 -2.413}
[13:24:39.54] /# gi::executeAction deCanvasZoomInAtPoint -in [gi::getWindows 2]
[13:24:39.54] /i de::zoom -window [gi::getWindows 2] -factor 2.0 -center {-5.114 -2.45}
[13:24:39.54] /o {-5.178 -2.46} {-5.058 -2.403}
[13:24:39.94] /# gi::executeAction deCanvasZoomInAtPoint -in [gi::getWindows 2]
[13:24:39.94] /i de::zoom -window [gi::getWindows 2] -factor 2.0 -center {-5.115 -2.453}
[13:24:39.94] /o {-5.147 -2.456} {-5.086 -2.428}
[13:24:40.02] /# gi::executeAction deCanvasZoomInAtPoint -in [gi::getWindows 2]
[13:24:40.02] /i de::zoom -window [gi::getWindows 2] -factor 2.0 -center {-5.115 -2.453}
[13:24:40.02] /o {-5.143 -2.456} {-5.09 -2.431}
[13:24:40.07] /# gi::executeAction deCanvasZoomInAtPoint -in [gi::getWindows 2]
[13:24:40.07] /i de::zoom -window [gi::getWindows 2] -factor 2.0 -center {-5.115 -2.453}
[13:24:40.07] /o {-5.143 -2.456} {-5.09 -2.431}
[13:24:40.60] /# gi::executeAction deCanvasZoomInAtPoint -in [gi::getWindows 2]
[13:24:40.60] /i de::zoom -window [gi::getWindows 2] -factor 2.0 -center {-5.115 -2.452}
[13:24:40.60] /o {-5.143 -2.456} {-5.09 -2.431}
[13:24:40.67] /# gi::executeAction deCanvasZoomInAtPoint -in [gi::getWindows 2]
[13:24:40.67] /i de::zoom -window [gi::getWindows 2] -factor 2.0 -center {-5.115 -2.452}
[13:24:40.68] /o {-5.143 -2.456} {-5.09 -2.431}
[13:24:43.57] /# gi::executeAction deCanvasZoomOutAtPoint -in [gi::getWindows 2]
[13:24:43.57] /i de::zoom -window [gi::getWindows 2] -factor 0.5 -center {-5.111 -2.45}
[13:24:43.57] /o {-5.175 -2.462} {-5.068 -2.412}
[13:24:46.73] /# gi::executeAction deCanvasZoomOutAtPoint -in [gi::getWindows 2]
[13:24:46.73] /i de::zoom -window [gi::getWindows 2] -factor 0.5 -center {-5.112 -2.437}
[13:24:46.73] /o {-5.238 -2.487} {-5.025 -2.387}
[13:25:02.12] /# gi::executeAction deCanvasZoomOutAtPoint -in [gi::getWindows 2]
[13:25:02.12] /i de::zoom -window [gi::getWindows 2] -factor 0.5 -center {-5.132 -2.458}
[13:25:02.13] /o {-5.345 -2.515} {-4.917 -2.315}
[13:25:02.83] /# gi::executeAction deCanvasZoomOutAtPoint -in [gi::getWindows 2]
[13:25:02.83] /i de::zoom -window [gi::getWindows 2] -factor 0.5 -center {-5.069 -2.463}
[13:25:02.83] /o {-5.62 -2.567} {-4.765 -2.167}
[13:25:03.93] /# gi::executeAction deCanvasZoomOutAtPoint -in [gi::getWindows 2]
[13:25:03.93] /i de::zoom -window [gi::getWindows 2] -factor 0.5 -center {-4.982 -2.463}
[13:25:03.93] /o {-6.258 -2.672} {-4.548 -1.872}
[13:25:04.35] /# gi::executeAction deCanvasZoomOutAtPoint -in [gi::getWindows 2]
[13:25:04.35] /i de::zoom -window [gi::getWindows 2] -factor 0.5 -center {-4.982 -2.463}
[13:25:04.35] /o {-7.534 -2.88} {-4.115 -1.28}
[13:25:04.43] /# gi::executeAction deCanvasZoomOutAtPoint -in [gi::getWindows 2]
[13:25:04.43] /i de::zoom -window [gi::getWindows 2] -factor 0.5 -center {-4.981 -2.462}
[13:25:04.43] /o {-10.088 -3.299} {-3.248 -0.099}
[13:25:05.36] /# gi::executeAction deCanvasZoomInAtPoint -in [gi::getWindows 2]
[13:25:05.36] /i de::zoom -window [gi::getWindows 2] -factor 2.0 -center {-6.649 -2.951}
[13:25:05.36] /o {-8.368 -3.125} {-4.949 -1.525}
[13:25:06.29] /# gi::executeAction deCanvasZoomInAtPoint -in [gi::getWindows 2]
[13:25:06.29] /i de::zoom -window [gi::getWindows 2] -factor 2.0 -center {-7.5 -2.994}
[13:25:06.29] /o {-7.934 -3.059} {-6.224 -2.259}
[13:25:07.06] /# gi::executeAction deStartDrag -in [gi::getWindows 2]
[13:25:07.06] /i de::startDrag {-7.595 -2.928} -context [db::getNext [de::getContexts -window 2]]
[13:25:08.21] /# gi::executeAction deEndDrag -in [gi::getWindows 2]
[13:25:08.21] /i de::endDrag {-7.595 -2.929} -context [db::getNext [de::getContexts -window 2]]
[13:25:08.21] /r dePanToPoint {-7.034 -2.56}
[13:25:11.62] /# gi::executeAction deStartDrag -in [gi::getWindows 2]
[13:25:11.62] /i de::startDrag {-6.839 -2.916} -context [db::getNext [de::getContexts -window 2]]
[13:25:12.66] /# gi::executeAction deEndDrag -in [gi::getWindows 2]
[13:25:12.66] /i de::endDrag {-6.839 -2.915} -context [db::getNext [de::getContexts -window 2]]
[13:25:12.66] /r dePanToPoint {-6.597 -2.851}
[13:25:13.26] /# gi::executeAction deStartDrag -in [gi::getWindows 2]
[13:25:13.26] /i de::startDrag {-6.475 -3.073} -context [db::getNext [de::getContexts -window 2]]
[13:25:13.67] /# gi::executeAction deEndDrag -in [gi::getWindows 2]
[13:25:13.67] /i de::endDrag {-6.476 -3.075} -context [db::getNext [de::getContexts -window 2]]
[13:25:13.67] /r dePanToPoint {-6.204 -2.921}
[13:25:14.05] /# gi::executeAction deCanvasZoomOutAtPoint -in [gi::getWindows 2]
[13:25:14.05] /i de::zoom -window [gi::getWindows 2] -factor 0.5 -center {-6.07 -3.07}
[13:25:14.05] /o {-8.048 -3.571} {-4.628 -1.971}
[13:25:15.08] /# gi::executeAction deStartDrag -in [gi::getWindows 2]
[13:25:15.08] /i de::startDrag {-5.46 -3.167} -context [db::getNext [de::getContexts -window 2]]
[13:25:15.72] /# gi::executeAction deEndDrag -in [gi::getWindows 2]
[13:25:15.73] /i de::endDrag {-5.46 -3.169} -context [db::getNext [de::getContexts -window 2]]
[13:25:15.73] /r dePanToPoint {-5.759 -2.558}
[13:25:17.87] /# gi::executeAction deStartDrag -in [gi::getWindows 2]
[13:25:17.87] /i de::startDrag {-4.783 -2.716} -context [db::getNext [de::getContexts -window 2]]
[13:25:19.04] /# gi::executeAction deEndDrag -in [gi::getWindows 2]
[13:25:19.04] /i de::endDrag {-4.783 -2.712} -context [db::getNext [de::getContexts -window 2]]
[13:25:19.04] /r dePanToPoint {-4.462 -2.451}
[13:25:19.97] /# gi::executeAction deStartDrag -in [gi::getWindows 2]
[13:25:19.97] /i de::startDrag {-3.66 -2.518} -context [db::getNext [de::getContexts -window 2]]
[13:25:23.06] /# gi::executeAction deEndDrag -in [gi::getWindows 2]
[13:25:23.06] /i de::endDrag {-3.662 -2.518} -context [db::getNext [de::getContexts -window 2]]
[13:25:23.07] /r dePanToPoint {-2.64 -2.593}
[13:25:24.09] /# gi::executeAction deStartDrag -in [gi::getWindows 2]
[13:25:24.09] /i de::startDrag {-1.598 -2.507} -context [db::getNext [de::getContexts -window 2]]
[13:25:25.66] /# gi::executeAction deEndDrag -in [gi::getWindows 2]
[13:25:25.66] /i de::endDrag {-1.65 -2.498} -context [db::getNext [de::getContexts -window 2]]
[13:25:25.66] /r dePanToPoint {-1.719 -2.271}
[13:25:26.05] /# gi::executeAction deCanvasZoomOutAtPoint -in [gi::getWindows 2]
[13:25:26.05] /i de::zoom -window [gi::getWindows 2] -factor 0.5 -center {-1.546 -2.511}
[13:25:26.05] /o {-5.312 -3.63} {1.528 -0.43}
[13:25:26.82] /# gi::executeAction deStartDrag -in [gi::getWindows 2]
[13:25:26.82] /i de::startDrag {-0.936 -2.738} -context [db::getNext [de::getContexts -window 2]]
[13:25:28.63] /# gi::executeAction deEndDrag -in [gi::getWindows 2]
[13:25:28.63] /i de::endDrag {-0.932 -2.738} -context [db::getNext [de::getContexts -window 2]]
[13:25:28.63] /r dePanToPoint {-2.693 -1.639}
[13:25:32.08] /# gi::executeAction deCanvasZoomInAtPoint -in [gi::getWindows 2]
[13:25:32.08] /i de::zoom -window [gi::getWindows 2] -factor 2.0 -center {-2.961 -2.542}
[13:25:32.08] /o {-4.537 -2.89} {-1.117 -1.29}
[13:25:32.58] /# gi::executeAction deCanvasZoomInAtPoint -in [gi::getWindows 2]
[13:25:32.58] /i de::zoom -window [gi::getWindows 2] -factor 2.0 -center {-3.048 -2.564}
[13:25:32.58] /o {-3.793 -2.727} {-2.083 -1.927}
[13:25:33.63] /# gi::executeAction deCanvasZoomOutAtPoint -in [gi::getWindows 2]
[13:25:33.63] /i de::zoom -window [gi::getWindows 2] -factor 0.5 -center {-3.039 -2.08}
[13:25:33.63] /o {-4.546 -3.374} {-1.126 -1.774}
[13:25:36.65] /# gi::executeAction deCanvasZoomOutAtPoint -in [gi::getWindows 2]
[13:25:36.65] /i de::zoom -window [gi::getWindows 2] -factor 0.5 -center {-2.774 -2.157}
[13:25:36.65] /o {-6.318 -4.592} {0.522 -1.392}
[13:25:37.66] /# gi::executeAction dePan -in [gi::getWindows 2]
[13:25:37.66] /i ide::pan [db::getNext [de::getContexts -window 2]]
[13:25:38.39] /# gi::executeAction deStartDrag -in [gi::getWindows 2]
[13:25:38.39] /i de::startDrag {-4.568 -3.242} -context [db::getNext [de::getContexts -window 2]]
[13:25:42.31] /# gi::executeAction deEndDrag -in [gi::getWindows 2]
[13:25:42.31] /i de::endDrag {-4.59 -3.242} -context [db::getNext [de::getContexts -window 2]]
[13:25:42.31] /r dePanToPoint {-5.671 -2.687}
[13:25:45.07] /# gi::executeAction deStartDrag -in [gi::getWindows 2]
[13:25:45.07] /i de::startDrag {-6.183 -2.593} -context [db::getNext [de::getContexts -window 2]]
[13:25:45.64] /# gi::executeAction deEndDrag -in [gi::getWindows 2]
[13:25:45.64] /i de::endDrag {-6.179 -2.593} -context [db::getNext [de::getContexts -window 2]]
[13:25:45.64] /r dePanToPoint {-6.873 -2.426}
[13:25:45.93] /# gi::executeAction deCanvasZoomInAtPoint -in [gi::getWindows 2]
[13:25:45.93] /i de::zoom -window [gi::getWindows 2] -factor 2.0 -center {-6.553 -2.175}
[13:25:45.93] /o {-8.423 -3.1} {-5.003 -1.5}
[13:25:47.76] /# gi::executeAction deCanvasZoomInAtPoint -in [gi::getWindows 2]
[13:25:47.76] /i de::zoom -window [gi::getWindows 2] -factor 2.0 -center {-7.025 -1.981}
[13:25:47.76] /o {-7.724 -2.541} {-6.014 -1.741}
[13:25:48.58] /# gi::executeAction deCanvasZoomOutAtPoint -in [gi::getWindows 2]
[13:25:48.58] /i de::zoom -window [gi::getWindows 2] -factor 0.5 -center {-7.093 -1.908}
[13:25:48.58] /o {-8.355 -3.173} {-4.935 -1.573}
[13:25:49.13] /# gi::executeAction deCanvasZoomInAtPoint -in [gi::getWindows 2]
[13:25:49.13] /i de::zoom -window [gi::getWindows 2] -factor 2.0 -center {-6.746 -1.93}
[13:25:49.13] /o {-7.55 -2.552} {-5.841 -1.752}
[13:25:49.83] /# gi::executeAction deStartDrag -in [gi::getWindows 2]
[13:25:49.83] /i de::startDrag {-6.746 -1.93} -context [db::getNext [de::getContexts -window 2]]
[13:25:51.10] /# gi::executeAction deEndDrag -in [gi::getWindows 2]
[13:25:51.10] /i de::endDrag {-6.744 -1.93} -context [db::getNext [de::getContexts -window 2]]
[13:25:51.10] /r dePanToPoint {-6.826 -2.081}
[13:25:51.26] /# gi::executeAction leRuler -in [gi::getWindows 2]
[13:25:51.26] /i ile::createRuler
[13:25:53.81] /# gi::executeAction deAddPoint -in [gi::getWindows 2]
[13:25:53.81] /i de::addPoint {-7.166 -1.726} -context [db::getNext [de::getContexts -window 2]]
[13:25:57.50] /# gi::executeAction deAddPoint -in [gi::getWindows 2]
[13:25:57.50] /i de::addPoint {-7.133 -2.443} -context [db::getNext [de::getContexts -window 2]]
[13:25:59.81] /# gi::executeAction deAbortCommand -in [gi::getWindows 2]
[13:25:59.81] /i de::abortCommand -context [db::getNext [de::getContexts -window 2]]
[13:26:00.60] /# gi::executeAction deCanvasZoomInAtPoint -in [gi::getWindows 2]
[13:26:00.60] /i de::zoom -window [gi::getWindows 2] -factor 2.0 -center {-7.124 -2.392}
[13:26:00.60] /o {-7.403 -2.436} {-6.548 -2.036}
[13:26:01.85] /# gi::executeAction dePan -in [gi::getWindows 2]
[13:26:01.85] /i ide::pan [db::getNext [de::getContexts -window 2]]
[13:26:02.27] /# gi::executeAction deStartDrag -in [gi::getWindows 2]
[13:26:02.27] /i de::startDrag {-6.985 -2.352} -context [db::getNext [de::getContexts -window 2]]
[13:26:03.65] /# gi::executeAction deEndDrag -in [gi::getWindows 2]
[13:26:03.65] /i de::endDrag {-6.985 -2.352} -context [db::getNext [de::getContexts -window 2]]
[13:26:03.65] /r dePanToPoint {-7.064 -2.409}
[13:26:09.91] /i gi::executeAction giCloseWindow -in [gi::getWindows 2]
[13:26:09.95] /i gi::setActiveWindow 3
[13:26:09.95] /i gi::setActiveWindow 3 -raise true
[13:26:11.15] /i gi::setActiveWindow 4
[13:26:11.15] /i gi::setActiveWindow 4 -raise true
[13:26:11.90] /i gi::createWindow -windowType [gi::getWindowTypes giHomePage]
[13:26:11.90] /r giWindowId 5
[13:26:11.91] /r giWindowGeometry 1040x800
[13:26:13.19] /i gi::setActiveWindow 4
[13:26:13.19] /i gi::setActiveWindow 4 -raise true
[13:26:13.41] /i gi::setActiveWindow 3
[13:26:13.41] /i gi::setActiveWindow 3 -raise true
[13:26:16.78] /i gi::addWindow 5 -to 1 -before 4
[13:26:16.85] /i gi::setActiveWindow 5
[13:26:16.85] /i gi::setActiveWindow 5 -raise true
[13:26:20.07] /i gi::setActiveWindow 3
[13:26:20.07] /i gi::setActiveWindow 3 -raise true
[13:26:20.69] /i gi::executeAction giCloseWindow -in [gi::getWindows 3]
[13:26:20.71] /i gi::setActiveWindow 5
[13:26:20.71] /i gi::setActiveWindow 5 -raise true
[13:26:21.53] /i gi::setActiveWindow 4
[13:26:21.53] /i gi::setActiveWindow 4 -raise true
[13:26:22.53] /i gi::setActiveWindow 5
[13:26:22.53] /i gi::setActiveWindow 5 -raise true
[13:26:24.89] /# gi::pressButton {/scroll/scrollArea/scrollAreaInnerWidget/applications/dmLibraryManager} -in [gi::getWindows 5]
[13:26:24.89] /# 
[13:26:24.89] /i dm::openLibraryManager
[13:26:24.89] /r giWindowId 6
[13:26:24.91] /r giWindowGeometry 660x600+50+84
[13:26:25.10] /o oa:0x1f01ff80
[13:26:25.10] /i gi::closeWindows [gi::getWindows 5]
[13:26:26.93] /i gi::setCurrentIndex {libs} -index {basic} -in [gi::getWindows 6]
[13:26:26.96] /i gi::setItemSelection {libs} -index {basic} -in [gi::getWindows 6]
[13:26:27.31] /i gi::setCurrentIndex {libs} -index {dff} -in [gi::getWindows 6]
[13:26:27.32] /i gi::setItemSelection {libs} -index {dff} -in [gi::getWindows 6]
[13:26:28.61] /i gi::setCurrentIndex {cells} -index {dff} -in [gi::getWindows 6]
[13:26:28.63] /i gi::setItemSelection {cells} -index {dff} -in [gi::getWindows 6]
[13:26:29.56] /i gi::setCurrentIndex {views} -index {layout} -in [gi::getWindows 6]
[13:26:29.57] /i gi::setItemSelection {views} -index {layout} -in [gi::getWindows 6]
[13:26:30.22] /i gi::executeAction menuPreShow -in [gi::getWindows 6]
[13:26:30.22] /r giMenuAccess db::getNext [gi::getMenus dmLayoutViewCSM]
[13:26:32.99] /i gi::executeAction dmDeleteCellView -in [gi::getWindows 6]
[13:26:33.16] /r giDialog gi::setActiveDialog [gi::getDialogs {dmDelete}]
[13:26:33.29] /r giDialog db::setAttr geometry -of [gi::getDialogs {dmDelete}] -value 354x92+773+419
[13:26:34.95] /r giDialog gi::pressButton {delete} -in [gi::getDialogs {dmDelete}]
[13:26:34.97] /# db::destroy [dm::findCellView layout -cell [dm::findCell dff -lib [oa::LibFind [oa::ScalarName [oa::CdbaNS] dff ]]]]
[13:26:34.97] /# gi::setCurrentIndex {views} -index {schematic} -in [gi::getWindows 6]
[13:26:34.97] /# gi::setItemSelection {views} -index {} -in [gi::getWindows 6]
[13:26:38.19] /# gi::executeAction dmShowNewCellView -in [gi::getWindows 6]
[13:26:38.19] /i dm::showNewCellView -parent 6
[13:26:38.26] /o oa:0x1e166840
[13:26:38.36] /i gi::setActiveDialog [gi::getDialogs {dmNewCellView} -parent [gi::getWindows 6]]
[13:26:38.52] /i db::setAttr geometry -of [gi::getDialogs {dmNewCellView} -parent [gi::getWindows 6]] -value 588x285+656+323
[13:26:43.57] /i gi::pressButton {ok} -in [gi::getDialogs {dmNewCellView} -parent [gi::getWindows 6]]
[13:26:43.65] /# db::getAttr viewType -of [dm::findCellView layout -cell [dm::findCell dff -lib [oa::LibFind [oa::ScalarName [oa::CdbaNS] dff]]]]
[13:26:43.69] /# dm::createCellView layout -cell [dm::findCell dff -lib [ oa::LibFind [oa::ScalarName [oa::CdbaNS] dff]]] -viewType maskLayout
[13:26:43.70] /# de::open [dm::findCellView layout -cell [dm::findCell dff -lib [oa::LibFind [oa::ScalarName [oa::CdbaNS] dff]]]] -application leLayout
[13:26:43.78] /r giWindowId 7
[13:26:43.80] /r giWindowGeometry 1632x848
[13:26:43.86] /i de::setActiveLPP [de::getLPPs "exclude blockage" -from [db::getAttr editDesign -of [de::getContexts -window 7]]]
[13:26:47.50] /# gi::executeAction deCanvasZoomOutAtPoint -in [gi::getWindows 7]
[13:26:47.50] /i de::zoom -window [gi::getWindows 7] -factor 0.5 -center {-0.029 0.072}
[13:26:47.50] /o {-0.756 -0.439} {0.815 0.296}
[13:26:48.92] /# gi::executeAction dePan -in [gi::getWindows 7]
[13:26:48.92] /i ide::pan [db::getNext [de::getContexts -window 7]]
[13:26:49.28] /# gi::executeAction deStartDrag -in [gi::getWindows 7]
[13:26:49.28] /i de::startDrag {0.102 0.118} -context [db::getNext [de::getContexts -window 7]]
[13:26:50.18] /# gi::executeAction deEndDrag -in [gi::getWindows 7]
[13:26:50.18] /i de::endDrag {0.103 0.115} -context [db::getNext [de::getContexts -window 7]]
[13:26:50.18] /r dePanToPoint {-0.078 0.077}
[13:26:50.57] /# gi::executeAction deCanvasZoomOutAtPoint -in [gi::getWindows 7]
[13:26:50.57] /i de::zoom -window [gi::getWindows 7] -factor 0.5 -center {0.103 0.115}
[13:26:50.57] /o {-1.832 -0.696} {1.31 0.774}
[13:26:53.97] /# gi::executeAction leInstance -in [gi::getWindows 7]
[13:26:53.97] /i ile::createInst
[13:26:54.21] /i gi::setActiveDialog [gi::getDialogs {leCreateInst} -parent [gi::getWindows 7]]
[13:26:54.38] /i db::setAttr geometry -of [gi::getDialogs {leCreateInst}] -value 612x532+1308+186
[13:26:57.46] /i db::setAttr geometry -of [gi::getDialogs {leCreateInst}] -value 612x532+1308+437
[13:26:58.19] /i db::setAttr geometry -of [gi::getDialogs {leCreateInst}] -value 612x532+1308+407
[13:26:59.71] /i gi::setCurrentIndex {instLCVLibs} -index {parasitics} -in [gi::getDialogs {leCreateInst} -parent [gi::getWindows 7]]
[13:26:59.73] /i gi::setItemSelection {instLCVLibs} -index {parasitics} -in [gi::getDialogs {leCreateInst} -parent [gi::getWindows 7]]
[13:27:00.05] /i gi::setCurrentIndex {instLCVLibs} -index {reference90RF} -in [gi::getDialogs {leCreateInst} -parent [gi::getWindows 7]]
[13:27:00.07] /i gi::setItemSelection {instLCVLibs} -index {reference90RF} -in [gi::getDialogs {leCreateInst} -parent [gi::getWindows 7]]
[13:27:01.46] /i gi::setCurrentIndex {instLCVCellCategories} -index {Mos_4t} -in [gi::getDialogs {leCreateInst} -parent [gi::getWindows 7]]
[13:27:01.47] /i gi::setItemSelection {instLCVCellCategories} -index {Mos_4t} -in [gi::getDialogs {leCreateInst} -parent [gi::getWindows 7]]
[13:27:03.14] /i gi::setCurrentIndex {instLCVCells} -index {p_4t} -in [gi::getDialogs {leCreateInst} -parent [gi::getWindows 7]]
[13:27:03.17] /i gi::setItemSelection {instLCVCells} -index {p_4t} -in [gi::getDialogs {leCreateInst} -parent [gi::getWindows 7]]
[13:27:06.85] /i gi::setActiveWindow 6
[13:27:06.85] /i gi::setActiveWindow 6 -raise true
[13:27:09.61] /# gi::executeAction dbShowTechnologyManager -in [gi::getWindows 6]
[13:27:09.61] /i db::showManageTechnology
[13:27:09.61] /r giWindowId 8
[13:27:09.62] /r giWindowGeometry 350x400
[13:27:09.93] /# gi::setItemSelection {techTechnologyManagerLibWidget} -index {{analogLib}} -in [gi::getWindows 8]
[13:27:09.93] /# gi::setItemSelection {techTechnologyManagerLibWidget} -index {} -in [gi::getWindows 8]
[13:27:09.93] /# gi::setItemSelection {techTechnologyManagerLibWidget} -index {{dff}} -in [gi::getWindows 8]
[13:27:09.93] /o oa:0x20632d70
[13:27:13.73] /i gi::executeAction giCloseWindow -in [gi::getWindows 8]
[13:27:13.78] /i gi::setActiveWindow 6
[13:27:13.78] /i gi::setActiveWindow 6 -raise true
[13:27:14.76] /i gi::setActiveWindow 7
[13:27:14.76] /i gi::setActiveWindow 7 -raise true
[13:27:16.97] /i gi::setField {stopLevel} -value {1} -in [gi::getToolbars {leHierarchy} -from [gi::getWindows 7]]
[13:27:20.99] /i gi::setActiveTab {tabWidget} -tabName {instParamTab} -in [gi::getDialogs {leCreateInst} -parent [gi::getWindows 7]]
[13:27:22.20] /i gi::setItemSelection {instParamExpand} -index {w,all} -in [gi::getDialogs {leCreateInst} -parent [gi::getWindows 7]]
[13:27:22.21] /i gi::setCurrentIndex {instParamExpand} -index {w,Value} -in [gi::getDialogs {leCreateInst} -parent [gi::getWindows 7]]
[13:27:26.24] /i gi::setField {instParamExpand} -value {0.72u} -index {w,Value} -in [gi::getDialogs {leCreateInst} -parent [gi::getWindows 7]]
[13:27:28.99] /# gi::executeAction deCanvasZoomOutAtPoint -in [gi::getWindows 7]
[13:27:28.99] /i de::zoom -window [gi::getWindows 7] -factor 0.5 -center {-0.966 -0.196}
[13:27:28.99] /o {-2.698 -1.196} {3.586 1.744}
[13:27:29.58] /# gi::executeAction deCanvasZoomOutAtPoint -in [gi::getWindows 7]
[13:27:29.58] /i de::zoom -window [gi::getWindows 7] -factor 0.5 -center {-1.138 -0.196}
[13:27:29.58] /o {-4.258 -2.196} {8.31 3.684}
[13:27:35.57] /# gi::executeAction deAddPoint -in [gi::getWindows 7]
[13:27:35.57] /i de::addPoint {-2.018 1.244} -context [db::getNext [de::getContexts -window 7]]
[13:27:43.54] /# gi::executeAction deCanvasZoomInAtPoint -in [gi::getWindows 7]
[13:27:43.54] /i de::zoom -window [gi::getWindows 7] -factor 2.0 -center {-0.906 1.236}
[13:27:43.54] /o {-2.582 -0.48} {3.702 2.46}
[13:27:44.28] /# gi::executeAction deCanvasZoomInAtPoint -in [gi::getWindows 7]
[13:27:44.28] /i de::zoom -window [gi::getWindows 7] -factor 2.0 -center {-0.906 1.236}
[13:27:44.28] /o {-1.744 0.378} {1.398 1.848}
[13:27:44.78] /# gi::executeAction deCanvasZoomInAtPoint -in [gi::getWindows 7]
[13:27:44.78] /i de::zoom -window [gi::getWindows 7] -factor 2.0 -center {-0.906 1.236}
[13:27:44.78] /o {-1.325 0.807} {0.246 1.542}
[13:27:46.79] /# gi::executeAction deCanvasZoomOutAtPoint -in [gi::getWindows 7]
[13:27:46.79] /i de::zoom -window [gi::getWindows 7] -factor 0.5 -center {-0.906 1.232}
[13:27:46.79] /o {-1.744 0.382} {1.398 1.852}
[13:27:48.53] /# gi::executeAction deAddPoint -in [gi::getWindows 7]
[13:27:48.53] /i de::addPoint {-0.906 1.232} -context [db::getNext [de::getContexts -window 7]]
[13:27:51.01] /# gi::executeAction deAbortCommand -in [gi::getWindows 7]
[13:27:51.01] /i de::abortCommand -context [db::getNext [de::getContexts -window 7]]
[13:27:52.91] /# gi::executeAction leStartStretchDrag -in [gi::getWindows 7]
[13:27:52.91] /i layout_editor::directStretch [de::getActiveFigure [gi::getWindows 7] -point {-0.994 1.312} -index 0 -intent none] 7
[13:27:52.91] /# db::setPrefValue deSelectMode -value Replace -scope [db::getScopes [db::getNext [de::getContexts -window 7]]]; ide::selectByRegion -region rectangle -point {-0.995 1.31} 
[13:27:53.71] /# gi::executeAction deEndDrag -in [gi::getWindows 7]
[13:27:53.71] /i de::endDrag {-0.928 1.31} -context [db::getNext [de::getContexts -window 7]]
[13:27:54.96] /# gi::executeAction deSelectActive -in [gi::getWindows 7]
[13:27:54.96] /i de::deselectAll [db::getNext [de::getContexts -window 7]]
[13:27:54.96] /i de::select [de::getActiveFigure [gi::getWindows 7] -point {-0.948 1.272} -index 0 -intent none]
[13:27:54.96] /o oa:0x20718d00
[13:27:55.75] /# gi::executeAction leStartStretchDrag -in [gi::getWindows 7]
[13:27:55.75] /i layout_editor::directStretch [de::getActiveFigure [gi::getWindows 7] -point {-0.948 1.272} -index 0 -intent none] 7
[13:27:55.75] /# db::setPrefValue deSelectMode -value Replace -scope [db::getScopes [db::getNext [de::getContexts -window 7]]]; ide::selectByRegion -region rectangle -point {-0.95 1.27} 
[13:27:56.48] /# gi::executeAction deEndDrag -in [gi::getWindows 7]
[13:27:56.48] /i de::endDrag {-0.848 1.264} -context [db::getNext [de::getContexts -window 7]]
[13:27:57.38] /# gi::executeAction deSelectActive -in [gi::getWindows 7]
[13:27:57.38] /i de::deselectAll [db::getNext [de::getContexts -window 7]]
[13:27:57.38] /i de::select [de::getActiveFigure [gi::getWindows 7] -point {-0.954 1.28} -index 0 -intent none]
[13:27:57.38] /o oa:0x1ec8db00
[13:27:57.38] /# gi::executeAction leMove -in [gi::getWindows 7]
[13:27:57.38] /i ile::move
[13:27:57.68] /# gi::executeAction deAddPoint -in [gi::getWindows 7]
[13:27:57.68] /i de::addPoint {-0.954 1.28} -context [db::getNext [de::getContexts -window 7]]
[13:28:02.41] /# gi::executeAction deAddPoint -in [gi::getWindows 7]
[13:28:02.41] /i de::addPoint {-0.938 1.28} -context [db::getNext [de::getContexts -window 7]]
[13:28:03.80] /# gi::executeAction dePan -in [gi::getWindows 7]
[13:28:03.80] /i ide::pan [db::getNext [de::getContexts -window 7]]
[13:28:04.02] /# gi::executeAction deStartDrag -in [gi::getWindows 7]
[13:28:04.02] /i de::startDrag {-1.206 0.83} -context [db::getNext [de::getContexts -window 7]]
[13:28:05.19] /# gi::executeAction deEndDrag -in [gi::getWindows 7]
[13:28:05.19] /i de::endDrag {-1.204 0.83} -context [db::getNext [de::getContexts -window 7]]
[13:28:05.19] /r dePanToPoint {-1.095 1.191}
[13:28:05.95] /# gi::executeAction leMove -in [gi::getWindows 7]
[13:28:05.96] /i ile::move
[13:28:06.70] /# gi::executeAction deAddPoint -in [gi::getWindows 7]
[13:28:06.70] /i de::addPoint {-1.632 1.324} -context [db::getNext [de::getContexts -window 7]]
[13:28:09.32] /# gi::executeAction deAbortCommand -in [gi::getWindows 7]
[13:28:09.32] /i de::abortCommand -context [db::getNext [de::getContexts -window 7]]
[13:28:10.29] /# gi::executeAction deSelectActive -in [gi::getWindows 7]
[13:28:10.29] /i de::deselectAll [db::getNext [de::getContexts -window 7]]
[13:28:10.29] /i de::deselectAllLogic -context [db::getNext [de::getContexts -window 7]]
[13:28:11.15] /# gi::executeAction deSelectActive -in [gi::getWindows 7]
[13:28:11.15] /i de::deselectAll [db::getNext [de::getContexts -window 7]]
[13:28:11.15] /i de::select [de::getActiveFigure [gi::getWindows 7] -point {-1.668 1.188} -index 0 -intent none]
[13:28:11.15] /o oa:0x1e8c5300
[13:28:11.91] /# gi::executeAction leMove -in [gi::getWindows 7]
[13:28:11.91] /i ile::move
[13:28:12.15] /# gi::executeAction deAddPoint -in [gi::getWindows 7]
[13:28:12.15] /i de::addPoint {-1.668 1.188} -context [db::getNext [de::getContexts -window 7]]
[13:28:19.56] /i gi::setField {editAngleMode} -value {Any Angle} -in [gi::getToolbars {deCommandOptions} -from [gi::getWindows 7]]
[13:28:25.72] /# gi::executeAction deAddPoint -in [gi::getWindows 7]
[13:28:25.72] /i de::addPoint {-1.662 1.176} -context [db::getNext [de::getContexts -window 7]]
[13:28:27.20] /# gi::executeAction deSelectActive -in [gi::getWindows 7]
[13:28:27.20] /i de::deselectAll [db::getNext [de::getContexts -window 7]]
[13:28:27.21] /i de::deselectAllLogic -context [db::getNext [de::getContexts -window 7]]
[13:28:27.81] /# gi::executeAction leInstance -in [gi::getWindows 7]
[13:28:27.81] /i ile::createInst
[13:28:27.90] /o 0
[13:28:28.23] /i gi::setActiveDialog [gi::getDialogs {leCreateInst} -parent [gi::getWindows 7]]
[13:28:28.38] /i db::setAttr geometry -of [gi::getDialogs {leCreateInst}] -value 612x532+1308+370
[13:28:30.25] /i gi::setActiveTab {tabWidget} -tabName {instParamTab} -in [gi::getDialogs {leCreateInst} -parent [gi::getWindows 7]]
[13:28:31.74] /i gi::setItemSelection {instParamExpand} -index {w,all} -in [gi::getDialogs {leCreateInst} -parent [gi::getWindows 7]]
[13:28:31.74] /i gi::setCurrentIndex {instParamExpand} -index {w,Value} -in [gi::getDialogs {leCreateInst} -parent [gi::getWindows 7]]
[13:28:35.82] /i gi::setField {instParamExpand} -value {0.19u} -index {w,Value} -in [gi::getDialogs {leCreateInst} -parent [gi::getWindows 7]]
[13:28:37.80] /# gi::executeAction deCanvasZoomOutAtPoint -in [gi::getWindows 7]
[13:28:37.80] /i de::zoom -window [gi::getWindows 7] -factor 0.5 -center {-0.538 1.45}
[13:28:37.80] /o {-4.794 -0.538} {1.49 2.402}
[13:28:43.74] /i gi::setField {instParamExpand} -value {0.72u} -index {w,Value} -in [gi::getDialogs {leCreateInst} -parent [gi::getWindows 7]]
[13:28:46.28] /# gi::executeAction deAddPoint -in [gi::getWindows 7]
[13:28:46.28] /i de::addPoint {-3.394 1.206} -context [db::getNext [de::getContexts -window 7]]
[13:28:47.83] /# gi::executeAction deAddPoint -in [gi::getWindows 7]
[13:28:47.83] /i de::addPoint {-4.178 -0.214} -context [db::getNext [de::getContexts -window 7]]
[13:28:48.76] /# gi::executeAction deAddPoint -in [gi::getWindows 7]
[13:28:48.76] /i de::addPoint {-3.022 -0.118} -context [db::getNext [de::getContexts -window 7]]
[13:28:49.70] /# gi::executeAction deAddPoint -in [gi::getWindows 7]
[13:28:49.70] /i de::addPoint {-1.758 -0.034} -context [db::getNext [de::getContexts -window 7]]
[13:28:50.86] /# gi::executeAction deAddPoint -in [gi::getWindows 7]
[13:28:50.86] /i de::addPoint {-0.346 -0.03} -context [db::getNext [de::getContexts -window 7]]
[13:28:53.21] /# gi::executeAction deAddPoint -in [gi::getWindows 7]
[13:28:53.21] /i de::addPoint {0.314 1.966} -context [db::getNext [de::getContexts -window 7]]
[13:28:55.58] /# gi::executeAction deAddPoint -in [gi::getWindows 7]
[13:28:55.58] /i de::addPoint {-4.582 1.286} -context [db::getNext [de::getContexts -window 7]]
[13:28:55.95] /# gi::executeAction deAbortCommand -in [gi::getWindows 7]
[13:28:55.95] /i de::abortCommand -context [db::getNext [de::getContexts -window 7]]
[13:28:57.50] /# gi::executeAction deCanvasZoomInAtPoint -in [gi::getWindows 7]
[13:28:57.50] /i de::zoom -window [gi::getWindows 7] -factor 2.0 -center {-0.506 1.346}
[13:28:57.50] /o {-2.65 0.404} {0.492 1.874}
[13:28:59.21] /# gi::executeAction dePan -in [gi::getWindows 7]
[13:28:59.21] /i ide::pan [db::getNext [de::getContexts -window 7]]
[13:28:59.53] /# gi::executeAction deStartDrag -in [gi::getWindows 7]
[13:28:59.53] /i de::startDrag {0.158 1.364} -context [db::getNext [de::getContexts -window 7]]
[13:29:00.84] /# gi::executeAction deEndDrag -in [gi::getWindows 7]
[13:29:00.84] /i de::endDrag {0.15 1.362} -context [db::getNext [de::getContexts -window 7]]
[13:29:00.84] /r dePanToPoint {0.029 1.229}
[13:29:12.88] /# gi::executeAction deAddPoint -in [gi::getWindows 7]
[13:29:12.88] /i de::addPoint {0.518 1.874} -context [db::getNext [de::getContexts -window 7]]
[13:29:13.20] /# gi::executeAction leMove -in [gi::getWindows 7]
[13:29:13.20] /i ile::move
[13:29:14.60] /# gi::executeAction deAddPoint -in [gi::getWindows 7]
[13:29:14.60] /i de::addPoint {0.721 1.971} -context [db::getNext [de::getContexts -window 7]]
[13:29:16.34] /# gi::executeAction deCanvasZoomOutAtPoint -in [gi::getWindows 7]
[13:29:16.34] /i de::zoom -window [gi::getWindows 7] -factor 0.5 -center {0.723 1.611}
[13:29:16.34] /o {-2.829 0.667} {3.455 3.607}
[13:29:18.20] /# gi::executeAction deCanvasZoomInAtPoint -in [gi::getWindows 7]
[13:29:18.20] /i de::zoom -window [gi::getWindows 7] -factor 2.0 -center {0.747 1.087}
[13:29:18.20] /o {-1.041 0.877} {2.101 2.347}
[13:29:25.50] /# gi::executeAction deAddPoint -in [gi::getWindows 7]
[13:29:25.50] /i de::addPoint {0.639 1.235} -context [db::getNext [de::getContexts -window 7]]
[13:29:27.41] /# gi::executeAction dePan -in [gi::getWindows 7]
[13:29:27.41] /i ide::pan [db::getNext [de::getContexts -window 7]]
[13:29:27.88] /# gi::executeAction deStartDrag -in [gi::getWindows 7]
[13:29:27.88] /i de::startDrag {1.047 1.085} -context [db::getNext [de::getContexts -window 7]]
[13:29:29.81] /# gi::executeAction deEndDrag -in [gi::getWindows 7]
[13:29:29.81] /i de::endDrag {1.045 1.085} -context [db::getNext [de::getContexts -window 7]]
[13:29:29.81] /r dePanToPoint {1.104 1.49}
[13:29:30.44] /# gi::executeAction deAbortCommand -in [gi::getWindows 7]
[13:29:30.44] /i de::abortCommand -context [db::getNext [de::getContexts -window 7]]
[13:29:31.63] /# gi::executeAction leMove -in [gi::getWindows 7]
[13:29:31.63] /i ile::move
[13:29:31.93] /# gi::executeAction deAddPoint -in [gi::getWindows 7]
[13:29:31.93] /i de::addPoint {0.111 0.849} -context [db::getNext [de::getContexts -window 7]]
[13:29:51.82] /# gi::executeAction deAddPoint -in [gi::getWindows 7]
[13:29:51.82] /i de::addPoint {1.817 2.113} -context [db::getNext [de::getContexts -window 7]]
[13:29:53.42] /# gi::executeAction deAbortCommand -in [gi::getWindows 7]
[13:29:53.42] /i de::abortCommand -context [db::getNext [de::getContexts -window 7]]
[13:29:54.13] /# gi::executeAction dePan -in [gi::getWindows 7]
[13:29:54.13] /i ide::pan [db::getNext [de::getContexts -window 7]]
[13:29:54.41] /# gi::executeAction deStartDrag -in [gi::getWindows 7]
[13:29:54.41] /i de::startDrag {0.417 0.845} -context [db::getNext [de::getContexts -window 7]]
[13:29:55.03] /# gi::executeAction deEndDrag -in [gi::getWindows 7]
[13:29:55.03] /i de::endDrag {0.419 0.849} -context [db::getNext [de::getContexts -window 7]]
[13:29:55.04] /r dePanToPoint {0.16 1.118}
[13:29:55.15] /# gi::executeAction deCanvasZoomOutAtPoint -in [gi::getWindows 7]
[13:29:55.15] /i de::zoom -window [gi::getWindows 7] -factor 0.5 -center {0.407 0.835}
[13:29:55.15] /o {-3.229 -0.069} {3.055 2.871}
[13:29:56.31] /# gi::executeAction deStartDrag -in [gi::getWindows 7]
[13:29:56.31] /i de::startDrag {-0.453 0.327} -context [db::getNext [de::getContexts -window 7]]
[13:30:00.53] /# gi::executeAction deEndDrag -in [gi::getWindows 7]
[13:30:00.53] /i de::endDrag {-0.441 0.327} -context [db::getNext [de::getContexts -window 7]]
[13:30:00.53] /r dePanToPoint {-2.375 1.309}
[13:30:01.22] /# gi::executeAction deCanvasZoomInAtPoint -in [gi::getWindows 7]
[13:30:01.22] /i de::zoom -window [gi::getWindows 7] -factor 2.0 -center {-2.525 1.195}
[13:30:01.23] /o {-4.021 0.517} {-0.879 1.987}
[13:30:05.06] /# gi::executeAction deAbortCommand -in [gi::getWindows 7]
[13:30:05.06] /i de::abortCommand -context [db::getNext [de::getContexts -window 7]]
[13:30:05.42] /# gi::executeAction deSelectActive -in [gi::getWindows 7]
[13:30:05.42] /i de::deselectAllLogic -context [db::getNext [de::getContexts -window 7]]
[13:30:06.54] /# gi::executeAction leMove -in [gi::getWindows 7]
[13:30:06.54] /i ile::move
[13:30:06.87] /# gi::executeAction deAddPoint -in [gi::getWindows 7]
[13:30:06.87] /i de::addPoint {-3.083 1.179} -context [db::getNext [de::getContexts -window 7]]
[13:30:18.33] /# gi::executeAction deAddPoint -in [gi::getWindows 7]
[13:30:18.33] /i de::addPoint {-2.831 1.205} -context [db::getNext [de::getContexts -window 7]]
[13:30:19.94] /# gi::executeAction dePan -in [gi::getWindows 7]
[13:30:19.94] /i ide::pan [db::getNext [de::getContexts -window 7]]
[13:30:20.52] /# gi::executeAction deStartDrag -in [gi::getWindows 7]
[13:30:20.52] /i de::startDrag {-3.835 1.151} -context [db::getNext [de::getContexts -window 7]]
[13:30:20.85] /# gi::executeAction deEndDrag -in [gi::getWindows 7]
[13:30:20.85] /i de::endDrag {-3.831 1.151} -context [db::getNext [de::getContexts -window 7]]
[13:30:20.85] /r dePanToPoint {-3.682 1.252}
[13:30:21.10] /# gi::executeAction deStartDrag -in [gi::getWindows 7]
[13:30:21.10] /i de::startDrag {-3.827 1.149} -context [db::getNext [de::getContexts -window 7]]
[13:30:23.79] /# gi::executeAction deEndDrag -in [gi::getWindows 7]
[13:30:23.79] /i de::endDrag {-3.825 1.153} -context [db::getNext [de::getContexts -window 7]]
[13:30:23.79] /r dePanToPoint {-4.408 1.242}
[13:30:26.06] /# gi::executeAction deAbortCommand -in [gi::getWindows 7]
[13:30:26.06] /i de::abortCommand -context [db::getNext [de::getContexts -window 7]]
[13:30:27.04] /# gi::executeAction leMove -in [gi::getWindows 7]
[13:30:27.04] /i ile::move
[13:30:27.31] /# gi::executeAction deAddPoint -in [gi::getWindows 7]
[13:30:27.31] /i de::addPoint {-4.273 1.189} -context [db::getNext [de::getContexts -window 7]]
[13:30:44.98] /# gi::executeAction deAddPoint -in [gi::getWindows 7]
[13:30:44.99] /i de::addPoint {-3.959 1.135} -context [db::getNext [de::getContexts -window 7]]
[13:30:46.72] /# gi::executeAction deAbortCommand -in [gi::getWindows 7]
[13:30:46.72] /i de::abortCommand -context [db::getNext [de::getContexts -window 7]]
[13:30:47.03] /# gi::executeAction deSelectActive -in [gi::getWindows 7]
[13:30:47.03] /i de::deselectAllLogic -context [db::getNext [de::getContexts -window 7]]
[13:30:48.55] /# gi::executeAction leMove -in [gi::getWindows 7]
[13:30:48.55] /i ile::move
[13:30:48.95] /# gi::executeAction deAddPoint -in [gi::getWindows 7]
[13:30:48.95] /i de::addPoint {-3.945 0.617} -context [db::getNext [de::getContexts -window 7]]
[13:30:52.25] /# gi::executeAction deAbortCommand -in [gi::getWindows 7]
[13:30:52.25] /i de::abortCommand -context [db::getNext [de::getContexts -window 7]]
[13:30:54.76] /# gi::executeAction leMove -in [gi::getWindows 7]
[13:30:54.76] /i ile::move
[13:30:55.25] /# gi::executeAction deAddPoint -in [gi::getWindows 7]
[13:30:55.25] /i de::addPoint {-4.265 0.577} -context [db::getNext [de::getContexts -window 7]]
[13:30:56.35] /# gi::executeAction deAddPoint -in [gi::getWindows 7]
[13:30:56.35] /i de::addPoint {-5.495 1.537} -context [db::getNext [de::getContexts -window 7]]
[13:30:57.47] /# gi::executeAction deAddPoint -in [gi::getWindows 7]
[13:30:57.47] /i de::addPoint {-5.071 0.707} -context [db::getNext [de::getContexts -window 7]]
[13:30:59.05] /# gi::executeAction deAddPoint -in [gi::getWindows 7]
[13:30:59.05] /i de::addPoint {-5.031 1.321} -context [db::getNext [de::getContexts -window 7]]
[13:30:59.71] /# gi::executeAction deAddPoint -in [gi::getWindows 7]
[13:30:59.71] /i de::addPoint {-5.031 1.347} -context [db::getNext [de::getContexts -window 7]]
[13:31:06.14] /# gi::executeAction deAddPoint -in [gi::getWindows 7]
[13:31:06.14] /i de::addPoint {-5.049 1.217} -context [db::getNext [de::getContexts -window 7]]
[13:31:06.21] /# gi::executeAction deCompleteShape -in [gi::getWindows 7]
[13:31:06.21] /i de::completeShape -context [db::getNext [de::getContexts -window 7]]
[13:31:06.91] /# gi::executeAction deCanvasZoomOutAtPoint -in [gi::getWindows 7]
[13:31:06.94] /i de::zoom -window [gi::getWindows 7] -factor 0.5 -center {-4.619 0.867}
[13:31:06.94] /o {-7.339 0.147} {-1.055 3.087}
[13:31:08.30] /# gi::executeAction leMove -in [gi::getWindows 7]
[13:31:08.30] /i ile::move
[13:31:08.96] /# gi::executeAction deAddPoint -in [gi::getWindows 7]
[13:31:08.97] /i de::addPoint {-2.691 0.571} -context [db::getNext [de::getContexts -window 7]]
[13:31:10.92] /# gi::executeAction deAddPoint -in [gi::getWindows 7]
[13:31:10.92] /i de::addPoint {-6.259 1.927} -context [db::getNext [de::getContexts -window 7]]
[13:31:11.76] /# gi::executeAction deAddPoint -in [gi::getWindows 7]
[13:31:11.76] /i de::addPoint {-1.703 0.507} -context [db::getNext [de::getContexts -window 7]]
[13:31:15.14] /# gi::executeAction deAddPoint -in [gi::getWindows 7]
[13:31:15.14] /i de::addPoint {-6.903 0.587} -context [db::getNext [de::getContexts -window 7]]
[13:31:16.05] /# gi::executeAction deCanvasZoomInAtPoint -in [gi::getWindows 7]
[13:31:16.05] /i de::zoom -window [gi::getWindows 7] -factor 2.0 -center {-6.303 0.847}
[13:31:16.05] /o {-6.821 0.497} {-3.679 1.967}
[13:31:17.39] /# gi::executeAction dePan -in [gi::getWindows 7]
[13:31:17.39] /i ide::pan [db::getNext [de::getContexts -window 7]]
[13:31:17.65] /# gi::executeAction deStartDrag -in [gi::getWindows 7]
[13:31:17.65] /i de::startDrag {-6.157 0.811} -context [db::getNext [de::getContexts -window 7]]
[13:31:18.55] /# gi::executeAction deEndDrag -in [gi::getWindows 7]
[13:31:18.55] /i de::endDrag {-6.155 0.811} -context [db::getNext [de::getContexts -window 7]]
[13:31:18.55] /r dePanToPoint {-6.778 1.242}
[13:31:19.18] /# gi::executeAction leMove -in [gi::getWindows 7]
[13:31:19.18] /i ile::move
[13:31:19.39] /# gi::executeAction deAddPoint -in [gi::getWindows 7]
[13:31:19.39] /i de::addPoint {-6.775 0.755} -context [db::getNext [de::getContexts -window 7]]
[13:31:20.44] /# gi::executeAction deAddPoint -in [gi::getWindows 7]
[13:31:20.44] /i de::addPoint {-7.841 1.377} -context [db::getNext [de::getContexts -window 7]]
[13:31:21.32] /# gi::executeAction leDiagonalAngleMode -in [gi::getWindows 7]
[13:31:21.32] /i db::setPrefValue leEditAngleMode -value diagonal -scope [db::getNext [de::getContexts -window 7]]; db::setPrefValue leCreateAngleMode -value diagonal -scope [db::getNext [de::getContexts -window 7]]
[13:31:21.32] /o oa:0x1ecb34f0
[13:31:21.98] /# gi::executeAction deAddPoint -in [gi::getWindows 7]
[13:31:21.98] /i de::addPoint {-6.521 1.059} -context [db::getNext [de::getContexts -window 7]]
[13:31:39.08] /# gi::executeAction deAddPoint -in [gi::getWindows 7]
[13:31:39.08] /i de::addPoint {-6.445 1.055} -context [db::getNext [de::getContexts -window 7]]
[13:31:40.74] /# gi::executeAction deAddPoint -in [gi::getWindows 7]
[13:31:40.74] /i de::addPoint {-7.683 0.937} -context [db::getNext [de::getContexts -window 7]]
[13:31:56.52] /# gi::executeAction deAddPoint -in [gi::getWindows 7]
[13:31:56.52] /i de::addPoint {-7.301 1.499} -context [db::getNext [de::getContexts -window 7]]
[13:31:57.34] /# gi::executeAction deCanvasZoomOutAtPoint -in [gi::getWindows 7]
[13:31:57.34] /i de::zoom -window [gi::getWindows 7] -factor 0.5 -center {-6.291 1.441}
[13:31:57.34] /o {-10.407 -0.427} {-4.123 2.513}
[13:31:58.38] /# gi::executeAction deAbortCommand -in [gi::getWindows 7]
[13:31:58.38] /i de::abortCommand -context [db::getNext [de::getContexts -window 7]]
[13:31:59.44] /# gi::executeAction dePan -in [gi::getWindows 7]
[13:31:59.44] /i ide::pan [db::getNext [de::getContexts -window 7]]
[13:31:59.80] /# gi::executeAction deStartDrag -in [gi::getWindows 7]
[13:31:59.80] /i de::startDrag {-5.291 0.397} -context [db::getNext [de::getContexts -window 7]]
[13:32:01.66] /# gi::executeAction deEndDrag -in [gi::getWindows 7]
[13:32:01.66] /i de::endDrag {-5.299 0.397} -context [db::getNext [de::getContexts -window 7]]
[13:32:01.67] /r dePanToPoint {-4.921 1.123}
[13:32:02.07] /# gi::executeAction deCanvasZoomOutAtPoint -in [gi::getWindows 7]
[13:32:02.07] /i de::zoom -window [gi::getWindows 7] -factor 0.5 -center {-3.667 0.489}
[13:32:02.08] /o {-12.459 -1.183} {0.109 4.697}
[13:32:02.79] /# gi::executeAction deStartDrag -in [gi::getWindows 7]
[13:32:02.79] /i de::startDrag {-1.907 0.457} -context [db::getNext [de::getContexts -window 7]]
[13:32:04.51] /# gi::executeAction deEndDrag -in [gi::getWindows 7]
[13:32:04.51] /i de::endDrag {-1.923 0.457} -context [db::getNext [de::getContexts -window 7]]
[13:32:04.51] /r dePanToPoint {-3.543 1.549}
[13:32:08.12] /i gi::setActiveWindow 4
[13:32:08.12] /i gi::setActiveWindow 4 -raise true
[13:32:32.81] /j ::xt::hercules::vue::clearAllHighlights dff schematic 
[13:32:32.83] /j ::xt::hercules::vue::clearAllHighlights dff layout 
[13:32:32.98] /m Information: Connection closed with 'Hercules-VUE' running on 'localhost'.
[13:32:35.72] /j ::xt::hercules::vue::clearAllHighlights dff schematic 
[13:32:35.73] /j ::xt::hercules::vue::clearAllHighlights dff layout 
[13:32:35.88] /m Information: Connection closed with 'Hercules-VUE' running on 'localhost'.
[13:33:14.32] /i gi::setActiveWindow 7
[13:33:14.32] /i gi::setActiveWindow 7 -raise true
[13:33:17.04] /# gi::executeAction deCanvasZoomInAtPoint -in [gi::getWindows 7]
[13:33:17.04] /i de::zoom -window [gi::getWindows 7] -factor 2.0 -center {-6.011 2.609}
[13:33:17.04] /o {-7.919 0.609} {-1.635 3.549}
[13:33:17.96] /# gi::executeAction deCanvasZoomOutAtPoint -in [gi::getWindows 7]
[13:33:17.96] /i de::zoom -window [gi::getWindows 7] -factor 0.5 -center {-6.051 2.533}
[13:33:17.96] /o {-9.787 -1.315} {2.781 4.565}
[13:33:56.81] /# gi::executeAction deCanvasZoomInAtPoint -in [gi::getWindows 7]
[13:33:56.81] /i de::zoom -window [gi::getWindows 7] -factor 2.0 -center {-7.475 0.005}
[13:33:56.81] /o {-8.631 -0.655} {-2.347 2.285}
[13:34:08.69] /# gi::executeAction deCanvasZoomInAtPoint -in [gi::getWindows 7]
[13:34:08.69] /i de::zoom -window [gi::getWindows 7] -factor 2.0 -center {-7.675 0.685}
[13:34:08.69] /o {-8.153 0.015} {-5.011 1.485}
[13:34:12.19] /# gi::executeAction leVia -in [gi::getWindows 7]
[13:34:12.19] /i ile::createVia
[13:34:12.25] /o oa:0x1e701d80
[13:34:15.54] /i gi::setField {viaDefName} -value {poly_cust} -in [gi::getToolbars {deCommandOptions} -from [gi::getWindows 7]]
[13:34:29.96] /# gi::executeAction deAddPoint -in [gi::getWindows 7]
[13:34:29.96] /i de::addPoint {-8.005 0.173} -context [db::getNext [de::getContexts -window 7]]
[13:34:34.36] /i gi::setField {viaDefName} -value {via12} -in [gi::getToolbars {deCommandOptions} -from [gi::getWindows 7]]
[13:34:41.36] /# gi::executeAction deAddPoint -in [gi::getWindows 7]
[13:34:41.36] /i de::addPoint {-7.995 0.553} -context [db::getNext [de::getContexts -window 7]]
[13:34:42.46] /# gi::executeAction deAbortCommand -in [gi::getWindows 7]
[13:34:42.46] /i de::abortCommand -context [db::getNext [de::getContexts -window 7]]
[13:34:45.24] /i db::setAttr shown -of [gi::getAssistants dePropertyEditor -from [gi::getWindows 7]] -value false
[13:34:45.57] /i db::setAttr dockSize -of [gi::getAssistants leObjectLayerPanel -from [gi::getWindows 7]] -value 290x735
[13:34:46.97] /# gi::setCurrentIndex {lpps} -index {poly drw} -in [gi::getAssistants leObjectLayerPanel -from [gi::getWindows 7]]
[13:34:46.97] /# gi::setItemSelection {lpps} -index {poly drw} -in [gi::getAssistants leObjectLayerPanel -from [gi::getWindows 7]]
[13:34:47.05] /# gi::executeAction leOLPSetActiveLPP -in [gi::getAssistants leObjectLayerPanel -from [gi::getWindows 7]]
[13:34:47.05] /i de::setActiveLPP [de::getLPPs -from [oa::DesignFind dff dff layout] -filter {%lpp =="poly drawing"}]
[13:34:48.90] /# gi::executeAction leRectangle -in [gi::getWindows 7]
[13:34:48.91] /i ile::createRectangle
[13:34:55.10] /# gi::executeAction deAddPoint -in [gi::getWindows 7]
[13:34:55.10] /i de::addPoint {-7.639 1.259} -context [db::getNext [de::getContexts -window 7]]
[13:35:06.44] /# gi::executeAction deAddPoint -in [gi::getWindows 7]
[13:35:06.44] /i de::addPoint {-7.539 0.067} -context [db::getNext [de::getContexts -window 7]]
[13:35:09.78] /# gi::executeAction deAddPoint -in [gi::getWindows 7]
[13:35:09.78] /i de::addPoint {-7.539 0.229} -context [db::getNext [de::getContexts -window 7]]
[13:35:15.22] /# gi::executeAction deAddPoint -in [gi::getWindows 7]
[13:35:15.22] /i de::addPoint {-8.099 0.113} -context [db::getNext [de::getContexts -window 7]]
[13:35:18.20] /# gi::setCurrentIndex {lpps} -index {m1 drw} -in [gi::getAssistants leObjectLayerPanel -from [gi::getWindows 7]]
[13:35:18.20] /# gi::setItemSelection {lpps} -index {m1 drw} -in [gi::getAssistants leObjectLayerPanel -from [gi::getWindows 7]]
[13:35:18.28] /# gi::executeAction leOLPSetActiveLPP -in [gi::getAssistants leObjectLayerPanel -from [gi::getWindows 7]]
[13:35:18.28] /i de::setActiveLPP [de::getLPPs -from [oa::DesignFind dff dff layout] -filter {%lpp =="m1 drawing"}]
[13:35:25.79] /# gi::executeAction deAddPoint -in [gi::getWindows 7]
[13:35:25.79] /i de::addPoint {-8.085 0.123} -context [db::getNext [de::getContexts -window 7]]
[13:35:39.66] /# gi::executeAction deAddPoint -in [gi::getWindows 7]
[13:35:39.66] /i de::addPoint {-7.923 0.629} -context [db::getNext [de::getContexts -window 7]]
[13:35:41.54] /# gi::executeAction deAbortCommand -in [gi::getWindows 7]
[13:35:41.54] /i de::abortCommand -context [db::getNext [de::getContexts -window 7]]
[13:36:00.09] /# gi::executeAction leVia -in [gi::getWindows 7]
[13:36:00.09] /i ile::createVia
[13:36:00.15] /o oa:0x1e4921b0
[13:36:10.88] /# gi::executeAction deAddPoint -in [gi::getWindows 7]
[13:36:10.88] /i de::addPoint {-6.905 0.557} -context [db::getNext [de::getContexts -window 7]]
[13:36:12.42] /# gi::executeAction deAbortCommand -in [gi::getWindows 7]
[13:36:12.42] /i de::abortCommand -context [db::getNext [de::getContexts -window 7]]
[13:36:14.44] /# gi::executeAction leVia -in [gi::getWindows 7]
[13:36:14.44] /i ile::createVia
[13:36:14.58] /o oa:0x1ee39340
[13:36:16.91] /i gi::setField {viaDefName} -value {poly_cust} -in [gi::getToolbars {deCommandOptions} -from [gi::getWindows 7]]
[13:36:21.87] /# gi::executeAction deAddPoint -in [gi::getWindows 7]
[13:36:21.87] /i de::addPoint {-6.903 0.859} -context [db::getNext [de::getContexts -window 7]]
[13:36:22.64] /# gi::executeAction deAbortCommand -in [gi::getWindows 7]
[13:36:22.64] /i de::abortCommand -context [db::getNext [de::getContexts -window 7]]
[13:36:35.16] /# gi::setCurrentIndex {lpps} -index {m2 drw} -in [gi::getAssistants leObjectLayerPanel -from [gi::getWindows 7]]
[13:36:35.16] /# gi::setItemSelection {lpps} -index {m2 drw} -in [gi::getAssistants leObjectLayerPanel -from [gi::getWindows 7]]
[13:36:35.27] /# gi::executeAction leOLPSetActiveLPP -in [gi::getAssistants leObjectLayerPanel -from [gi::getWindows 7]]
[13:36:35.27] /i de::setActiveLPP [de::getLPPs -from [oa::DesignFind dff dff layout] -filter {%lpp =="m2 drawing"}]
[13:36:36.98] /# gi::executeAction leRectangle -in [gi::getWindows 7]
[13:36:36.98] /i ile::createRectangle
[13:36:39.55] /# gi::executeAction deAddPoint -in [gi::getWindows 7]
[13:36:39.55] /i de::addPoint {-8.067 0.655} -context [db::getNext [de::getContexts -window 7]]
[13:36:46.18] /# gi::executeAction deAddPoint -in [gi::getWindows 7]
[13:36:46.18] /i de::addPoint {-6.829 0.453} -context [db::getNext [de::getContexts -window 7]]
[13:36:47.45] /# gi::executeAction deAbortCommand -in [gi::getWindows 7]
[13:36:47.45] /i de::abortCommand -context [db::getNext [de::getContexts -window 7]]
[13:36:53.52] /# gi::setCurrentIndex {lpps} -index {m1 drw} -in [gi::getAssistants leObjectLayerPanel -from [gi::getWindows 7]]
[13:36:53.52] /# gi::setItemSelection {lpps} -index {m1 drw} -in [gi::getAssistants leObjectLayerPanel -from [gi::getWindows 7]]
[13:36:53.62] /# gi::executeAction leOLPSetActiveLPP -in [gi::getAssistants leObjectLayerPanel -from [gi::getWindows 7]]
[13:36:53.62] /i de::setActiveLPP [de::getLPPs -from [oa::DesignFind dff dff layout] -filter {%lpp =="m1 drawing"}]
[13:36:57.96] /# gi::executeAction deSelectActive -in [gi::getWindows 7]
[13:36:57.96] /i de::deselectAll [db::getNext [de::getContexts -window 7]]
[13:36:57.96] /i de::select [de::getActiveFigure [gi::getWindows 7] -point {-6.985 0.905} -index 0 -intent none]
[13:36:57.97] /o oa:0x1e723090
[13:36:59.99] /# gi::executeAction leRectangle -in [gi::getWindows 7]
[13:36:59.99] /i ile::createRectangle
[13:37:02.69] /# gi::executeAction deAddPoint -in [gi::getWindows 7]
[13:37:02.69] /i de::addPoint {-6.985 0.905} -context [db::getNext [de::getContexts -window 7]]
[13:37:11.52] /# gi::executeAction deAddPoint -in [gi::getWindows 7]
[13:37:11.52] /i de::addPoint {-6.819 0.483} -context [db::getNext [de::getContexts -window 7]]
[13:37:16.07] /# gi::setCurrentIndex {lpps} -index {poly drw} -in [gi::getAssistants leObjectLayerPanel -from [gi::getWindows 7]]
[13:37:16.07] /# gi::setItemSelection {lpps} -index {poly drw} -in [gi::getAssistants leObjectLayerPanel -from [gi::getWindows 7]]
[13:37:16.16] /# gi::executeAction leOLPSetActiveLPP -in [gi::getAssistants leObjectLayerPanel -from [gi::getWindows 7]]
[13:37:16.16] /i de::setActiveLPP [de::getLPPs -from [oa::DesignFind dff dff layout] -filter {%lpp =="poly drawing"}]
[13:37:20.52] /# gi::executeAction deAddPoint -in [gi::getWindows 7]
[13:37:20.52] /i de::addPoint {-6.515 1.249} -context [db::getNext [de::getContexts -window 7]]
[13:37:26.56] /# gi::executeAction deAddPoint -in [gi::getWindows 7]
[13:37:26.56] /i de::addPoint {-6.415 0.835} -context [db::getNext [de::getContexts -window 7]]
[13:37:30.16] /# gi::executeAction deAddPoint -in [gi::getWindows 7]
[13:37:30.16] /i de::addPoint {-6.999 0.969} -context [db::getNext [de::getContexts -window 7]]
[13:37:33.82] /# gi::executeAction deAddPoint -in [gi::getWindows 7]
[13:37:33.82] /i de::addPoint {-6.415 0.835} -context [db::getNext [de::getContexts -window 7]]
[13:37:35.21] /# gi::executeAction deAbortCommand -in [gi::getWindows 7]
[13:37:35.21] /i de::abortCommand -context [db::getNext [de::getContexts -window 7]]
[13:37:36.34] /# gi::executeAction deCanvasZoomOutAtPoint -in [gi::getWindows 7]
[13:37:36.34] /i de::zoom -window [gi::getWindows 7] -factor 0.5 -center {-5.809 0.405}
[13:37:36.36] /o {-10.497 -0.375} {-4.213 2.565}
[13:37:43.70] /# gi::executeAction deCanvasZoomOutAtPoint -in [gi::getWindows 7]
[13:37:43.70] /i de::zoom -window [gi::getWindows 7] -factor 0.5 -center {-6.021 -0.227}
[13:37:43.70] /o {-14.973 -0.523} {-2.405 5.357}
[13:37:44.40] /# gi::executeAction deCanvasZoomInAtPoint -in [gi::getWindows 7]
[13:37:44.40] /i de::zoom -window [gi::getWindows 7] -factor 2.0 -center {-5.661 -0.035}
[13:37:44.40] /o {-10.317 -0.279} {-4.033 2.661}
[13:37:44.92] /# gi::executeAction deCanvasZoomInAtPoint -in [gi::getWindows 7]
[13:37:44.92] /i de::zoom -window [gi::getWindows 7] -factor 2.0 -center {-5.661 -0.035}
[13:37:44.92] /o {-7.989 -0.157} {-4.847 1.313}
[13:37:45.63] /# gi::executeAction deCanvasZoomOutAtPoint -in [gi::getWindows 7]
[13:37:45.63] /i de::zoom -window [gi::getWindows 7] -factor 0.5 -center {-5.661 -0.035}
[13:37:45.64] /o {-10.317 -0.279} {-4.033 2.661}
[13:38:01.83] /# gi::executeAction dePan -in [gi::getWindows 7]
[13:38:01.83] /i ide::pan [db::getNext [de::getContexts -window 7]]
[13:38:02.17] /# gi::executeAction deStartDrag -in [gi::getWindows 7]
[13:38:02.17] /i de::startDrag {-5.301 0.449} -context [db::getNext [de::getContexts -window 7]]
[13:38:05.44] /# gi::executeAction deEndDrag -in [gi::getWindows 7]
[13:38:05.44] /i de::endDrag {-5.305 0.449} -context [db::getNext [de::getContexts -window 7]]
[13:38:05.44] /r dePanToPoint {-5.263 1.099}
[13:38:10.10] /# gi::executeAction leVia -in [gi::getWindows 7]
[13:38:10.10] /i ile::createVia
[13:38:10.15] /o oa:0x1e75c030
[13:38:20.02] /i gi::setField {viaDefName} -value {via12} -in [gi::getToolbars {deCommandOptions} -from [gi::getWindows 7]]
[13:38:40.21] /# gi::executeAction deAddPoint -in [gi::getWindows 7]
[13:38:40.21] /i de::addPoint {-5.973 1.805} -context [db::getNext [de::getContexts -window 7]]
[13:38:45.02] /# gi::executeAction deAddPoint -in [gi::getWindows 7]
[13:38:45.02] /i de::addPoint {-3.529 1.825} -context [db::getNext [de::getContexts -window 7]]
[13:38:46.24] /# gi::executeAction deAbortCommand -in [gi::getWindows 7]
[13:38:46.24] /i de::abortCommand -context [db::getNext [de::getContexts -window 7]]
[13:38:47.70] /# gi::setCurrentIndex {lpps} -index {m1 drw} -in [gi::getAssistants leObjectLayerPanel -from [gi::getWindows 7]]
[13:38:47.70] /# gi::setItemSelection {lpps} -index {m1 drw} -in [gi::getAssistants leObjectLayerPanel -from [gi::getWindows 7]]
[13:38:47.80] /# gi::executeAction leOLPSetActiveLPP -in [gi::getAssistants leObjectLayerPanel -from [gi::getWindows 7]]
[13:38:47.80] /i de::setActiveLPP [de::getLPPs -from [oa::DesignFind dff dff layout] -filter {%lpp =="m1 drawing"}]
[13:38:51.18] /# gi::executeAction deSelectActive -in [gi::getWindows 7]
[13:38:51.18] /i de::deselectAll [db::getNext [de::getContexts -window 7]]
[13:38:51.18] /i de::select [de::getActiveFigure [gi::getWindows 7] -point {-5.869 1.873} -index 0 -intent none]
[13:38:51.18] /o oa:0x1f170cf0
[13:38:53.42] /# gi::executeAction deCanvasZoomInAtPoint -in [gi::getWindows 7]
[13:38:53.42] /i de::zoom -window [gi::getWindows 7] -factor 2.0 -center {-5.889 1.769}
[13:38:53.42] /o {-7.147 0.699} {-4.005 2.169}
[13:38:54.45] /# gi::executeAction deCanvasZoomOutAtPoint -in [gi::getWindows 7]
[13:38:54.45] /i de::zoom -window [gi::getWindows 7] -factor 0.5 -center {-5.887 1.769}
[13:38:54.45] /o {-8.407 -0.371} {-2.123 2.569}
[13:38:56.49] /# gi::executeAction deCanvasZoomInAtPoint -in [gi::getWindows 7]
[13:38:56.49] /i de::zoom -window [gi::getWindows 7] -factor 2.0 -center {-5.919 1.845}
[13:38:56.49] /o {-7.163 0.737} {-4.021 2.207}
[13:38:59.68] /# gi::executeAction leRectangle -in [gi::getWindows 7]
[13:38:59.68] /i ile::createRectangle
[13:39:05.79] /# gi::executeAction deAddPoint -in [gi::getWindows 7]
[13:39:05.79] /i de::addPoint {-6.335 1.859} -context [db::getNext [de::getContexts -window 7]]
[13:39:12.65] /# gi::executeAction deAddPoint -in [gi::getWindows 7]
[13:39:12.65] /i de::addPoint {-5.875 1.737} -context [db::getNext [de::getContexts -window 7]]
[13:39:14.39] /# gi::executeAction deCanvasZoomOutAtPoint -in [gi::getWindows 7]
[13:39:14.39] /i de::zoom -window [gi::getWindows 7] -factor 0.5 -center {-4.987 1.589}
[13:39:14.39] /o {-9.339 -0.115} {-3.055 2.825}
[13:39:16.85] /# gi::setCurrentIndex {lpps} -index {m2 drw} -in [gi::getAssistants leObjectLayerPanel -from [gi::getWindows 7]]
[13:39:16.85] /# gi::setItemSelection {lpps} -index {m2 drw} -in [gi::getAssistants leObjectLayerPanel -from [gi::getWindows 7]]
[13:39:16.97] /# gi::executeAction leOLPSetActiveLPP -in [gi::getAssistants leObjectLayerPanel -from [gi::getWindows 7]]
[13:39:16.97] /i de::setActiveLPP [de::getLPPs -from [oa::DesignFind dff dff layout] -filter {%lpp =="m2 drawing"}]
[13:39:23.72] /# gi::executeAction deAddPoint -in [gi::getWindows 7]
[13:39:23.72] /i de::addPoint {-6.043 1.905} -context [db::getNext [de::getContexts -window 7]]
[13:39:28.35] /# gi::executeAction deAddPoint -in [gi::getWindows 7]
[13:39:28.36] /i de::addPoint {-3.459 1.725} -context [db::getNext [de::getContexts -window 7]]
[13:39:29.65] /# gi::executeAction deAbortCommand -in [gi::getWindows 7]
[13:39:29.65] /i de::abortCommand -context [db::getNext [de::getContexts -window 7]]
[13:39:29.96] /# gi::executeAction deCanvasZoomInAtPoint -in [gi::getWindows 7]
[13:39:29.96] /i de::zoom -window [gi::getWindows 7] -factor 2.0 -center {-3.403 1.741}
[13:39:29.96] /o {-6.371 0.813} {-3.229 2.283}
[13:39:32.62] /# gi::executeAction deSelectActive -in [gi::getWindows 7]
[13:39:32.62] /i de::deselectAll [db::getNext [de::getContexts -window 7]]
[13:39:32.62] /i de::deselectAllLogic -context [db::getNext [de::getContexts -window 7]]
[13:39:33.46] /# gi::executeAction leAlign -in [gi::getWindows 7]
[13:39:33.46] /i ile::align
[13:39:33.64] /# gi::executeAction deAddPoint -in [gi::getWindows 7]
[13:39:33.64] /i de::addPoint {-3.651 1.461} -context [db::getNext [de::getContexts -window 7]]
[13:39:33.85] /# gi::executeAction deStartDrag -in [gi::getWindows 7]
[13:39:33.85] /i de::startDrag {-3.651 1.461} -context [db::getNext [de::getContexts -window 7]]
[13:39:35.41] /# gi::executeAction deEndDrag -in [gi::getWindows 7]
[13:39:35.41] /i de::endDrag {-3.703 1.445} -context [db::getNext [de::getContexts -window 7]]
[13:39:37.91] /# gi::executeAction deAddPoint -in [gi::getWindows 7]
[13:39:37.91] /i de::addPoint {-3.671 1.635} -context [db::getNext [de::getContexts -window 7]]
[13:39:39.64] /# gi::executeAction leStretch -in [gi::getWindows 7]
[13:39:39.64] /i ile::stretch
[13:39:39.99] /# gi::executeAction deAddPoint -in [gi::getWindows 7]
[13:39:39.99] /i de::addPoint {-3.673 1.721} -context [db::getNext [de::getContexts -window 7]]
[13:39:41.60] /# gi::executeAction deAddPoint -in [gi::getWindows 7]
[13:39:41.60] /i de::addPoint {-3.675 1.693} -context [db::getNext [de::getContexts -window 7]]
[13:39:45.75] /# gi::executeAction deAddPoint -in [gi::getWindows 7]
[13:39:45.75] /i de::addPoint {-3.665 1.903} -context [db::getNext [de::getContexts -window 7]]
[13:39:49.80] /# gi::executeAction deAddPoint -in [gi::getWindows 7]
[13:39:49.80] /i de::addPoint {-3.673 1.911} -context [db::getNext [de::getContexts -window 7]]
[13:39:50.59] /# gi::executeAction deAbortCommand -in [gi::getWindows 7]
[13:39:50.59] /i de::abortCommand -context [db::getNext [de::getContexts -window 7]]
[13:39:52.56] /# gi::executeAction deSelectActive -in [gi::getWindows 7]
[13:39:52.56] /i de::deselectAll [db::getNext [de::getContexts -window 7]]
[13:39:52.57] /i de::select [de::getActiveFigure [gi::getWindows 7] -point {-3.537 1.925} -index 0 -intent none]
[13:39:52.57] /o oa:0x1f06ce10
[13:39:52.64] /# gi::executeAction deSelectActive -in [gi::getWindows 7]
[13:39:52.64] /i de::cycleActiveFigure [gi::getWindows 7] -direction next
[13:39:52.65] /o oa:0x1e5c8970
[13:39:52.65] /i de::cycleActiveFigure [gi::getWindows 7] -direction next
[13:39:52.65] /o oa:0x1e6f89e0
[13:39:52.65] /i de::deselectAll [db::getNext [de::getContexts -window 7]]
[13:39:52.65] /i de::select [de::getActiveFigure [gi::getWindows 7] -point {-3.537 1.925} -index 2 -intent none]
[13:39:52.65] /o oa:0x1e526f80
[13:39:54.04] /# gi::executeAction deSelectActive -in [gi::getWindows 7]
[13:39:54.04] /i de::deselectAll [db::getNext [de::getContexts -window 7]]
[13:39:54.04] /i de::select [de::getActiveFigure [gi::getWindows 7] -point {-3.543 1.913} -index 0 -intent none]
[13:39:54.04] /o oa:0x1f7af990
[13:39:55.39] /# gi::executeAction deSelectActive -in [gi::getWindows 7]
[13:39:55.39] /i de::deselectAll [db::getNext [de::getContexts -window 7]]
[13:39:55.39] /i de::select [de::getActiveFigure [gi::getWindows 7] -point {-3.627 1.883} -index 0 -intent none]
[13:39:55.39] /o oa:0x1f4b58f0
[13:39:56.84] /# gi::executeAction leMove -in [gi::getWindows 7]
[13:39:56.85] /i ile::move
[13:39:57.28] /# gi::executeAction deAddPoint -in [gi::getWindows 7]
[13:39:57.28] /i de::addPoint {-3.623 1.875} -context [db::getNext [de::getContexts -window 7]]
[13:40:06.64] /# gi::executeAction deAddPoint -in [gi::getWindows 7]
[13:40:06.64] /i de::addPoint {-3.723 1.853} -context [db::getNext [de::getContexts -window 7]]
[13:40:07.45] /i gi::executeAction deCanvasDragCancel -in [gi::getWindows 7]
[13:40:08.57] /# gi::executeAction leStretch -in [gi::getWindows 7]
[13:40:08.57] /i ile::stretch
[13:40:11.54] /# gi::executeAction deAddPoint -in [gi::getWindows 7]
[13:40:11.54] /i de::addPoint {-3.463 1.833} -context [db::getNext [de::getContexts -window 7]]
[13:40:12.94] /# gi::executeAction deAbortCommand -in [gi::getWindows 7]
[13:40:12.94] /i de::abortCommand -context [db::getNext [de::getContexts -window 7]]
[13:40:14.23] /# gi::executeAction deSelectActive -in [gi::getWindows 7]
[13:40:14.23] /i de::deselectAll [db::getNext [de::getContexts -window 7]]
[13:40:14.23] /i de::deselectAllLogic -context [db::getNext [de::getContexts -window 7]]
[13:40:15.36] /# gi::executeAction deSelectActive -in [gi::getWindows 7]
[13:40:15.36] /i de::deselectAll [db::getNext [de::getContexts -window 7]]
[13:40:15.36] /i de::select [de::getActiveFigure [gi::getWindows 7] -point {-3.457 1.815} -index 0 -intent none]
[13:40:15.36] /o oa:0x1e47b190
[13:40:16.12] /# gi::executeAction leStretch -in [gi::getWindows 7]
[13:40:16.12] /i ile::stretch
[13:40:19.41] /# gi::executeAction deAddPoint -in [gi::getWindows 7]
[13:40:19.41] /i de::addPoint {-3.457 1.817} -context [db::getNext [de::getContexts -window 7]]
[13:40:22.45] /i gi::executeAction leFocusCanvasToolbar -in [gi::getWindows 7]
[13:40:24.57] /# gi::executeAction deAbortCommand -in [gi::getWindows 7]
[13:40:24.57] /i de::abortCommand -context [db::getNext [de::getContexts -window 7]]
[13:40:26.28] /# gi::executeAction leStretch -in [gi::getWindows 7]
[13:40:26.28] /i ile::stretch
[13:40:33.36] /# gi::executeAction deStartDrag -in [gi::getWindows 7]
[13:40:33.36] /i de::startDrag {-3.461 1.877} -context [db::getNext [de::getContexts -window 7]]
[13:40:34.27] /# gi::executeAction deEndDrag -in [gi::getWindows 7]
[13:40:34.27] /i de::endDrag {-3.505 1.875} -context [db::getNext [de::getContexts -window 7]]
[13:40:35.94] /# gi::executeAction deStartDrag -in [gi::getWindows 7]
[13:40:35.94] /i de::startDrag {-3.461 1.855} -context [db::getNext [de::getContexts -window 7]]
[13:40:36.63] /# gi::executeAction deEndDrag -in [gi::getWindows 7]
[13:40:36.63] /i de::endDrag {-3.543 1.855} -context [db::getNext [de::getContexts -window 7]]
[13:40:37.78] /# gi::executeAction deAddPoint -in [gi::getWindows 7]
[13:40:37.78] /i de::addPoint {-3.455 1.823} -context [db::getNext [de::getContexts -window 7]]
[13:40:41.96] /# gi::executeAction deAddPoint -in [gi::getWindows 7]
[13:40:41.96] /i de::addPoint {-3.551 1.835} -context [db::getNext [de::getContexts -window 7]]
[13:40:44.18] /i gi::executeAction leFocusCanvasToolbar -in [gi::getWindows 7]
[13:40:47.50] /# gi::setCurrentIndex {lpps} -index {m1 drw} -in [gi::getAssistants leObjectLayerPanel -from [gi::getWindows 7]]
[13:40:47.50] /# gi::setItemSelection {lpps} -index {m1 drw} -in [gi::getAssistants leObjectLayerPanel -from [gi::getWindows 7]]
[13:40:47.59] /# gi::executeAction leOLPSetActiveLPP -in [gi::getAssistants leObjectLayerPanel -from [gi::getWindows 7]]
[13:40:47.59] /i de::setActiveLPP [de::getLPPs -from [oa::DesignFind dff dff layout] -filter {%lpp =="m1 drawing"}]
[13:40:48.43] /# gi::executeAction leRectangle -in [gi::getWindows 7]
[13:40:48.43] /i ile::createRectangle
[13:40:51.92] /# gi::executeAction dePan -in [gi::getWindows 7]
[13:40:51.92] /i ide::pan [db::getNext [de::getContexts -window 7]]
[13:40:52.67] /# gi::executeAction deStartDrag -in [gi::getWindows 7]
[13:40:52.67] /i de::startDrag {-3.663 1.273} -context [db::getNext [de::getContexts -window 7]]
[13:40:53.36] /# gi::executeAction deEndDrag -in [gi::getWindows 7]
[13:40:53.36] /i de::endDrag {-3.665 1.273} -context [db::getNext [de::getContexts -window 7]]
[13:40:53.36] /r dePanToPoint {-4.334 1.508}
[13:40:54.74] /# gi::executeAction leRectangle -in [gi::getWindows 7]
[13:40:54.74] /i ile::createRectangle
[13:40:57.65] /# gi::executeAction deAddPoint -in [gi::getWindows 7]
[13:40:57.65] /i de::addPoint {-3.737 1.873} -context [db::getNext [de::getContexts -window 7]]
[13:41:03.38] /# gi::executeAction deAddPoint -in [gi::getWindows 7]
[13:41:03.38] /i de::addPoint {-3.217 1.733} -context [db::getNext [de::getContexts -window 7]]
[13:41:03.56] /# gi::executeAction deAbortCommand -in [gi::getWindows 7]
[13:41:03.56] /i de::abortCommand -context [db::getNext [de::getContexts -window 7]]
[13:41:04.07] /# gi::executeAction deCanvasZoomOutAtPoint -in [gi::getWindows 7]
[13:41:04.07] /i de::zoom -window [gi::getWindows 7] -factor 0.5 -center {-3.177 1.707}
[13:41:04.07] /o {-8.633 -0.161} {-2.349 2.779}
[13:41:05.55] /# gi::executeAction dePan -in [gi::getWindows 7]
[13:41:05.55] /i ide::pan [db::getNext [de::getContexts -window 7]]
[13:41:05.93] /# gi::executeAction deStartDrag -in [gi::getWindows 7]
[13:41:05.93] /i de::startDrag {-3.777 0.515} -context [db::getNext [de::getContexts -window 7]]
[13:41:07.06] /# gi::executeAction deEndDrag -in [gi::getWindows 7]
[13:41:07.06] /i de::endDrag {-3.777 0.523} -context [db::getNext [de::getContexts -window 7]]
[13:41:07.06] /r dePanToPoint {-5.211 0.961}
[13:41:08.87] /# gi::executeAction deStartDrag -in [gi::getWindows 7]
[13:41:08.87] /i de::startDrag {-3.521 0.299} -context [db::getNext [de::getContexts -window 7]]
[13:41:14.32] /# gi::executeAction deEndDrag -in [gi::getWindows 7]
[13:41:14.32] /i de::endDrag {-3.521 0.295} -context [db::getNext [de::getContexts -window 7]]
[13:41:14.32] /r dePanToPoint {-4.375 0.913}
[13:41:23.42] /i gi::executeAction deSaveDesign -in [gi::getWindows 7]
[13:41:23.42] /m Information: Saving design 'dff dff layout'. (DESIGN_WINDOW-004)
[13:41:26.10] /# gi::executeAction xtDRCRun -in [gi::getWindows 7]
[13:41:26.10] /i xt::physicalVerification::executeRun drc 7
[13:41:26.53] /# xt::physicalVerification::executePve drc 7
[13:41:27.95] /r giWindowId 9
[13:41:27.97] /r giWindowGeometry 800x600
[13:41:29.98] /m Information: 
              /c =============================
              /c JobID: hercules_drc_28
              /c --- ERROR SUMMARY -----------
              /c 7.2: Minimum spacing for Nwell >= 0.55
              /c  EXTERNAL NWELL { } (101) ............................... 8 violations found.
              /c =============================
              /c 
[13:41:30.56] /j ::xt::hercules::vue::_private::registerConnection localhost:47186 tcp17 herculesVue_3 
[13:41:30.59] /m Information: Connection established with 'Hercules-VUE' running on 'localhost'.
[13:41:30.62] /j ::xt::hercules::vue::_private::isJobReady 
[13:41:30.62] /o true
[13:41:30.64] /j ::xt::hercules::vue::startFilter LAY 
[13:41:31.35] /j ::xt::hercules::vue::setInlibPath /root/Excercise/DFlipFlop/synopsys_custom/dff.hercules.drc/. 
[13:41:31.37] /j ::xt::hercules::vue::setTopLayLCV dff dff layout 
[13:41:31.39] /j ::xt::hercules::vue::openCell dff dff layout 
[13:41:32.75] /j ::xt::hercules::vue::clearAllHighlights dff layout 
[13:41:34.68] /j ::xt::hercules::vue::clearAllHighlights dff layout 
[13:41:34.68] /j ::xt::hercules::vue::clearAllHighlights dff layout 
[13:41:34.70] /j ::xt::hercules::vue::openCell dff dff layout 
[13:41:35.94] /j ::xt::hercules::vue::clearAllHighlights dff layout 
[13:41:35.96] /j ::xt::hercules::vue::clearAllHighlights dff layout 
[13:41:35.98] /j ::xt::hercules::vue::setHighlightProperty dff layout yellow brick 
[13:41:35.98] /j ::xt::hercules::vue::addPolygonBegin 4 
[13:41:36.04] /j ::xt::hercules::vue::addPolygonPoints {0.795 1.005 0.795 2.180 0.900 2.180 0.900 1.005 0.795 1.005} 
[13:41:36.04] /j ::xt::hercules::vue::addPolygonEnd 
[13:41:36.04] /j ::xt::hercules::vue::setViewPort extents {0.782 0.858 0.913 2.327} LAY 
[13:41:36.06] /j ::xt::hercules::vue::addErrorDescription {"Distance: 0.105"} 
[13:41:36.08] /j ::xt::hercules::vue::drawHighlights dff layout all 
[13:41:43.26] /j ::xt::hercules::vue::clearAllHighlights dff layout 
[13:41:43.29] /j ::xt::hercules::vue::setHighlightProperty dff layout yellow brick 
[13:41:43.31] /j ::xt::hercules::vue::addPolygonBegin 4 
[13:41:43.35] /j ::xt::hercules::vue::addPolygonPoints {0.795 1.005 0.795 2.180 0.900 2.180 0.900 1.005 0.795 1.005} 
[13:41:43.35] /j ::xt::hercules::vue::addPolygonEnd 
[13:41:43.35] /j ::xt::hercules::vue::setViewPort extents {0.782 0.858 0.913 2.327} LAY 
[13:41:43.37] /j ::xt::hercules::vue::addErrorDescription {"Distance: 0.105"} 
[13:41:43.38] /j ::xt::hercules::vue::drawHighlights dff layout all 
[13:41:45.02] /i gi::setActiveWindow 9
[13:41:45.03] /i gi::setActiveWindow 9 -raise true
[13:41:45.14] /i gi::setActiveWindow 7
[13:41:45.14] /i gi::setActiveWindow 7 -raise true
[13:41:49.76] /i gi::setActiveWindow 9
[13:41:49.76] /i gi::setActiveWindow 9 -raise true
[13:41:50.75] /i gi::setActiveWindow 4
[13:41:50.75] /i gi::setActiveWindow 4 -raise true
[13:41:51.89] /i gi::setActiveWindow 9
[13:41:51.89] /i gi::setActiveWindow 9 -raise true
[13:41:53.61] /i gi::setActiveWindow 7
[13:41:53.61] /i gi::setActiveWindow 7 -raise true
[13:42:05.74] /j ::xt::hercules::vue::clearAllHighlights dff layout 
[13:42:05.74] /j ::xt::hercules::vue::clearAllHighlights dff layout 
[13:42:05.88] /m Information: Connection closed with 'Hercules-VUE' running on 'localhost'.
[13:42:13.92] /# gi::executeAction leRuler -in [gi::getWindows 7]
[13:42:13.92] /i ile::createRuler
[13:42:15.05] /# gi::executeAction deAddPoint -in [gi::getWindows 7]
[13:42:15.05] /i de::addPoint {0.795 1.687} -context [db::getNext [de::getContexts -window 7]]
[13:42:20.10] /# gi::executeAction deAddPoint -in [gi::getWindows 7]
[13:42:20.10] /i de::addPoint {1.344 1.645} -context [db::getNext [de::getContexts -window 7]]
[13:42:20.89] /# gi::executeAction deAbortCommand -in [gi::getWindows 7]
[13:42:20.89] /i de::abortCommand -context [db::getNext [de::getContexts -window 7]]
[13:42:22.19] /# gi::executeAction leMove -in [gi::getWindows 7]
[13:42:22.19] /i ile::move
[13:42:22.72] /# gi::executeAction deAddPoint -in [gi::getWindows 7]
[13:42:22.72] /i de::addPoint {1.752 1.258} -context [db::getNext [de::getContexts -window 7]]
[13:42:34.08] /# gi::executeAction deAddPoint -in [gi::getWindows 7]
[13:42:34.08] /i de::addPoint {2.196 1.258} -context [db::getNext [de::getContexts -window 7]]
[13:42:34.71] /# gi::executeAction deAbortCommand -in [gi::getWindows 7]
[13:42:34.71] /i de::abortCommand -context [db::getNext [de::getContexts -window 7]]
[13:42:35.59] /# gi::executeAction deSelectActive -in [gi::getWindows 7]
[13:42:35.59] /i de::deselectAllLogic -context [db::getNext [de::getContexts -window 7]]
[13:42:36.89] /i db::setAttr iconified -of [gi::getFrames 1] -value true
[13:42:39.90] /i db::setAttr maximized -of [gi::getFrames 1] -value true
[13:42:39.90] /i db::setAttr iconified -of [gi::getFrames 1] -value false
[13:42:41.69] /i gi::setActiveWindow 9
[13:42:41.70] /i gi::setActiveWindow 9 -raise true
[13:42:42.56] /i gi::setActiveWindow 4
[13:42:42.56] /i gi::setActiveWindow 4 -raise true
[13:42:43.68] /i gi::setActiveWindow 7
[13:42:43.68] /i gi::setActiveWindow 7 -raise true
[13:42:46.64] /# gi::executeAction deCanvasZoomOutAtPoint -in [gi::getWindows 7]
[13:42:46.64] /i de::zoom -window [gi::getWindows 7] -factor 0.5 -center {1.062 1.49}
[13:42:46.64] /o {-2.507 0.226} {3.773 3.164}
[13:42:48.64] /# gi::executeAction dePan -in [gi::getWindows 7]
[13:42:48.64] /i ide::pan [db::getNext [de::getContexts -window 7]]
[13:42:48.89] /# gi::executeAction deStartDrag -in [gi::getWindows 7]
[13:42:48.89] /i de::startDrag {-0.188 0.702} -context [db::getNext [de::getContexts -window 7]]
[13:42:49.74] /# gi::executeAction deEndDrag -in [gi::getWindows 7]
[13:42:49.74] /i de::endDrag {-0.184 0.702} -context [db::getNext [de::getContexts -window 7]]
[13:42:49.74] /r dePanToPoint {-2.725 1.735}
[13:42:50.25] /# gi::executeAction deStartDrag -in [gi::getWindows 7]
[13:42:50.25] /i de::startDrag {-3.266 0.694} -context [db::getNext [de::getContexts -window 7]]
[13:42:50.88] /# gi::executeAction deEndDrag -in [gi::getWindows 7]
[13:42:50.88] /i de::endDrag {-3.262 0.694} -context [db::getNext [de::getContexts -window 7]]
[13:42:50.88] /r dePanToPoint {-4.439 1.675}
[13:42:55.77] /# gi::executeAction deAbortCommand -in [gi::getWindows 7]
[13:42:55.77] /i de::abortCommand -context [db::getNext [de::getContexts -window 7]]
[13:42:56.28] /# gi::executeAction deCanvasZoomInAtPoint -in [gi::getWindows 7]
[13:42:56.28] /i de::zoom -window [gi::getWindows 7] -factor 2.0 -center {-3.33 1.465}
[13:42:56.30] /o {-5.455 0.836} {-2.315 2.305}
[13:42:58.07] /# gi::executeAction deSelectActive -in [gi::getWindows 7]
[13:42:58.07] /i de::deselectAll [db::getNext [de::getContexts -window 7]]
[13:42:58.07] /i de::select [de::getActiveFigure [gi::getWindows 7] -point {-3.788 1.813} -index 0 -intent none]
[13:42:58.08] /o oa:0x21e8fa20
[13:42:59.03] /# gi::executeAction deSelectActive -in [gi::getWindows 7]
[13:42:59.03] /i de::deselectAll [db::getNext [de::getContexts -window 7]]
[13:42:59.03] /i de::select [de::getActiveFigure [gi::getWindows 7] -point {-3.63 1.879} -index 0 -intent none]
[13:42:59.03] /o oa:0x21472b70
[13:43:00.00] /# gi::executeAction deSelectActive -in [gi::getWindows 7]
[13:43:00.00] /i de::deselectAll [db::getNext [de::getContexts -window 7]]
[13:43:00.00] /i de::select [de::getActiveFigure [gi::getWindows 7] -point {-3.636 1.709} -index 0 -intent none]
[13:43:00.00] /o oa:0x1fbde120
[13:43:01.57] /# gi::executeAction deSelectActive -in [gi::getWindows 7]
[13:43:01.57] /i de::cycleActiveFigure [gi::getWindows 7] -direction next
[13:43:01.57] /o oa:0x215dc6a0
[13:43:03.03] /# gi::executeAction deSelectActive -in [gi::getWindows 7]
[13:43:03.03] /i de::cycleActiveFigure [gi::getWindows 7] -direction next
[13:43:03.03] /o oa:0x1f008950
[13:43:13.21] /# gi::executeAction leMerge -in [gi::getWindows 7]
[13:43:13.21] /i ile::merge
[13:43:14.98] /# gi::executeAction deAddPoint -in [gi::getWindows 7]
[13:43:14.98] /i de::addPoint {-3.752 2.273} -context [db::getNext [de::getContexts -window 7]]
[13:43:20.48] /# gi::executeAction deAddPoint -in [gi::getWindows 7]
[13:43:20.48] /i de::addPoint {-4.787 1.853} -context [db::getNext [de::getContexts -window 7]]
[13:43:22.23] /# gi::executeAction deAddPoint -in [gi::getWindows 7]
[13:43:22.23] /i de::addPoint {-3.416 1.805} -context [db::getNext [de::getContexts -window 7]]
[13:43:24.82] /# gi::executeAction deAddPoint -in [gi::getWindows 7]
[13:43:24.83] /i de::addPoint {-3.416 1.805} -context [db::getNext [de::getContexts -window 7]]
[13:43:27.40] /# gi::executeAction deAddPoint -in [gi::getWindows 7]
[13:43:27.40] /i de::addPoint {-4.809 1.777} -context [db::getNext [de::getContexts -window 7]]
[13:43:30.03] /# gi::executeAction deAddPoint -in [gi::getWindows 7]
[13:43:30.03] /i de::addPoint {-3.368 1.785} -context [db::getNext [de::getContexts -window 7]]
[13:43:30.78] /# gi::executeAction deAddPoint -in [gi::getWindows 7]
[13:43:30.78] /i de::addPoint {-3.412 1.785} -context [db::getNext [de::getContexts -window 7]]
[13:43:31.65] /# gi::executeAction deAddPoint -in [gi::getWindows 7]
[13:43:31.65] /i de::addPoint {-3.418 1.795} -context [db::getNext [de::getContexts -window 7]]
[13:43:33.21] /# gi::executeAction deAddPoint -in [gi::getWindows 7]
[13:43:33.21] /i de::addPoint {-4.791 1.797} -context [db::getNext [de::getContexts -window 7]]
[13:43:33.36] /# gi::executeAction deCompleteShape -in [gi::getWindows 7]
[13:43:33.36] /i de::completeShape -context [db::getNext [de::getContexts -window 7]]
[13:43:37.07] /i gi::setField {numPoints} -value {32} -in [gi::getToolbars {deCommandOptions} -from [gi::getWindows 7]]
[13:43:38.03] /# gi::executeAction deAddPoint -in [gi::getWindows 7]
[13:43:38.04] /i de::addPoint {-4.765 1.809} -context [db::getNext [de::getContexts -window 7]]
[13:43:38.89] /# gi::executeAction deAddPoint -in [gi::getWindows 7]
[13:43:38.89] /i de::addPoint {-3.438 1.787} -context [db::getNext [de::getContexts -window 7]]
[13:43:40.50] /# gi::executeAction deAbortCommand -in [gi::getWindows 7]
[13:43:40.50] /i de::abortCommand -context [db::getNext [de::getContexts -window 7]]
[13:43:42.02] /# gi::executeAction leMove -in [gi::getWindows 7]
[13:43:42.02] /i ile::move
[13:43:42.50] /# gi::executeAction deAddPoint -in [gi::getWindows 7]
[13:43:42.50] /i de::addPoint {-3.23 1.205} -context [db::getNext [de::getContexts -window 7]]
[13:43:44.03] /# gi::executeAction deAbortCommand -in [gi::getWindows 7]
[13:43:44.03] /i de::abortCommand -context [db::getNext [de::getContexts -window 7]]
[13:43:45.24] /# gi::executeAction deSelectActive -in [gi::getWindows 7]
[13:43:45.24] /i de::deselectAll [db::getNext [de::getContexts -window 7]]
[13:43:45.24] /i de::deselectAllLogic -context [db::getNext [de::getContexts -window 7]]
[13:43:49.50] /i gi::executeAction deSaveDesign -in [gi::getWindows 7]
[13:43:49.50] /m Information: Saving design 'dff dff layout'. (DESIGN_WINDOW-004)
[13:43:54.94] /# gi::executeAction xtDRCRun -in [gi::getWindows 7]
[13:43:54.94] /i xt::physicalVerification::executeRun drc 7
[13:43:55.12] /# xt::physicalVerification::executePve drc 7
[13:43:59.42] /m Information: 
              /c =============================
              /c JobID: hercules_drc_29
              /c --- ERROR SUMMARY -----------
              /c 7.2: Minimum spacing for Nwell >= 0.55
              /c  EXTERNAL NWELL { } (101) ............................... 7 violations found.
              /c =============================
              /c 
[13:44:00.04] /j ::xt::hercules::vue::_private::registerConnection localhost:39302 tcp23 herculesVue_4 
[13:44:00.09] /j ::xt::hercules::vue::_private::isJobReady 
[13:44:00.09] /o true
[13:44:00.09] /m Information: Connection established with 'Hercules-VUE' running on 'localhost'.
[13:44:00.09] /j ::xt::hercules::vue::startFilter LAY 
[13:44:00.72] /j ::xt::hercules::vue::setInlibPath /root/Excercise/DFlipFlop/synopsys_custom/dff.hercules.drc/. 
[13:44:00.74] /j ::xt::hercules::vue::setTopLayLCV dff dff layout 
[13:44:00.76] /j ::xt::hercules::vue::openCell dff dff layout 
[13:44:01.96] /j ::xt::hercules::vue::clearAllHighlights dff layout 
[13:44:03.38] /j ::xt::hercules::vue::clearAllHighlights dff layout 
[13:44:03.39] /j ::xt::hercules::vue::clearAllHighlights dff layout 
[13:44:03.40] /j ::xt::hercules::vue::openCell dff dff layout 
[13:44:03.98] /j ::xt::hercules::vue::clearAllHighlights dff layout 
[13:44:03.98] /j ::xt::hercules::vue::clearAllHighlights dff layout 
[13:44:04.00] /j ::xt::hercules::vue::setHighlightProperty dff layout yellow brick 
[13:44:04.05] /j ::xt::hercules::vue::addPolygonBegin 4 
[13:44:04.07] /j ::xt::hercules::vue::addPolygonPoints {-0.330 1.000 -0.330 2.180 -0.225 2.180 -0.225 1.000 -0.330 1.000} 
[13:44:04.07] /j ::xt::hercules::vue::addPolygonEnd 
[13:44:04.07] /j ::xt::hercules::vue::setViewPort extents {-0.343 0.853 -0.212 2.328} LAY 
[13:44:04.08] /j ::xt::hercules::vue::addErrorDescription {"Distance: 0.105"} 
[13:44:04.08] /j ::xt::hercules::vue::drawHighlights dff layout all 
[13:44:07.40] /j ::xt::hercules::vue::clearAllHighlights dff layout 
[13:44:07.43] /j ::xt::hercules::vue::setHighlightProperty dff layout yellow brick 
[13:44:07.44] /j ::xt::hercules::vue::addPolygonBegin 4 
[13:44:07.48] /j ::xt::hercules::vue::addPolygonPoints {-7.080 1.000 -7.080 2.180 -6.975 2.180 -6.975 1.000 -7.080 1.000} 
[13:44:07.48] /j ::xt::hercules::vue::addPolygonEnd 
[13:44:07.48] /j ::xt::hercules::vue::setViewPort extents {-7.093 0.853 -6.962 2.328} LAY 
[13:44:07.50] /j ::xt::hercules::vue::addErrorDescription {"Distance: 0.105"} 
[13:44:07.52] /j ::xt::hercules::vue::drawHighlights dff layout all 
[13:44:09.62] /i gi::setActiveWindow 9
[13:44:09.62] /i gi::setActiveWindow 9 -raise true
[13:44:09.73] /i gi::setActiveWindow 7
[13:44:09.73] /i gi::setActiveWindow 7 -raise true
[13:44:10.67] /# gi::executeAction deCanvasZoomOutAtPoint -in [gi::getWindows 7]
[13:44:10.67] /i de::zoom -window [gi::getWindows 7] -factor 0.5 -center {-6.689 1.935}
[13:44:10.67] /o {-10.519 -0.229} {-4.213 2.721}
[13:44:15.25] /# gi::executeAction deCanvasZoomInAtPoint -in [gi::getWindows 7]
[13:44:15.25] /i de::zoom -window [gi::getWindows 7] -factor 2.0 -center {-6.597 1.746}
[13:44:15.25] /o {-8.558 0.759} {-5.405 2.234}
[13:44:16.20] /# gi::executeAction deCanvasZoomOutAtPoint -in [gi::getWindows 7]
[13:44:16.20] /i de::zoom -window [gi::getWindows 7] -factor 0.5 -center {-6.718 1.68}
[13:44:16.20] /o {-10.398 -0.163} {-4.092 2.787}
[13:44:19.90] /# gi::executeAction deSelectActive -in [gi::getWindows 7]
[13:44:19.90] /i de::deselectAllLogic -context [db::getNext [de::getContexts -window 7]]
[13:44:20.41] /i gi::executeAction deCanvasDragCancel -in [gi::getWindows 7]
[13:44:21.47] /# gi::executeAction deSelectActive -in [gi::getWindows 7]
[13:44:21.47] /i de::deselectAllLogic -context [db::getNext [de::getContexts -window 7]]
[13:44:22.86] /# gi::executeAction deSelectActive -in [gi::getWindows 7]
[13:44:22.86] /i de::deselectAll [db::getNext [de::getContexts -window 7]]
[13:44:22.86] /i de::select [de::getActiveFigure [gi::getWindows 7] -point {-7.151 1.29} -index 0 -intent none]
[13:44:22.86] /o oa:0x21373be0
[13:44:23.39] /# gi::executeAction leMove -in [gi::getWindows 7]
[13:44:23.39] /i ile::move
[13:44:23.81] /# gi::executeAction deAddPoint -in [gi::getWindows 7]
[13:44:23.81] /i de::addPoint {-7.151 1.29} -context [db::getNext [de::getContexts -window 7]]
[13:44:29.89] /# gi::executeAction deCanvasZoomInAtPoint -in [gi::getWindows 7]
[13:44:29.89] /i de::zoom -window [gi::getWindows 7] -factor 2.0 -center {-8.82 1.326}
[13:44:29.89] /o {-9.609 0.582} {-6.456 2.057}
[13:44:34.13] /# gi::executeAction deAddPoint -in [gi::getWindows 7]
[13:44:34.13] /i de::addPoint {-8.836 1.314} -context [db::getNext [de::getContexts -window 7]]
[13:44:34.78] /i gi::executeAction deCanvasDragCancel -in [gi::getWindows 7]
[13:44:37.01] /# gi::executeAction deSelectActive -in [gi::getWindows 7]
[13:44:37.01] /i de::deselectAll [db::getNext [de::getContexts -window 7]]
[13:44:37.01] /i de::deselectAllLogic -context [db::getNext [de::getContexts -window 7]]
[13:44:37.37] /# gi::executeAction leRuler -in [gi::getWindows 7]
[13:44:37.37] /i ile::createRuler
[13:44:39.79] /# gi::executeAction deAddPoint -in [gi::getWindows 7]
[13:44:39.79] /i de::addPoint {-8.766 1.645} -context [db::getNext [de::getContexts -window 7]]
[13:44:43.20] /# gi::executeAction deAddPoint -in [gi::getWindows 7]
[13:44:43.20] /i de::addPoint {-8.216 1.635} -context [db::getNext [de::getContexts -window 7]]
[13:44:44.13] /# gi::executeAction deAbortCommand -in [gi::getWindows 7]
[13:44:44.13] /i de::abortCommand -context [db::getNext [de::getContexts -window 7]]
[13:44:46.02] /# gi::executeAction deSelectActive -in [gi::getWindows 7]
[13:44:46.02] /i de::deselectAll [db::getNext [de::getContexts -window 7]]
[13:44:46.02] /i de::select [de::getActiveFigure [gi::getWindows 7] -point {-6.701 1.354} -index 0 -intent none]
[13:44:46.02] /o oa:0x214a5ad0
[13:44:46.70] /# gi::executeAction deSelectActive -in [gi::getWindows 7]
[13:44:46.70] /i de::cycleActiveFigure [gi::getWindows 7] -direction next
[13:44:46.70] /o oa:0x21365a00
[13:44:46.70] /i de::deselectAll [db::getNext [de::getContexts -window 7]]
[13:44:46.70] /i de::select [de::getActiveFigure [gi::getWindows 7] -point {-6.781 1.364} -index 1 -intent none]
[13:44:46.71] /o oa:0x21e93420
[13:44:47.21] /# gi::executeAction leMove -in [gi::getWindows 7]
[13:44:47.22] /i ile::move
[13:44:47.58] /# gi::executeAction deAddPoint -in [gi::getWindows 7]
[13:44:47.58] /i de::addPoint {-6.781 1.364} -context [db::getNext [de::getContexts -window 7]]
[13:44:56.68] /# gi::executeAction deAddPoint -in [gi::getWindows 7]
[13:44:56.68] /i de::addPoint {-8.015 1.394} -context [db::getNext [de::getContexts -window 7]]
[13:44:57.87] /i gi::executeAction deCanvasDragCancel -in [gi::getWindows 7]
[13:44:58.65] /# gi::executeAction deCanvasZoomOutAtPoint -in [gi::getWindows 7]
[13:44:58.65] /i de::zoom -window [gi::getWindows 7] -factor 0.5 -center {-8.525 1.051}
[13:44:58.65] /o {-10.693 0.112} {-4.387 3.062}
[13:45:00.12] /# gi::executeAction dePan -in [gi::getWindows 7]
[13:45:00.13] /i ide::pan [db::getNext [de::getContexts -window 7]]
[13:45:00.46] /# gi::executeAction deStartDrag -in [gi::getWindows 7]
[13:45:00.46] /i de::startDrag {-8.505 0.594} -context [db::getNext [de::getContexts -window 7]]
[13:45:01.91] /# gi::executeAction deEndDrag -in [gi::getWindows 7]
[13:45:01.91] /i de::endDrag {-8.485 0.578} -context [db::getNext [de::getContexts -window 7]]
[13:45:01.91] /r dePanToPoint {-8.078 0.977}
[13:45:05.13] /# gi::executeAction leMove -in [gi::getWindows 7]
[13:45:05.13] /i ile::move
[13:45:05.78] /# gi::executeAction leMove -in [gi::getWindows 7]
[13:45:05.78] /i ile::move
[13:45:07.35] /# gi::executeAction deAbortCommand -in [gi::getWindows 7]
[13:45:07.35] /i de::abortCommand -context [db::getNext [de::getContexts -window 7]]
[13:45:07.68] /# gi::executeAction deSelectActive -in [gi::getWindows 7]
[13:45:07.68] /i de::deselectAll [db::getNext [de::getContexts -window 7]]
[13:45:07.68] /i de::deselectAllLogic -context [db::getNext [de::getContexts -window 7]]
[13:45:07.92] /# gi::executeAction deSelectActive -in [gi::getWindows 7]
[13:45:07.92] /i de::deselectAllLogic -context [db::getNext [de::getContexts -window 7]]
[13:45:08.59] /# gi::executeAction leMove -in [gi::getWindows 7]
[13:45:08.59] /i ile::move
[13:45:09.55] /# gi::executeAction deAddPoint -in [gi::getWindows 7]
[13:45:09.55] /i de::addPoint {-7.61 0.766} -context [db::getNext [de::getContexts -window 7]]
[13:45:13.95] /# gi::executeAction deAddPoint -in [gi::getWindows 7]
[13:45:13.95] /i de::addPoint {-9.296 0.875} -context [db::getNext [de::getContexts -window 7]]
[13:45:18.82] /# gi::executeAction deAddPoint -in [gi::getWindows 7]
[13:45:18.82] /i de::addPoint {-7.666 0.124} -context [db::getNext [de::getContexts -window 7]]
[13:45:23.06] /# gi::executeAction deAddPoint -in [gi::getWindows 7]
[13:45:23.06] /i de::addPoint {-9.348 0.289} -context [db::getNext [de::getContexts -window 7]]
[13:45:24.04] /# gi::executeAction deAddPoint -in [gi::getWindows 7]
[13:45:24.04] /i de::addPoint {-7.984 0.088} -context [db::getNext [de::getContexts -window 7]]
[13:45:29.53] /# gi::executeAction deAddPoint -in [gi::getWindows 7]
[13:45:29.53] /i de::addPoint {-9.669 0.305} -context [db::getNext [de::getContexts -window 7]]
[13:45:30.91] /# gi::executeAction deAddPoint -in [gi::getWindows 7]
[13:45:30.91] /i de::addPoint {-8.024 0.24} -context [db::getNext [de::getContexts -window 7]]
[13:45:34.81] /# gi::executeAction deAddPoint -in [gi::getWindows 7]
[13:45:34.81] /i de::addPoint {-9.709 0.465} -context [db::getNext [de::getContexts -window 7]]
[13:45:35.80] /# gi::executeAction deAddPoint -in [gi::getWindows 7]
[13:45:35.80] /i de::addPoint {-7.971 0.525} -context [db::getNext [de::getContexts -window 7]]
[13:45:37.06] /# gi::executeAction deAddPoint -in [gi::getWindows 7]
[13:45:37.06] /i de::addPoint {-8.192 0.204} -context [db::getNext [de::getContexts -window 7]]
[13:45:37.52] /# gi::executeAction deAddPoint -in [gi::getWindows 7]
[13:45:37.52] /i de::addPoint {-7.959 0.562} -context [db::getNext [de::getContexts -window 7]]
[13:45:45.10] /# gi::executeAction deAddPoint -in [gi::getWindows 7]
[13:45:45.10] /i de::addPoint {-9.657 0.786} -context [db::getNext [de::getContexts -window 7]]
[13:45:46.04] /# gi::executeAction deAddPoint -in [gi::getWindows 7]
[13:45:46.05] /i de::addPoint {-7.747 0.24} -context [db::getNext [de::getContexts -window 7]]
[13:45:50.63] /# gi::executeAction deAddPoint -in [gi::getWindows 7]
[13:45:50.63] /i de::addPoint {-9.228 0.79} -context [db::getNext [de::getContexts -window 7]]
[13:45:52.62] /# gi::executeAction deAddPoint -in [gi::getWindows 7]
[13:45:52.62] /i de::addPoint {-6.884 0.485} -context [db::getNext [de::getContexts -window 7]]
[13:45:54.32] /# gi::executeAction deAddPoint -in [gi::getWindows 7]
[13:45:54.33] /i de::addPoint {-8.02 0.172} -context [db::getNext [de::getContexts -window 7]]
[13:45:55.78] /# gi::executeAction deAddPoint -in [gi::getWindows 7]
[13:45:55.78] /i de::addPoint {-6.88 0.529} -context [db::getNext [de::getContexts -window 7]]
[13:46:04.36] /# gi::executeAction deAddPoint -in [gi::getWindows 7]
[13:46:04.36] /i de::addPoint {-8.586 0.75} -context [db::getNext [de::getContexts -window 7]]
[13:46:05.31] /# gi::executeAction deAddPoint -in [gi::getWindows 7]
[13:46:05.31] /i de::addPoint {-8.06 0.389} -context [db::getNext [de::getContexts -window 7]]
[13:46:10.54] /# gi::executeAction deAddPoint -in [gi::getWindows 7]
[13:46:10.54] /i de::addPoint {-8.606 0.65} -context [db::getNext [de::getContexts -window 7]]
[13:46:11.51] /# gi::executeAction deAddPoint -in [gi::getWindows 7]
[13:46:11.51] /i de::addPoint {-6.856 0.766} -context [db::getNext [de::getContexts -window 7]]
[13:46:16.36] /# gi::executeAction deAddPoint -in [gi::getWindows 7]
[13:46:16.36] /i de::addPoint {-8.533 0.385} -context [db::getNext [de::getContexts -window 7]]
[13:46:17.26] /# gi::executeAction deAddPoint -in [gi::getWindows 7]
[13:46:17.26] /i de::addPoint {-6.707 0.867} -context [db::getNext [de::getContexts -window 7]]
[13:46:21.82] /# gi::executeAction deAddPoint -in [gi::getWindows 7]
[13:46:21.82] /i de::addPoint {-7.261 0.261} -context [db::getNext [de::getContexts -window 7]]
[13:46:22.55] /# gi::executeAction deAddPoint -in [gi::getWindows 7]
[13:46:22.55] /i de::addPoint {-6.442 0.947} -context [db::getNext [de::getContexts -window 7]]
[13:46:28.24] /# gi::executeAction deAddPoint -in [gi::getWindows 7]
[13:46:28.24] /i de::addPoint {-7.67 0.923} -context [db::getNext [de::getContexts -window 7]]
[13:46:29.09] /# gi::executeAction deCanvasZoomInAtPoint -in [gi::getWindows 7]
[13:46:29.09] /i de::zoom -window [gi::getWindows 7] -factor 2.0 -center {-7.562 0.907}
[13:46:29.09] /o {-9.396 0.204} {-6.244 1.679}
[13:46:29.24] /# gi::executeAction deCanvasZoomInAtPoint -in [gi::getWindows 7]
[13:46:29.24] /i de::zoom -window [gi::getWindows 7] -factor 2.0 -center {-7.562 0.907}
[13:46:29.24] /o {-8.479 0.556} {-6.903 1.293}
[13:46:30.19] /# gi::executeAction deAddPoint -in [gi::getWindows 7]
[13:46:30.19] /i de::addPoint {-7.686 0.947} -context [db::getNext [de::getContexts -window 7]]
[13:46:31.07] /# gi::executeAction deAddPoint -in [gi::getWindows 7]
[13:46:31.07] /i de::addPoint {-7.691 0.946} -context [db::getNext [de::getContexts -window 7]]
[13:46:31.79] /# gi::executeAction deCanvasZoomOutAtPoint -in [gi::getWindows 7]
[13:46:31.79] /i de::zoom -window [gi::getWindows 7] -factor 0.5 -center {-7.601 0.901}
[13:46:31.79] /o {-9.357 0.21} {-6.205 1.685}
[13:46:34.23] /# gi::executeAction deAddPoint -in [gi::getWindows 7]
[13:46:34.23] /i de::addPoint {-7.373 0.291} -context [db::getNext [de::getContexts -window 7]]
[13:46:40.51] /# gi::executeAction deAddPoint -in [gi::getWindows 7]
[13:46:40.51] /i de::addPoint {-8.498 0.513} -context [db::getNext [de::getContexts -window 7]]
[13:46:41.61] /# gi::executeAction leStretch -in [gi::getWindows 7]
[13:46:41.61] /i ile::stretch
[13:46:42.50] /# gi::executeAction deAddPoint -in [gi::getWindows 7]
[13:46:42.50] /i de::addPoint {-8.095 0.526} -context [db::getNext [de::getContexts -window 7]]
[13:46:50.27] /# gi::executeAction deAddPoint -in [gi::getWindows 7]
[13:46:50.27] /i de::addPoint {-7.647 0.522} -context [db::getNext [de::getContexts -window 7]]
[13:46:51.25] /# gi::executeAction leStretch -in [gi::getWindows 7]
[13:46:51.26] /i ile::stretch
[13:46:52.00] /# gi::executeAction deAddPoint -in [gi::getWindows 7]
[13:46:52.00] /i de::addPoint {-7.704 0.813} -context [db::getNext [de::getContexts -window 7]]
[13:46:57.74] /# gi::executeAction deAddPoint -in [gi::getWindows 7]
[13:46:57.74] /i de::addPoint {-7.694 0.455} -context [db::getNext [de::getContexts -window 7]]
[13:46:58.91] /# gi::executeAction deAddPoint -in [gi::getWindows 7]
[13:46:58.91] /i de::addPoint {-7.643 0.53} -context [db::getNext [de::getContexts -window 7]]
[13:47:00.01] /# gi::executeAction deAddPoint -in [gi::getWindows 7]
[13:47:00.01] /i de::addPoint {-7.651 0.53} -context [db::getNext [de::getContexts -window 7]]
[13:47:01.00] /# gi::executeAction deCanvasZoomOutAtPoint -in [gi::getWindows 7]
[13:47:01.00] /i de::zoom -window [gi::getWindows 7] -factor 0.5 -center {-7.011 0.752}
[13:47:01.00] /o {-11.704 -0.331} {-5.398 2.619}
[13:47:02.29] /# gi::executeAction deAbortCommand -in [gi::getWindows 7]
[13:47:02.29] /i de::abortCommand -context [db::getNext [de::getContexts -window 7]]
[13:47:02.92] /# gi::executeAction deCanvasZoomInAtPoint -in [gi::getWindows 7]
[13:47:02.92] /i de::zoom -window [gi::getWindows 7] -factor 2.0 -center {-6.47 1.262}
[13:47:02.92] /o {-9.087 0.465} {-5.934 1.94}
[13:47:04.14] /# gi::executeAction dePan -in [gi::getWindows 7]
[13:47:04.14] /i ide::pan [db::getNext [de::getContexts -window 7]]
[13:47:04.45] /# gi::executeAction deStartDrag -in [gi::getWindows 7]
[13:47:04.45] /i de::startDrag {-6.37 1.346} -context [db::getNext [de::getContexts -window 7]]
[13:47:05.81] /# gi::executeAction deEndDrag -in [gi::getWindows 7]
[13:47:05.81] /i de::endDrag {-6.37 1.344} -context [db::getNext [de::getContexts -window 7]]
[13:47:05.81] /r dePanToPoint {-6.697 1.481}
[13:47:06.04] /# gi::executeAction leRuler -in [gi::getWindows 7]
[13:47:06.04] /i ile::createRuler
[13:47:07.67] /# gi::executeAction deAddPoint -in [gi::getWindows 7]
[13:47:07.67] /i de::addPoint {-7.192 1.537} -context [db::getNext [de::getContexts -window 7]]
[13:47:11.08] /# gi::executeAction deAddPoint -in [gi::getWindows 7]
[13:47:11.08] /i de::addPoint {-6.64 1.459} -context [db::getNext [de::getContexts -window 7]]
[13:47:12.01] /# gi::executeAction deAbortCommand -in [gi::getWindows 7]
[13:47:12.01] /i de::abortCommand -context [db::getNext [de::getContexts -window 7]]
[13:47:12.46] /# gi::executeAction deSelectActive -in [gi::getWindows 7]
[13:47:12.46] /i de::deselectAllLogic -context [db::getNext [de::getContexts -window 7]]
[13:47:13.54] /# gi::executeAction leMove -in [gi::getWindows 7]
[13:47:13.54] /i ile::move
[13:47:13.86] /# gi::executeAction deAddPoint -in [gi::getWindows 7]
[13:47:13.86] /i de::addPoint {-5.717 1.32} -context [db::getNext [de::getContexts -window 7]]
[13:47:23.02] /# gi::executeAction deAddPoint -in [gi::getWindows 7]
[13:47:23.02] /i de::addPoint {-6.502 1.346} -context [db::getNext [de::getContexts -window 7]]
[13:47:24.17] /# gi::executeAction dePan -in [gi::getWindows 7]
[13:47:24.17] /i ide::pan [db::getNext [de::getContexts -window 7]]
[13:47:24.55] /# gi::executeAction deStartDrag -in [gi::getWindows 7]
[13:47:24.55] /i de::startDrag {-5.39 1.358} -context [db::getNext [de::getContexts -window 7]]
[13:47:27.23] /# gi::executeAction deEndDrag -in [gi::getWindows 7]
[13:47:27.23] /i de::endDrag {-5.39 1.363} -context [db::getNext [de::getContexts -window 7]]
[13:47:27.23] /r dePanToPoint {-5.186 1.471}
[13:47:27.80] /# gi::executeAction leRuler -in [gi::getWindows 7]
[13:47:27.80] /i ile::createRuler
[13:47:29.06] /# gi::executeAction deAddPoint -in [gi::getWindows 7]
[13:47:29.06] /i de::addPoint {-5.613 1.525} -context [db::getNext [de::getContexts -window 7]]
[13:47:36.21] /# gi::executeAction deAddPoint -in [gi::getWindows 7]
[13:47:36.21] /i de::addPoint {-5.067 1.477} -context [db::getNext [de::getContexts -window 7]]
[13:47:37.34] /# gi::executeAction leMove -in [gi::getWindows 7]
[13:47:37.34] /i ile::move
[13:47:37.96] /# gi::executeAction deAddPoint -in [gi::getWindows 7]
[13:47:37.96] /i de::addPoint {-4.006 1.17} -context [db::getNext [de::getContexts -window 7]]
[13:47:44.79] /# gi::executeAction deAddPoint -in [gi::getWindows 7]
[13:47:44.79] /i de::addPoint {-4.339 1.194} -context [db::getNext [de::getContexts -window 7]]
[13:47:46.20] /# gi::executeAction dePan -in [gi::getWindows 7]
[13:47:46.20] /i ide::pan [db::getNext [de::getContexts -window 7]]
[13:47:46.64] /# gi::executeAction deStartDrag -in [gi::getWindows 7]
[13:47:46.64] /i de::startDrag {-3.813 1.304} -context [db::getNext [de::getContexts -window 7]]
[13:47:49.54] /# gi::executeAction deEndDrag -in [gi::getWindows 7]
[13:47:49.54] /i de::endDrag {-3.815 1.304} -context [db::getNext [de::getContexts -window 7]]
[13:47:49.55] /r dePanToPoint {-3.557 1.475}
[13:47:50.27] /# gi::executeAction leRuler -in [gi::getWindows 7]
[13:47:50.27] /i ile::createRuler
[13:47:53.08] /# gi::executeAction deAddPoint -in [gi::getWindows 7]
[13:47:53.08] /i de::addPoint {-4.042 1.475} -context [db::getNext [de::getContexts -window 7]]
[13:48:01.65] /# gi::executeAction deAddPoint -in [gi::getWindows 7]
[13:48:01.65] /i de::addPoint {-3.492 1.529} -context [db::getNext [de::getContexts -window 7]]
[13:48:02.29] /# gi::executeAction deCanvasZoomOutAtPoint -in [gi::getWindows 7]
[13:48:02.29] /i de::zoom -window [gi::getWindows 7] -factor 0.5 -center {-3.492 1.529}
[13:48:02.29] /o {-6.775 -0.052} {-0.469 2.898}
[13:48:03.40] /# gi::executeAction deCanvasZoomInAtPoint -in [gi::getWindows 7]
[13:48:03.40] /i de::zoom -window [gi::getWindows 7] -factor 2.0 -center {-3.548 1.397}
[13:48:03.40] /o {-5.161 0.672} {-2.009 2.147}
[13:48:04.84] /# gi::executeAction deAbortCommand -in [gi::getWindows 7]
[13:48:04.84] /i de::abortCommand -context [db::getNext [de::getContexts -window 7]]
[13:48:05.64] /# gi::executeAction deSelectActive -in [gi::getWindows 7]
[13:48:05.64] /i de::deselectAllLogic -context [db::getNext [de::getContexts -window 7]]
[13:48:06.16] /i gi::executeAction deCanvasDragCancel -in [gi::getWindows 7]
[13:48:06.65] /# gi::executeAction deSelectActive -in [gi::getWindows 7]
[13:48:06.65] /i de::deselectAllLogic -context [db::getNext [de::getContexts -window 7]]
[13:48:16.41] /# gi::executeAction giPostContextMenu -in [gi::getWindows 7]
[13:48:16.42] /i gi::executeAction menuPreShow -in [gi::getWindows 7]
[13:48:16.42] /r giMenuAccess db::getNext [gi::getMenus leRectContextMenu]
[13:48:19.32] /# gi::executeAction deSelectActive -in [gi::getWindows 7]
[13:48:19.32] /i de::deselectAll [db::getNext [de::getContexts -window 7]]
[13:48:19.32] /i de::select [de::getActiveFigure [gi::getWindows 7] -point {-3.608 1.286} -index 0 -intent none]
[13:48:19.32] /o oa:0x214a93d0
[13:48:19.45] /# gi::executeAction deSelectActive -in [gi::getWindows 7]
[13:48:19.45] /i de::cycleActiveFigure [gi::getWindows 7] -direction next
[13:48:19.45] /o oa:0x2091f980
[13:48:19.45] /i de::deselectAll [db::getNext [de::getContexts -window 7]]
[13:48:19.45] /i de::select [de::getActiveFigure [gi::getWindows 7] -point {-3.608 1.286} -index 1 -intent none]
[13:48:19.46] /o oa:0x213da620
[13:48:20.49] /# gi::executeAction leStartStretchDrag -in [gi::getWindows 7]
[13:48:20.49] /i layout_editor::directStretch [de::getActiveFigure [gi::getWindows 7] -point {-3.608 1.286} -index 1 -intent none] 7
[13:48:20.49] /# ile::stretch -point {-3.61 1.285}
[13:48:21.18] /# gi::executeAction deEndDrag -in [gi::getWindows 7]
[13:48:21.18] /i de::endDrag {-3.728 1.299} -context [db::getNext [de::getContexts -window 7]]
[13:48:22.77] /# gi::executeAction leStartStretchDrag -in [gi::getWindows 7]
[13:48:22.77] /i layout_editor::directStretch [de::getActiveFigure [gi::getWindows 7] -point {-3.72 1.317} -index 0 -intent none] 7
[13:48:22.77] /# db::setPrefValue deSelectMode -value Replace -scope [db::getScopes [db::getNext [de::getContexts -window 7]]]; ide::selectByRegion -region rectangle -point {-3.72 1.315} 
[13:48:22.80] /# gi::executeAction deEndDrag -in [gi::getWindows 7]
[13:48:22.80] /i de::endDrag {-3.741 1.319} -context [db::getNext [de::getContexts -window 7]]
[13:48:22.94] /# gi::executeAction deSelectActive -in [gi::getWindows 7]
[13:48:22.94] /i de::deselectAllLogic -context [db::getNext [de::getContexts -window 7]]
[13:48:23.42] /# gi::executeAction deSelectActive -in [gi::getWindows 7]
[13:48:23.42] /i de::deselectAll [db::getNext [de::getContexts -window 7]]
[13:48:23.42] /i de::select [de::getActiveFigure [gi::getWindows 7] -point {-3.712 1.315} -index 0 -intent none]
[13:48:23.42] /o oa:0x1f4c65b0
[13:48:23.56] /# gi::executeAction deSelectActive -in [gi::getWindows 7]
[13:48:23.56] /i de::cycleActiveFigure [gi::getWindows 7] -direction next
[13:48:23.56] /o oa:0x1da6d610
[13:48:23.56] /i de::deselectAll [db::getNext [de::getContexts -window 7]]
[13:48:23.56] /i de::select [de::getActiveFigure [gi::getWindows 7] -point {-3.712 1.315} -index 1 -intent none]
[13:48:23.57] /o oa:0x1ec59b40
[13:48:23.71] /# gi::executeAction deSelectActive -in [gi::getWindows 7]
[13:48:23.71] /i de::cycleActiveFigure [gi::getWindows 7] -direction next
[13:48:23.71] /o oa:0x1e37d2d0
[13:48:23.71] /i de::cycleActiveFigure [gi::getWindows 7] -direction next
[13:48:23.71] /o oa:0x17467f90
[13:48:24.01] /# gi::executeAction leStartStretchDrag -in [gi::getWindows 7]
[13:48:24.01] /i layout_editor::directStretch [de::getActiveFigure [gi::getWindows 7] -point {-3.712 1.315} -index 1 -intent none] 7
[13:48:24.01] /# ile::stretch -point {-3.71 1.315}
[13:48:24.62] /# gi::executeAction deEndDrag -in [gi::getWindows 7]
[13:48:24.62] /i de::endDrag {-3.851 1.307} -context [db::getNext [de::getContexts -window 7]]
[13:48:24.74] /# gi::executeAction deSelectActive -in [gi::getWindows 7]
[13:48:24.74] /i de::cycleActiveFigure [gi::getWindows 7] -direction next
[13:48:24.74] /o oa:0x212db390
[13:48:24.74] /i de::deselectAll [db::getNext [de::getContexts -window 7]]
[13:48:24.74] /i de::select [de::getActiveFigure [gi::getWindows 7] -point {-3.668 1.325} -index 1 -intent none]
[13:48:24.75] /o oa:0x1e015150
[13:48:25.46] /# gi::executeAction deSelectActive -in [gi::getWindows 7]
[13:48:25.46] /i de::cycleActiveFigure [gi::getWindows 7] -direction next
[13:48:25.46] /o oa:0x1e197e80
[13:48:25.46] /i de::deselectAll [db::getNext [de::getContexts -window 7]]
[13:48:25.46] /i de::select [de::getActiveFigure [gi::getWindows 7] -point {-3.763 1.327} -index 1 -intent none]
[13:48:25.46] /o oa:0x1e780190
[13:48:25.75] /# gi::executeAction leStartStretchDrag -in [gi::getWindows 7]
[13:48:25.75] /i layout_editor::directStretch [de::getActiveFigure [gi::getWindows 7] -point {-3.763 1.327} -index 1 -intent none] 7
[13:48:25.75] /# ile::stretch -point {-3.765 1.325}
[13:48:27.61] /# gi::executeAction deEndDrag -in [gi::getWindows 7]
[13:48:27.61] /i de::endDrag {-4.04 1.327} -context [db::getNext [de::getContexts -window 7]]
[13:48:48.90] /# gi::executeAction deCanvasZoomOutAtPoint -in [gi::getWindows 7]
[13:48:48.90] /i de::zoom -window [gi::getWindows 7] -factor 0.5 -center {-4.345 1.736}
[13:48:48.90] /o {-5.978 -0.391} {0.328 2.559}
[13:48:49.03] /# gi::executeAction deCanvasZoomOutAtPoint -in [gi::getWindows 7]
[13:48:49.03] /i de::zoom -window [gi::getWindows 7] -factor 0.5 -center {-4.296 1.676}
[13:48:49.04] /o {-7.659 -2.458} {4.951 3.442}
[13:48:50.69] /# gi::executeAction deCanvasZoomInAtPoint -in [gi::getWindows 7]
[13:48:50.69] /i de::zoom -window [gi::getWindows 7] -factor 2.0 -center {-4.055 1.074}
[13:48:50.69] /o {-5.857 -0.692} {0.448 2.258}
[13:48:56.15] /# gi::setCurrentIndex {lpps} -index {nwell drw} -in [gi::getAssistants leObjectLayerPanel -from [gi::getWindows 7]]
[13:48:56.15] /# gi::setItemSelection {lpps} -index {nwell drw} -in [gi::getAssistants leObjectLayerPanel -from [gi::getWindows 7]]
[13:48:56.28] /# gi::executeAction leOLPSetActiveLPP -in [gi::getAssistants leObjectLayerPanel -from [gi::getWindows 7]]
[13:48:56.28] /i de::setActiveLPP [de::getLPPs -from [oa::DesignFind dff dff layout] -filter {%lpp =="nwell drawing"}]
[13:48:59.16] /# gi::executeAction deCanvasZoomOutAtPoint -in [gi::getWindows 7]
[13:48:59.16] /i de::zoom -window [gi::getWindows 7] -factor 0.5 -center {-1.852 1.27}
[13:48:59.16] /o {-9.862 -2.654} {2.748 3.246}
[13:49:05.39] /i gi::executeAction deCanvasDragCancel -in [gi::getWindows 7]
[13:49:05.68] /i gi::executeAction deCanvasDragCancel -in [gi::getWindows 7]
[13:49:05.89] /i gi::executeAction deCanvasDragCancel -in [gi::getWindows 7]
[13:49:06.10] /i gi::executeAction deCanvasDragCancel -in [gi::getWindows 7]
[13:49:06.22] /i gi::executeAction deCanvasDragCancel -in [gi::getWindows 7]
[13:49:06.43] /i gi::executeAction deCanvasDragCancel -in [gi::getWindows 7]
[13:49:07.53] /# gi::executeAction leMove -in [gi::getWindows 7]
[13:49:07.53] /i ile::move
[13:49:08.14] /# gi::executeAction deAddPoint -in [gi::getWindows 7]
[13:49:08.14] /i de::addPoint {-5.472 1.849} -context [db::getNext [de::getContexts -window 7]]
[13:49:09.09] /# gi::executeAction deAddPoint -in [gi::getWindows 7]
[13:49:09.09] /i de::addPoint {-5.464 0.548} -context [db::getNext [de::getContexts -window 7]]
[13:49:09.94] /# gi::executeAction deSelectActive -in [gi::getWindows 7]
[13:49:09.94] /i de::deselectAll [db::getNext [de::getContexts -window 7]]
[13:49:09.94] /i de::select [de::getActiveFigure [gi::getWindows 7] -point {-5.247 1.873} -index 0 -intent none]
[13:49:09.94] /o oa:0x2184c350
[13:49:11.35] /# gi::executeAction deSelectActive -in [gi::getWindows 7]
[13:49:11.35] /i de::cycleActiveFigure [gi::getWindows 7] -direction next
[13:49:11.35] /o oa:0x21d85b00
[13:49:12.62] /# gi::executeAction deSelectActive -in [gi::getWindows 7]
[13:49:12.62] /i de::cycleActiveFigure [gi::getWindows 7] -direction next
[13:49:12.62] /o oa:0x1f5d4bb0
[13:49:12.76] /# gi::executeAction deSelectActive -in [gi::getWindows 7]
[13:49:12.76] /i de::cycleActiveFigure [gi::getWindows 7] -direction next
[13:49:12.76] /o oa:0x2146ccc0
[13:49:12.90] /w Warning: Nothing is bound to the 'Button1-Triple' in the current active set. (WINDOW-015)
[13:49:13.04] /# gi::executeAction deSelectActive -in [gi::getWindows 7]
[13:49:13.04] /i de::cycleActiveFigure [gi::getWindows 7] -direction next
[13:49:13.04] /o oa:0x21beade0
[13:49:13.18] /# gi::executeAction deSelectActive -in [gi::getWindows 7]
[13:49:13.18] /i de::cycleActiveFigure [gi::getWindows 7] -direction next
[13:49:13.18] /o oa:0x1fc5e0c0
[13:49:13.32] /# gi::executeAction deSelectActive -in [gi::getWindows 7]
[13:49:13.32] /i de::cycleActiveFigure [gi::getWindows 7] -direction next
[13:49:13.32] /o oa:0x214fa610
[13:49:13.37] /# gi::executeAction leMove -in [gi::getWindows 7]
[13:49:13.37] /i ile::move
[13:49:13.76] /# gi::executeAction deAddPoint -in [gi::getWindows 7]
[13:49:13.76] /i de::addPoint {-5.271 1.809} -context [db::getNext [de::getContexts -window 7]]
[13:49:14.36] /# gi::executeAction deAddPoint -in [gi::getWindows 7]
[13:49:14.36] /i de::addPoint {-6.058 -0.696} -context [db::getNext [de::getContexts -window 7]]
[13:49:15.31] /# gi::executeAction deSelectActive -in [gi::getWindows 7]
[13:49:15.31] /i de::deselectAll [db::getNext [de::getContexts -window 7]]
[13:49:15.32] /i de::select [de::getActiveFigure [gi::getWindows 7] -point {-3.609 1.793} -index 0 -intent none]
[13:49:15.32] /o oa:0x214edc40
[13:49:15.70] /# gi::executeAction deSelectActive -in [gi::getWindows 7]
[13:49:15.70] /i de::deselectAll [db::getNext [de::getContexts -window 7]]
[13:49:15.70] /i de::deselectAllLogic -context [db::getNext [de::getContexts -window 7]]
[13:49:18.02] /i de::undoTransaction -design [db::getAttr editDesign -of [de::getContexts -window 7]] -steps 1
[13:49:18.20] /i de::undoTransaction -design [db::getAttr editDesign -of [de::getContexts -window 7]] -steps 1
[13:49:18.28] /i de::undoTransaction -design [db::getAttr editDesign -of [de::getContexts -window 7]] -steps 1
[13:49:18.42] /i de::undoTransaction -design [db::getAttr editDesign -of [de::getContexts -window 7]] -steps 1
[13:49:18.56] /i de::undoTransaction -design [db::getAttr editDesign -of [de::getContexts -window 7]] -steps 1
[13:49:18.70] /i de::undoTransaction -design [db::getAttr editDesign -of [de::getContexts -window 7]] -steps 1
[13:49:18.84] /i de::undoTransaction -design [db::getAttr editDesign -of [de::getContexts -window 7]] -steps 1
[13:49:19.00] /i de::undoTransaction -design [db::getAttr editDesign -of [de::getContexts -window 7]] -steps 1
[13:49:19.15] /i de::undoTransaction -design [db::getAttr editDesign -of [de::getContexts -window 7]] -steps 1
[13:49:19.30] /i de::undoTransaction -design [db::getAttr editDesign -of [de::getContexts -window 7]] -steps 1
[13:49:19.45] /i de::undoTransaction -design [db::getAttr editDesign -of [de::getContexts -window 7]] -steps 1
[13:49:19.59] /i de::undoTransaction -design [db::getAttr editDesign -of [de::getContexts -window 7]] -steps 1
[13:49:19.74] /i de::undoTransaction -design [db::getAttr editDesign -of [de::getContexts -window 7]] -steps 1
[13:49:19.89] /i de::undoTransaction -design [db::getAttr editDesign -of [de::getContexts -window 7]] -steps 1
[13:49:20.04] /i de::undoTransaction -design [db::getAttr editDesign -of [de::getContexts -window 7]] -steps 1
[13:49:20.18] /i de::undoTransaction -design [db::getAttr editDesign -of [de::getContexts -window 7]] -steps 1
[13:49:20.33] /i de::undoTransaction -design [db::getAttr editDesign -of [de::getContexts -window 7]] -steps 1
[13:49:20.49] /i de::undoTransaction -design [db::getAttr editDesign -of [de::getContexts -window 7]] -steps 1
[13:49:20.62] /i de::undoTransaction -design [db::getAttr editDesign -of [de::getContexts -window 7]] -steps 1
[13:49:20.78] /i de::undoTransaction -design [db::getAttr editDesign -of [de::getContexts -window 7]] -steps 1
[13:49:20.94] /i de::undoTransaction -design [db::getAttr editDesign -of [de::getContexts -window 7]] -steps 1
[13:49:21.11] /i de::undoTransaction -design [db::getAttr editDesign -of [de::getContexts -window 7]] -steps 1
[13:49:21.25] /i de::undoTransaction -design [db::getAttr editDesign -of [de::getContexts -window 7]] -steps 1
[13:49:21.40] /i de::undoTransaction -design [db::getAttr editDesign -of [de::getContexts -window 7]] -steps 1
[13:49:21.56] /i de::undoTransaction -design [db::getAttr editDesign -of [de::getContexts -window 7]] -steps 1
[13:49:21.71] /i de::undoTransaction -design [db::getAttr editDesign -of [de::getContexts -window 7]] -steps 1
[13:49:21.87] /i de::undoTransaction -design [db::getAttr editDesign -of [de::getContexts -window 7]] -steps 1
[13:49:22.03] /i de::undoTransaction -design [db::getAttr editDesign -of [de::getContexts -window 7]] -steps 1
[13:49:22.18] /i de::undoTransaction -design [db::getAttr editDesign -of [de::getContexts -window 7]] -steps 1
[13:49:22.34] /i de::undoTransaction -design [db::getAttr editDesign -of [de::getContexts -window 7]] -steps 1
[13:49:22.50] /i de::undoTransaction -design [db::getAttr editDesign -of [de::getContexts -window 7]] -steps 1
[13:49:22.68] /i de::undoTransaction -design [db::getAttr editDesign -of [de::getContexts -window 7]] -steps 1
[13:49:22.83] /i de::undoTransaction -design [db::getAttr editDesign -of [de::getContexts -window 7]] -steps 1
[13:49:23.00] /i de::undoTransaction -design [db::getAttr editDesign -of [de::getContexts -window 7]] -steps 1
[13:49:23.18] /i de::undoTransaction -design [db::getAttr editDesign -of [de::getContexts -window 7]] -steps 1
[13:49:23.35] /i de::undoTransaction -design [db::getAttr editDesign -of [de::getContexts -window 7]] -steps 1
[13:49:23.54] /i de::undoTransaction -design [db::getAttr editDesign -of [de::getContexts -window 7]] -steps 1
[13:49:23.71] /i de::undoTransaction -design [db::getAttr editDesign -of [de::getContexts -window 7]] -steps 1
[13:49:25.63] /i de::undoTransaction -design [db::getAttr editDesign -of [de::getContexts -window 7]] -steps 1
[13:49:25.78] /i de::undoTransaction -design [db::getAttr editDesign -of [de::getContexts -window 7]] -steps 1
[13:49:25.93] /i de::undoTransaction -design [db::getAttr editDesign -of [de::getContexts -window 7]] -steps 1
[13:49:26.10] /i de::undoTransaction -design [db::getAttr editDesign -of [de::getContexts -window 7]] -steps 1
[13:49:26.28] /i de::undoTransaction -design [db::getAttr editDesign -of [de::getContexts -window 7]] -steps 1
[13:49:26.47] /i de::undoTransaction -design [db::getAttr editDesign -of [de::getContexts -window 7]] -steps 1
[13:49:26.72] /i de::undoTransaction -design [db::getAttr editDesign -of [de::getContexts -window 7]] -steps 1
[13:49:26.96] /i de::undoTransaction -design [db::getAttr editDesign -of [de::getContexts -window 7]] -steps 1
[13:49:27.15] /i de::undoTransaction -design [db::getAttr editDesign -of [de::getContexts -window 7]] -steps 1
[13:49:27.36] /i de::undoTransaction -design [db::getAttr editDesign -of [de::getContexts -window 7]] -steps 1
[13:49:27.68] /i de::undoTransaction -design [db::getAttr editDesign -of [de::getContexts -window 7]] -steps 1
[13:49:27.88] /i de::undoTransaction -design [db::getAttr editDesign -of [de::getContexts -window 7]] -steps 1
[13:49:28.22] /i de::undoTransaction -design [db::getAttr editDesign -of [de::getContexts -window 7]] -steps 1
[13:49:28.53] /i de::undoTransaction -design [db::getAttr editDesign -of [de::getContexts -window 7]] -steps 1
[13:49:28.89] /i de::undoTransaction -design [db::getAttr editDesign -of [de::getContexts -window 7]] -steps 1
[13:49:31.23] /# gi::executeAction dePan -in [gi::getWindows 7]
[13:49:31.23] /i ide::pan [db::getNext [de::getContexts -window 7]]
[13:49:31.48] /# gi::executeAction deStartDrag -in [gi::getWindows 7]
[13:49:31.48] /i de::startDrag {-6.812 -0.118} -context [db::getNext [de::getContexts -window 7]]
[13:49:32.02] /# gi::executeAction deEndDrag -in [gi::getWindows 7]
[13:49:32.02] /i de::endDrag {-6.828 -0.118} -context [db::getNext [de::getContexts -window 7]]
[13:49:32.02] /r dePanToPoint {-5.869 0.93}
[13:49:32.26] /# gi::executeAction deCanvasZoomInAtPoint -in [gi::getWindows 7]
[13:49:32.26] /i de::zoom -window [gi::getWindows 7] -factor 2.0 -center {-6.563 0.669}
[13:49:32.26] /o {-9.369 -0.676} {-3.063 2.274}
[13:49:32.33] /# gi::executeAction deCanvasZoomInAtPoint -in [gi::getWindows 7]
[13:49:32.33] /i de::zoom -window [gi::getWindows 7] -factor 2.0 -center {-6.563 0.669}
[13:49:32.33] /o {-7.966 -0.003} {-4.813 1.472}
[13:49:33.08] /# gi::executeAction deStartDrag -in [gi::getWindows 7]
[13:49:33.08] /i de::startDrag {-6.842 0.87} -context [db::getNext [de::getContexts -window 7]]
[13:49:34.51] /# gi::executeAction deEndDrag -in [gi::getWindows 7]
[13:49:34.51] /i de::endDrag {-6.842 0.868} -context [db::getNext [de::getContexts -window 7]]
[13:49:34.51] /r dePanToPoint {-6.738 1.37}
[13:49:36.36] /# gi::executeAction deAbortCommand -in [gi::getWindows 7]
[13:49:36.36] /i de::abortCommand -context [db::getNext [de::getContexts -window 7]]
[13:49:36.91] /# gi::executeAction leMove -in [gi::getWindows 7]
[13:49:36.91] /i ile::move
[13:49:37.32] /# gi::executeAction deAddPoint -in [gi::getWindows 7]
[13:49:37.32] /i de::addPoint {-6.702 1.506} -context [db::getNext [de::getContexts -window 7]]
[13:50:05.55] /# gi::executeAction deAddPoint -in [gi::getWindows 7]
[13:50:05.55] /i de::addPoint {-6.914 1.504} -context [db::getNext [de::getContexts -window 7]]
[13:50:12.76] /i gi::executeAction deSaveDesign -in [gi::getWindows 7]
[13:50:12.76] /m Information: Saving design 'dff dff layout'. (DESIGN_WINDOW-004)
[13:50:12.98] /i gi::executeAction deSaveDesign -in [gi::getWindows 7]
[13:50:12.98] /m Information: Saving design 'dff dff layout'. (DESIGN_WINDOW-004)
[13:50:13.14] /i gi::executeAction deSaveDesign -in [gi::getWindows 7]
[13:50:13.14] /m Information: Saving design 'dff dff layout'. (DESIGN_WINDOW-004)
[13:50:13.26] /i gi::executeAction deSaveDesign -in [gi::getWindows 7]
[13:50:13.26] /m Information: Saving design 'dff dff layout'. (DESIGN_WINDOW-004)
[13:50:13.38] /i gi::executeAction deSaveDesign -in [gi::getWindows 7]
[13:50:13.38] /m Information: Saving design 'dff dff layout'. (DESIGN_WINDOW-004)
[13:50:13.51] /i gi::executeAction deSaveDesign -in [gi::getWindows 7]
[13:50:13.51] /m Information: Saving design 'dff dff layout'. (DESIGN_WINDOW-004)
[13:50:13.67] /i gi::executeAction deSaveDesign -in [gi::getWindows 7]
[13:50:13.67] /m Information: Saving design 'dff dff layout'. (DESIGN_WINDOW-004)
[13:50:17.95] /# gi::executeAction xtDRCRun -in [gi::getWindows 7]
[13:50:17.95] /i xt::physicalVerification::executeRun drc 7
[13:50:18.06] /# xt::physicalVerification::executePve drc 7
[13:50:22.03] /m Information: 
              /c =============================
              /c JobID: hercules_drc_30
              /c --- ERROR SUMMARY -----------
              /c 7.2: Minimum spacing for Nwell >= 0.55
              /c  EXTERNAL NWELL { } (101) ............................... 7 violations found.
              /c =============================
              /c 
[13:50:22.88] /j ::xt::hercules::vue::_private::registerConnection localhost:48166 tcp29 herculesVue_5 
[13:50:22.92] /j ::xt::hercules::vue::_private::isJobReady 
[13:50:22.93] /o false
[13:50:23.93] /j ::xt::hercules::vue::_private::isJobReady 
[13:50:23.93] /o false
[13:50:24.94] /m Information: Connection established with 'Hercules-VUE' running on 'localhost'.
[13:50:24.94] /j ::xt::hercules::vue::_private::isJobReady 
[13:50:24.94] /o true
[13:50:24.94] /j ::xt::hercules::vue::startFilter LAY 
[13:50:25.78] /j ::xt::hercules::vue::setInlibPath /root/Excercise/DFlipFlop/synopsys_custom/dff.hercules.drc/. 
[13:50:25.78] /j ::xt::hercules::vue::setTopLayLCV dff dff layout 
[13:50:25.80] /j ::xt::hercules::vue::openCell dff dff layout 
[13:50:27.18] /j ::xt::hercules::vue::clearAllHighlights dff layout 
[13:50:28.15] /j ::xt::hercules::vue::clearAllHighlights dff layout 
[13:50:28.17] /j ::xt::hercules::vue::clearAllHighlights dff layout 
[13:50:28.18] /j ::xt::hercules::vue::openCell dff dff layout 
[13:50:28.96] /j ::xt::hercules::vue::clearAllHighlights dff layout 
[13:50:28.97] /j ::xt::hercules::vue::clearAllHighlights dff layout 
[13:50:28.98] /j ::xt::hercules::vue::setHighlightProperty dff layout yellow brick 
[13:50:28.98] /j ::xt::hercules::vue::addPolygonBegin 4 
[13:50:29.03] /j ::xt::hercules::vue::addPolygonPoints {0.795 1.005 0.795 2.180 0.900 2.180 0.900 1.005 0.795 1.005} 
[13:50:29.03] /j ::xt::hercules::vue::addPolygonEnd 
[13:50:29.04] /j ::xt::hercules::vue::setViewPort extents {0.782 0.858 0.913 2.327} LAY 
[13:50:29.05] /j ::xt::hercules::vue::addErrorDescription {"Distance: 0.105"} 
[13:50:29.08] /j ::xt::hercules::vue::drawHighlights dff layout all 
[13:50:33.73] /j ::xt::hercules::vue::clearAllHighlights dff layout 
[13:50:33.74] /i gi::setActiveWindow 9
[13:50:33.74] /i gi::setActiveWindow 9 -raise true
[13:50:33.75] /j ::xt::hercules::vue::clearAllHighlights dff layout 
[13:50:33.88] /m Information: Connection closed with 'Hercules-VUE' running on 'localhost'.
[13:50:35.13] /i gi::setActiveWindow 7
[13:50:35.13] /i gi::setActiveWindow 7 -raise true
[13:50:37.19] /# gi::executeAction dePan -in [gi::getWindows 7]
[13:50:37.20] /i ide::pan [db::getNext [de::getContexts -window 7]]
[13:50:37.83] /# gi::executeAction deStartDrag -in [gi::getWindows 7]
[13:50:37.83] /i de::startDrag {-0.295 1.172} -context [db::getNext [de::getContexts -window 7]]
[13:50:38.46] /# gi::executeAction deEndDrag -in [gi::getWindows 7]
[13:50:38.46] /i de::endDrag {-0.295 1.168} -context [db::getNext [de::getContexts -window 7]]
[13:50:38.46] /r dePanToPoint {-1.761 1.196}
[13:50:38.92] /# gi::executeAction deStartDrag -in [gi::getWindows 7]
[13:50:38.92] /i de::startDrag {-2.647 1.382} -context [db::getNext [de::getContexts -window 7]]
[13:50:39.45] /# gi::executeAction deEndDrag -in [gi::getWindows 7]
[13:50:39.45] /i de::endDrag {-2.647 1.38} -context [db::getNext [de::getContexts -window 7]]
[13:50:39.45] /r dePanToPoint {-3.945 1.55}
[13:50:39.89] /# gi::executeAction deStartDrag -in [gi::getWindows 7]
[13:50:39.89] /i de::startDrag {-4.876 1.695} -context [db::getNext [de::getContexts -window 7]]
[13:50:40.40] /# gi::executeAction deEndDrag -in [gi::getWindows 7]
[13:50:40.40] /i de::endDrag {-4.874 1.695} -context [db::getNext [de::getContexts -window 7]]
[13:50:40.40] /r dePanToPoint {-5.994 1.69}
[13:50:40.87] /# gi::executeAction deStartDrag -in [gi::getWindows 7]
[13:50:40.87] /i de::startDrag {-6.696 1.729} -context [db::getNext [de::getContexts -window 7]]
[13:50:47.67] /# gi::executeAction deEndDrag -in [gi::getWindows 7]
[13:50:47.67] /i de::endDrag {-6.696 1.733} -context [db::getNext [de::getContexts -window 7]]
[13:50:47.67] /r dePanToPoint {-5.296 1.542}
[13:50:48.28] /# gi::executeAction deAbortCommand -in [gi::getWindows 7]
[13:50:48.28] /i de::abortCommand -context [db::getNext [de::getContexts -window 7]]
[13:50:51.10] /# gi::executeAction deAbortCommand -in [gi::getWindows 7]
[13:50:51.10] /i de::abortCommand -context [db::getNext [de::getContexts -window 7]]
[13:50:52.21] /# gi::executeAction leMove -in [gi::getWindows 7]
[13:50:52.21] /i ile::move
[13:50:53.18] /# gi::executeAction deAddPoint -in [gi::getWindows 7]
[13:50:53.18] /i de::addPoint {-5.709 1.39} -context [db::getNext [de::getContexts -window 7]]
[13:51:11.83] /# gi::executeAction deAddPoint -in [gi::getWindows 7]
[13:51:11.84] /i de::addPoint {-6.139 1.388} -context [db::getNext [de::getContexts -window 7]]
[13:51:13.31] /# gi::executeAction deAddPoint -in [gi::getWindows 7]
[13:51:13.31] /i de::addPoint {-4.694 1.168} -context [db::getNext [de::getContexts -window 7]]
[13:51:21.38] /# gi::executeAction deAddPoint -in [gi::getWindows 7]
[13:51:21.38] /i de::addPoint {-5.339 1.168} -context [db::getNext [de::getContexts -window 7]]
[13:51:22.45] /# gi::executeAction dePan -in [gi::getWindows 7]
[13:51:22.45] /i ide::pan [db::getNext [de::getContexts -window 7]]
[13:51:22.84] /# gi::executeAction deStartDrag -in [gi::getWindows 7]
[13:51:22.84] /i de::startDrag {-4.002 1.298} -context [db::getNext [de::getContexts -window 7]]
[13:51:25.28] /# gi::executeAction deEndDrag -in [gi::getWindows 7]
[13:51:25.28] /i de::endDrag {-4.018 1.3} -context [db::getNext [de::getContexts -window 7]]
[13:51:25.28] /r dePanToPoint {-3.356 1.548}
[13:51:34.47] /# gi::executeAction deAbortCommand -in [gi::getWindows 7]
[13:51:34.47] /i de::abortCommand -context [db::getNext [de::getContexts -window 7]]
[13:51:35.17] /# gi::executeAction deAbortCommand -in [gi::getWindows 7]
[13:51:35.17] /i de::abortCommand -context [db::getNext [de::getContexts -window 7]]
[13:51:36.13] /i gi::executeAction deCanvasDragCancel -in [gi::getWindows 7]
[13:51:36.91] /# gi::executeAction leMove -in [gi::getWindows 7]
[13:51:36.91] /i ile::move
[13:51:38.12] /# gi::executeAction deAddPoint -in [gi::getWindows 7]
[13:51:38.12] /i de::addPoint {-2.853 1.168} -context [db::getNext [de::getContexts -window 7]]
[13:51:47.94] /# gi::executeAction deAddPoint -in [gi::getWindows 7]
[13:51:47.94] /i de::addPoint {-3.716 1.172} -context [db::getNext [de::getContexts -window 7]]
[13:51:49.54] /# gi::executeAction deAddPoint -in [gi::getWindows 7]
[13:51:49.54] /i de::addPoint {-2.209 1.062} -context [db::getNext [de::getContexts -window 7]]
[13:52:00.00] /# gi::executeAction deAddPoint -in [gi::getWindows 7]
[13:52:00.00] /i de::addPoint {-3.289 1.062} -context [db::getNext [de::getContexts -window 7]]
[13:52:01.40] /# gi::executeAction dePan -in [gi::getWindows 7]
[13:52:01.40] /i ide::pan [db::getNext [de::getContexts -window 7]]
[13:52:01.98] /# gi::executeAction deStartDrag -in [gi::getWindows 7]
[13:52:01.98] /i de::startDrag {-2.221 1.328} -context [db::getNext [de::getContexts -window 7]]
[13:52:04.67] /# gi::executeAction deEndDrag -in [gi::getWindows 7]
[13:52:04.67] /i de::endDrag {-2.221 1.326} -context [db::getNext [de::getContexts -window 7]]
[13:52:04.67] /r dePanToPoint {-1.441 1.542}
[13:52:08.32] /# gi::executeAction leMove -in [gi::getWindows 7]
[13:52:08.32] /i ile::move
[13:52:08.60] /# gi::executeAction deAddPoint -in [gi::getWindows 7]
[13:52:08.60] /i de::addPoint {-0.844 1.516} -context [db::getNext [de::getContexts -window 7]]
[13:52:13.26] /# gi::executeAction deAddPoint -in [gi::getWindows 7]
[13:52:13.26] /i de::addPoint {-2.135 1.516} -context [db::getNext [de::getContexts -window 7]]
[13:52:15.80] /# gi::executeAction deStartDrag -in [gi::getWindows 7]
[13:52:15.80] /i de::startDrag {-0.768 1.578} -context [db::getNext [de::getContexts -window 7]]
[13:52:16.33] /# gi::executeAction deEndDrag -in [gi::getWindows 7]
[13:52:16.33] /i de::endDrag {-0.964 1.578} -context [db::getNext [de::getContexts -window 7]]
[13:52:16.97] /# gi::executeAction deAddPoint -in [gi::getWindows 7]
[13:52:16.97] /i de::addPoint {-0.127 1.578} -context [db::getNext [de::getContexts -window 7]]
[13:52:20.11] /# gi::executeAction deAddPoint -in [gi::getWindows 7]
[13:52:20.11] /i de::addPoint {-1.632 1.582} -context [db::getNext [de::getContexts -window 7]]
[13:52:20.87] /# gi::executeAction deAbortCommand -in [gi::getWindows 7]
[13:52:20.87] /i de::abortCommand -context [db::getNext [de::getContexts -window 7]]
[13:52:21.39] /# gi::executeAction dePan -in [gi::getWindows 7]
[13:52:21.39] /i ide::pan [db::getNext [de::getContexts -window 7]]
[13:52:21.62] /# gi::executeAction deStartDrag -in [gi::getWindows 7]
[13:52:21.62] /i de::startDrag {-0.315 1.601} -context [db::getNext [de::getContexts -window 7]]
[13:52:26.21] /# gi::executeAction deEndDrag -in [gi::getWindows 7]
[13:52:26.21] /i de::endDrag {-0.313 1.599} -context [db::getNext [de::getContexts -window 7]]
[13:52:26.21] /r dePanToPoint {-0.154 1.57}
[13:52:26.51] /# gi::executeAction leMove -in [gi::getWindows 7]
[13:52:26.51] /i ile::move
[13:52:27.15] /# gi::executeAction deAddPoint -in [gi::getWindows 7]
[13:52:27.15] /i de::addPoint {1.042 1.556} -context [db::getNext [de::getContexts -window 7]]
[13:52:31.87] /# gi::executeAction deAddPoint -in [gi::getWindows 7]
[13:52:31.87] /i de::addPoint {-0.678 1.55} -context [db::getNext [de::getContexts -window 7]]
[13:52:33.27] /# gi::executeAction deAbortCommand -in [gi::getWindows 7]
[13:52:33.27] /i de::abortCommand -context [db::getNext [de::getContexts -window 7]]
[13:52:33.70] /# gi::executeAction deCanvasZoomOutAtPoint -in [gi::getWindows 7]
[13:52:33.70] /i de::zoom -window [gi::getWindows 7] -factor 0.5 -center {0.133 1.683}
[13:52:33.70] /o {-3.58 -0.011} {2.699 2.927}
[13:52:37.67] /i gi::executeAction deSaveDesign -in [gi::getWindows 7]
[13:52:37.67] /m Information: Saving design 'dff dff layout'. (DESIGN_WINDOW-004)
[13:52:38.66] /i gi::executeAction deSaveDesign -in [gi::getWindows 7]
[13:52:38.66] /m Information: Saving design 'dff dff layout'. (DESIGN_WINDOW-004)
[13:52:41.41] /# gi::executeAction xtDRCRun -in [gi::getWindows 7]
[13:52:41.41] /i xt::physicalVerification::executeRun drc 7
[13:52:41.67] /# xt::physicalVerification::executePve drc 7
[13:52:45.22] /m Information: 
              /c =============================
              /c JobID: hercules_drc_31
              /c Completed with no errors.
              /c =============================
              /c 
[13:52:48.19] /i gi::setActiveWindow 7
[13:52:48.19] /i gi::setActiveWindow 7 -raise true
[13:52:50.12] /# gi::executeAction dePan -in [gi::getWindows 7]
[13:52:50.12] /i ide::pan [db::getNext [de::getContexts -window 7]]
[13:52:50.44] /# gi::executeAction deStartDrag -in [gi::getWindows 7]
[13:52:50.44] /i de::startDrag {-2.046 0.429} -context [db::getNext [de::getContexts -window 7]]
[13:52:51.60] /# gi::executeAction deEndDrag -in [gi::getWindows 7]
[13:52:51.60] /i de::endDrag {-2.042 0.429} -context [db::getNext [de::getContexts -window 7]]
[13:52:51.60] /r dePanToPoint {-4.442 1.238}
[13:52:52.14] /# gi::executeAction deStartDrag -in [gi::getWindows 7]
[13:52:52.14] /i de::startDrag {-5.947 0.449} -context [db::getNext [de::getContexts -window 7]]
[13:52:53.97] /# gi::executeAction deEndDrag -in [gi::getWindows 7]
[13:52:53.97] /i de::endDrag {-5.943 0.449} -context [db::getNext [de::getContexts -window 7]]
[13:52:53.97] /r dePanToPoint {-6.125 1.378}
[13:52:54.39] /# gi::executeAction deCanvasZoomInAtPoint -in [gi::getWindows 7]
[13:52:54.39] /i de::zoom -window [gi::getWindows 7] -factor 2.0 -center {-7.198 0.753}
[13:52:54.40] /o {-8.231 0.331} {-5.091 1.8}
[13:52:55.17] /# gi::executeAction deStartDrag -in [gi::getWindows 7]
[13:52:55.17] /i de::startDrag {-7.188 0.745} -context [db::getNext [de::getContexts -window 7]]
[13:52:55.44] /# gi::executeAction deEndDrag -in [gi::getWindows 7]
[13:52:55.44] /i de::endDrag {-7.188 0.743} -context [db::getNext [de::getContexts -window 7]]
[13:52:55.44] /r dePanToPoint {-6.675 1.173}
[13:52:55.77] /# gi::executeAction deCanvasZoomOutAtPoint -in [gi::getWindows 7]
[13:52:55.77] /i de::zoom -window [gi::getWindows 7] -factor 0.5 -center {-7.178 0.763}
[13:52:55.77] /o {-9.313 0.115} {-3.033 3.053}
[13:52:56.59] /# gi::executeAction deStartDrag -in [gi::getWindows 7]
[13:52:56.59] /i de::startDrag {-5.579 0.794} -context [db::getNext [de::getContexts -window 7]]
[13:52:57.26] /# gi::executeAction deEndDrag -in [gi::getWindows 7]
[13:52:57.26] /i de::endDrag {-5.587 0.794} -context [db::getNext [de::getContexts -window 7]]
[13:52:57.26] /r dePanToPoint {-5.549 1.26}
[13:53:16.93] /# gi::setCurrentIndex {lpps} -index {poly drw} -in [gi::getAssistants leObjectLayerPanel -from [gi::getWindows 7]]
[13:53:16.93] /# gi::setItemSelection {lpps} -index {poly drw} -in [gi::getAssistants leObjectLayerPanel -from [gi::getWindows 7]]
[13:53:17.04] /# gi::executeAction leOLPSetActiveLPP -in [gi::getAssistants leObjectLayerPanel -from [gi::getWindows 7]]
[13:53:17.04] /i de::setActiveLPP [de::getLPPs -from [oa::DesignFind dff dff layout] -filter {%lpp =="poly drawing"}]
[13:53:17.79] /# gi::executeAction leRectangle -in [gi::getWindows 7]
[13:53:17.79] /i ile::createRectangle
[13:53:18.53] /# gi::executeAction deCanvasZoomInAtPoint -in [gi::getWindows 7]
[13:53:18.53] /i de::zoom -window [gi::getWindows 7] -factor 2.0 -center {-7.534 1.05}
[13:53:18.53] /o {-8.112 0.421} {-4.972 1.89}
[13:53:22.00] /# gi::executeAction deAddPoint -in [gi::getWindows 7]
[13:53:22.00] /i de::addPoint {-7.638 1.278} -context [db::getNext [de::getContexts -window 7]]
[13:53:27.45] /# gi::executeAction deAddPoint -in [gi::getWindows 7]
[13:53:27.45] /i de::addPoint {-7.542 0.588} -context [db::getNext [de::getContexts -window 7]]
[13:53:27.90] /# gi::executeAction dePan -in [gi::getWindows 7]
[13:53:27.90] /i ide::pan [db::getNext [de::getContexts -window 7]]
[13:53:28.39] /# gi::executeAction deStartDrag -in [gi::getWindows 7]
[13:53:28.39] /i de::startDrag {-7.308 0.495} -context [db::getNext [de::getContexts -window 7]]
[13:53:29.65] /# gi::executeAction deEndDrag -in [gi::getWindows 7]
[13:53:29.65] /i de::endDrag {-7.306 0.495} -context [db::getNext [de::getContexts -window 7]]
[13:53:29.66] /r dePanToPoint {-6.767 0.369}
[13:53:29.82] /# gi::executeAction leStretch -in [gi::getWindows 7]
[13:53:29.82] /i ile::stretch
[13:53:30.75] /# gi::executeAction deAddPoint -in [gi::getWindows 7]
[13:53:30.75] /i de::addPoint {-7.602 0.582} -context [db::getNext [de::getContexts -window 7]]
[13:53:33.82] /# gi::executeAction deAddPoint -in [gi::getWindows 7]
[13:53:33.82] /i de::addPoint {-7.578 0.097} -context [db::getNext [de::getContexts -window 7]]
[13:53:34.39] /# gi::executeAction deStartDrag -in [gi::getWindows 7]
[13:53:34.39] /i de::startDrag {-7.108 0.515} -context [db::getNext [de::getContexts -window 7]]
[13:53:35.10] /# gi::executeAction deEndDrag -in [gi::getWindows 7]
[13:53:35.10] /i de::endDrag {-7.294 0.135} -context [db::getNext [de::getContexts -window 7]]
[13:53:35.91] /# gi::executeAction dePan -in [gi::getWindows 7]
[13:53:35.91] /i ide::pan [db::getNext [de::getContexts -window 7]]
[13:53:36.26] /# gi::executeAction deStartDrag -in [gi::getWindows 7]
[13:53:36.26] /i de::startDrag {-6.83 0.562} -context [db::getNext [de::getContexts -window 7]]
[13:53:38.26] /# gi::executeAction deEndDrag -in [gi::getWindows 7]
[13:53:38.26] /i de::endDrag {-6.832 0.562} -context [db::getNext [de::getContexts -window 7]]
[13:53:38.26] /r dePanToPoint {-5.892 0.685}
[13:53:38.74] /# gi::executeAction deCanvasZoomOutAtPoint -in [gi::getWindows 7]
[13:53:38.74] /i de::zoom -window [gi::getWindows 7] -factor 0.5 -center {-6.075 0.65}
[13:53:38.74] /o {-8.849 -0.748} {-2.569 2.19}
[13:53:39.53] /# gi::executeAction deStartDrag -in [gi::getWindows 7]
[13:53:39.53] /i de::startDrag {-4.776 0.347} -context [db::getNext [de::getContexts -window 7]]
[13:53:40.26] /# gi::executeAction deEndDrag -in [gi::getWindows 7]
[13:53:40.26] /i de::endDrag {-4.788 0.347} -context [db::getNext [de::getContexts -window 7]]
[13:53:40.26] /r dePanToPoint {-5.157 0.693}
[13:53:44.86] /# gi::executeAction deCanvasZoomInAtPoint -in [gi::getWindows 7]
[13:53:44.86] /i de::zoom -window [gi::getWindows 7] -factor 2.0 -center {-5.291 0.943}
[13:53:44.86] /o {-6.794 0.083} {-3.654 1.552}
[13:53:45.45] /# gi::executeAction deCanvasZoomOutAtPoint -in [gi::getWindows 7]
[13:53:45.45] /i de::zoom -window [gi::getWindows 7] -factor 0.5 -center {-5.387 0.881}
[13:53:45.45] /o {-8.201 -0.714} {-1.922 2.224}
[13:53:48.27] /# gi::executeAction deCanvasZoomInAtPoint -in [gi::getWindows 7]
[13:53:48.27] /i de::zoom -window [gi::getWindows 7] -factor 2.0 -center {-5.763 1.26}
[13:53:48.27] /o {-6.982 0.273} {-3.842 1.742}
[13:53:49.19] /# gi::executeAction deStartDrag -in [gi::getWindows 7]
[13:53:49.19] /i de::startDrag {-5.139 0.795} -context [db::getNext [de::getContexts -window 7]]
[13:53:50.91] /# gi::executeAction deEndDrag -in [gi::getWindows 7]
[13:53:50.91] /i de::endDrag {-5.139 0.791} -context [db::getNext [de::getContexts -window 7]]
[13:53:50.91] /r dePanToPoint {-5.178 0.589}
[13:53:51.67] /# gi::executeAction leRectangle -in [gi::getWindows 7]
[13:53:51.67] /i ile::createRectangle
[13:53:53.29] /# gi::executeAction deAddPoint -in [gi::getWindows 7]
[13:53:53.30] /i de::addPoint {-5.821 1.292} -context [db::getNext [de::getContexts -window 7]]
[13:53:56.59] /# gi::executeAction deAddPoint -in [gi::getWindows 7]
[13:53:56.59] /i de::addPoint {-5.721 -0.035} -context [db::getNext [de::getContexts -window 7]]
[13:54:00.22] /# gi::executeAction deAddPoint -in [gi::getWindows 7]
[13:54:00.22] /i de::addPoint {-4.912 1.284} -context [db::getNext [de::getContexts -window 7]]
[13:54:04.42] /# gi::executeAction deAddPoint -in [gi::getWindows 7]
[13:54:04.42] /i de::addPoint {-4.812 -0.067} -context [db::getNext [de::getContexts -window 7]]
[13:54:05.18] /# gi::executeAction dePan -in [gi::getWindows 7]
[13:54:05.18] /i ide::pan [db::getNext [de::getContexts -window 7]]
[13:54:05.52] /# gi::executeAction deStartDrag -in [gi::getWindows 7]
[13:54:05.52] /i de::startDrag {-4.192 0.515} -context [db::getNext [de::getContexts -window 7]]
[13:54:06.74] /# gi::executeAction deEndDrag -in [gi::getWindows 7]
[13:54:06.74] /i de::endDrag {-4.202 0.511} -context [db::getNext [de::getContexts -window 7]]
[13:54:06.74] /r dePanToPoint {-3.569 0.723}
[13:54:07.36] /# gi::executeAction deStartDrag -in [gi::getWindows 7]
[13:54:07.36] /i de::startDrag {-2.641 0.639} -context [db::getNext [de::getContexts -window 7]]
[13:54:09.30] /# gi::executeAction deEndDrag -in [gi::getWindows 7]
[13:54:09.30] /i de::endDrag {-2.641 0.645} -context [db::getNext [de::getContexts -window 7]]
[13:54:09.30] /r dePanToPoint {-1.789 0.617}
[13:54:10.14] /# gi::executeAction deStartDrag -in [gi::getWindows 7]
[13:54:10.14] /i de::startDrag {-1.624 0.615} -context [db::getNext [de::getContexts -window 7]]
[13:54:11.10] /# gi::executeAction deEndDrag -in [gi::getWindows 7]
[13:54:11.10] /i de::endDrag {-1.63 0.613} -context [db::getNext [de::getContexts -window 7]]
[13:54:11.11] /r dePanToPoint {-1.695 0.589}
[13:54:12.91] /# gi::executeAction leRectangle -in [gi::getWindows 7]
[13:54:12.91] /i ile::createRectangle
[13:54:13.50] /# gi::executeAction leRectangle -in [gi::getWindows 7]
[13:54:13.50] /i ile::createRectangle
[13:54:17.06] /# gi::executeAction deAddPoint -in [gi::getWindows 7]
[13:54:17.06] /i de::addPoint {-2.181 1.288} -context [db::getNext [de::getContexts -window 7]]
[13:54:22.25] /# gi::executeAction deAddPoint -in [gi::getWindows 7]
[13:54:22.25] /i de::addPoint {-2.079 -0.115} -context [db::getNext [de::getContexts -window 7]]
[13:54:24.53] /# gi::executeAction deAddPoint -in [gi::getWindows 7]
[13:54:24.53] /i de::addPoint {-1.272 1.266} -context [db::getNext [de::getContexts -window 7]]
[13:54:27.68] /# gi::executeAction deAddPoint -in [gi::getWindows 7]
[13:54:27.68] /i de::addPoint {-1.168 -0.137} -context [db::getNext [de::getContexts -window 7]]
[13:54:28.27] /# gi::executeAction deCanvasZoomOutAtPoint -in [gi::getWindows 7]
[13:54:28.27] /i de::zoom -window [gi::getWindows 7] -factor 0.5 -center {-1.528 0.475}
[13:54:28.27] /o {-5.001 -0.765} {1.278 2.173}
[13:54:29.68] /# gi::executeAction deAbortCommand -in [gi::getWindows 7]
[13:54:29.68] /i de::abortCommand -context [db::getNext [de::getContexts -window 7]]
[13:54:29.98] /# gi::executeAction dePan -in [gi::getWindows 7]
[13:54:29.98] /i ide::pan [db::getNext [de::getContexts -window 7]]
[13:54:30.17] /# gi::executeAction deStartDrag -in [gi::getWindows 7]
[13:54:30.17] /i de::startDrag {-3.542 0.195} -context [db::getNext [de::getContexts -window 7]]
[13:54:31.05] /# gi::executeAction deEndDrag -in [gi::getWindows 7]
[13:54:31.05] /i de::endDrag {-3.522 0.195} -context [db::getNext [de::getContexts -window 7]]
[13:54:31.06] /r dePanToPoint {-5.655 1.284}
[13:54:31.64] /# gi::executeAction deStartDrag -in [gi::getWindows 7]
[13:54:31.64] /i de::startDrag {-6.3 0.495} -context [db::getNext [de::getContexts -window 7]]
[13:54:32.52] /# gi::executeAction deEndDrag -in [gi::getWindows 7]
[13:54:32.53] /i de::endDrag {-6.296 0.495} -context [db::getNext [de::getContexts -window 7]]
[13:54:32.53] /r dePanToPoint {-6.698 0.984}
[13:54:33.39] /# gi::executeAction deStartDrag -in [gi::getWindows 7]
[13:54:33.39] /i de::startDrag {-7.224 0.515} -context [db::getNext [de::getContexts -window 7]]
[13:54:33.82] /# gi::executeAction deEndDrag -in [gi::getWindows 7]
[13:54:33.82] /i de::endDrag {-7.224 0.523} -context [db::getNext [de::getContexts -window 7]]
[13:54:33.82] /r dePanToPoint {-6.938 0.7}
[13:54:34.08] /# gi::executeAction deCanvasZoomInAtPoint -in [gi::getWindows 7]
[13:54:34.08] /i de::zoom -window [gi::getWindows 7] -factor 2.0 -center {-7.224 0.499}
[13:54:34.08] /o {-8.651 -0.135} {-5.511 1.334}
[13:54:34.64] /# gi::executeAction deStartDrag -in [gi::getWindows 7]
[13:54:34.64] /i de::startDrag {-7.242 0.503} -context [db::getNext [de::getContexts -window 7]]
[13:54:35.40] /# gi::executeAction deEndDrag -in [gi::getWindows 7]
[13:54:35.40] /i de::endDrag {-7.236 0.507} -context [db::getNext [de::getContexts -window 7]]
[13:54:35.40] /r dePanToPoint {-7.361 0.565}
[13:54:36.13] /# gi::executeAction leVia -in [gi::getWindows 7]
[13:54:36.13] /i ile::createVia
[13:54:36.19] /o oa:0x1fc5a030
[13:54:50.83] /# gi::executeAction deAddPoint -in [gi::getWindows 7]
[13:54:50.83] /i de::addPoint {-8.003 0.771} -context [db::getNext [de::getContexts -window 7]]
[13:55:01.10] /# gi::executeAction deAddPoint -in [gi::getWindows 7]
[13:55:01.10] /i de::addPoint {-7.158 0.775} -context [db::getNext [de::getContexts -window 7]]
[13:55:04.74] /# gi::executeAction deCanvasZoomOutAtPoint -in [gi::getWindows 7]
[13:55:04.74] /i de::zoom -window [gi::getWindows 7] -factor 0.5 -center {-6.802 0.928}
[13:55:04.74] /o {-11.06 -1.266} {-4.78 1.672}
[13:55:11.40] /# gi::executeAction deAbortCommand -in [gi::getWindows 7]
[13:55:11.40] /i de::abortCommand -context [db::getNext [de::getContexts -window 7]]
[13:55:11.96] /# gi::executeAction deCanvasZoomInAtPoint -in [gi::getWindows 7]
[13:55:11.96] /i de::zoom -window [gi::getWindows 7] -factor 2.0 -center {-6.914 0.601}
[13:55:11.96] /o {-8.987 -0.332} {-5.847 1.137}
[13:55:12.71] /# gi::executeAction deSelectActive -in [gi::getWindows 7]
[13:55:12.71] /i de::deselectAll [db::getNext [de::getContexts -window 7]]
[13:55:12.71] /i de::select [de::getActiveFigure [gi::getWindows 7] -point {-7.07 0.737} -index 0 -intent none]
[13:55:12.71] /o oa:0x21089930
[13:55:14.09] /# gi::executeAction leStretch -in [gi::getWindows 7]
[13:55:14.09] /i ile::stretch
[13:55:14.93] /# gi::executeAction deAddPoint -in [gi::getWindows 7]
[13:55:14.93] /i de::addPoint {-7.048 0.667} -context [db::getNext [de::getContexts -window 7]]
[13:55:33.30] /# gi::executeAction deCanvasZoomOutAtPoint -in [gi::getWindows 7]
[13:55:33.30] /i de::zoom -window [gi::getWindows 7] -factor 0.5 -center {-7.02 0.671}
[13:55:33.30] /o {-10.954 -1.336} {-4.674 1.602}
[13:55:35.62] /# gi::executeAction deCanvasZoomInAtPoint -in [gi::getWindows 7]
[13:55:35.62] /i de::zoom -window [gi::getWindows 7] -factor 2.0 -center {-7.02 0.671}
[13:55:35.62] /o {-8.987 -0.332} {-5.847 1.137}
[13:55:37.45] /# gi::executeAction deAddPoint -in [gi::getWindows 7]
[13:55:37.45] /i de::addPoint {-7.02 0.675} -context [db::getNext [de::getContexts -window 7]]
[13:55:38.37] /# gi::executeAction deCanvasZoomOutAtPoint -in [gi::getWindows 7]
[13:55:38.37] /i de::zoom -window [gi::getWindows 7] -factor 0.5 -center {-6.98 0.751}
[13:55:38.37] /o {-10.994 -1.416} {-4.714 1.522}
[13:55:41.55] /# gi::setCurrentIndex {lpps} -index {m1 drw} -in [gi::getAssistants leObjectLayerPanel -from [gi::getWindows 7]]
[13:55:41.55] /# gi::setItemSelection {lpps} -index {m1 drw} -in [gi::getAssistants leObjectLayerPanel -from [gi::getWindows 7]]
[13:55:41.65] /# gi::executeAction leOLPSetActiveLPP -in [gi::getAssistants leObjectLayerPanel -from [gi::getWindows 7]]
[13:55:41.65] /i de::setActiveLPP [de::getLPPs -from [oa::DesignFind dff dff layout] -filter {%lpp =="m1 drawing"}]
[13:55:44.20] /# gi::executeAction leRectangle -in [gi::getWindows 7]
[13:55:44.20] /i ile::createRectangle
[13:55:48.32] /# gi::executeAction deAddPoint -in [gi::getWindows 7]
[13:55:48.32] /i de::addPoint {-7.464 1.407} -context [db::getNext [de::getContexts -window 7]]
[13:55:52.58] /# gi::executeAction deAddPoint -in [gi::getWindows 7]
[13:55:52.58] /i de::addPoint {-7.364 0.007} -context [db::getNext [de::getContexts -window 7]]
[13:55:57.76] /# gi::executeAction deAddPoint -in [gi::getWindows 7]
[13:55:57.76] /i de::addPoint {-6.904 1.419} -context [db::getNext [de::getContexts -window 7]]
[13:56:00.40] /# gi::executeAction deAddPoint -in [gi::getWindows 7]
[13:56:00.40] /i de::addPoint {-6.804 -0.037} -context [db::getNext [de::getContexts -window 7]]
[13:56:04.98] /# gi::executeAction deAddPoint -in [gi::getWindows 7]
[13:56:04.99] /i de::addPoint {-6.557 1.423} -context [db::getNext [de::getContexts -window 7]]
[13:56:07.67] /# gi::executeAction deAddPoint -in [gi::getWindows 7]
[13:56:07.67] /i de::addPoint {-6.457 -0.096} -context [db::getNext [de::getContexts -window 7]]
[13:56:09.10] /# gi::executeAction deCanvasZoomInAtPoint -in [gi::getWindows 7]
[13:56:09.10] /i de::zoom -window [gi::getWindows 7] -factor 2.0 -center {-6.217 1.291}
[13:56:09.10] /o {-8.605 -0.062} {-5.465 1.407}
[13:56:13.11] /# gi::executeAction deCanvasZoomOutAtPoint -in [gi::getWindows 7]
[13:56:13.11] /i de::zoom -window [gi::getWindows 7] -factor 0.5 -center {-5.987 1.337}
[13:56:13.11] /o {-11.224 -1.462} {-4.944 1.476}
[13:56:14.82] /# gi::executeAction deAddPoint -in [gi::getWindows 7]
[13:56:14.82] /i de::addPoint {-5.995 1.412} -context [db::getNext [de::getContexts -window 7]]
[13:56:17.80] /# gi::executeAction deAddPoint -in [gi::getWindows 7]
[13:56:17.80] /i de::addPoint {-5.895 -0.118} -context [db::getNext [de::getContexts -window 7]]
[13:56:19.88] /# gi::executeAction deAddPoint -in [gi::getWindows 7]
[13:56:19.88] /i de::addPoint {-5.639 1.396} -context [db::getNext [de::getContexts -window 7]]
[13:56:23.76] /# gi::executeAction deAddPoint -in [gi::getWindows 7]
[13:56:23.76] /i de::addPoint {-5.547 -0.102} -context [db::getNext [de::getContexts -window 7]]
[13:56:24.98] /# gi::executeAction deAbortCommand -in [gi::getWindows 7]
[13:56:24.98] /i de::abortCommand -context [db::getNext [de::getContexts -window 7]]
[13:56:25.79] /# gi::executeAction deSelectActive -in [gi::getWindows 7]
[13:56:25.79] /i de::deselectAll [db::getNext [de::getContexts -window 7]]
[13:56:25.79] /i de::deselectAllLogic -context [db::getNext [de::getContexts -window 7]]
[13:56:31.60] /# gi::executeAction leVia -in [gi::getWindows 7]
[13:56:31.60] /i ile::createVia
[13:56:31.63] /o oa:0x21383a30
[13:56:34.42] /i gi::setField {viaDefName} -value {poly_cust} -in [gi::getToolbars {deCommandOptions} -from [gi::getWindows 7]]
[13:56:37.14] /# gi::executeAction deAddPoint -in [gi::getWindows 7]
[13:56:37.14] /i de::addPoint {-8.006 0.457} -context [db::getNext [de::getContexts -window 7]]
[13:56:40.71] /# gi::executeAction deAddPoint -in [gi::getWindows 7]
[13:56:40.71] /i de::addPoint {-7.13 0.441} -context [db::getNext [de::getContexts -window 7]]
[13:56:41.65] /# gi::executeAction deAbortCommand -in [gi::getWindows 7]
[13:56:41.66] /i de::abortCommand -context [db::getNext [de::getContexts -window 7]]
[13:56:47.13] /i gi::executeAction deSaveDesign -in [gi::getWindows 7]
[13:56:47.13] /m Information: Saving design 'dff dff layout'. (DESIGN_WINDOW-004)
[13:56:47.49] /i gi::executeAction deSaveDesign -in [gi::getWindows 7]
[13:56:47.49] /m Information: Saving design 'dff dff layout'. (DESIGN_WINDOW-004)
[13:56:47.68] /i gi::executeAction deSaveDesign -in [gi::getWindows 7]
[13:56:47.68] /m Information: Saving design 'dff dff layout'. (DESIGN_WINDOW-004)
[13:56:49.51] /# gi::executeAction xtDRCRun -in [gi::getWindows 7]
[13:56:49.51] /i xt::physicalVerification::executeRun drc 7
[13:56:49.63] /# xt::physicalVerification::executePve drc 7
[13:56:53.99] /i gi::setActiveTab {tabs} -tabName {dff.LAYOUT_ERRORS} -in [gi::getWindows 9]
[13:56:54.02] /m Information: 
              /c =============================
              /c JobID: hercules_drc_32
              /c --- ERROR SUMMARY -----------
              /c 7.11: Minimum area of Polysilicon >= 0.05
              /c  AREA POLS { } (101) .................................... 2 violations found.
              /c 7.27: Minimum width for Metal 1 >= 0.1
              /c  INTERNAL M1S { } (101) ................................. 1 violation found.
              /c 7.30: Minimum area of Metal 1 >= 0.04
              /c  AREA M1S { } (101) ..................................... 4 violations found.
              /c 7.35: Minimum area of Metal 2 >= 0.06
              /c  AREA M2S { } (101) ..................................... 2 violations found.
              /c =============================
              /c 
[13:56:54.79] /j ::xt::hercules::vue::_private::registerConnection localhost:51743 tcp38 herculesVue_6 
[13:56:54.84] /j ::xt::hercules::vue::_private::isJobReady 
[13:56:54.84] /o false
[13:56:55.85] /j ::xt::hercules::vue::_private::isJobReady 
[13:56:55.85] /o false
[13:56:56.85] /m Information: Connection established with 'Hercules-VUE' running on 'localhost'.
[13:56:56.85] /j ::xt::hercules::vue::_private::isJobReady 
[13:56:56.85] /o true
[13:56:56.85] /j ::xt::hercules::vue::startFilter LAY 
[13:56:57.36] /j ::xt::hercules::vue::setInlibPath /root/Excercise/DFlipFlop/synopsys_custom/dff.hercules.drc/. 
[13:56:57.37] /j ::xt::hercules::vue::setTopLayLCV dff dff layout 
[13:56:57.37] /j ::xt::hercules::vue::openCell dff dff layout 
[13:56:58.57] /j ::xt::hercules::vue::clearAllHighlights dff layout 
[13:56:59.63] /j ::xt::hercules::vue::clearAllHighlights dff layout 
[13:56:59.65] /j ::xt::hercules::vue::clearAllHighlights dff layout 
[13:56:59.67] /j ::xt::hercules::vue::openCell dff dff layout 
[13:57:03.27] /j ::xt::hercules::vue::clearAllHighlights dff layout 
[13:57:03.28] /j ::xt::hercules::vue::clearAllHighlights dff layout 
[13:57:03.28] /j ::xt::hercules::vue::setHighlightProperty dff layout yellow brick 
[13:57:03.30] /j ::xt::hercules::vue::addPolygonBegin 4 
[13:57:03.35] /j ::xt::hercules::vue::addPolygonPoints {-8.100 0.340 -8.100 0.570 -7.910 0.570 -7.910 0.340 -8.100 0.340} 
[13:57:03.36] /j ::xt::hercules::vue::addPolygonEnd 
[13:57:03.36] /j ::xt::hercules::vue::setViewPort extents {-8.124 0.311 -7.886 0.599} LAY 
[13:57:03.38] /j ::xt::hercules::vue::addErrorDescription {"Area: 0.044"} 
[13:57:03.38] /j ::xt::hercules::vue::drawHighlights dff layout all 
[13:57:04.88] /j ::xt::hercules::vue::clearAllHighlights dff layout 
[13:57:04.88] /j ::xt::hercules::vue::setHighlightProperty dff layout yellow brick 
[13:57:04.89] /j ::xt::hercules::vue::addPolygonBegin 4 
[13:57:04.94] /j ::xt::hercules::vue::addPolygonPoints {-8.100 0.340 -8.100 0.570 -7.910 0.570 -7.910 0.340 -8.100 0.340} 
[13:57:04.94] /j ::xt::hercules::vue::addPolygonEnd 
[13:57:04.94] /j ::xt::hercules::vue::setViewPort extents {-8.124 0.311 -7.886 0.599} LAY 
[13:57:04.97] /j ::xt::hercules::vue::addErrorDescription {"Area: 0.044"} 
[13:57:04.98] /j ::xt::hercules::vue::drawHighlights dff layout all 
[13:57:08.28] /i gi::setActiveWindow 9
[13:57:08.28] /i gi::setActiveWindow 9 -raise true
[13:57:09.51] /i gi::setActiveWindow 7
[13:57:09.51] /i gi::setActiveWindow 7 -raise true
[13:57:10.63] /# gi::executeAction deCanvasZoomOutAtPoint -in [gi::getWindows 7]
[13:57:10.63] /i de::zoom -window [gi::getWindows 7] -factor 0.5 -center {-7.906 0.474}
[13:57:10.63] /o {-8.72 0.148} {-7.488 0.724}
[13:57:11.47] /# gi::executeAction deCanvasZoomOutAtPoint -in [gi::getWindows 7]
[13:57:11.47] /i de::zoom -window [gi::getWindows 7] -factor 0.5 -center {-7.791 0.442}
[13:57:11.47] /o {-9.648 -0.146} {-7.186 1.006}
[13:57:16.78] /j ::xt::hercules::vue::clearAllHighlights dff layout 
[13:57:16.79] /j ::xt::hercules::vue::clearAllHighlights dff layout 
[13:57:16.81] /j ::xt::hercules::vue::setHighlightProperty dff layout yellow brick 
[13:57:16.83] /j ::xt::hercules::vue::addPolygonBegin 4 
[13:57:16.87] /j ::xt::hercules::vue::addPolygonPoints {-5.640 -0.100 -5.640 1.315 -5.545 1.315 -5.545 -0.100 -5.640 -0.100} 
[13:57:16.87] /j ::xt::hercules::vue::addPolygonEnd 
[13:57:16.87] /j ::xt::hercules::vue::setViewPort extents {-5.652 -0.277 -5.533 1.492} LAY 
[13:57:16.88] /j ::xt::hercules::vue::addErrorDescription {"Distance: 0.095"} 
[13:57:16.88] /j ::xt::hercules::vue::drawHighlights dff layout all 
[13:57:18.21] /j ::xt::hercules::vue::clearAllHighlights dff layout 
[13:57:18.23] /j ::xt::hercules::vue::clearAllHighlights dff layout 
[13:57:18.25] /j ::xt::hercules::vue::setHighlightProperty dff layout yellow brick 
[13:57:18.27] /j ::xt::hercules::vue::addPolygonBegin 4 
[13:57:18.30] /j ::xt::hercules::vue::addPolygonPoints {-5.640 -0.100 -5.640 1.315 -5.545 1.315 -5.545 -0.100 -5.640 -0.100} 
[13:57:18.30] /j ::xt::hercules::vue::addPolygonEnd 
[13:57:18.30] /j ::xt::hercules::vue::setViewPort extents {-5.652 -0.277 -5.533 1.492} LAY 
[13:57:18.30] /j ::xt::hercules::vue::addErrorDescription {"Distance: 0.095"} 
[13:57:18.31] /j ::xt::hercules::vue::drawHighlights dff layout all 
[13:57:22.99] /# gi::executeAction deCanvasZoomInAtPoint -in [gi::getWindows 7]
[13:57:22.99] /i de::zoom -window [gi::getWindows 7] -factor 2.0 -center {-5.428 0.936}
[13:57:22.99] /o {-6.456 0.33} {-4.565 1.214}
[13:57:23.65] /# gi::executeAction deCanvasZoomOutAtPoint -in [gi::getWindows 7]
[13:57:23.65] /i de::zoom -window [gi::getWindows 7] -factor 0.5 -center {-5.458 0.949}
[13:57:23.65] /o {-7.453 -0.29} {-3.672 1.479}
[13:57:24.69] /# gi::executeAction deSelectActive -in [gi::getWindows 7]
[13:57:24.69] /i de::deselectAllLogic -context [db::getNext [de::getContexts -window 7]]
[13:57:25.49] /i gi::executeAction deCanvasDragCancel -in [gi::getWindows 7]
[13:57:26.39] /# gi::executeAction leStretch -in [gi::getWindows 7]
[13:57:26.39] /i ile::stretch
[13:57:27.80] /# gi::executeAction deAddPoint -in [gi::getWindows 7]
[13:57:27.80] /i de::addPoint {-5.638 0.829} -context [db::getNext [de::getContexts -window 7]]
[13:57:29.05] /# gi::executeAction deAddPoint -in [gi::getWindows 7]
[13:57:29.05] /i de::addPoint {-5.643 0.829} -context [db::getNext [de::getContexts -window 7]]
[13:57:29.57] /# gi::executeAction deAbortCommand -in [gi::getWindows 7]
[13:57:29.57] /i de::abortCommand -context [db::getNext [de::getContexts -window 7]]
[13:57:33.41] /j ::xt::hercules::vue::clearAllHighlights dff layout 
[13:57:33.44] /j ::xt::hercules::vue::clearAllHighlights dff layout 
[13:57:33.46] /j ::xt::hercules::vue::setHighlightProperty dff layout yellow brick 
[13:57:33.49] /j ::xt::hercules::vue::addPolygonBegin 4 
[13:57:33.52] /j ::xt::hercules::vue::addPolygonPoints {-8.080 0.665 -8.080 0.875 -7.930 0.875 -7.930 0.665 -8.080 0.665} 
[13:57:33.52] /j ::xt::hercules::vue::addPolygonEnd 
[13:57:33.52] /j ::xt::hercules::vue::setViewPort extents {-8.099 0.639 -7.911 0.901} LAY 
[13:57:33.58] /j ::xt::hercules::vue::addErrorDescription {"Area: 0.032"} 
[13:57:33.58] /j ::xt::hercules::vue::drawHighlights dff layout all 
[13:57:34.10] /j ::xt::hercules::vue::clearAllHighlights dff layout 
[13:57:34.12] /j ::xt::hercules::vue::clearAllHighlights dff layout 
[13:57:34.14] /j ::xt::hercules::vue::setHighlightProperty dff layout yellow brick 
[13:57:34.16] /j ::xt::hercules::vue::addPolygonBegin 4 
[13:57:34.19] /j ::xt::hercules::vue::addPolygonPoints {-8.110 0.695 -8.110 0.845 -7.900 0.845 -7.900 0.695 -8.110 0.695} 
[13:57:34.19] /j ::xt::hercules::vue::addPolygonEnd 
[13:57:34.19] /j ::xt::hercules::vue::setViewPort extents {-8.136 0.676 -7.874 0.864} LAY 
[13:57:34.20] /j ::xt::hercules::vue::addErrorDescription {"Area: 0.032"} 
[13:57:34.22] /j ::xt::hercules::vue::drawHighlights dff layout all 
[13:57:36.36] /j ::xt::hercules::vue::clearAllHighlights dff layout 
[13:57:36.38] /j ::xt::hercules::vue::setHighlightProperty dff layout yellow brick 
[13:57:36.39] /j ::xt::hercules::vue::addPolygonBegin 4 
[13:57:36.42] /j ::xt::hercules::vue::addPolygonPoints {-8.110 0.695 -8.110 0.845 -7.900 0.845 -7.900 0.695 -8.110 0.695} 
[13:57:36.42] /j ::xt::hercules::vue::addPolygonEnd 
[13:57:36.42] /j ::xt::hercules::vue::setViewPort extents {-8.136 0.676 -7.874 0.864} LAY 
[13:57:36.45] /j ::xt::hercules::vue::addErrorDescription {"Area: 0.032"} 
[13:57:36.46] /j ::xt::hercules::vue::drawHighlights dff layout all 
[13:57:38.80] /# gi::executeAction deCanvasZoomOutAtPoint -in [gi::getWindows 7]
[13:57:38.80] /i de::zoom -window [gi::getWindows 7] -factor 0.5 -center {-7.996 0.739}
[13:57:38.80] /o {-8.416 0.613} {-7.612 0.989}
[13:57:39.35] /# gi::executeAction deCanvasZoomOutAtPoint -in [gi::getWindows 7]
[13:57:39.35] /i de::zoom -window [gi::getWindows 7] -factor 0.5 -center {-7.996 0.738}
[13:57:39.35] /o {-8.836 0.488} {-7.228 1.24}
[13:57:41.87] /j ::xt::hercules::vue::clearAllHighlights dff layout 
[13:57:41.88] /j ::xt::hercules::vue::setHighlightProperty dff layout yellow brick 
[13:57:41.88] /j ::xt::hercules::vue::addPolygonBegin 4 
[13:57:41.93] /j ::xt::hercules::vue::addPolygonPoints {-7.235 0.710 -7.235 0.860 -7.025 0.860 -7.025 0.710 -7.235 0.710} 
[13:57:41.93] /j ::xt::hercules::vue::addPolygonEnd 
[13:57:41.93] /j ::xt::hercules::vue::setViewPort extents {-7.261 0.691 -6.999 0.879} LAY 
[13:57:41.96] /j ::xt::hercules::vue::addErrorDescription {"Area: 0.032"} 
[13:57:41.97] /j ::xt::hercules::vue::drawHighlights dff layout all 
[13:57:42.41] /j ::xt::hercules::vue::clearAllHighlights dff layout 
[13:57:42.43] /j ::xt::hercules::vue::setHighlightProperty dff layout yellow brick 
[13:57:42.45] /j ::xt::hercules::vue::addPolygonBegin 4 
[13:57:42.50] /j ::xt::hercules::vue::addPolygonPoints {-8.090 0.405 -8.090 0.505 -7.920 0.505 -7.920 0.405 -8.090 0.405} 
[13:57:42.50] /j ::xt::hercules::vue::addPolygonEnd 
[13:57:42.50] /j ::xt::hercules::vue::setViewPort extents {-8.111 0.393 -7.899 0.517} LAY 
[13:57:42.51] /j ::xt::hercules::vue::addErrorDescription {"Area: 0.017"} 
[13:57:42.52] /j ::xt::hercules::vue::drawHighlights dff layout all 
[13:57:42.78] /j ::xt::hercules::vue::clearAllHighlights dff layout 
[13:57:42.78] /j ::xt::hercules::vue::setHighlightProperty dff layout yellow brick 
[13:57:42.79] /j ::xt::hercules::vue::addPolygonBegin 4 
[13:57:42.84] /j ::xt::hercules::vue::addPolygonPoints {-7.215 0.390 -7.215 0.490 -7.045 0.490 -7.045 0.390 -7.215 0.390} 
[13:57:42.84] /j ::xt::hercules::vue::addPolygonEnd 
[13:57:42.84] /j ::xt::hercules::vue::setViewPort extents {-7.236 0.378 -7.024 0.502} LAY 
[13:57:42.86] /j ::xt::hercules::vue::addErrorDescription {"Area: 0.017"} 
[13:57:42.88] /j ::xt::hercules::vue::drawHighlights dff layout all 
[13:57:43.46] /j ::xt::hercules::vue::clearAllHighlights dff layout 
[13:57:43.48] /j ::xt::hercules::vue::setHighlightProperty dff layout yellow brick 
[13:57:43.49] /j ::xt::hercules::vue::addPolygonBegin 4 
[13:57:43.52] /j ::xt::hercules::vue::addPolygonPoints {-8.090 0.405 -8.090 0.505 -7.920 0.505 -7.920 0.405 -8.090 0.405} 
[13:57:43.52] /j ::xt::hercules::vue::addPolygonEnd 
[13:57:43.52] /j ::xt::hercules::vue::setViewPort extents {-8.111 0.393 -7.899 0.517} LAY 
[13:57:43.55] /j ::xt::hercules::vue::addErrorDescription {"Area: 0.017"} 
[13:57:43.56] /j ::xt::hercules::vue::drawHighlights dff layout all 
[13:57:44.52] /j ::xt::hercules::vue::clearAllHighlights dff layout 
[13:57:44.54] /j ::xt::hercules::vue::setHighlightProperty dff layout yellow brick 
[13:57:44.56] /j ::xt::hercules::vue::addPolygonBegin 4 
[13:57:44.61] /j ::xt::hercules::vue::addPolygonPoints {-8.090 0.405 -8.090 0.505 -7.920 0.505 -7.920 0.405 -8.090 0.405} 
[13:57:44.62] /j ::xt::hercules::vue::addPolygonEnd 
[13:57:44.62] /j ::xt::hercules::vue::setViewPort extents {-8.111 0.393 -7.899 0.517} LAY 
[13:57:44.64] /j ::xt::hercules::vue::addErrorDescription {"Area: 0.017"} 
[13:57:44.65] /j ::xt::hercules::vue::drawHighlights dff layout all 
[13:57:48.78] /j ::xt::hercules::vue::clearAllHighlights dff layout 
[13:57:48.78] /j ::xt::hercules::vue::clearAllHighlights dff layout 
[13:57:48.98] /m Information: Connection closed with 'Hercules-VUE' running on 'localhost'.
[13:57:50.52] /# gi::executeAction deCanvasZoomOutAtPoint -in [gi::getWindows 7]
[13:57:50.52] /i de::zoom -window [gi::getWindows 7] -factor 0.5 -center {-7.939 0.459}
[13:57:50.52] /o {-8.336 0.327} {-7.806 0.575}
[13:57:51.05] /# gi::executeAction deCanvasZoomOutAtPoint -in [gi::getWindows 7]
[13:57:51.05] /i de::zoom -window [gi::getWindows 7] -factor 0.5 -center {-7.942 0.452}
[13:57:51.05] /o {-8.73 0.202} {-7.67 0.698}
[13:57:51.58] /# gi::executeAction deCanvasZoomOutAtPoint -in [gi::getWindows 7]
[13:57:51.58] /i de::zoom -window [gi::getWindows 7] -factor 0.5 -center {-7.81 0.463}
[13:57:51.58] /o {-9.65 -0.059} {-7.53 0.933}
[13:57:54.57] /j ::xt::hercules::vue::clearAllHighlights dff layout 
[13:57:54.59] /j ::xt::hercules::vue::clearAllHighlights dff layout 
[13:57:54.59] /j ::xt::hercules::vue::setHighlightProperty dff layout yellow brick 
[13:57:54.63] /j ::xt::hercules::vue::addPolygonBegin 4 
[13:57:54.63] /j ::xt::hercules::vue::addPolygonPoints {-8.080 0.665 -8.080 0.875 -7.930 0.875 -7.930 0.665 -8.080 0.665} 
[13:57:54.63] /j ::xt::hercules::vue::addPolygonEnd 
[13:57:54.64] /j ::xt::hercules::vue::setViewPort extents {-8.099 0.639 -7.911 0.901} LAY 
[13:57:54.65] /j ::xt::hercules::vue::addErrorDescription {"Area: 0.032"} 
[13:57:54.67] /j ::xt::hercules::vue::drawHighlights dff layout all 
[13:57:57.49] /# gi::executeAction deCanvasZoomOutAtPoint -in [gi::getWindows 7]
[13:57:57.49] /i de::zoom -window [gi::getWindows 7] -factor 0.5 -center {-7.891 0.804}
[13:57:57.49] /o {-8.679 0.474} {-7.559 0.998}
[13:57:57.80] /# gi::executeAction deCanvasZoomOutAtPoint -in [gi::getWindows 7]
[13:57:57.80] /i de::zoom -window [gi::getWindows 7] -factor 0.5 -center {-7.838 0.82}
[13:57:57.80] /o {-9.52 0.128} {-7.28 1.176}
[13:57:58.89] /# gi::executeAction dePan -in [gi::getWindows 7]
[13:57:58.90] /i ide::pan [db::getNext [de::getContexts -window 7]]
[13:57:59.16] /# gi::executeAction deStartDrag -in [gi::getWindows 7]
[13:57:59.16] /i de::startDrag {-7.732 0.734} -context [db::getNext [de::getContexts -window 7]]
[13:58:00.37] /# gi::executeAction deEndDrag -in [gi::getWindows 7]
[13:58:00.37] /i de::endDrag {-7.735 0.735} -context [db::getNext [de::getContexts -window 7]]
[13:58:00.37] /r dePanToPoint {-7.871 0.626}
[13:58:01.26] /# gi::executeAction deAddPoint -in [gi::getWindows 7]
[13:58:01.26] /i de::addPoint {-7.103 0.231} -context [db::getNext [de::getContexts -window 7]]
[13:58:02.41] /# gi::executeAction deStartDrag -in [gi::getWindows 7]
[13:58:02.41] /i de::startDrag {-7.034 0.088} -context [db::getNext [de::getContexts -window 7]]
[13:58:04.30] /# gi::executeAction deEndDrag -in [gi::getWindows 7]
[13:58:04.30] /i de::endDrag {-7.032 0.088} -context [db::getNext [de::getContexts -window 7]]
[13:58:04.30] /r dePanToPoint {-7.412 0.503}
[13:58:04.41] /# gi::executeAction deAbortCommand -in [gi::getWindows 7]
[13:58:04.41] /i de::abortCommand -context [db::getNext [de::getContexts -window 7]]
[13:58:06.75] /# gi::executeAction deSelectActive -in [gi::getWindows 7]
[13:58:06.75] /i de::deselectAllLogic -context [db::getNext [de::getContexts -window 7]]
[13:58:09.68] /# gi::setCurrentIndex {lpps} -index {poly drw} -in [gi::getAssistants leObjectLayerPanel -from [gi::getWindows 7]]
[13:58:09.68] /# gi::setItemSelection {lpps} -index {poly drw} -in [gi::getAssistants leObjectLayerPanel -from [gi::getWindows 7]]
[13:58:09.79] /# gi::executeAction leOLPSetActiveLPP -in [gi::getAssistants leObjectLayerPanel -from [gi::getWindows 7]]
[13:58:09.79] /i de::setActiveLPP [de::getLPPs -from [oa::DesignFind dff dff layout] -filter {%lpp =="poly drawing"}]
[13:58:10.68] /# gi::executeAction leRectangle -in [gi::getWindows 7]
[13:58:10.68] /i ile::createRectangle
[13:58:15.89] /# gi::executeAction deAddPoint -in [gi::getWindows 7]
[13:58:15.90] /i de::addPoint {-8.099 0.336} -context [db::getNext [de::getContexts -window 7]]
[13:58:21.43] /# gi::executeAction deAddPoint -in [gi::getWindows 7]
[13:58:21.43] /i de::addPoint {-7.541 0.507} -context [db::getNext [de::getContexts -window 7]]
[13:58:24.21] /# gi::setCurrentIndex {lpps} -index {m1 drw} -in [gi::getAssistants leObjectLayerPanel -from [gi::getWindows 7]]
[13:58:24.21] /# gi::setItemSelection {lpps} -index {m1 drw} -in [gi::getAssistants leObjectLayerPanel -from [gi::getWindows 7]]
[13:58:24.28] /# gi::executeAction leOLPSetActiveLPP -in [gi::getAssistants leObjectLayerPanel -from [gi::getWindows 7]]
[13:58:24.28] /i de::setActiveLPP [de::getLPPs -from [oa::DesignFind dff dff layout] -filter {%lpp =="m1 drawing"}]
[13:58:29.02] /# gi::executeAction deAddPoint -in [gi::getWindows 7]
[13:58:29.02] /i de::addPoint {-8.09 0.406} -context [db::getNext [de::getContexts -window 7]]
[13:58:35.93] /# gi::executeAction deAddPoint -in [gi::getWindows 7]
[13:58:35.93] /i de::addPoint {-7.924 0.845} -context [db::getNext [de::getContexts -window 7]]
[13:58:37.35] /# gi::executeAction deAbortCommand -in [gi::getWindows 7]
[13:58:37.35] /i de::abortCommand -context [db::getNext [de::getContexts -window 7]]
[13:58:39.99] /# gi::executeAction deCanvasZoomOutAtPoint -in [gi::getWindows 7]
[13:58:39.99] /i de::zoom -window [gi::getWindows 7] -factor 0.5 -center {-6.723 0.577}
[13:58:40.00] /o {-10.342 -0.618} {-5.862 1.478}
[13:58:43.27] /# gi::setCurrentIndex {lpps} -index {poly drw} -in [gi::getAssistants leObjectLayerPanel -from [gi::getWindows 7]]
[13:58:43.27] /# gi::setItemSelection {lpps} -index {poly drw} -in [gi::getAssistants leObjectLayerPanel -from [gi::getWindows 7]]
[13:58:43.35] /# gi::executeAction leOLPSetActiveLPP -in [gi::getAssistants leObjectLayerPanel -from [gi::getWindows 7]]
[13:58:43.35] /i de::setActiveLPP [de::getLPPs -from [oa::DesignFind dff dff layout] -filter {%lpp =="poly drawing"}]
[13:58:44.10] /# gi::executeAction deCanvasZoomInAtPoint -in [gi::getWindows 7]
[13:58:44.11] /i de::zoom -window [gi::getWindows 7] -factor 2.0 -center {-6.686 1.212}
[13:58:44.11] /o {-8.514 0.297} {-6.274 1.345}
[13:58:48.36] /# gi::executeAction deSelectActive -in [gi::getWindows 7]
[13:58:48.36] /i de::deselectAll [db::getNext [de::getContexts -window 7]]
[13:58:48.36] /i de::select [de::getActiveFigure [gi::getWindows 7] -point {-6.729 1.262} -index 0 -intent none]
[13:58:48.36] /o oa:0x212bbad0
[13:58:50.51] /# gi::executeAction leRectangle -in [gi::getWindows 7]
[13:58:50.51] /i ile::createRectangle
[13:58:54.06] /# gi::executeAction deAddPoint -in [gi::getWindows 7]
[13:58:54.06] /i de::addPoint {-6.732 1.274} -context [db::getNext [de::getContexts -window 7]]
[13:58:58.63] /# gi::executeAction deAddPoint -in [gi::getWindows 7]
[13:58:58.63] /i de::addPoint {-6.628 0.388} -context [db::getNext [de::getContexts -window 7]]
[13:58:59.78] /# gi::executeAction deAddPoint -in [gi::getWindows 7]
[13:58:59.78] /i de::addPoint {-6.628 0.388} -context [db::getNext [de::getContexts -window 7]]
[13:59:06.78] /# gi::executeAction deAddPoint -in [gi::getWindows 7]
[13:59:06.78] /i de::addPoint {-7.224 0.555} -context [db::getNext [de::getContexts -window 7]]
[13:59:09.23] /# gi::setCurrentIndex {lpps} -index {m1 drw} -in [gi::getAssistants leObjectLayerPanel -from [gi::getWindows 7]]
[13:59:09.23] /# gi::setItemSelection {lpps} -index {m1 drw} -in [gi::getAssistants leObjectLayerPanel -from [gi::getWindows 7]]
[13:59:09.33] /# gi::executeAction leOLPSetActiveLPP -in [gi::getAssistants leObjectLayerPanel -from [gi::getWindows 7]]
[13:59:09.33] /i de::setActiveLPP [de::getLPPs -from [oa::DesignFind dff dff layout] -filter {%lpp =="m1 drawing"}]
[13:59:11.28] /# gi::executeAction deAddPoint -in [gi::getWindows 7]
[13:59:11.28] /i de::addPoint {-7.211 0.392} -context [db::getNext [de::getContexts -window 7]]
[13:59:19.41] /# gi::executeAction deAddPoint -in [gi::getWindows 7]
[13:59:19.41] /i de::addPoint {-7.045 0.859} -context [db::getNext [de::getContexts -window 7]]
[13:59:21.46] /# gi::setCurrentIndex {lpps} -index {m2 drw} -in [gi::getAssistants leObjectLayerPanel -from [gi::getWindows 7]]
[13:59:21.46] /# gi::setItemSelection {lpps} -index {m2 drw} -in [gi::getAssistants leObjectLayerPanel -from [gi::getWindows 7]]
[13:59:21.59] /# gi::executeAction leOLPSetActiveLPP -in [gi::getAssistants leObjectLayerPanel -from [gi::getWindows 7]]
[13:59:21.59] /i de::setActiveLPP [de::getLPPs -from [oa::DesignFind dff dff layout] -filter {%lpp =="m2 drawing"}]
[13:59:24.89] /# gi::executeAction deAddPoint -in [gi::getWindows 7]
[13:59:24.89] /i de::addPoint {-7.055 0.889} -context [db::getNext [de::getContexts -window 7]]
[13:59:28.90] /# gi::executeAction deAbortCommand -in [gi::getWindows 7]
[13:59:28.90] /i de::abortCommand -context [db::getNext [de::getContexts -window 7]]
[13:59:29.81] /# gi::executeAction leRectangle -in [gi::getWindows 7]
[13:59:29.82] /i ile::createRectangle
[13:59:31.52] /# gi::executeAction deAddPoint -in [gi::getWindows 7]
[13:59:31.52] /i de::addPoint {-8.08 0.873} -context [db::getNext [de::getContexts -window 7]]
[13:59:35.20] /# gi::executeAction deAddPoint -in [gi::getWindows 7]
[13:59:35.20] /i de::addPoint {-7.057 0.682} -context [db::getNext [de::getContexts -window 7]]
[13:59:36.52] /# gi::executeAction deAbortCommand -in [gi::getWindows 7]
[13:59:36.52] /i de::abortCommand -context [db::getNext [de::getContexts -window 7]]
[13:59:38.67] /i gi::executeAction deSaveDesign -in [gi::getWindows 7]
[13:59:38.67] /m Information: Saving design 'dff dff layout'. (DESIGN_WINDOW-004)
[13:59:39.20] /i gi::executeAction deSaveDesign -in [gi::getWindows 7]
[13:59:39.21] /m Information: Saving design 'dff dff layout'. (DESIGN_WINDOW-004)
[13:59:43.17] /# gi::executeAction xtDRCRun -in [gi::getWindows 7]
[13:59:43.17] /i xt::physicalVerification::executeRun drc 7
[13:59:43.34] /# xt::physicalVerification::executePve drc 7
[13:59:47.78] /m Information: 
              /c =============================
              /c JobID: hercules_drc_33
              /c Completed with no errors.
              /c =============================
              /c 
[13:59:51.15] /i gi::pressButton {ConsoleToggleButton} -in [db::getAttr statusbar -of [gi::getWindows 9]]
[13:59:53.33] /i gi::pressButton {ConsoleToggleButton} -in [db::getAttr statusbar -of [gi::getWindows 9]]
[13:59:54.77] /i gi::setActiveWindow 7
[13:59:54.77] /i gi::setActiveWindow 7 -raise true
[13:59:55.82] /# gi::executeAction deCanvasZoomOutAtPoint -in [gi::getWindows 7]
[13:59:55.82] /i de::zoom -window [gi::getWindows 7] -factor 0.5 -center {-6.763 0.953}
[13:59:55.82] /o {-10.265 -0.359} {-5.785 1.737}
[13:59:57.85] /# gi::executeAction dePan -in [gi::getWindows 7]
[13:59:57.85] /i ide::pan [db::getNext [de::getContexts -window 7]]
[13:59:58.16] /# gi::executeAction deStartDrag -in [gi::getWindows 7]
[13:59:58.16] /i de::startDrag {-6.267 0.801} -context [db::getNext [de::getContexts -window 7]]
[14:00:01.24] /# gi::executeAction deEndDrag -in [gi::getWindows 7]
[14:00:01.24] /i de::endDrag {-6.27 0.801} -context [db::getNext [de::getContexts -window 7]]
[14:00:01.24] /r dePanToPoint {-5.872 1.239}
[14:00:05.16] /# gi::executeAction deAbortCommand -in [gi::getWindows 7]
[14:00:05.16] /i de::abortCommand -context [db::getNext [de::getContexts -window 7]]
[14:00:07.41] /# gi::setCurrentIndex {lpps} -index {m1 drw} -in [gi::getAssistants leObjectLayerPanel -from [gi::getWindows 7]]
[14:00:07.41] /# gi::setItemSelection {lpps} -index {m1 drw} -in [gi::getAssistants leObjectLayerPanel -from [gi::getWindows 7]]
[14:00:07.53] /# gi::executeAction leOLPSetActiveLPP -in [gi::getAssistants leObjectLayerPanel -from [gi::getWindows 7]]
[14:00:07.53] /i de::setActiveLPP [de::getLPPs -from [oa::DesignFind dff dff layout] -filter {%lpp =="m1 drawing"}]
[14:00:09.14] /# gi::executeAction leRectangle -in [gi::getWindows 7]
[14:00:09.14] /i ile::createRectangle
[14:00:11.46] /# gi::executeAction deCanvasZoomInAtPoint -in [gi::getWindows 7]
[14:00:11.46] /i de::zoom -window [gi::getWindows 7] -factor 2.0 -center {-4.176 1.406}
[14:00:11.46] /o {-6.144 0.799} {-3.904 1.847}
[14:00:11.99] /# gi::executeAction deCanvasZoomOutAtPoint -in [gi::getWindows 7]
[14:00:11.99] /i de::zoom -window [gi::getWindows 7] -factor 0.5 -center {-4.165 1.399}
[14:00:11.99] /o {-8.123 0.198} {-3.643 2.294}
[14:00:13.46] /# gi::executeAction deAddPoint -in [gi::getWindows 7]
[14:00:13.46] /i de::addPoint {-4.176 1.396} -context [db::getNext [de::getContexts -window 7]]
[14:00:16.72] /# gi::executeAction deAddPoint -in [gi::getWindows 7]
[14:00:16.72] /i de::addPoint {-4.076 0.258} -context [db::getNext [de::getContexts -window 7]]
[14:00:20.82] /# gi::executeAction deAddPoint -in [gi::getWindows 7]
[14:00:20.82] /i de::addPoint {-3.825 1.413} -context [db::getNext [de::getContexts -window 7]]
[14:00:26.12] /# gi::executeAction deAddPoint -in [gi::getWindows 7]
[14:00:26.12] /i de::addPoint {-3.723 0.269} -context [db::getNext [de::getContexts -window 7]]
[14:00:27.07] /# gi::executeAction deAbortCommand -in [gi::getWindows 7]
[14:00:27.07] /i de::abortCommand -context [db::getNext [de::getContexts -window 7]]
[14:00:55.37] /# gi::executeAction leVia -in [gi::getWindows 7]
[14:00:55.37] /i ile::createVia
[14:00:55.59] /o oa:0x1e856ba0
[14:00:59.61] /i gi::setField {viaDefName} -value {via12} -in [gi::getToolbars {deCommandOptions} -from [gi::getWindows 7]]
[14:01:15.87] /# gi::executeAction deAddPoint -in [gi::getWindows 7]
[14:01:15.88] /i de::addPoint {-6.5 2.151} -context [db::getNext [de::getContexts -window 7]]
[14:01:21.41] /# gi::executeAction deAddPoint -in [gi::getWindows 7]
[14:01:21.41] /i de::addPoint {-4.133 2.149} -context [db::getNext [de::getContexts -window 7]]
[14:01:26.52] /# gi::executeAction leRotate90 -in [gi::getWindows 7]
[14:01:26.52] /i de::commandOption R90 -point {-6.589 1.715}
[14:01:27.67] /# gi::executeAction leRotate90 -in [gi::getWindows 7]
[14:01:27.67] /i de::commandOption R90 -point {-6.577 1.755}
[14:01:27.88] /# gi::executeAction leRotate90 -in [gi::getWindows 7]
[14:01:27.88] /i de::commandOption R90 -point {-7.156 2.052}
[14:01:28.05] /# gi::executeAction leRotate90 -in [gi::getWindows 7]
[14:01:28.05] /i de::commandOption R90 -point {-7.584 2.266}
[14:01:28.23] /# gi::executeAction leRotate90 -in [gi::getWindows 7]
[14:01:28.23] /i de::commandOption R90 -point {-7.376 2.209}
[14:01:28.59] /# gi::executeAction deAbortCommand -in [gi::getWindows 7]
[14:01:28.60] /i de::abortCommand -context [db::getNext [de::getContexts -window 7]]
[14:01:28.92] /# gi::executeAction leRectangle -in [gi::getWindows 7]
[14:01:28.92] /i ile::createRectangle
[14:01:31.65] /# gi::executeAction deAddPoint -in [gi::getWindows 7]
[14:01:31.65] /i de::addPoint {-6.557 1.766} -context [db::getNext [de::getContexts -window 7]]
[14:01:41.51] /# gi::executeAction deAddPoint -in [gi::getWindows 7]
[14:01:41.51] /i de::addPoint {-6.457 2.223} -context [db::getNext [de::getContexts -window 7]]
[14:01:44.59] /# gi::executeAction deAddPoint -in [gi::getWindows 7]
[14:01:44.59] /i de::addPoint {-4.176 1.781} -context [db::getNext [de::getContexts -window 7]]
[14:01:48.63] /# gi::executeAction deAddPoint -in [gi::getWindows 7]
[14:01:48.63] /i de::addPoint {-4.076 2.226} -context [db::getNext [de::getContexts -window 7]]
[14:01:50.11] /# gi::setCurrentIndex {lpps} -index {m2 drw} -in [gi::getAssistants leObjectLayerPanel -from [gi::getWindows 7]]
[14:01:50.11] /# gi::setItemSelection {lpps} -index {m2 drw} -in [gi::getAssistants leObjectLayerPanel -from [gi::getWindows 7]]
[14:01:50.18] /# gi::executeAction leOLPSetActiveLPP -in [gi::getAssistants leObjectLayerPanel -from [gi::getWindows 7]]
[14:01:50.18] /i de::setActiveLPP [de::getLPPs -from [oa::DesignFind dff dff layout] -filter {%lpp =="m2 drawing"}]
[14:01:54.05] /# gi::executeAction deAddPoint -in [gi::getWindows 7]
[14:01:54.05] /i de::addPoint {-6.574 2.257} -context [db::getNext [de::getContexts -window 7]]
[14:02:00.50] /# gi::executeAction deAddPoint -in [gi::getWindows 7]
[14:02:00.50] /i de::addPoint {-4.062 2.052} -context [db::getNext [de::getContexts -window 7]]
[14:02:02.61] /# gi::executeAction deAbortCommand -in [gi::getWindows 7]
[14:02:02.61] /i de::abortCommand -context [db::getNext [de::getContexts -window 7]]
[14:02:09.48] /i gi::executeAction deSaveDesign -in [gi::getWindows 7]
[14:02:09.48] /m Information: Saving design 'dff dff layout'. (DESIGN_WINDOW-004)
[14:02:10.61] /i gi::executeAction deSaveDesign -in [gi::getWindows 7]
[14:02:10.61] /m Information: Saving design 'dff dff layout'. (DESIGN_WINDOW-004)
[14:02:14.26] /# gi::executeAction xtDRCRun -in [gi::getWindows 7]
[14:02:14.26] /i xt::physicalVerification::executeRun drc 7
[14:02:14.46] /# xt::physicalVerification::executePve drc 7
[14:02:17.99] /m Information: 
              /c =============================
              /c JobID: hercules_drc_34
              /c Completed with no errors.
              /c =============================
              /c 
[14:02:20.86] /i gi::setActiveWindow 7
[14:02:20.86] /i gi::setActiveWindow 7 -raise true
[14:02:26.81] /# gi::executeAction deSelectActive -in [gi::getWindows 7]
[14:02:26.81] /i de::deselectAll [db::getNext [de::getContexts -window 7]]
[14:02:26.81] /i de::select [de::getActiveFigure [gi::getWindows 7] -point {-5.305 2.22} -index 0 -intent none]
[14:02:26.81] /o oa:0x20f80130
[14:02:27.22] /# gi::executeAction leMove -in [gi::getWindows 7]
[14:02:27.22] /i ile::move
[14:02:27.61] /# gi::executeAction deAddPoint -in [gi::getWindows 7]
[14:02:27.61] /i de::addPoint {-5.305 2.22} -context [db::getNext [de::getContexts -window 7]]
[14:02:29.01] /# gi::executeAction deAddPoint -in [gi::getWindows 7]
[14:02:29.01] /i de::addPoint {-5.148 0.509} -context [db::getNext [de::getContexts -window 7]]
[14:02:29.72] /# gi::executeAction leMove -in [gi::getWindows 7]
[14:02:29.72] /i ile::move
[14:02:32.66] /# gi::executeAction deAbortCommand -in [gi::getWindows 7]
[14:02:32.66] /i de::abortCommand -context [db::getNext [de::getContexts -window 7]]
[14:02:34.50] /# gi::executeAction deSelectActive -in [gi::getWindows 7]
[14:02:34.50] /i de::deselectAll [db::getNext [de::getContexts -window 7]]
[14:02:34.50] /i de::select [de::getActiveFigure [gi::getWindows 7] -point {-6.503 1.986} -index 0 -intent none]
[14:02:34.50] /o oa:0x2115eb20
[14:02:36.73] /# gi::executeAction leMove -in [gi::getWindows 7]
[14:02:36.73] /i ile::move
[14:02:37.07] /# gi::executeAction deAddPoint -in [gi::getWindows 7]
[14:02:37.07] /i de::addPoint {-6.514 1.98} -context [db::getNext [de::getContexts -window 7]]
[14:02:39.90] /# gi::executeAction deAddPoint -in [gi::getWindows 7]
[14:02:39.90] /i de::addPoint {-6.517 1.883} -context [db::getNext [de::getContexts -window 7]]
[14:02:40.88] /# gi::executeAction deSelectActive -in [gi::getWindows 7]
[14:02:40.88] /i de::deselectAll [db::getNext [de::getContexts -window 7]]
[14:02:40.88] /i de::select [de::getActiveFigure [gi::getWindows 7] -point {-6.506 2.22} -index 0 -intent none]
[14:02:40.88] /o oa:0x1f8fb480
[14:02:43.08] /# gi::executeAction deSelectActive -in [gi::getWindows 7]
[14:02:43.09] /i de::cycleActiveFigure [gi::getWindows 7] -direction next
[14:02:43.09] /o oa:0x1fb5c470
[14:02:44.08] /# gi::executeAction leMove -in [gi::getWindows 7]
[14:02:44.08] /i ile::move
[14:02:44.71] /# gi::executeAction deAddPoint -in [gi::getWindows 7]
[14:02:44.71] /i de::addPoint {-6.469 2.24} -context [db::getNext [de::getContexts -window 7]]
[14:02:51.59] /# gi::executeAction deAddPoint -in [gi::getWindows 7]
[14:02:51.59] /i de::addPoint {-6.472 2.149} -context [db::getNext [de::getContexts -window 7]]
[14:02:53.39] /# gi::executeAction deSelectActive -in [gi::getWindows 7]
[14:02:53.39] /i de::deselectAll [db::getNext [de::getContexts -window 7]]
[14:02:53.39] /i de::select [de::getActiveFigure [gi::getWindows 7] -point {-4.125 2.006} -index 0 -intent none]
[14:02:53.39] /o oa:0x2107dfe0
[14:02:53.64] /# gi::executeAction leMove -in [gi::getWindows 7]
[14:02:53.64] /i ile::move
[14:02:54.00] /# gi::executeAction deAddPoint -in [gi::getWindows 7]
[14:02:54.00] /i de::addPoint {-4.125 2.006} -context [db::getNext [de::getContexts -window 7]]
[14:02:57.18] /# gi::executeAction deAddPoint -in [gi::getWindows 7]
[14:02:57.18] /i de::addPoint {-4.125 1.915} -context [db::getNext [de::getContexts -window 7]]
[14:02:57.78] /# gi::executeAction leMove -in [gi::getWindows 7]
[14:02:57.78] /i ile::move
[14:02:59.90] /# gi::executeAction deAddPoint -in [gi::getWindows 7]
[14:02:59.90] /i de::addPoint {-4.105 2.226} -context [db::getNext [de::getContexts -window 7]]
[14:03:00.75] /# gi::executeAction deAddPoint -in [gi::getWindows 7]
[14:03:00.75] /i de::addPoint {-4.105 2.226} -context [db::getNext [de::getContexts -window 7]]
[14:03:01.40] /# gi::executeAction leMove -in [gi::getWindows 7]
[14:03:01.40] /i ile::move
[14:03:01.74] /# gi::executeAction deAddPoint -in [gi::getWindows 7]
[14:03:01.74] /i de::addPoint {-4.105 2.226} -context [db::getNext [de::getContexts -window 7]]
[14:03:05.32] /# gi::executeAction deAddPoint -in [gi::getWindows 7]
[14:03:05.32] /i de::addPoint {-4.105 2.157} -context [db::getNext [de::getContexts -window 7]]
[14:03:06.17] /# gi::executeAction deSelectActive -in [gi::getWindows 7]
[14:03:06.17] /i de::deselectAll [db::getNext [de::getContexts -window 7]]
[14:03:06.17] /i de::select [de::getActiveFigure [gi::getWindows 7] -point {-4.102 2.223} -index 0 -intent none]
[14:03:06.17] /o oa:0x1db62400
[14:03:06.81] /# gi::executeAction leMove -in [gi::getWindows 7]
[14:03:06.81] /i ile::move
[14:03:07.15] /# gi::executeAction deAddPoint -in [gi::getWindows 7]
[14:03:07.15] /i de::addPoint {-4.102 2.223} -context [db::getNext [de::getContexts -window 7]]
[14:03:15.67] /# gi::executeAction deAddPoint -in [gi::getWindows 7]
[14:03:15.67] /i de::addPoint {-4.108 2.134} -context [db::getNext [de::getContexts -window 7]]
[14:03:17.26] /# gi::executeAction leMove -in [gi::getWindows 7]
[14:03:17.26] /i ile::move
[14:03:17.59] /# gi::executeAction deAddPoint -in [gi::getWindows 7]
[14:03:17.59] /i de::addPoint {-4.416 0.438} -context [db::getNext [de::getContexts -window 7]]
[14:03:19.14] /# gi::executeAction deAbortCommand -in [gi::getWindows 7]
[14:03:19.14] /i de::abortCommand -context [db::getNext [de::getContexts -window 7]]
[14:03:20.51] /# gi::executeAction deSelectActive -in [gi::getWindows 7]
[14:03:20.51] /i de::deselectAll [db::getNext [de::getContexts -window 7]]
[14:03:20.51] /i de::deselectAllLogic -context [db::getNext [de::getContexts -window 7]]
[14:03:21.00] /# gi::executeAction deSelectActive -in [gi::getWindows 7]
[14:03:21.00] /i de::deselectAll [db::getNext [de::getContexts -window 7]]
[14:03:21.00] /i de::select [de::getActiveFigure [gi::getWindows 7] -point {-4.379 0.398} -index 0 -intent none]
[14:03:21.00] /o oa:0x1fb2c2c0
[14:03:21.70] /# gi::executeAction leMove -in [gi::getWindows 7]
[14:03:21.70] /i ile::move
[14:03:21.88] /# gi::executeAction deAddPoint -in [gi::getWindows 7]
[14:03:21.88] /i de::addPoint {-4.379 0.398} -context [db::getNext [de::getContexts -window 7]]
[14:03:29.10] /# gi::executeAction deAddPoint -in [gi::getWindows 7]
[14:03:29.10] /i de::addPoint {-4.538 2.02} -context [db::getNext [de::getContexts -window 7]]
[14:03:29.84] /# gi::executeAction deCanvasZoomInAtPoint -in [gi::getWindows 7]
[14:03:29.84] /i de::zoom -window [gi::getWindows 7] -factor 2.0 -center {-3.78 2.114}
[14:03:29.84] /o {-5.951 1.156} {-3.711 2.204}
[14:03:31.42] /# gi::executeAction deSelectActive -in [gi::getWindows 7]
[14:03:31.42] /i de::deselectAll [db::getNext [de::getContexts -window 7]]
[14:03:31.42] /i de::deselectAllLogic -context [db::getNext [de::getContexts -window 7]]
[14:03:32.09] /# gi::executeAction leStretch -in [gi::getWindows 7]
[14:03:32.09] /i ile::stretch
[14:03:33.56] /# gi::executeAction deAddPoint -in [gi::getWindows 7]
[14:03:33.56] /i de::addPoint {-4.065 2.067} -context [db::getNext [de::getContexts -window 7]]
[14:03:35.57] /# gi::executeAction deAddPoint -in [gi::getWindows 7]
[14:03:35.57] /i de::addPoint {-4.071 2.069} -context [db::getNext [de::getContexts -window 7]]
[14:03:36.11] /# gi::executeAction deCanvasZoomOutAtPoint -in [gi::getWindows 7]
[14:03:36.11] /i de::zoom -window [gi::getWindows 7] -factor 0.5 -center {-4.035 2.077}
[14:03:36.11] /o {-7.868 0.235} {-3.388 2.331}
[14:03:37.18] /# gi::executeAction deAbortCommand -in [gi::getWindows 7]
[14:03:37.18] /i de::abortCommand -context [db::getNext [de::getContexts -window 7]]
[14:03:37.37] /i gi::executeAction deCanvasDragCancel -in [gi::getWindows 7]
[14:03:38.17] /i gi::executeAction deSaveDesign -in [gi::getWindows 7]
[14:03:38.17] /m Information: Saving design 'dff dff layout'. (DESIGN_WINDOW-004)
[14:03:38.39] /i gi::executeAction deSaveDesign -in [gi::getWindows 7]
[14:03:38.39] /m Information: Saving design 'dff dff layout'. (DESIGN_WINDOW-004)
[14:03:38.59] /i gi::executeAction deSaveDesign -in [gi::getWindows 7]
[14:03:38.59] /m Information: Saving design 'dff dff layout'. (DESIGN_WINDOW-004)
[14:03:38.78] /i gi::executeAction deSaveDesign -in [gi::getWindows 7]
[14:03:38.78] /m Information: Saving design 'dff dff layout'. (DESIGN_WINDOW-004)
[14:03:38.99] /i gi::executeAction deSaveDesign -in [gi::getWindows 7]
[14:03:38.99] /m Information: Saving design 'dff dff layout'. (DESIGN_WINDOW-004)
[14:03:41.69] /# gi::executeAction xtDRCRun -in [gi::getWindows 7]
[14:03:41.69] /i xt::physicalVerification::executeRun drc 7
[14:03:41.94] /# xt::physicalVerification::executePve drc 7
[14:03:46.09] /m Information: 
              /c =============================
              /c JobID: hercules_drc_35
              /c --- ERROR SUMMARY -----------
              /c  7.74/7.75: Minimum enclosure of via1 within Metal 2 >= 0.01; Minimum end of Line enclosure of via1 within Metal 2 >= 0.04
              /c  ENCLOSE V1S BY M2S { } (102) ........................... 2 violations found.
              /c =============================
              /c 
[14:03:46.58] /j ::xt::hercules::vue::_private::registerConnection localhost:54287 tcp50 herculesVue_7 
[14:03:46.64] /j ::xt::hercules::vue::_private::isJobReady 
[14:03:46.64] /o false
[14:03:47.64] /j ::xt::hercules::vue::_private::isJobReady 
[14:03:47.64] /o false
[14:03:48.65] /m Information: Connection established with 'Hercules-VUE' running on 'localhost'.
[14:03:48.65] /j ::xt::hercules::vue::_private::isJobReady 
[14:03:48.65] /o true
[14:03:48.65] /j ::xt::hercules::vue::startFilter LAY 
[14:03:49.03] /j ::xt::hercules::vue::setInlibPath /root/Excercise/DFlipFlop/synopsys_custom/dff.hercules.drc/. 
[14:03:49.05] /j ::xt::hercules::vue::setTopLayLCV dff dff layout 
[14:03:49.07] /j ::xt::hercules::vue::openCell dff dff layout 
[14:03:50.61] /j ::xt::hercules::vue::clearAllHighlights dff layout 
[14:03:51.58] /j ::xt::hercules::vue::clearAllHighlights dff layout 
[14:03:51.59] /j ::xt::hercules::vue::clearAllHighlights dff layout 
[14:03:51.59] /j ::xt::hercules::vue::openCell dff dff layout 
[14:03:52.19] /j ::xt::hercules::vue::clearAllHighlights dff layout 
[14:03:52.22] /j ::xt::hercules::vue::clearAllHighlights dff layout 
[14:03:52.23] /j ::xt::hercules::vue::setHighlightProperty dff layout yellow brick 
[14:03:52.25] /j ::xt::hercules::vue::addPolygonBegin 4 
[14:03:52.28] /j ::xt::hercules::vue::addPolygonPoints {-6.576 1.959 -6.566 1.996 -6.564 1.996 -6.574 1.959 -6.576 1.959} 
[14:03:52.28] /j ::xt::hercules::vue::addPolygonEnd 
[14:03:52.28] /j ::xt::hercules::vue::setViewPort extents {-6.578 1.954 -6.562 2.001} LAY 
[14:03:52.29] /j ::xt::hercules::vue::addErrorDescription {"Distance: 0.036"} 
[14:03:52.31] /j ::xt::hercules::vue::drawHighlights dff layout all 
[14:03:58.44] /j ::xt::hercules::vue::clearAllHighlights dff layout 
[14:03:58.46] /j ::xt::hercules::vue::setHighlightProperty dff layout yellow brick 
[14:03:58.48] /j ::xt::hercules::vue::addPolygonBegin 4 
[14:03:58.52] /j ::xt::hercules::vue::addPolygonPoints {-6.576 1.959 -6.566 1.996 -6.564 1.996 -6.574 1.959 -6.576 1.959} 
[14:03:58.52] /j ::xt::hercules::vue::addPolygonEnd 
[14:03:58.52] /j ::xt::hercules::vue::setViewPort extents {-6.578 1.954 -6.562 2.001} LAY 
[14:03:58.54] /j ::xt::hercules::vue::addErrorDescription {"Distance: 0.036"} 
[14:03:58.56] /j ::xt::hercules::vue::drawHighlights dff layout all 
[14:03:58.64] /j ::xt::hercules::vue::clearAllHighlights dff layout 
[14:03:58.66] /j ::xt::hercules::vue::setHighlightProperty dff layout yellow brick 
[14:03:58.68] /j ::xt::hercules::vue::addPolygonBegin 4 
[14:03:58.72] /j ::xt::hercules::vue::addPolygonPoints {-6.576 1.959 -6.566 1.996 -6.564 1.996 -6.574 1.959 -6.576 1.959} 
[14:03:58.72] /j ::xt::hercules::vue::addPolygonEnd 
[14:03:58.72] /j ::xt::hercules::vue::setViewPort extents {-6.578 1.954 -6.562 2.001} LAY 
[14:03:58.74] /j ::xt::hercules::vue::addErrorDescription {"Distance: 0.036"} 
[14:03:58.77] /j ::xt::hercules::vue::drawHighlights dff layout all 
[14:03:59.90] /i gi::setActiveWindow 9
[14:03:59.90] /i gi::setActiveWindow 9 -raise true
[14:04:00.01] /i gi::setActiveWindow 7
[14:04:00.01] /i gi::setActiveWindow 7 -raise true
[14:04:01.12] /# gi::executeAction deCanvasZoomOutAtPoint -in [gi::getWindows 7]
[14:04:01.12] /i de::zoom -window [gi::getWindows 7] -factor 0.5 -center {-6.558 1.995}
[14:04:01.13] /o {-6.682 1.913} {-6.482 2.007}
[14:04:01.59] /# gi::executeAction deCanvasZoomOutAtPoint -in [gi::getWindows 7]
[14:04:01.59] /i de::zoom -window [gi::getWindows 7] -factor 0.5 -center {-6.55 1.99}
[14:04:01.59] /o {-6.815 1.836} {-6.413 2.024}
[14:04:02.13] /# gi::executeAction deCanvasZoomOutAtPoint -in [gi::getWindows 7]
[14:04:02.13] /i de::zoom -window [gi::getWindows 7] -factor 0.5 -center {-6.522 1.986}
[14:04:02.13] /o {-7.108 1.686} {-6.304 2.062}
[14:04:02.66] /# gi::executeAction deCanvasZoomOutAtPoint -in [gi::getWindows 7]
[14:04:02.66] /i de::zoom -window [gi::getWindows 7] -factor 0.5 -center {-6.443 1.987}
[14:04:02.66] /o {-7.773 1.385} {-6.165 2.137}
[14:04:04.07] /i de::undoTransaction -design [db::getAttr editDesign -of [de::getContexts -window 7]] -steps 1
[14:04:04.53] /i de::undoTransaction -design [db::getAttr editDesign -of [de::getContexts -window 7]] -steps 1
[14:04:04.98] /i de::undoTransaction -design [db::getAttr editDesign -of [de::getContexts -window 7]] -steps 1
[14:04:05.44] /i de::undoTransaction -design [db::getAttr editDesign -of [de::getContexts -window 7]] -steps 1
[14:04:06.11] /i de::undoTransaction -design [db::getAttr editDesign -of [de::getContexts -window 7]] -steps 1
[14:04:06.53] /i de::undoTransaction -design [db::getAttr editDesign -of [de::getContexts -window 7]] -steps 1
[14:04:06.82] /i de::undoTransaction -design [db::getAttr editDesign -of [de::getContexts -window 7]] -steps 1
[14:04:07.00] /i de::undoTransaction -design [db::getAttr editDesign -of [de::getContexts -window 7]] -steps 1
[14:04:07.16] /i de::undoTransaction -design [db::getAttr editDesign -of [de::getContexts -window 7]] -steps 1
[14:04:08.56] /i de::undoTransaction -design [db::getAttr editDesign -of [de::getContexts -window 7]] -steps 1
[14:04:09.40] /# gi::executeAction deCanvasZoomOutAtPoint -in [gi::getWindows 7]
[14:04:09.40] /i de::zoom -window [gi::getWindows 7] -factor 0.5 -center {-6.73 1.907}
[14:04:09.40] /o {-8.815 0.863} {-5.601 2.367}
[14:04:11.44] /i de::redoTransaction -design [db::getAttr editDesign -of [de::getContexts -window 7]] -steps 1
[14:04:12.50] /# gi::executeAction dePan -in [gi::getWindows 7]
[14:04:12.50] /i ide::pan [db::getNext [de::getContexts -window 7]]
[14:04:13.03] /# gi::executeAction deStartDrag -in [gi::getWindows 7]
[14:04:13.03] /i de::startDrag {-6.906 2.279} -context [db::getNext [de::getContexts -window 7]]
[14:04:14.70] /# gi::executeAction deEndDrag -in [gi::getWindows 7]
[14:04:14.70] /i de::endDrag {-6.91 2.279} -context [db::getNext [de::getContexts -window 7]]
[14:04:14.70] /r dePanToPoint {-5.642 1.701}
[14:04:21.70] /# gi::executeAction xtDRCRun -in [gi::getWindows 7]
[14:04:21.70] /i xt::physicalVerification::executeRun drc 7
[14:04:22.05] /# xt::physicalVerification::executePve drc 7
[14:04:26.20] /m Information: 
              /c =============================
              /c JobID: hercules_drc_36
              /c --- ERROR SUMMARY -----------
              /c  7.74/7.75: Minimum enclosure of via1 within Metal 2 >= 0.01; Minimum end of Line enclosure of via1 within Metal 2 >= 0.04
              /c  ENCLOSE V1S BY M2S { } (102) ........................... 2 violations found.
              /c =============================
              /c 
[14:04:26.78] /j ::xt::hercules::vue::_private::registerConnection localhost:40208 tcp56 herculesVue_8 
[14:04:26.79] /m Information: Connection established with 'Hercules-VUE' running on 'localhost'.
[14:04:26.83] /j ::xt::hercules::vue::_private::isJobReady 
[14:04:26.83] /o true
[14:04:26.86] /j ::xt::hercules::vue::startFilter LAY 
[14:04:27.37] /j ::xt::hercules::vue::setInlibPath /root/Excercise/DFlipFlop/synopsys_custom/dff.hercules.drc/. 
[14:04:27.37] /j ::xt::hercules::vue::setTopLayLCV dff dff layout 
[14:04:27.38] /j ::xt::hercules::vue::openCell dff dff layout 
[14:04:28.69] /j ::xt::hercules::vue::clearAllHighlights dff layout 
[14:04:30.33] /j ::xt::hercules::vue::clearAllHighlights dff layout 
[14:04:30.35] /j ::xt::hercules::vue::clearAllHighlights dff layout 
[14:04:30.37] /j ::xt::hercules::vue::openCell dff dff layout 
[14:04:30.77] /j ::xt::hercules::vue::clearAllHighlights dff layout 
[14:04:30.78] /j ::xt::hercules::vue::clearAllHighlights dff layout 
[14:04:30.79] /j ::xt::hercules::vue::setHighlightProperty dff layout yellow brick 
[14:04:30.79] /j ::xt::hercules::vue::addPolygonBegin 4 
[14:04:30.83] /j ::xt::hercules::vue::addPolygonPoints {-6.576 1.959 -6.566 1.996 -6.564 1.996 -6.574 1.959 -6.576 1.959} 
[14:04:30.83] /j ::xt::hercules::vue::addPolygonEnd 
[14:04:30.83] /j ::xt::hercules::vue::setViewPort extents {-6.578 1.954 -6.562 2.001} LAY 
[14:04:30.85] /j ::xt::hercules::vue::addErrorDescription {"Distance: 0.036"} 
[14:04:30.87] /j ::xt::hercules::vue::drawHighlights dff layout all 
[14:04:33.06] /i gi::setActiveWindow 9
[14:04:33.06] /i gi::setActiveWindow 9 -raise true
[14:04:33.24] /i gi::setActiveWindow 7
[14:04:33.24] /i gi::setActiveWindow 7 -raise true
[14:04:34.77] /# gi::executeAction deCanvasZoomOutAtPoint -in [gi::getWindows 7]
[14:04:34.77] /i de::zoom -window [gi::getWindows 7] -factor 0.5 -center {-6.545 1.991}
[14:04:34.77] /o {-6.695 1.917} {-6.495 2.011}
[14:04:34.86] /# gi::executeAction deCanvasZoomOutAtPoint -in [gi::getWindows 7]
[14:04:34.86] /i de::zoom -window [gi::getWindows 7] -factor 0.5 -center {-6.544 1.99}
[14:04:34.86] /o {-6.847 1.844} {-6.445 2.032}
[14:04:35.33] /# gi::executeAction deCanvasZoomOutAtPoint -in [gi::getWindows 7]
[14:04:35.33] /i de::zoom -window [gi::getWindows 7] -factor 0.5 -center {-6.544 1.99}
[14:04:35.33] /o {-7.15 1.698} {-6.346 2.074}
[14:04:35.81] /# gi::executeAction dePan -in [gi::getWindows 7]
[14:04:35.81] /i ide::pan [db::getNext [de::getContexts -window 7]]
[14:04:36.22] /# gi::executeAction deStartDrag -in [gi::getWindows 7]
[14:04:36.22] /i de::startDrag {-6.59 2.013} -context [db::getNext [de::getContexts -window 7]]
[14:04:37.83] /# gi::executeAction deEndDrag -in [gi::getWindows 7]
[14:04:37.83] /i de::endDrag {-6.59 2.013} -context [db::getNext [de::getContexts -window 7]]
[14:04:37.83] /r dePanToPoint {-6.504 1.983}
[14:04:38.62] /i gi::executeAction deSaveDesign -in [gi::getWindows 7]
[14:04:38.63] /m Information: Saving design 'dff dff layout'. (DESIGN_WINDOW-004)
[14:04:38.86] /i gi::executeAction deSaveDesign -in [gi::getWindows 7]
[14:04:38.86] /m Information: Saving design 'dff dff layout'. (DESIGN_WINDOW-004)
[14:04:39.33] /i gi::executeAction deSaveDesign -in [gi::getWindows 7]
[14:04:39.33] /m Information: Saving design 'dff dff layout'. (DESIGN_WINDOW-004)
[14:04:44.75] /# gi::executeAction xtDRCRun -in [gi::getWindows 7]
[14:04:44.75] /i xt::physicalVerification::executeRun drc 7
[14:04:45.08] /# xt::physicalVerification::executePve drc 7
[14:04:49.29] /m Information: 
              /c =============================
              /c JobID: hercules_drc_37
              /c Completed with no errors.
              /c =============================
              /c 
[14:04:51.31] /i gi::setActiveWindow 7
[14:04:51.31] /i gi::setActiveWindow 7 -raise true
[14:04:51.90] /# gi::executeAction deCanvasZoomOutAtPoint -in [gi::getWindows 7]
[14:04:51.90] /i de::zoom -window [gi::getWindows 7] -factor 0.5 -center {-6.374 2.112}
[14:04:51.90] /o {-7.438 1.477} {-5.83 2.229}
[14:04:52.24] /# gi::executeAction deCanvasZoomOutAtPoint -in [gi::getWindows 7]
[14:04:52.24] /i de::zoom -window [gi::getWindows 7] -factor 0.5 -center {-6.277 2.046}
[14:04:52.24] /o {-8.598 0.909} {-5.384 2.413}
[14:04:52.77] /# gi::executeAction deCanvasZoomOutAtPoint -in [gi::getWindows 7]
[14:04:52.77] /i de::zoom -window [gi::getWindows 7] -factor 0.5 -center {-6.122 1.889}
[14:04:52.77] /o {-11.075 -0.072} {-4.645 2.936}
[14:04:54.24] /# gi::executeAction dePan -in [gi::getWindows 7]
[14:04:54.24] /i ide::pan [db::getNext [de::getContexts -window 7]]
[14:04:54.71] /# gi::executeAction deStartDrag -in [gi::getWindows 7]
[14:04:54.71] /i de::startDrag {-5.308 0.661} -context [db::getNext [de::getContexts -window 7]]
[14:04:57.47] /# gi::executeAction deEndDrag -in [gi::getWindows 7]
[14:04:57.47] /i de::endDrag {-5.312 0.661} -context [db::getNext [de::getContexts -window 7]]
[14:04:57.47] /r dePanToPoint {-6.178 0.827}
[14:05:54.21] /# gi::executeAction deAbortCommand -in [gi::getWindows 7]
[14:05:54.21] /i de::abortCommand -context [db::getNext [de::getContexts -window 7]]
[14:05:55.32] /# gi::executeAction deSelectActive -in [gi::getWindows 7]
[14:05:55.33] /i de::deselectAll [db::getNext [de::getContexts -window 7]]
[14:05:55.33] /i de::select [de::getActiveFigure [gi::getWindows 7] -point {-5.943 0.735} -index 0 -intent none]
[14:05:55.33] /o oa:0x2137ba00
[14:05:58.87] /# gi::executeAction leDelete -in [gi::getWindows 7]
[14:05:58.87] /i ile::delete
[14:05:59.71] /# gi::executeAction deSelectActive -in [gi::getWindows 7]
[14:05:59.71] /i de::deselectAllLogic -context [db::getNext [de::getContexts -window 7]]
[14:06:00.76] /i gi::executeAction deCanvasDragCancel -in [gi::getWindows 7]
[14:06:08.97] /# gi::executeAction deCanvasZoomInAtPoint -in [gi::getWindows 7]
[14:06:08.97] /i de::zoom -window [gi::getWindows 7] -factor 2.0 -center {-6.119 0.862}
[14:06:08.97] /o {-7.756 0.092} {-4.541 1.596}
[14:06:09.70] /# gi::executeAction deCanvasZoomOutAtPoint -in [gi::getWindows 7]
[14:06:09.70] /i de::zoom -window [gi::getWindows 7] -factor 0.5 -center {-6.119 0.819}
[14:06:09.70] /o {-9.393 -0.634} {-2.963 2.374}
[14:06:11.57] /# gi::executeAction deCanvasZoomInAtPoint -in [gi::getWindows 7]
[14:06:11.57] /i de::zoom -window [gi::getWindows 7] -factor 2.0 -center {-5.943 0.737}
[14:06:11.57] /o {-7.668 0.051} {-4.453 1.555}
[14:06:13.69] /# gi::executeAction leVia -in [gi::getWindows 7]
[14:06:13.69] /i ile::createVia
[14:06:13.77] /o oa:0x1e749010
[14:06:17.11] /i gi::setField {viaDefName} -value {poly_cust} -in [gi::getToolbars {deCommandOptions} -from [gi::getWindows 7]]
[14:06:40.70] /# gi::executeAction deAddPoint -in [gi::getWindows 7]
[14:06:40.70] /i de::addPoint {-5.99 0.512} -context [db::getNext [de::getContexts -window 7]]
[14:06:42.71] /# gi::executeAction deAbortCommand -in [gi::getWindows 7]
[14:06:42.71] /i de::abortCommand -context [db::getNext [de::getContexts -window 7]]
[14:06:46.25] /# gi::executeAction leMove -in [gi::getWindows 7]
[14:06:46.25] /i ile::move
[14:06:46.56] /# gi::executeAction deAddPoint -in [gi::getWindows 7]
[14:06:46.56] /i de::addPoint {-5.953 0.542} -context [db::getNext [de::getContexts -window 7]]
[14:06:47.39] /# gi::executeAction deAddPoint -in [gi::getWindows 7]
[14:06:47.39] /i de::addPoint {-5.924 0.534} -context [db::getNext [de::getContexts -window 7]]
[14:06:56.12] /# gi::executeAction leMove -in [gi::getWindows 7]
[14:06:56.12] /i ile::move
[14:06:56.35] /# gi::executeAction deAddPoint -in [gi::getWindows 7]
[14:06:56.35] /i de::addPoint {-5.951 0.52} -context [db::getNext [de::getContexts -window 7]]
[14:07:02.49] /# gi::executeAction deAddPoint -in [gi::getWindows 7]
[14:07:02.49] /i de::addPoint {-6.184 0.841} -context [db::getNext [de::getContexts -window 7]]
[14:07:03.16] /# gi::executeAction deAddPoint -in [gi::getWindows 7]
[14:07:03.16] /i de::addPoint {-5.924 0.833} -context [db::getNext [de::getContexts -window 7]]
[14:07:04.81] /# gi::setCurrentIndex {lpps} -index {m1 drw} -in [gi::getAssistants leObjectLayerPanel -from [gi::getWindows 7]]
[14:07:04.81] /# gi::setItemSelection {lpps} -index {m1 drw} -in [gi::getAssistants leObjectLayerPanel -from [gi::getWindows 7]]
[14:07:04.92] /# gi::executeAction leOLPSetActiveLPP -in [gi::getAssistants leObjectLayerPanel -from [gi::getWindows 7]]
[14:07:04.92] /i de::setActiveLPP [de::getLPPs -from [oa::DesignFind dff dff layout] -filter {%lpp =="m1 drawing"}]
[14:07:05.84] /# gi::executeAction leRotate90 -in [gi::getWindows 7]
[14:07:05.84] /i de::commandOption R90 -point {-7.152 0.782}
[14:07:11.33] /# gi::executeAction deAddPoint -in [gi::getWindows 7]
[14:07:11.33] /i de::addPoint {-6.115 0.874} -context [db::getNext [de::getContexts -window 7]]
[14:07:12.73] /# gi::executeAction deAbortCommand -in [gi::getWindows 7]
[14:07:12.73] /i de::abortCommand -context [db::getNext [de::getContexts -window 7]]
[14:07:14.02] /# gi::executeAction leRectangle -in [gi::getWindows 7]
[14:07:14.02] /i ile::createRectangle
[14:07:20.14] /# gi::executeAction deAddPoint -in [gi::getWindows 7]
[14:07:20.14] /i de::addPoint {-6.113 0.874} -context [db::getNext [de::getContexts -window 7]]
[14:07:25.80] /# gi::executeAction deAddPoint -in [gi::getWindows 7]
[14:07:25.81] /i de::addPoint {-6.553 0.776} -context [db::getNext [de::getContexts -window 7]]
[14:07:27.37] /# gi::setCurrentIndex {lpps} -index {poly drw} -in [gi::getAssistants leObjectLayerPanel -from [gi::getWindows 7]]
[14:07:27.38] /# gi::setItemSelection {lpps} -index {poly drw} -in [gi::getAssistants leObjectLayerPanel -from [gi::getWindows 7]]
[14:07:27.48] /# gi::executeAction leOLPSetActiveLPP -in [gi::getAssistants leObjectLayerPanel -from [gi::getWindows 7]]
[14:07:27.48] /i de::setActiveLPP [de::getLPPs -from [oa::DesignFind dff dff layout] -filter {%lpp =="poly drawing"}]
[14:07:28.73] /# gi::executeAction leRectangle -in [gi::getWindows 7]
[14:07:28.73] /i ile::createRectangle
[14:07:30.71] /# gi::executeAction deAddPoint -in [gi::getWindows 7]
[14:07:30.71] /i de::addPoint {-6.289 0.901} -context [db::getNext [de::getContexts -window 7]]
[14:07:33.89] /# gi::executeAction deAddPoint -in [gi::getWindows 7]
[14:07:33.89] /i de::addPoint {-5.718 0.751} -context [db::getNext [de::getContexts -window 7]]
[14:07:35.04] /# gi::executeAction deAbortCommand -in [gi::getWindows 7]
[14:07:35.04] /i de::abortCommand -context [db::getNext [de::getContexts -window 7]]
[14:07:37.33] /# gi::executeAction deCanvasZoomOutAtPoint -in [gi::getWindows 7]
[14:07:37.33] /i de::zoom -window [gi::getWindows 7] -factor 0.5 -center {-5.274 0.43}
[14:07:37.34] /o {-10.062 -0.327} {-3.632 2.681}
[14:07:38.16] /# gi::executeAction deCanvasZoomInAtPoint -in [gi::getWindows 7]
[14:07:38.16] /i de::zoom -window [gi::getWindows 7] -factor 2.0 -center {-4.991 0.733}
[14:07:38.16] /o {-7.526 0.203} {-4.312 1.707}
[14:07:48.84] /# gi::executeAction leVia -in [gi::getWindows 7]
[14:07:48.84] /i ile::createVia
[14:07:48.93] /o oa:0x20fc8c00
[14:07:54.92] /# gi::executeAction deAddPoint -in [gi::getWindows 7]
[14:07:54.92] /i de::addPoint {-5.286 0.837} -context [db::getNext [de::getContexts -window 7]]
[14:07:58.07] /# gi::executeAction deAbortCommand -in [gi::getWindows 7]
[14:07:58.07] /i de::abortCommand -context [db::getNext [de::getContexts -window 7]]
[14:07:58.36] /# gi::executeAction leRectangle -in [gi::getWindows 7]
[14:07:58.36] /i ile::createRectangle
[14:08:01.34] /# gi::executeAction deAddPoint -in [gi::getWindows 7]
[14:08:01.34] /i de::addPoint {-5.378 0.899} -context [db::getNext [de::getContexts -window 7]]
[14:08:05.93] /# gi::executeAction deAddPoint -in [gi::getWindows 7]
[14:08:05.93] /i de::addPoint {-4.809 0.755} -context [db::getNext [de::getContexts -window 7]]
[14:08:07.83] /# gi::setCurrentIndex {lpps} -index {m1 drw} -in [gi::getAssistants leObjectLayerPanel -from [gi::getWindows 7]]
[14:08:07.83] /# gi::setItemSelection {lpps} -index {m1 drw} -in [gi::getAssistants leObjectLayerPanel -from [gi::getWindows 7]]
[14:08:07.89] /# gi::executeAction leOLPSetActiveLPP -in [gi::getAssistants leObjectLayerPanel -from [gi::getWindows 7]]
[14:08:07.89] /i de::setActiveLPP [de::getLPPs -from [oa::DesignFind dff dff layout] -filter {%lpp =="m1 drawing"}]
[14:08:11.59] /# gi::executeAction deAddPoint -in [gi::getWindows 7]
[14:08:11.59] /i de::addPoint {-5.196 0.888} -context [db::getNext [de::getContexts -window 7]]
[14:08:12.80] /# gi::executeAction deAbortCommand -in [gi::getWindows 7]
[14:08:12.80] /i de::abortCommand -context [db::getNext [de::getContexts -window 7]]
[14:08:13.68] /# gi::executeAction leRectangle -in [gi::getWindows 7]
[14:08:13.68] /i ile::createRectangle
[14:08:15.86] /# gi::executeAction deAddPoint -in [gi::getWindows 7]
[14:08:15.86] /i de::addPoint {-5.198 0.886} -context [db::getNext [de::getContexts -window 7]]
[14:08:20.05] /# gi::executeAction deAddPoint -in [gi::getWindows 7]
[14:08:20.05] /i de::addPoint {-5.64 0.786} -context [db::getNext [de::getContexts -window 7]]
[14:08:21.08] /# gi::executeAction deAbortCommand -in [gi::getWindows 7]
[14:08:21.08] /i de::abortCommand -context [db::getNext [de::getContexts -window 7]]
[14:08:24.96] /i gi::executeAction deSaveDesign -in [gi::getWindows 7]
[14:08:24.96] /m Information: Saving design 'dff dff layout'. (DESIGN_WINDOW-004)
[14:08:28.99] /i gi::executeAction deSaveDesign -in [gi::getWindows 7]
[14:08:28.99] /m Information: Saving design 'dff dff layout'. (DESIGN_WINDOW-004)
[14:08:31.96] /# gi::executeAction xtDRCRun -in [gi::getWindows 7]
[14:08:31.96] /i xt::physicalVerification::executeRun drc 7
[14:08:32.27] /# xt::physicalVerification::executePve drc 7
[14:08:36.29] /m Information: 
              /c =============================
              /c JobID: hercules_drc_38
              /c Completed with no errors.
              /c =============================
              /c 
[14:08:38.34] /i gi::setActiveWindow 7
[14:08:38.34] /i gi::setActiveWindow 7 -raise true
[14:08:39.13] /# gi::executeAction deCanvasZoomOutAtPoint -in [gi::getWindows 7]
[14:08:39.13] /i de::zoom -window [gi::getWindows 7] -factor 0.5 -center {-4.975 1.154}
[14:08:39.13] /o {-10.078 -0.748} {-3.648 2.26}
[14:08:41.25] /# gi::executeAction deCanvasZoomInAtPoint -in [gi::getWindows 7]
[14:08:41.25] /i de::zoom -window [gi::getWindows 7] -factor 2.0 -center {-4.381 0.48}
[14:08:41.25] /o {-7.229 -0.134} {-4.015 1.37}
[14:08:42.41] /# gi::executeAction dePan -in [gi::getWindows 7]
[14:08:42.41] /i ide::pan [db::getNext [de::getContexts -window 7]]
[14:08:42.76] /# gi::executeAction deStartDrag -in [gi::getWindows 7]
[14:08:42.76] /i de::startDrag {-4.416 0.51} -context [db::getNext [de::getContexts -window 7]]
[14:08:45.95] /# gi::executeAction deEndDrag -in [gi::getWindows 7]
[14:08:45.95] /i de::endDrag {-4.416 0.506} -context [db::getNext [de::getContexts -window 7]]
[14:08:45.95] /r dePanToPoint {-4.924 0.669}
[14:08:46.52] /# gi::executeAction leRectangle -in [gi::getWindows 7]
[14:08:46.52] /i ile::createRectangle
[14:08:48.29] /# gi::executeAction deAddPoint -in [gi::getWindows 7]
[14:08:48.29] /i de::addPoint {-4.733 1.399} -context [db::getNext [de::getContexts -window 7]]
[14:08:53.85] /# gi::executeAction deAddPoint -in [gi::getWindows 7]
[14:08:53.85] /i de::addPoint {-4.633 -0.065} -context [db::getNext [de::getContexts -window 7]]
[14:08:54.72] /# gi::executeAction deAbortCommand -in [gi::getWindows 7]
[14:08:54.72] /i de::abortCommand -context [db::getNext [de::getContexts -window 7]]
[14:09:13.76] /# gi::executeAction deCanvasZoomOutAtPoint -in [gi::getWindows 7]
[14:09:13.76] /i de::zoom -window [gi::getWindows 7] -factor 0.5 -center {-4.334 0.625}
[14:09:13.76] /o {-8.729 -0.791} {-2.3 2.217}
[14:09:17.46] /# gi::executeAction dePan -in [gi::getWindows 7]
[14:09:17.47] /i ide::pan [db::getNext [de::getContexts -window 7]]
[14:09:17.83] /# gi::executeAction deStartDrag -in [gi::getWindows 7]
[14:09:17.83] /i de::startDrag {-3.151 0.609} -context [db::getNext [de::getContexts -window 7]]
[14:09:20.43] /# gi::executeAction deEndDrag -in [gi::getWindows 7]
[14:09:20.43] /i de::endDrag {-3.163 0.617} -context [db::getNext [de::getContexts -window 7]]
[14:09:20.43] /r dePanToPoint {-2.907 0.922}
[14:09:22.47] /# gi::executeAction leRectangle -in [gi::getWindows 7]
[14:09:22.48] /i ile::createRectangle
[14:09:24.49] /# gi::executeAction deCanvasZoomInAtPoint -in [gi::getWindows 7]
[14:09:24.49] /i de::zoom -window [gi::getWindows 7] -factor 2.0 -center {-3.278 1.431}
[14:09:24.49] /o {-4.7 0.424} {-1.485 1.928}
[14:09:27.81] /# gi::executeAction deAddPoint -in [gi::getWindows 7]
[14:09:27.81] /i de::addPoint {-3.264 1.411} -context [db::getNext [de::getContexts -window 7]]
[14:09:31.35] /# gi::executeAction deAddPoint -in [gi::getWindows 7]
[14:09:31.35] /i de::addPoint {-3.167 0.445} -context [db::getNext [de::getContexts -window 7]]
[14:09:32.97] /# gi::executeAction deAddPoint -in [gi::getWindows 7]
[14:09:32.97] /i de::addPoint {-2.914 1.407} -context [db::getNext [de::getContexts -window 7]]
[14:09:36.84] /# gi::executeAction deAddPoint -in [gi::getWindows 7]
[14:09:36.84] /i de::addPoint {-2.813 0.449} -context [db::getNext [de::getContexts -window 7]]
[14:09:38.62] /# gi::executeAction deAddPoint -in [gi::getWindows 7]
[14:09:38.62] /i de::addPoint {-2.003 1.411} -context [db::getNext [de::getContexts -window 7]]
[14:09:45.71] /# gi::executeAction deAddPoint -in [gi::getWindows 7]
[14:09:45.71] /i de::addPoint {-1.907 0.439} -context [db::getNext [de::getContexts -window 7]]
[14:09:47.62] /# gi::executeAction dePan -in [gi::getWindows 7]
[14:09:47.62] /i ide::pan [db::getNext [de::getContexts -window 7]]
[14:09:47.86] /# gi::executeAction deStartDrag -in [gi::getWindows 7]
[14:09:47.87] /i de::startDrag {-2.298 0.701} -context [db::getNext [de::getContexts -window 7]]
[14:09:49.92] /# gi::executeAction deEndDrag -in [gi::getWindows 7]
[14:09:49.92] /i de::endDrag {-2.308 0.68} -context [db::getNext [de::getContexts -window 7]]
[14:09:49.92] /r dePanToPoint {-1.026 1.138}
[14:09:51.11] /# gi::executeAction deStartDrag -in [gi::getWindows 7]
[14:09:51.11] /i de::startDrag {-0.927 0.703} -context [db::getNext [de::getContexts -window 7]]
[14:09:52.27] /# gi::executeAction deEndDrag -in [gi::getWindows 7]
[14:09:52.27] /i de::endDrag {-0.927 0.709} -context [db::getNext [de::getContexts -window 7]]
[14:09:52.28] /r dePanToPoint {-0.946 0.763}
[14:09:52.54] /# gi::executeAction leRectangle -in [gi::getWindows 7]
[14:09:52.54] /i ile::createRectangle
[14:09:54.56] /# gi::executeAction deAddPoint -in [gi::getWindows 7]
[14:09:54.56] /i de::addPoint {-1.092 1.421} -context [db::getNext [de::getContexts -window 7]]
[14:10:00.79] /# gi::executeAction deAddPoint -in [gi::getWindows 7]
[14:10:00.79] /i de::addPoint {-0.994 0.046} -context [db::getNext [de::getContexts -window 7]]
[14:10:01.61] /# gi::executeAction leStretch -in [gi::getWindows 7]
[14:10:01.61] /i ile::stretch
[14:10:02.58] /# gi::executeAction deAddPoint -in [gi::getWindows 7]
[14:10:02.58] /i de::addPoint {-1.092 0.349} -context [db::getNext [de::getContexts -window 7]]
[14:10:04.20] /# gi::executeAction deAddPoint -in [gi::getWindows 7]
[14:10:04.20] /i de::addPoint {-1.095 0.338} -context [db::getNext [de::getContexts -window 7]]
[14:10:05.22] /# gi::executeAction leRectangle -in [gi::getWindows 7]
[14:10:05.22] /i ile::createRectangle
[14:10:10.20] /# gi::executeAction deAddPoint -in [gi::getWindows 7]
[14:10:10.20] /i de::addPoint {-0.184 1.413} -context [db::getNext [de::getContexts -window 7]]
[14:10:18.80] /# gi::executeAction deAddPoint -in [gi::getWindows 7]
[14:10:18.80] /i de::addPoint {-0.084 0.013} -context [db::getNext [de::getContexts -window 7]]
[14:10:20.29] /# gi::executeAction deAbortCommand -in [gi::getWindows 7]
[14:10:20.29] /i de::abortCommand -context [db::getNext [de::getContexts -window 7]]
[14:10:20.81] /# gi::executeAction deCanvasZoomOutAtPoint -in [gi::getWindows 7]
[14:10:20.81] /i de::zoom -window [gi::getWindows 7] -factor 0.5 -center {-1.635 0.975}
[14:10:20.82] /o {-3.472 -0.953} {2.957 2.055}
[14:10:21.89] /# gi::executeAction dePan -in [gi::getWindows 7]
[14:10:21.89] /i ide::pan [db::getNext [de::getContexts -window 7]]
[14:10:22.15] /# gi::executeAction deStartDrag -in [gi::getWindows 7]
[14:10:22.15] /i de::startDrag {-1.651 0.541} -context [db::getNext [de::getContexts -window 7]]
[14:10:23.00] /# gi::executeAction deEndDrag -in [gi::getWindows 7]
[14:10:23.09] /i de::endDrag {-1.606 0.541} -context [db::getNext [de::getContexts -window 7]]
[14:10:23.09] /r dePanToPoint {-3.965 1.14}
[14:10:23.37] /# gi::executeAction deStartDrag -in [gi::getWindows 7]
[14:10:23.37] /i de::startDrag {-1.643 0.541} -context [db::getNext [de::getContexts -window 7]]
[14:10:26.50] /# gi::executeAction deEndDrag -in [gi::getWindows 7]
[14:10:26.50] /i de::endDrag {-1.639 0.541} -context [db::getNext [de::getContexts -window 7]]
[14:10:26.50] /r dePanToPoint {-4.321 0.915}
[14:10:35.25] /# gi::executeAction leVia -in [gi::getWindows 7]
[14:10:35.25] /i ile::createVia
[14:10:35.34] /o oa:0x1f043110
[14:10:40.00] /i gi::setField {viaDefName} -value {via12} -in [gi::getToolbars {deCommandOptions} -from [gi::getWindows 7]]
[14:10:41.71] /# gi::executeAction deCanvasZoomInAtPoint -in [gi::getWindows 7]
[14:10:41.71] /i de::zoom -window [gi::getWindows 7] -factor 2.0 -center {-3.468 1.609}
[14:10:41.71] /o {-5.502 0.51} {-2.287 2.014}
[14:10:44.83] /# gi::executeAction deCanvasZoomOutAtPoint -in [gi::getWindows 7]
[14:10:44.83] /i de::zoom -window [gi::getWindows 7] -factor 0.5 -center {-3.482 1.603}
[14:10:44.83] /o {-7.522 -0.583} {-1.093 2.425}
[14:10:53.03] /# gi::executeAction deAddPoint -in [gi::getWindows 7]
[14:10:53.03] /i de::addPoint {-3.495 1.57} -context [db::getNext [de::getContexts -window 7]]
[14:10:59.02] /# gi::executeAction deAddPoint -in [gi::getWindows 7]
[14:10:59.02] /i de::addPoint {-5.316 1.57} -context [db::getNext [de::getContexts -window 7]]
[14:11:00.99] /# gi::executeAction deAbortCommand -in [gi::getWindows 7]
[14:11:00.99] /i de::abortCommand -context [db::getNext [de::getContexts -window 7]]
[14:11:02.05] /# gi::executeAction leRectangle -in [gi::getWindows 7]
[14:11:02.05] /i ile::createRectangle
[14:11:02.61] /# gi::executeAction deCanvasZoomInAtPoint -in [gi::getWindows 7]
[14:11:02.61] /i de::zoom -window [gi::getWindows 7] -factor 2.0 -center {-5.672 1.55}
[14:11:02.61] /o {-6.597 0.484} {-3.382 1.988}
[14:11:05.10] /# gi::executeAction deAddPoint -in [gi::getWindows 7]
[14:11:05.10] /i de::addPoint {-5.208 1.638} -context [db::getNext [de::getContexts -window 7]]
[14:11:11.35] /# gi::executeAction deAddPoint -in [gi::getWindows 7]
[14:11:11.35] /i de::addPoint {-5.645 1.499} -context [db::getNext [de::getContexts -window 7]]
[14:11:13.51] /# gi::setCurrentIndex {lpps} -index {m2 drw} -in [gi::getAssistants leObjectLayerPanel -from [gi::getWindows 7]]
[14:11:13.51] /# gi::setItemSelection {lpps} -index {m2 drw} -in [gi::getAssistants leObjectLayerPanel -from [gi::getWindows 7]]
[14:11:13.60] /# gi::executeAction leOLPSetActiveLPP -in [gi::getAssistants leObjectLayerPanel -from [gi::getWindows 7]]
[14:11:13.60] /i de::setActiveLPP [de::getLPPs -from [oa::DesignFind dff dff layout] -filter {%lpp =="m2 drawing"}]
[14:11:16.43] /# gi::executeAction deAddPoint -in [gi::getWindows 7]
[14:11:16.43] /i de::addPoint {-5.392 1.675} -context [db::getNext [de::getContexts -window 7]]
[14:11:21.67] /# gi::executeAction deAddPoint -in [gi::getWindows 7]
[14:11:21.67] /i de::addPoint {-3.421 1.466} -context [db::getNext [de::getContexts -window 7]]
[14:11:22.38] /# gi::executeAction deAbortCommand -in [gi::getWindows 7]
[14:11:22.38] /i de::abortCommand -context [db::getNext [de::getContexts -window 7]]
[14:11:22.93] /# gi::executeAction dePan -in [gi::getWindows 7]
[14:11:22.93] /i ide::pan [db::getNext [de::getContexts -window 7]]
[14:11:23.24] /# gi::executeAction deStartDrag -in [gi::getWindows 7]
[14:11:23.24] /i de::startDrag {-3.427 1.118} -context [db::getNext [de::getContexts -window 7]]
[14:11:24.74] /# gi::executeAction deEndDrag -in [gi::getWindows 7]
[14:11:24.74] /i de::endDrag {-3.427 1.116} -context [db::getNext [de::getContexts -window 7]]
[14:11:24.74] /r dePanToPoint {-3.575 1.207}
[14:11:25.89] /# gi::setCurrentIndex {lpps} -index {m1 drw} -in [gi::getAssistants leObjectLayerPanel -from [gi::getWindows 7]]
[14:11:25.89] /# gi::setItemSelection {lpps} -index {m1 drw} -in [gi::getAssistants leObjectLayerPanel -from [gi::getWindows 7]]
[14:11:25.98] /# gi::executeAction leOLPSetActiveLPP -in [gi::getAssistants leObjectLayerPanel -from [gi::getWindows 7]]
[14:11:25.98] /i de::setActiveLPP [de::getLPPs -from [oa::DesignFind dff dff layout] -filter {%lpp =="m1 drawing"}]
[14:11:26.84] /# gi::executeAction leRectangle -in [gi::getWindows 7]
[14:11:26.85] /i ile::createRectangle
[14:11:31.26] /# gi::executeAction deAddPoint -in [gi::getWindows 7]
[14:11:31.26] /i de::addPoint {-3.591 1.646} -context [db::getNext [de::getContexts -window 7]]
[14:11:40.16] /# gi::executeAction deAddPoint -in [gi::getWindows 7]
[14:11:40.16] /i de::addPoint {-3.163 1.499} -context [db::getNext [de::getContexts -window 7]]
[14:11:40.73] /# gi::executeAction deAbortCommand -in [gi::getWindows 7]
[14:11:40.73] /i de::abortCommand -context [db::getNext [de::getContexts -window 7]]
[14:11:41.25] /# gi::executeAction deCanvasZoomOutAtPoint -in [gi::getWindows 7]
[14:11:41.26] /i de::zoom -window [gi::getWindows 7] -factor 0.5 -center {-3.548 1.533}
[14:11:41.26] /o {-6.818 -0.623} {-0.389 2.385}
[14:11:42.85] /i gi::executeAction deSaveDesign -in [gi::getWindows 7]
[14:11:42.85] /m Information: Saving design 'dff dff layout'. (DESIGN_WINDOW-004)
[14:11:44.04] /i gi::executeAction deSaveDesign -in [gi::getWindows 7]
[14:11:44.04] /m Information: Saving design 'dff dff layout'. (DESIGN_WINDOW-004)
[14:11:48.73] /# gi::executeAction xtDRCRun -in [gi::getWindows 7]
[14:11:48.73] /i xt::physicalVerification::executeRun drc 7
[14:11:48.95] /# xt::physicalVerification::executePve drc 7
[14:11:53.09] /m Information: 
              /c =============================
              /c JobID: hercules_drc_39
              /c Completed with no errors.
              /c =============================
              /c 
[14:11:55.45] /i gi::setActiveWindow 7
[14:11:55.46] /i gi::setActiveWindow 7 -raise true
[14:12:01.46] /# gi::executeAction dePan -in [gi::getWindows 7]
[14:12:01.46] /i ide::pan [db::getNext [de::getContexts -window 7]]
[14:12:01.99] /# gi::executeAction deStartDrag -in [gi::getWindows 7]
[14:12:01.99] /i de::startDrag {-5.963 1.301} -context [db::getNext [de::getContexts -window 7]]
[14:12:03.46] /# gi::executeAction deEndDrag -in [gi::getWindows 7]
[14:12:03.46] /i de::endDrag {-5.954 1.301} -context [db::getNext [de::getContexts -window 7]]
[14:12:03.47] /r dePanToPoint {-4.994 1.184}
[14:12:04.07] /# gi::executeAction deCanvasZoomInAtPoint -in [gi::getWindows 7]
[14:12:04.07] /i de::zoom -window [gi::getWindows 7] -factor 2.0 -center {-6.478 1.808}
[14:12:04.07] /o {-7.344 0.744} {-4.129 2.248}
[14:12:05.16] /# gi::executeAction deCanvasZoomOutAtPoint -in [gi::getWindows 7]
[14:12:05.16] /i de::zoom -window [gi::getWindows 7] -factor 0.5 -center {-6.251 1.777}
[14:12:05.16] /o {-8.436 -0.289} {-2.007 2.719}
[14:12:07.18] /# gi::executeAction deCanvasZoomInAtPoint -in [gi::getWindows 7]
[14:12:07.18] /i de::zoom -window [gi::getWindows 7] -factor 2.0 -center {-6.255 1.921}
[14:12:07.19] /o {-7.346 0.816} {-4.131 2.32}
[14:12:08.74] /# gi::executeAction deAbortCommand -in [gi::getWindows 7]
[14:12:08.74] /i de::abortCommand -context [db::getNext [de::getContexts -window 7]]
[14:12:09.06] /# gi::executeAction deSelectActive -in [gi::getWindows 7]
[14:12:09.06] /i de::deselectAll [db::getNext [de::getContexts -window 7]]
[14:12:09.06] /i de::select [de::getActiveFigure [gi::getWindows 7] -point {-6.1 2.216} -index 0 -intent none]
[14:12:09.06] /o oa:0x21c63d40
[14:12:11.91] /# gi::executeAction leDelete -in [gi::getWindows 7]
[14:12:11.92] /i ile::delete
[14:12:13.07] /# gi::executeAction deSelectActive -in [gi::getWindows 7]
[14:12:13.07] /i de::deselectAll [db::getNext [de::getContexts -window 7]]
[14:12:13.07] /i de::select [de::getActiveFigure [gi::getWindows 7] -point {-6.462 2.24} -index 0 -intent none]
[14:12:13.08] /o oa:0x1dc6bb00
[14:12:13.96] /# gi::executeAction leMove -in [gi::getWindows 7]
[14:12:13.96] /i ile::move
[14:12:14.80] /# gi::executeAction deAddPoint -in [gi::getWindows 7]
[14:12:14.80] /i de::addPoint {-6.468 2.248} -context [db::getNext [de::getContexts -window 7]]
[14:12:27.73] /# gi::executeAction deAddPoint -in [gi::getWindows 7]
[14:12:27.73] /i de::addPoint {-6.196 1.923} -context [db::getNext [de::getContexts -window 7]]
[14:12:29.78] /# gi::executeAction deSelectActive -in [gi::getWindows 7]
[14:12:29.78] /i de::deselectAll [db::getNext [de::getContexts -window 7]]
[14:12:29.78] /i de::select [de::getActiveFigure [gi::getWindows 7] -point {-4.19 2.144} -index 0 -intent none]
[14:12:29.78] /o oa:0x21554fe0
[14:12:32.21] /# gi::executeAction deSelectActive -in [gi::getWindows 7]
[14:12:32.21] /i de::deselectAll [db::getNext [de::getContexts -window 7]]
[14:12:32.22] /i de::select [de::getActiveFigure [gi::getWindows 7] -point {-4.194 2.236} -index 0 -intent none]
[14:12:32.22] /o oa:0x2136ed40
[14:12:32.85] /# gi::executeAction leMove -in [gi::getWindows 7]
[14:12:32.85] /i ile::move
[14:12:33.09] /# gi::executeAction deAddPoint -in [gi::getWindows 7]
[14:12:33.09] /i de::addPoint {-4.194 2.236} -context [db::getNext [de::getContexts -window 7]]
[14:12:41.92] /# gi::executeAction deAbortCommand -in [gi::getWindows 7]
[14:12:41.92] /i de::abortCommand -context [db::getNext [de::getContexts -window 7]]
[14:12:46.80] /i de::undoTransaction -design [db::getAttr editDesign -of [de::getContexts -window 7]] -steps 1
[14:12:46.98] /i de::undoTransaction -design [db::getAttr editDesign -of [de::getContexts -window 7]] -steps 1
[14:12:48.21] /# gi::executeAction deCanvasZoomOutAtPoint -in [gi::getWindows 7]
[14:12:48.21] /i de::zoom -window [gi::getWindows 7] -factor 0.5 -center {-5.782 1.782}
[14:12:48.21] /o {-8.909 -0.15} {-2.48 2.858}
[14:13:25.44] /# gi::executeAction deCanvasZoomInAtPoint -in [gi::getWindows 7]
[14:13:25.44] /i de::zoom -window [gi::getWindows 7] -factor 2.0 -center {-6.004 0.959}
[14:13:25.44] /o {-7.457 0.404} {-4.242 1.908}
[14:13:27.26] /# gi::executeAction dePan -in [gi::getWindows 7]
[14:13:27.26] /i ide::pan [db::getNext [de::getContexts -window 7]]
[14:13:27.71] /# gi::executeAction deStartDrag -in [gi::getWindows 7]
[14:13:27.71] /i de::startDrag {-5.507 0.916} -context [db::getNext [de::getContexts -window 7]]
[14:13:29.43] /# gi::executeAction deEndDrag -in [gi::getWindows 7]
[14:13:29.43] /i de::endDrag {-5.548 0.916} -context [db::getNext [de::getContexts -window 7]]
[14:13:29.43] /r dePanToPoint {-5.188 0.952}
[14:13:29.76] /# gi::executeAction leVia -in [gi::getWindows 7]
[14:13:29.76] /i ile::createVia
[14:13:29.80] /o oa:0x214acb70
[14:13:43.40] /# gi::executeAction deAddPoint -in [gi::getWindows 7]
[14:13:43.40] /i de::addPoint {-5.947 1.018} -context [db::getNext [de::getContexts -window 7]]
[14:13:46.77] /# gi::executeAction dePan -in [gi::getWindows 7]
[14:13:46.77] /i ide::pan [db::getNext [de::getContexts -window 7]]
[14:13:47.23] /# gi::executeAction deStartDrag -in [gi::getWindows 7]
[14:13:47.23] /i de::startDrag {-3.923 0.791} -context [db::getNext [de::getContexts -window 7]]
[14:13:49.29] /# gi::executeAction deEndDrag -in [gi::getWindows 7]
[14:13:49.29] /i de::endDrag {-3.945 0.791} -context [db::getNext [de::getContexts -window 7]]
[14:13:49.29] /r dePanToPoint {-4.695 0.952}
[14:14:04.80] /# gi::executeAction leVia -in [gi::getWindows 7]
[14:14:04.80] /i ile::createVia
[14:14:04.90] /o oa:0x1c672120
[14:14:11.65] /# gi::executeAction deAddPoint -in [gi::getWindows 7]
[14:14:11.65] /i de::addPoint {-4.41 1.041} -context [db::getNext [de::getContexts -window 7]]
[14:14:17.87] /# gi::executeAction deAddPoint -in [gi::getWindows 7]
[14:14:17.87] /i de::addPoint {-3.493 1.049} -context [db::getNext [de::getContexts -window 7]]
[14:14:19.05] /# gi::executeAction deCanvasZoomOutAtPoint -in [gi::getWindows 7]
[14:14:19.05] /i de::zoom -window [gi::getWindows 7] -factor 0.5 -center {-3.499 1.043}
[14:14:19.05] /o {-9.106 -0.643} {-2.677 2.365}
[14:14:20.09] /# gi::executeAction deCanvasZoomInAtPoint -in [gi::getWindows 7]
[14:14:20.09] /i de::zoom -window [gi::getWindows 7] -factor 2.0 -center {-3.405 1.002}
[14:14:20.09] /o {-6.256 0.179} {-3.041 1.683}
[14:14:25.21] /i gi::setField {viaDefName} -value {poly_cust} -in [gi::getToolbars {deCommandOptions} -from [gi::getWindows 7]]
[14:14:31.09] /# gi::executeAction deAddPoint -in [gi::getWindows 7]
[14:14:31.09] /i de::addPoint {-4.406 1.325} -context [db::getNext [de::getContexts -window 7]]
[14:14:36.21] /# gi::executeAction deAddPoint -in [gi::getWindows 7]
[14:14:36.21] /i de::addPoint {-3.495 1.319} -context [db::getNext [de::getContexts -window 7]]
[14:14:37.60] /i gi::executeAction leFocusCanvasToolbar -in [gi::getWindows 7]
[14:14:41.01] /# gi::executeAction deAbortCommand -in [gi::getWindows 7]
[14:14:41.01] /i de::abortCommand -context [db::getNext [de::getContexts -window 7]]
[14:14:41.35] /i gi::executeAction deCanvasDragCancel -in [gi::getWindows 7]
[14:14:41.57] /i gi::executeAction deCanvasDragCancel -in [gi::getWindows 7]
[14:14:43.61] /# gi::executeAction leOLPSetActiveLPP -in [gi::getAssistants leObjectLayerPanel -from [gi::getWindows 7]]
[14:14:43.61] /i de::setActiveLPP [de::getLPPs -from [oa::DesignFind dff dff layout] -filter {%lpp =="m1 drawing"}]
[14:14:44.59] /# gi::executeAction leRectangle -in [gi::getWindows 7]
[14:14:44.59] /i ile::createRectangle
[14:14:49.77] /# gi::executeAction deAddPoint -in [gi::getWindows 7]
[14:14:49.77] /i de::addPoint {-4.488 1.376} -context [db::getNext [de::getContexts -window 7]]
[14:14:54.69] /# gi::executeAction deAddPoint -in [gi::getWindows 7]
[14:14:54.69] /i de::addPoint {-4.076 1.274} -context [db::getNext [de::getContexts -window 7]]
[14:14:59.12] /# gi::executeAction deAbortCommand -in [gi::getWindows 7]
[14:14:59.12] /i de::abortCommand -context [db::getNext [de::getContexts -window 7]]
[14:15:00.82] /i de::undoTransaction -design [db::getAttr editDesign -of [de::getContexts -window 7]] -steps 1
[14:15:02.96] /# gi::executeAction leRectangle -in [gi::getWindows 7]
[14:15:02.96] /i ile::createRectangle
[14:15:05.15] /# gi::executeAction deAddPoint -in [gi::getWindows 7]
[14:15:05.15] /i de::addPoint {-4.488 1.376} -context [db::getNext [de::getContexts -window 7]]
[14:15:11.35] /# gi::executeAction deAddPoint -in [gi::getWindows 7]
[14:15:11.35] /i de::addPoint {-4.318 0.971} -context [db::getNext [de::getContexts -window 7]]
[14:15:17.21] /# gi::executeAction deAddPoint -in [gi::getWindows 7]
[14:15:17.21] /i de::addPoint {-3.581 1.368} -context [db::getNext [de::getContexts -window 7]]
[14:15:22.96] /# gi::executeAction deAddPoint -in [gi::getWindows 7]
[14:15:22.96] /i de::addPoint {-3.411 0.979} -context [db::getNext [de::getContexts -window 7]]
[14:15:24.12] /# gi::executeAction dePan -in [gi::getWindows 7]
[14:15:24.12] /i ide::pan [db::getNext [de::getContexts -window 7]]
[14:15:24.52] /# gi::executeAction deStartDrag -in [gi::getWindows 7]
[14:15:24.52] /i de::startDrag {-3.401 0.746} -context [db::getNext [de::getContexts -window 7]]
[14:15:25.39] /# gi::executeAction deEndDrag -in [gi::getWindows 7]
[14:15:25.40] /i de::endDrag {-3.403 0.746} -context [db::getNext [de::getContexts -window 7]]
[14:15:25.40] /r dePanToPoint {-4.273 0.976}
[14:15:26.07] /# gi::setCurrentIndex {lpps} -index {poly drw} -in [gi::getAssistants leObjectLayerPanel -from [gi::getWindows 7]]
[14:15:26.07] /# gi::setItemSelection {lpps} -index {poly drw} -in [gi::getAssistants leObjectLayerPanel -from [gi::getWindows 7]]
[14:15:26.16] /# gi::executeAction leOLPSetActiveLPP -in [gi::getAssistants leObjectLayerPanel -from [gi::getWindows 7]]
[14:15:26.16] /i de::setActiveLPP [de::getLPPs -from [oa::DesignFind dff dff layout] -filter {%lpp =="poly drawing"}]
[14:15:26.90] /# gi::executeAction leRectangle -in [gi::getWindows 7]
[14:15:26.90] /i ile::createRectangle
[14:15:32.61] /# gi::executeAction deAddPoint -in [gi::getWindows 7]
[14:15:32.61] /i de::addPoint {-4.494 1.389} -context [db::getNext [de::getContexts -window 7]]
[14:15:37.98] /# gi::executeAction deAddPoint -in [gi::getWindows 7]
[14:15:37.98] /i de::addPoint {-3.9 1.27} -context [db::getNext [de::getContexts -window 7]]
[14:15:40.41] /# gi::executeAction deAddPoint -in [gi::getWindows 7]
[14:15:40.41] /i de::addPoint {-3.589 1.399} -context [db::getNext [de::getContexts -window 7]]
[14:15:44.50] /# gi::executeAction deAddPoint -in [gi::getWindows 7]
[14:15:44.50] /i de::addPoint {-2.988 1.276} -context [db::getNext [de::getContexts -window 7]]
[14:15:46.27] /# gi::executeAction dePan -in [gi::getWindows 7]
[14:15:46.27] /i ide::pan [db::getNext [de::getContexts -window 7]]
[14:15:46.72] /# gi::executeAction deStartDrag -in [gi::getWindows 7]
[14:15:46.72] /i de::startDrag {-4.428 0.49} -context [db::getNext [de::getContexts -window 7]]
[14:15:48.37] /# gi::executeAction deEndDrag -in [gi::getWindows 7]
[14:15:48.37] /i de::endDrag {-4.424 0.49} -context [db::getNext [de::getContexts -window 7]]
[14:15:48.37] /r dePanToPoint {-4.63 0.927}
[14:15:54.19] /# gi::setCurrentIndex {lpps} -index {m2 drw} -in [gi::getAssistants leObjectLayerPanel -from [gi::getWindows 7]]
[14:15:54.19] /# gi::setItemSelection {lpps} -index {m2 drw} -in [gi::getAssistants leObjectLayerPanel -from [gi::getWindows 7]]
[14:15:54.30] /# gi::executeAction leOLPSetActiveLPP -in [gi::getAssistants leObjectLayerPanel -from [gi::getWindows 7]]
[14:15:54.30] /i de::setActiveLPP [de::getLPPs -from [oa::DesignFind dff dff layout] -filter {%lpp =="m2 drawing"}]
[14:15:57.20] /# gi::executeAction leRectangle -in [gi::getWindows 7]
[14:15:57.20] /i ile::createRectangle
[14:16:03.08] /# gi::executeAction deAddPoint -in [gi::getWindows 7]
[14:16:03.08] /i de::addPoint {-3.419 1.157} -context [db::getNext [de::getContexts -window 7]]
[14:16:11.30] /# gi::executeAction deAddPoint -in [gi::getWindows 7]
[14:16:11.30] /i de::addPoint {-6.018 0.945} -context [db::getNext [de::getContexts -window 7]]
[14:16:13.53] /i gi::executeAction deSaveDesign -in [gi::getWindows 7]
[14:16:13.53] /m Information: Saving design 'dff dff layout'. (DESIGN_WINDOW-004)
[14:16:19.56] /# gi::executeAction xtDRCRun -in [gi::getWindows 7]
[14:16:19.56] /i xt::physicalVerification::executeRun drc 7
[14:16:20.00] /# xt::physicalVerification::executePve drc 7
[14:16:23.99] /m Information: 
              /c =============================
              /c JobID: hercules_drc_40
              /c --- ERROR SUMMARY -----------
              /c 1.6: P gate to Contact spacing >= 0.08
              /c  EXTERNAL pdiff_cont pgate { } (100) .................... 8 violations found.
              /c 7.29: Minimum spacing for Metal 1 >= 0.1
              /c  EXTERNAL M1S { } (101) ................................. 1 violation found.
              /c 7.30: Minimum area of Metal 1 >= 0.04
              /c  AREA M1S { } (101) ..................................... 1 violation found.
              /c =============================
              /c 
[14:16:24.60] /j ::xt::hercules::vue::_private::registerConnection localhost:34490 tcp71 herculesVue_9 
[14:16:24.66] /j ::xt::hercules::vue::_private::isJobReady 
[14:16:24.67] /o false
[14:16:25.67] /j ::xt::hercules::vue::_private::isJobReady 
[14:16:25.67] /o false
[14:16:26.67] /m Information: Connection established with 'Hercules-VUE' running on 'localhost'.
[14:16:26.67] /j ::xt::hercules::vue::_private::isJobReady 
[14:16:26.67] /o true
[14:16:26.67] /j ::xt::hercules::vue::startFilter LAY 
[14:16:27.08] /j ::xt::hercules::vue::setInlibPath /root/Excercise/DFlipFlop/synopsys_custom/dff.hercules.drc/. 
[14:16:27.09] /j ::xt::hercules::vue::setTopLayLCV dff dff layout 
[14:16:27.09] /j ::xt::hercules::vue::openCell dff dff layout 
[14:16:27.57] /i gi::pressButton {ConsoleToggleButton} -in [db::getAttr statusbar -of [gi::getWindows 9]]
[14:16:29.09] /i gi::pressButton {ConsoleToggleButton} -in [db::getAttr statusbar -of [gi::getWindows 9]]
[14:16:34.10] /j ::xt::hercules::vue::clearAllHighlights dff layout 
[14:16:34.55] /j ::xt::hercules::vue::setInlibPath /root/Excercise/DFlipFlop/synopsys_custom/dff.hercules.drc/. 
[14:16:34.57] /j ::xt::hercules::vue::setTopLayLCV dff dff layout 
[14:16:34.59] /j ::xt::hercules::vue::openCell dff dff layout 
[14:16:36.76] /j ::xt::hercules::vue::clearAllHighlights dff layout 
[14:16:37.96] /j ::xt::hercules::vue::clearAllHighlights dff layout 
[14:16:37.98] /j ::xt::hercules::vue::clearAllHighlights dff layout 
[14:16:37.99] /j ::xt::hercules::vue::openCell dff dff layout 
[14:16:39.09] /j ::xt::hercules::vue::clearAllHighlights dff layout 
[14:16:39.10] /j ::xt::hercules::vue::clearAllHighlights dff layout 
[14:16:39.12] /j ::xt::hercules::vue::setHighlightProperty dff layout yellow brick 
[14:16:39.14] /j ::xt::hercules::vue::addPolygonBegin 4 
[14:16:39.19] /j ::xt::hercules::vue::addPolygonPoints {-4.171 1.355 -4.171 1.390 -4.170 1.390 -4.170 1.355 -4.171 1.355} 
[14:16:39.19] /j ::xt::hercules::vue::addPolygonEnd 
[14:16:39.19] /j ::xt::hercules::vue::setViewPort extents {-4.171 1.351 -4.170 1.394} LAY 
[14:16:39.20] /j ::xt::hercules::vue::addErrorDescription {"Distance: 0.000"} 
[14:16:39.21] /j ::xt::hercules::vue::drawHighlights dff layout all 
[14:16:40.79] /j ::xt::hercules::vue::clearAllHighlights dff layout 
[14:16:40.80] /j ::xt::hercules::vue::setHighlightProperty dff layout yellow brick 
[14:16:40.82] /j ::xt::hercules::vue::addPolygonBegin 4 
[14:16:40.86] /j ::xt::hercules::vue::addPolygonPoints {-4.171 1.355 -4.171 1.390 -4.170 1.390 -4.170 1.355 -4.171 1.355} 
[14:16:40.86] /j ::xt::hercules::vue::addPolygonEnd 
[14:16:40.86] /j ::xt::hercules::vue::setViewPort extents {-4.171 1.351 -4.170 1.394} LAY 
[14:16:40.88] /j ::xt::hercules::vue::addErrorDescription {"Distance: 0.000"} 
[14:16:40.88] /j ::xt::hercules::vue::drawHighlights dff layout all 
[14:16:42.70] /i gi::setActiveWindow 9
[14:16:42.70] /i gi::setActiveWindow 9 -raise true
[14:16:44.45] /i gi::setActiveWindow 7
[14:16:44.46] /i gi::setActiveWindow 7 -raise true
[14:16:45.57] /# gi::executeAction deCanvasZoomOutAtPoint -in [gi::getWindows 7]
[14:16:45.57] /i de::zoom -window [gi::getWindows 7] -factor 0.5 -center {-4.172 1.385}
[14:16:45.57] /o {-4.261 1.317} {-4.077 1.403}
[14:16:45.70] /# gi::executeAction deCanvasZoomOutAtPoint -in [gi::getWindows 7]
[14:16:45.70] /i de::zoom -window [gi::getWindows 7] -factor 0.5 -center {-4.171 1.384}
[14:16:45.71] /o {-4.351 1.25} {-3.983 1.422}
[14:16:46.65] /# gi::executeAction deCanvasZoomOutAtPoint -in [gi::getWindows 7]
[14:16:46.65] /i de::zoom -window [gi::getWindows 7] -factor 0.5 -center {-4.169 1.381}
[14:16:46.65] /o {-4.533 1.119} {-3.797 1.463}
[14:16:46.78] /# gi::executeAction deCanvasZoomOutAtPoint -in [gi::getWindows 7]
[14:16:46.78] /i de::zoom -window [gi::getWindows 7] -factor 0.5 -center {-4.168 1.378}
[14:16:46.78] /o {-4.897 0.86} {-3.427 1.548}
[14:16:47.69] /# gi::executeAction deCanvasZoomOutAtPoint -in [gi::getWindows 7]
[14:16:47.69] /i de::zoom -window [gi::getWindows 7] -factor 0.5 -center {-4.168 1.379}
[14:16:47.69] /o {-5.627 0.341} {-2.685 1.717}
[14:16:55.05] /# gi::executeAction dePan -in [gi::getWindows 7]
[14:16:55.05] /i ide::pan [db::getNext [de::getContexts -window 7]]
[14:16:55.61] /# gi::executeAction deStartDrag -in [gi::getWindows 7]
[14:16:55.61] /i de::startDrag {-4.365 0.605} -context [db::getNext [de::getContexts -window 7]]
[14:16:58.41] /# gi::executeAction deEndDrag -in [gi::getWindows 7]
[14:16:58.41] /i de::endDrag {-4.365 0.609} -context [db::getNext [de::getContexts -window 7]]
[14:16:58.41] /r dePanToPoint {-4.856 0.758}
[14:16:58.71] /# gi::executeAction deCanvasZoomOutAtPoint -in [gi::getWindows 7]
[14:16:58.71] /i de::zoom -window [gi::getWindows 7] -factor 0.5 -center {-4.37 0.594}
[14:16:58.71] /o {-8.283 -0.455} {-2.401 2.297}
[14:16:59.42] /# gi::executeAction deStartDrag -in [gi::getWindows 7]
[14:16:59.42] /i de::startDrag {-4.374 0.388} -context [db::getNext [de::getContexts -window 7]]
[14:17:00.72] /# gi::executeAction deEndDrag -in [gi::getWindows 7]
[14:17:00.72] /i de::endDrag {-4.371 0.388} -context [db::getNext [de::getContexts -window 7]]
[14:17:00.73] /r dePanToPoint {-5.219 0.603}
[14:17:01.17] /# gi::executeAction deCanvasZoomInAtPoint -in [gi::getWindows 7]
[14:17:01.17] /i de::zoom -window [gi::getWindows 7] -factor 2.0 -center {-4.401 0.451}
[14:17:01.17] /o {-6.28 -0.161} {-3.339 1.215}
[14:17:02.07] /# gi::executeAction deCanvasZoomOutAtPoint -in [gi::getWindows 7]
[14:17:02.07] /i de::zoom -window [gi::getWindows 7] -factor 0.5 -center {-4.401 0.451}
[14:17:02.07] /o {-8.16 -0.773} {-2.278 1.979}
[14:17:02.95] /# gi::executeAction deStartDrag -in [gi::getWindows 7]
[14:17:02.95] /i de::startDrag {-4.457 0.537} -context [db::getNext [de::getContexts -window 7]]
[14:17:03.45] /# gi::executeAction deEndDrag -in [gi::getWindows 7]
[14:17:03.45] /i de::endDrag {-4.453 0.537} -context [db::getNext [de::getContexts -window 7]]
[14:17:03.45] /r dePanToPoint {-5.316 0.618}
[14:17:06.01] /# gi::executeAction deCanvasZoomInAtPoint -in [gi::getWindows 7]
[14:17:06.01] /i de::zoom -window [gi::getWindows 7] -factor 2.0 -center {-4.479 0.53}
[14:17:06.01] /o {-6.368 -0.114} {-3.427 1.262}
[14:17:06.74] /# gi::executeAction deCanvasZoomOutAtPoint -in [gi::getWindows 7]
[14:17:06.74] /i de::zoom -window [gi::getWindows 7] -factor 0.5 -center {-4.479 0.53}
[14:17:06.74] /o {-8.257 -0.758} {-2.375 1.994}
[14:17:08.25] /# gi::executeAction deAbortCommand -in [gi::getWindows 7]
[14:17:08.25] /i de::abortCommand -context [db::getNext [de::getContexts -window 7]]
[14:17:08.93] /# gi::executeAction deAbortCommand -in [gi::getWindows 7]
[14:17:08.93] /i de::abortCommand -context [db::getNext [de::getContexts -window 7]]
[14:17:11.36] /# gi::executeAction leMove -in [gi::getWindows 7]
[14:17:11.36] /i ile::move
[14:17:13.62] /# gi::executeAction deAbortCommand -in [gi::getWindows 7]
[14:17:13.62] /i de::abortCommand -context [db::getNext [de::getContexts -window 7]]
[14:17:13.88] /i gi::executeAction deCanvasDragCancel -in [gi::getWindows 7]
[14:17:14.27] /# gi::executeAction deSelectActive -in [gi::getWindows 7]
[14:17:14.27] /i de::deselectAll [db::getNext [de::getContexts -window 7]]
[14:17:14.27] /i de::select [de::getActiveFigure [gi::getWindows 7] -point {-5.947 0.93} -index 0 -intent none]
[14:17:14.27] /o oa:0x2115bf20
[14:17:16.04] /# gi::executeAction deSelectActive -in [gi::getWindows 7]
[14:17:16.04] /i de::deselectAll [db::getNext [de::getContexts -window 7]]
[14:17:16.04] /i de::select [de::getActiveFigure [gi::getWindows 7] -point {-5.925 0.908} -index 0 -intent none]
[14:17:16.04] /o oa:0x21fe49a0
[14:17:16.92] /# gi::executeAction leMove -in [gi::getWindows 7]
[14:17:16.92] /i ile::move
[14:17:17.21] /# gi::executeAction deAddPoint -in [gi::getWindows 7]
[14:17:17.21] /i de::addPoint {-5.925 0.908} -context [db::getNext [de::getContexts -window 7]]
[14:17:18.30] /# gi::executeAction deAddPoint -in [gi::getWindows 7]
[14:17:18.30] /i de::addPoint {-5.947 0.425} -context [db::getNext [de::getContexts -window 7]]
[14:17:19.00] /# gi::executeAction deSelectActive -in [gi::getWindows 7]
[14:17:19.00] /i de::deselectAll [db::getNext [de::getContexts -window 7]]
[14:17:19.00] /i de::select [de::getActiveFigure [gi::getWindows 7] -point {-4.109 0.56} -index 0 -intent none]
[14:17:19.00] /o oa:0x214bb280
[14:17:19.90] /i gi::executeAction deCanvasDragCancel -in [gi::getWindows 7]
[14:17:20.91] /i gi::executeAction deCanvasDragCancel -in [gi::getWindows 7]
[14:17:21.11] /i gi::executeAction deCanvasDragCancel -in [gi::getWindows 7]
[14:17:21.28] /i gi::executeAction deCanvasDragCancel -in [gi::getWindows 7]
[14:17:21.57] /# gi::executeAction deSelectActive -in [gi::getWindows 7]
[14:17:21.57] /i de::deselectAll [db::getNext [de::getContexts -window 7]]
[14:17:21.57] /i de::deselectAllLogic -context [db::getNext [de::getContexts -window 7]]
[14:17:22.65] /# gi::executeAction deSelectActive -in [gi::getWindows 7]
[14:17:22.65] /i de::deselectAll [db::getNext [de::getContexts -window 7]]
[14:17:22.65] /i de::select [de::getActiveFigure [gi::getWindows 7] -point {-4.588 1.02} -index 0 -intent none]
[14:17:22.65] /o oa:0x2157df20
[14:17:24.15] /# gi::executeAction deSelectActive -in [gi::getWindows 7]
[14:17:24.15] /i de::deselectAll [db::getNext [de::getContexts -window 7]]
[14:17:24.15] /i de::select [de::getActiveFigure [gi::getWindows 7] -point {-5.977 0.953} -index 0 -intent none]
[14:17:24.15] /o oa:0x1c662470
[14:17:25.62] /# gi::executeAction leMove -in [gi::getWindows 7]
[14:17:25.62] /i ile::move
[14:17:26.07] /# gi::executeAction deAddPoint -in [gi::getWindows 7]
[14:17:26.07] /i de::addPoint {-5.977 0.953} -context [db::getNext [de::getContexts -window 7]]
[14:17:28.08] /# gi::executeAction deAddPoint -in [gi::getWindows 7]
[14:17:28.08] /i de::addPoint {-5.999 0.017} -context [db::getNext [de::getContexts -window 7]]
[14:17:28.52] /i gi::executeAction deCanvasDragCancel -in [gi::getWindows 7]
[14:17:29.70] /# gi::executeAction deSelectActive -in [gi::getWindows 7]
[14:17:29.70] /i de::deselectAll [db::getNext [de::getContexts -window 7]]
[14:17:29.70] /i de::select [de::getActiveFigure [gi::getWindows 7] -point {-4.449 0.942} -index 0 -intent none]
[14:17:29.70] /o oa:0x1e77d0d0
[14:17:30.40] /# gi::executeAction leMove -in [gi::getWindows 7]
[14:17:30.40] /i ile::move
[14:17:30.65] /# gi::executeAction deAddPoint -in [gi::getWindows 7]
[14:17:30.65] /i de::addPoint {-4.449 0.942} -context [db::getNext [de::getContexts -window 7]]
[14:17:31.87] /# gi::executeAction deAddPoint -in [gi::getWindows 7]
[14:17:31.87] /i de::addPoint {-4.476 0.406} -context [db::getNext [de::getContexts -window 7]]
[14:17:33.64] /# gi::executeAction deCanvasZoomInAtPoint -in [gi::getWindows 7]
[14:17:33.64] /i de::zoom -window [gi::getWindows 7] -factor 2.0 -center {-4.367 0.893}
[14:17:33.64] /o {-6.312 0.067} {-3.371 1.443}
[14:17:34.35] /# gi::executeAction deCanvasZoomOutAtPoint -in [gi::getWindows 7]
[14:17:34.35] /i de::zoom -window [gi::getWindows 7] -factor 0.5 -center {-4.367 0.876}
[14:17:34.35] /o {-8.257 -0.741} {-2.375 2.011}
[14:17:35.27] /# gi::executeAction deSelectActive -in [gi::getWindows 7]
[14:17:35.27] /i de::deselectAll [db::getNext [de::getContexts -window 7]]
[14:17:35.27] /i de::deselectAllLogic -context [db::getNext [de::getContexts -window 7]]
[14:17:35.54] /i gi::executeAction deCanvasDragCancel -in [gi::getWindows 7]
[14:17:37.53] /# gi::executeAction deSelectActive -in [gi::getWindows 7]
[14:17:37.53] /i de::deselectAll [db::getNext [de::getContexts -window 7]]
[14:17:37.53] /i de::select [de::getActiveFigure [gi::getWindows 7] -point {-4.404 0.981} -index 0 -intent none]
[14:17:37.53] /o oa:0x2144e2e0
[14:17:38.22] /# gi::executeAction leMove -in [gi::getWindows 7]
[14:17:38.22] /i ile::move
[14:17:38.48] /# gi::executeAction deAddPoint -in [gi::getWindows 7]
[14:17:38.48] /i de::addPoint {-4.404 0.981} -context [db::getNext [de::getContexts -window 7]]
[14:17:40.18] /# gi::executeAction deAddPoint -in [gi::getWindows 7]
[14:17:40.18] /i de::addPoint {-4.438 0.408} -context [db::getNext [de::getContexts -window 7]]
[14:17:41.26] /i gi::executeAction deCanvasDragCancel -in [gi::getWindows 7]
[14:17:42.06] /# gi::executeAction leMove -in [gi::getWindows 7]
[14:17:42.06] /i ile::move
[14:17:42.71] /# gi::executeAction leMove -in [gi::getWindows 7]
[14:17:42.71] /i ile::move
[14:17:44.14] /# gi::executeAction deAbortCommand -in [gi::getWindows 7]
[14:17:44.14] /i de::abortCommand -context [db::getNext [de::getContexts -window 7]]
[14:17:44.60] /# gi::executeAction deSelectActive -in [gi::getWindows 7]
[14:17:44.60] /i de::deselectAll [db::getNext [de::getContexts -window 7]]
[14:17:44.60] /i de::select [de::getActiveFigure [gi::getWindows 7] -point {-3.487 0.966} -index 0 -intent none]
[14:17:44.60] /o oa:0x1fc2c510
[14:17:45.16] /# gi::executeAction deSelectActive -in [gi::getWindows 7]
[14:17:45.16] /i de::cycleActiveFigure [gi::getWindows 7] -direction next
[14:17:45.17] /o oa:0x2133ea50
[14:17:45.17] /i de::deselectAll [db::getNext [de::getContexts -window 7]]
[14:17:45.17] /i de::select [de::getActiveFigure [gi::getWindows 7] -point {-3.487 0.966} -index 1 -intent none]
[14:17:45.17] /o oa:0x1e5e8910
[14:17:45.79] /# gi::executeAction deSelectActive -in [gi::getWindows 7]
[14:17:45.79] /i de::cycleActiveFigure [gi::getWindows 7] -direction next
[14:17:45.79] /o oa:0x21177180
[14:17:45.79] /i de::deselectAll [db::getNext [de::getContexts -window 7]]
[14:17:45.79] /i de::select [de::getActiveFigure [gi::getWindows 7] -point {-3.521 0.959} -index 1 -intent none]
[14:17:45.79] /o oa:0x1fc24f90
[14:17:46.67] /# gi::executeAction deSelectActive -in [gi::getWindows 7]
[14:17:46.67] /i de::deselectAll [db::getNext [de::getContexts -window 7]]
[14:17:46.67] /i de::select [de::getActiveFigure [gi::getWindows 7] -point {-3.502 0.959} -index 0 -intent none]
[14:17:46.67] /o oa:0x2115c1e0
[14:17:47.40] /# gi::executeAction leMove -in [gi::getWindows 7]
[14:17:47.40] /i ile::move
[14:17:47.62] /# gi::executeAction deAddPoint -in [gi::getWindows 7]
[14:17:47.62] /i de::addPoint {-3.502 0.959} -context [db::getNext [de::getContexts -window 7]]
[14:17:48.59] /# gi::executeAction deAddPoint -in [gi::getWindows 7]
[14:17:48.59] /i de::addPoint {-3.506 0.434} -context [db::getNext [de::getContexts -window 7]]
[14:17:49.24] /i gi::executeAction deCanvasDragCancel -in [gi::getWindows 7]
[14:17:51.12] /# gi::executeAction deSelectActive -in [gi::getWindows 7]
[14:17:51.12] /i de::deselectAll [db::getNext [de::getContexts -window 7]]
[14:17:51.12] /i de::select [de::getActiveFigure [gi::getWindows 7] -point {-3.491 1.078} -index 0 -intent none]
[14:17:51.12] /o oa:0x213aead0
[14:17:53.17] /# gi::executeAction leMove -in [gi::getWindows 7]
[14:17:53.17] /i ile::move
[14:17:55.38] /# gi::executeAction deAddPoint -in [gi::getWindows 7]
[14:17:55.38] /i de::addPoint {-3.435 0.977} -context [db::getNext [de::getContexts -window 7]]
[14:17:56.64] /# gi::executeAction deAbortCommand -in [gi::getWindows 7]
[14:17:56.64] /i de::abortCommand -context [db::getNext [de::getContexts -window 7]]
[14:17:57.36] /# gi::executeAction deSelectActive -in [gi::getWindows 7]
[14:17:57.36] /i de::deselectAll [db::getNext [de::getContexts -window 7]]
[14:17:57.36] /i de::deselectAllLogic -context [db::getNext [de::getContexts -window 7]]
[14:17:58.49] /# gi::executeAction deSelectActive -in [gi::getWindows 7]
[14:17:58.49] /i de::deselectAll [db::getNext [de::getContexts -window 7]]
[14:17:58.49] /i de::select [de::getActiveFigure [gi::getWindows 7] -point {-3.438 0.981} -index 0 -intent none]
[14:17:58.49] /o oa:0x1e397ef0
[14:17:59.40] /# gi::executeAction leMove -in [gi::getWindows 7]
[14:17:59.40] /i ile::move
[14:17:59.68] /# gi::executeAction deAddPoint -in [gi::getWindows 7]
[14:17:59.68] /i de::addPoint {-3.438 0.981} -context [db::getNext [de::getContexts -window 7]]
[14:18:00.94] /# gi::executeAction deAddPoint -in [gi::getWindows 7]
[14:18:00.94] /i de::addPoint {-3.412 0.401} -context [db::getNext [de::getContexts -window 7]]
[14:18:01.58] /i gi::executeAction deCanvasDragCancel -in [gi::getWindows 7]
[14:18:03.67] /# gi::executeAction deSelectActive -in [gi::getWindows 7]
[14:18:03.67] /i de::deselectAll [db::getNext [de::getContexts -window 7]]
[14:18:03.67] /i de::select [de::getActiveFigure [gi::getWindows 7] -point {-4.374 1.213} -index 0 -intent none]
[14:18:03.67] /o oa:0x214a3310
[14:18:03.96] /# gi::executeAction leMove -in [gi::getWindows 7]
[14:18:03.96] /i ile::move
[14:18:04.23] /# gi::executeAction deAddPoint -in [gi::getWindows 7]
[14:18:04.23] /i de::addPoint {-4.374 1.213} -context [db::getNext [de::getContexts -window 7]]
[14:18:05.84] /# gi::executeAction deAddPoint -in [gi::getWindows 7]
[14:18:05.84] /i de::addPoint {-4.412 0.704} -context [db::getNext [de::getContexts -window 7]]
[14:18:07.75] /# gi::executeAction deCanvasZoomInAtPoint -in [gi::getWindows 7]
[14:18:07.75] /i de::zoom -window [gi::getWindows 7] -factor 2.0 -center {-4.236 1.299}
[14:18:07.75] /o {-6.247 0.279} {-3.306 1.655}
[14:18:09.91] /# gi::executeAction deSelectActive -in [gi::getWindows 7]
[14:18:09.91] /i de::deselectAll [db::getNext [de::getContexts -window 7]]
[14:18:09.91] /i de::select [de::getActiveFigure [gi::getWindows 7] -point {-4.292 1.301} -index 0 -intent none]
[14:18:09.91] /o oa:0x21429ef0
[14:18:12.16] /# gi::executeAction leMove -in [gi::getWindows 7]
[14:18:12.16] /i ile::move
[14:18:12.91] /# gi::executeAction deAddPoint -in [gi::getWindows 7]
[14:18:12.91] /i de::addPoint {-4.266 1.34} -context [db::getNext [de::getContexts -window 7]]
[14:18:17.16] /# gi::executeAction deAddPoint -in [gi::getWindows 7]
[14:18:17.16] /i de::addPoint {-4.266 1.17} -context [db::getNext [de::getContexts -window 7]]
[14:18:18.38] /i gi::executeAction deCanvasDragCancel -in [gi::getWindows 7]
[14:18:19.81] /# gi::executeAction leMove -in [gi::getWindows 7]
[14:18:19.81] /i ile::move
[14:18:20.22] /# gi::executeAction deAddPoint -in [gi::getWindows 7]
[14:18:20.22] /i de::addPoint {-4.408 0.872} -context [db::getNext [de::getContexts -window 7]]
[14:18:21.76] /# gi::executeAction deAbortCommand -in [gi::getWindows 7]
[14:18:21.76] /i de::abortCommand -context [db::getNext [de::getContexts -window 7]]
[14:18:22.69] /# gi::executeAction deSelectActive -in [gi::getWindows 7]
[14:18:22.69] /i de::deselectAll [db::getNext [de::getContexts -window 7]]
[14:18:22.69] /i de::deselectAllLogic -context [db::getNext [de::getContexts -window 7]]
[14:18:23.30] /# gi::executeAction deSelectActive -in [gi::getWindows 7]
[14:18:23.30] /i de::deselectAll [db::getNext [de::getContexts -window 7]]
[14:18:23.30] /i de::select [de::getActiveFigure [gi::getWindows 7] -point {-4.393 0.82} -index 0 -intent none]
[14:18:23.30] /o oa:0x1e11b4f0
[14:18:23.95] /# gi::executeAction leMove -in [gi::getWindows 7]
[14:18:23.95] /i ile::move
[14:18:24.20] /# gi::executeAction deAddPoint -in [gi::getWindows 7]
[14:18:24.21] /i de::addPoint {-4.393 0.82} -context [db::getNext [de::getContexts -window 7]]
[14:18:31.61] /# gi::executeAction deAddPoint -in [gi::getWindows 7]
[14:18:31.61] /i de::addPoint {-4.356 1.11} -context [db::getNext [de::getContexts -window 7]]
[14:18:32.73] /# gi::executeAction dePan -in [gi::getWindows 7]
[14:18:32.74] /i ide::pan [db::getNext [de::getContexts -window 7]]
[14:18:33.10] /# gi::executeAction deStartDrag -in [gi::getWindows 7]
[14:18:33.10] /i de::startDrag {-3.684 0.87} -context [db::getNext [de::getContexts -window 7]]
[14:18:34.60] /# gi::executeAction deEndDrag -in [gi::getWindows 7]
[14:18:34.60] /i de::endDrag {-3.699 0.869} -context [db::getNext [de::getContexts -window 7]]
[14:18:34.60] /r dePanToPoint {-3.862 0.989}
[14:18:35.53] /# gi::executeAction deAbortCommand -in [gi::getWindows 7]
[14:18:35.53] /i de::abortCommand -context [db::getNext [de::getContexts -window 7]]
[14:18:36.17] /# gi::executeAction deSelectActive -in [gi::getWindows 7]
[14:18:36.18] /i de::deselectAll [db::getNext [de::getContexts -window 7]]
[14:18:36.18] /i de::select [de::getActiveFigure [gi::getWindows 7] -point {-3.324 1.31} -index 0 -intent none]
[14:18:36.18] /o oa:0x21e65720
[14:18:36.92] /# gi::executeAction leMove -in [gi::getWindows 7]
[14:18:36.92] /i ile::move
[14:18:37.17] /# gi::executeAction deAddPoint -in [gi::getWindows 7]
[14:18:37.17] /i de::addPoint {-3.324 1.31} -context [db::getNext [de::getContexts -window 7]]
[14:18:42.77] /# gi::executeAction deAddPoint -in [gi::getWindows 7]
[14:18:42.77] /i de::addPoint {-3.326 1.136} -context [db::getNext [de::getContexts -window 7]]
[14:18:44.06] /# gi::executeAction deSelectActive -in [gi::getWindows 7]
[14:18:44.06] /i de::deselectAll [db::getNext [de::getContexts -window 7]]
[14:18:44.06] /i de::select [de::getActiveFigure [gi::getWindows 7] -point {-3.482 1.295} -index 0 -intent none]
[14:18:44.06] /o oa:0x21d4b840
[14:18:44.81] /i gi::executeAction deCanvasDragCancel -in [gi::getWindows 7]
[14:18:45.45] /# gi::executeAction deSelectActive -in [gi::getWindows 7]
[14:18:45.45] /i de::cycleActiveFigure [gi::getWindows 7] -direction next
[14:18:45.46] /o oa:0x21409b90
[14:18:45.46] /i de::deselectAll [db::getNext [de::getContexts -window 7]]
[14:18:45.46] /i de::select [de::getActiveFigure [gi::getWindows 7] -point {-3.491 1.316} -index 1 -intent none]
[14:18:45.46] /o oa:0x2108a800
[14:18:46.24] /# gi::executeAction deSelectActive -in [gi::getWindows 7]
[14:18:46.24] /i de::deselectAll [db::getNext [de::getContexts -window 7]]
[14:18:46.24] /i de::select [de::getActiveFigure [gi::getWindows 7] -point {-3.5 1.389} -index 0 -intent none]
[14:18:46.24] /o oa:0x215b7580
[14:18:47.26] /# gi::executeAction leMove -in [gi::getWindows 7]
[14:18:47.26] /i ile::move
[14:18:47.72] /# gi::executeAction deAddPoint -in [gi::getWindows 7]
[14:18:47.72] /i de::addPoint {-3.5 1.389} -context [db::getNext [de::getContexts -window 7]]
[14:18:50.67] /# gi::executeAction deAddPoint -in [gi::getWindows 7]
[14:18:50.67] /i de::addPoint {-3.502 1.181} -context [db::getNext [de::getContexts -window 7]]
[14:18:52.12] /# gi::executeAction deSelectActive -in [gi::getWindows 7]
[14:18:52.12] /i de::deselectAll [db::getNext [de::getContexts -window 7]]
[14:18:52.12] /i de::deselectAllLogic -context [db::getNext [de::getContexts -window 7]]
[14:18:53.61] /# gi::executeAction leMove -in [gi::getWindows 7]
[14:18:53.61] /i ile::move
[14:18:54.96] /# gi::executeAction deAddPoint -in [gi::getWindows 7]
[14:18:54.96] /i de::addPoint {-4.412 0.693} -context [db::getNext [de::getContexts -window 7]]
[14:19:01.89] /# gi::executeAction deAddPoint -in [gi::getWindows 7]
[14:19:01.89] /i de::addPoint {-4.371 1.043} -context [db::getNext [de::getContexts -window 7]]
[14:19:02.91] /# gi::executeAction deAddPoint -in [gi::getWindows 7]
[14:19:02.92] /i de::addPoint {-3.463 0.745} -context [db::getNext [de::getContexts -window 7]]
[14:19:07.03] /# gi::executeAction deAddPoint -in [gi::getWindows 7]
[14:19:07.03] /i de::addPoint {-3.495 1.114} -context [db::getNext [de::getContexts -window 7]]
[14:19:08.39] /# gi::executeAction deAddPoint -in [gi::getWindows 7]
[14:19:08.39] /i de::addPoint {-3.498 0.519} -context [db::getNext [de::getContexts -window 7]]
[14:19:16.87] /# gi::executeAction deAddPoint -in [gi::getWindows 7]
[14:19:16.87] /i de::addPoint {-3.513 0.665} -context [db::getNext [de::getContexts -window 7]]
[14:19:17.20] /# gi::executeAction deAbortCommand -in [gi::getWindows 7]
[14:19:17.20] /i de::abortCommand -context [db::getNext [de::getContexts -window 7]]
[14:19:18.57] /# gi::executeAction deSelectActive -in [gi::getWindows 7]
[14:19:18.58] /i de::deselectAllLogic -context [db::getNext [de::getContexts -window 7]]
[14:19:18.93] /# gi::executeAction leDiagonalAngleMode -in [gi::getWindows 7]
[14:19:18.93] /i db::setPrefValue leEditAngleMode -value diagonal -scope [db::getNext [de::getContexts -window 7]]; db::setPrefValue leCreateAngleMode -value diagonal -scope [db::getNext [de::getContexts -window 7]]
[14:19:18.93] /o oa:0x1e53ff40
[14:19:19.60] /# gi::executeAction dePan -in [gi::getWindows 7]
[14:19:19.60] /i ide::pan [db::getNext [de::getContexts -window 7]]
[14:19:19.87] /# gi::executeAction deStartDrag -in [gi::getWindows 7]
[14:19:19.87] /i de::startDrag {-3.931 0.623} -context [db::getNext [de::getContexts -window 7]]
[14:19:26.67] /# gi::executeAction deEndDrag -in [gi::getWindows 7]
[14:19:26.67] /i de::endDrag {-3.935 0.623} -context [db::getNext [de::getContexts -window 7]]
[14:19:26.67] /r dePanToPoint {-4.759 0.712}
[14:19:29.06] /# gi::executeAction leMove -in [gi::getWindows 7]
[14:19:29.06] /i ile::move
[14:19:29.32] /# gi::executeAction deAddPoint -in [gi::getWindows 7]
[14:19:29.32] /i de::addPoint {-4.395 0.53} -context [db::getNext [de::getContexts -window 7]]
[14:19:36.62] /i gi::setField {editAngleMode} -value {Any Angle} -in [gi::getToolbars {deCommandOptions} -from [gi::getWindows 7]]
[14:19:40.06] /# gi::executeAction deAddPoint -in [gi::getWindows 7]
[14:19:40.06] /i de::addPoint {-4.369 0.577} -context [db::getNext [de::getContexts -window 7]]
[14:19:41.62] /# gi::executeAction deAddPoint -in [gi::getWindows 7]
[14:19:41.62] /i de::addPoint {-4.481 0.155} -context [db::getNext [de::getContexts -window 7]]
[14:19:42.10] /# gi::executeAction leMove -in [gi::getWindows 7]
[14:19:42.10] /i ile::move
[14:19:42.54] /# gi::executeAction deAddPoint -in [gi::getWindows 7]
[14:19:42.54] /i de::addPoint {-4.481 0.155} -context [db::getNext [de::getContexts -window 7]]
[14:19:44.72] /# gi::executeAction deAddPoint -in [gi::getWindows 7]
[14:19:44.72] /i de::addPoint {-4.331 0.107} -context [db::getNext [de::getContexts -window 7]]
[14:19:45.02] /# gi::executeAction leMove -in [gi::getWindows 7]
[14:19:45.02] /i ile::move
[14:19:45.50] /# gi::executeAction deAddPoint -in [gi::getWindows 7]
[14:19:45.50] /i de::addPoint {-4.331 0.107} -context [db::getNext [de::getContexts -window 7]]
[14:19:47.52] /# gi::executeAction deAbortCommand -in [gi::getWindows 7]
[14:19:47.52] /i de::abortCommand -context [db::getNext [de::getContexts -window 7]]
[14:19:48.34] /# gi::executeAction deCanvasZoomOutAtPoint -in [gi::getWindows 7]
[14:19:48.34] /i de::zoom -window [gi::getWindows 7] -factor 0.5 -center {-4.257 0.373}
[14:19:48.34] /o {-8.203 -0.324} {-2.32 2.428}
[14:19:48.43] /# gi::executeAction deCanvasZoomOutAtPoint -in [gi::getWindows 7]
[14:19:48.43] /i de::zoom -window [gi::getWindows 7] -factor 0.5 -center {-4.256 0.372}
[14:19:48.43] /o {-12.149 -1.021} {-0.385 4.483}
[14:19:49.77] /# gi::executeAction deCanvasZoomInAtPoint -in [gi::getWindows 7]
[14:19:49.77] /i de::zoom -window [gi::getWindows 7] -factor 2.0 -center {-3.807 0.447}
[14:19:49.77] /o {-7.978 -0.287} {-2.096 2.465}
[14:19:50.86] /# gi::executeAction deSelectActive -in [gi::getWindows 7]
[14:19:50.86] /i de::deselectAll [db::getNext [de::getContexts -window 7]]
[14:19:50.86] /i de::select [de::getActiveFigure [gi::getWindows 7] -point {-4.331 0.121} -index 0 -intent none]
[14:19:50.86] /o oa:0x214f63b0
[14:19:51.59] /# gi::executeAction leMove -in [gi::getWindows 7]
[14:19:51.59] /i ile::move
[14:19:51.88] /# gi::executeAction deAddPoint -in [gi::getWindows 7]
[14:19:51.88] /i de::addPoint {-4.331 0.121} -context [db::getNext [de::getContexts -window 7]]
[14:19:53.37] /# gi::executeAction deCanvasZoomInAtPoint -in [gi::getWindows 7]
[14:19:53.37] /i de::zoom -window [gi::getWindows 7] -factor 2.0 -center {-4.316 0.582}
[14:19:53.37] /o {-6.147 0.148} {-3.206 1.524}
[14:19:57.99] /# gi::executeAction deAddPoint -in [gi::getWindows 7]
[14:19:57.99] /i de::addPoint {-4.327 0.543} -context [db::getNext [de::getContexts -window 7]]
[14:19:58.67] /i gi::executeAction deCanvasDragCancel -in [gi::getWindows 7]
[14:20:01.06] /# gi::executeAction deCanvasZoomInAtPoint -in [gi::getWindows 7]
[14:20:01.06] /i de::zoom -window [gi::getWindows 7] -factor 2.0 -center {-4.277 0.694}
[14:20:01.06] /o {-5.212 0.421} {-3.741 1.109}
[14:20:02.22] /# gi::executeAction deCanvasZoomOutAtPoint -in [gi::getWindows 7]
[14:20:02.22] /i de::zoom -window [gi::getWindows 7] -factor 0.5 -center {-4.283 0.688}
[14:20:02.22] /o {-6.141 0.154} {-3.2 1.53}
[14:20:04.72] /# gi::executeAction deSelectActive -in [gi::getWindows 7]
[14:20:04.72] /i de::deselectAll [db::getNext [de::getContexts -window 7]]
[14:20:04.72] /i de::select [de::getActiveFigure [gi::getWindows 7] -point {-3.514 0.696} -index 0 -intent none]
[14:20:04.72] /o oa:0x20cbaf60
[14:20:05.41] /# gi::executeAction leMove -in [gi::getWindows 7]
[14:20:05.41] /i ile::move
[14:20:05.65] /# gi::executeAction deAddPoint -in [gi::getWindows 7]
[14:20:05.65] /i de::addPoint {-3.514 0.696} -context [db::getNext [de::getContexts -window 7]]
[14:20:10.98] /# gi::executeAction deAddPoint -in [gi::getWindows 7]
[14:20:10.98] /i de::addPoint {-3.501 0.558} -context [db::getNext [de::getContexts -window 7]]
[14:20:12.82] /# gi::executeAction deSelectActive -in [gi::getWindows 7]
[14:20:12.82] /i de::deselectAll [db::getNext [de::getContexts -window 7]]
[14:20:12.82] /i de::select [de::getActiveFigure [gi::getWindows 7] -point {-4.355 0.648} -index 0 -intent none]
[14:20:12.82] /o oa:0x1e47a4f0
[14:20:15.47] /# gi::executeAction leMove -in [gi::getWindows 7]
[14:20:15.47] /i ile::move
[14:20:16.54] /# gi::executeAction deAddPoint -in [gi::getWindows 7]
[14:20:16.54] /i de::addPoint {-4.355 0.65} -context [db::getNext [de::getContexts -window 7]]
[14:20:19.69] /# gi::executeAction deAddPoint -in [gi::getWindows 7]
[14:20:19.69] /i de::addPoint {-4.344 0.633} -context [db::getNext [de::getContexts -window 7]]
[14:20:20.39] /# gi::executeAction leStretch -in [gi::getWindows 7]
[14:20:20.39] /i ile::stretch
[14:20:22.06] /# gi::executeAction deAddPoint -in [gi::getWindows 7]
[14:20:22.06] /i de::addPoint {-4.387 0.747} -context [db::getNext [de::getContexts -window 7]]
[14:20:23.42] /i gi::executeAction leFocusCanvasToolbar -in [gi::getWindows 7]
[14:20:24.15] /# gi::executeAction deAbortCommand -in [gi::getWindows 7]
[14:20:24.15] /i de::abortCommand -context [db::getNext [de::getContexts -window 7]]
[14:20:24.65] /i gi::executeAction deCanvasDragCancel -in [gi::getWindows 7]
[14:20:25.39] /# gi::executeAction deSelectActive -in [gi::getWindows 7]
[14:20:25.39] /i de::deselectAll [db::getNext [de::getContexts -window 7]]
[14:20:25.39] /i de::deselectAllLogic -context [db::getNext [de::getContexts -window 7]]
[14:20:25.98] /# gi::executeAction leStretch -in [gi::getWindows 7]
[14:20:25.98] /i ile::stretch
[14:20:26.94] /# gi::executeAction deAddPoint -in [gi::getWindows 7]
[14:20:26.94] /i de::addPoint {-4.387 0.753} -context [db::getNext [de::getContexts -window 7]]
[14:20:31.17] /# gi::executeAction deAddPoint -in [gi::getWindows 7]
[14:20:31.17] /i de::addPoint {-4.372 0.438} -context [db::getNext [de::getContexts -window 7]]
[14:20:34.54] /# gi::executeAction deAddPoint -in [gi::getWindows 7]
[14:20:34.54] /i de::addPoint {-3.477 0.769} -context [db::getNext [de::getContexts -window 7]]
[14:20:37.70] /# gi::executeAction deAddPoint -in [gi::getWindows 7]
[14:20:37.70] /i de::addPoint {-3.503 0.462} -context [db::getNext [de::getContexts -window 7]]
[14:20:38.60] /# gi::executeAction deAbortCommand -in [gi::getWindows 7]
[14:20:38.60] /i de::abortCommand -context [db::getNext [de::getContexts -window 7]]
[14:20:41.14] /i gi::executeAction deSaveDesign -in [gi::getWindows 7]
[14:20:41.14] /m Information: Saving design 'dff dff layout'. (DESIGN_WINDOW-004)
[14:20:41.50] /i gi::executeAction deSaveDesign -in [gi::getWindows 7]
[14:20:41.50] /m Information: Saving design 'dff dff layout'. (DESIGN_WINDOW-004)
[14:20:42.21] /i gi::executeAction deSaveDesign -in [gi::getWindows 7]
[14:20:42.21] /m Information: Saving design 'dff dff layout'. (DESIGN_WINDOW-004)
[14:20:49.38] /# gi::executeAction xtDRCRun -in [gi::getWindows 7]
[14:20:49.38] /i xt::physicalVerification::executeRun drc 7
[14:20:49.61] /# xt::physicalVerification::executePve drc 7
[14:20:54.03] /m Information: 
              /c =============================
              /c JobID: hercules_drc_41
              /c --- ERROR SUMMARY -----------
              /c 7.30: Minimum area of Metal 1 >= 0.04
              /c  AREA M1S { } (101) ..................................... 1 violation found.
              /c 7.61: Minimum spacing from Polysilicon to Diffusion >= 0.045
              /c  EXTERNAL POLS DIFN { } (102) ........................... 2 violations found.
              /c =============================
              /c 
[14:20:54.78] /j ::xt::hercules::vue::_private::registerConnection localhost:38985 tcp77 herculesVue_10 
[14:20:54.79] /m Information: Connection established with 'Hercules-VUE' running on 'localhost'.
[14:20:54.84] /j ::xt::hercules::vue::_private::isJobReady 
[14:20:54.84] /o true
[14:20:54.87] /j ::xt::hercules::vue::startFilter LAY 
[14:20:55.10] /j ::xt::hercules::vue::setInlibPath /root/Excercise/DFlipFlop/synopsys_custom/dff.hercules.drc/. 
[14:20:55.15] /j ::xt::hercules::vue::setTopLayLCV dff dff layout 
[14:20:55.15] /j ::xt::hercules::vue::openCell dff dff layout 
[14:20:57.21] /j ::xt::hercules::vue::clearAllHighlights dff layout 
[14:20:58.43] /j ::xt::hercules::vue::clearAllHighlights dff layout 
[14:20:58.46] /j ::xt::hercules::vue::clearAllHighlights dff layout 
[14:20:58.47] /j ::xt::hercules::vue::openCell dff dff layout 
[14:20:59.43] /j ::xt::hercules::vue::clearAllHighlights dff layout 
[14:20:59.45] /j ::xt::hercules::vue::clearAllHighlights dff layout 
[14:20:59.48] /j ::xt::hercules::vue::setHighlightProperty dff layout yellow brick 
[14:20:59.49] /j ::xt::hercules::vue::addPolygonBegin 4 
[14:20:59.53] /j ::xt::hercules::vue::addPolygonPoints {-6.070 0.460 -6.070 0.610 -5.860 0.610 -5.860 0.460 -6.070 0.460} 
[14:20:59.53] /j ::xt::hercules::vue::addPolygonEnd 
[14:20:59.53] /j ::xt::hercules::vue::setViewPort extents {-6.096 0.441 -5.834 0.629} LAY 
[14:20:59.56] /j ::xt::hercules::vue::addErrorDescription {"Area: 0.032"} 
[14:20:59.57] /j ::xt::hercules::vue::drawHighlights dff layout all 
[14:21:01.62] /i gi::setActiveWindow 9
[14:21:01.62] /i gi::setActiveWindow 9 -raise true
[14:21:01.78] /i gi::setActiveWindow 7
[14:21:01.78] /i gi::setActiveWindow 7 -raise true
[14:21:02.82] /# gi::executeAction deCanvasZoomOutAtPoint -in [gi::getWindows 7]
[14:21:02.83] /i de::zoom -window [gi::getWindows 7] -factor 0.5 -center {-5.941 0.591}
[14:21:02.83] /o {-6.391 0.291} {-5.587 0.667}
[14:21:03.30] /# gi::executeAction deCanvasZoomOutAtPoint -in [gi::getWindows 7]
[14:21:03.30] /i de::zoom -window [gi::getWindows 7] -factor 0.5 -center {-5.935 0.59}
[14:21:03.31] /o {-6.847 -0.008} {-5.239 0.744}
[14:21:03.82] /# gi::executeAction deCanvasZoomOutAtPoint -in [gi::getWindows 7]
[14:21:03.82] /i de::zoom -window [gi::getWindows 7] -factor 0.5 -center {-5.81 0.547}
[14:21:03.82] /o {-7.883 -0.563} {-4.669 0.941}
[14:21:10.16] /# gi::executeAction deSelectActive -in [gi::getWindows 7]
[14:21:10.16] /i de::deselectAllLogic -context [db::getNext [de::getContexts -window 7]]
[14:21:10.69] /# gi::executeAction deSelectActive -in [gi::getWindows 7]
[14:21:10.69] /i de::deselectAllLogic -context [db::getNext [de::getContexts -window 7]]
[14:21:11.51] /# gi::executeAction deCanvasZoomOutAtPoint -in [gi::getWindows 7]
[14:21:11.51] /i de::zoom -window [gi::getWindows 7] -factor 0.5 -center {-5.225 0.196}
[14:21:11.51] /o {-10.542 -1.322} {-4.112 1.686}
[14:21:12.12] /# gi::executeAction deCanvasZoomInAtPoint -in [gi::getWindows 7]
[14:21:12.12] /i de::zoom -window [gi::getWindows 7] -factor 2.0 -center {-5.16 0.221}
[14:21:12.14] /o {-7.851 -0.55} {-4.636 0.954}
[14:21:14.54] /# gi::setCurrentIndex {lpps} -index {m1 drw} -in [gi::getAssistants leObjectLayerPanel -from [gi::getWindows 7]]
[14:21:14.54] /# gi::setItemSelection {lpps} -index {m1 drw} -in [gi::getAssistants leObjectLayerPanel -from [gi::getWindows 7]]
[14:21:14.61] /# gi::executeAction leOLPSetActiveLPP -in [gi::getAssistants leObjectLayerPanel -from [gi::getWindows 7]]
[14:21:14.61] /i de::setActiveLPP [de::getLPPs -from [oa::DesignFind dff dff layout] -filter {%lpp =="m1 drawing"}]
[14:21:16.46] /# gi::executeAction leRectangle -in [gi::getWindows 7]
[14:21:16.47] /i ile::createRectangle
[14:21:20.66] /# gi::executeAction deAddPoint -in [gi::getWindows 7]
[14:21:20.66] /i de::addPoint {-6.066 0.606} -context [db::getNext [de::getContexts -window 7]]
[14:21:24.46] /# gi::executeAction deAddPoint -in [gi::getWindows 7]
[14:21:24.46] /i de::addPoint {-5.87 0.078} -context [db::getNext [de::getContexts -window 7]]
[14:21:24.92] /# gi::executeAction deAbortCommand -in [gi::getWindows 7]
[14:21:24.92] /i de::abortCommand -context [db::getNext [de::getContexts -window 7]]
[14:21:26.60] /i gi::executeAction deSaveDesign -in [gi::getWindows 7]
[14:21:26.60] /m Information: Saving design 'dff dff layout'. (DESIGN_WINDOW-004)
[14:21:27.45] /i gi::executeAction deSaveDesign -in [gi::getWindows 7]
[14:21:27.45] /m Information: Saving design 'dff dff layout'. (DESIGN_WINDOW-004)
[14:21:27.74] /i gi::executeAction deSaveDesign -in [gi::getWindows 7]
[14:21:27.74] /m Information: Saving design 'dff dff layout'. (DESIGN_WINDOW-004)
[14:21:27.94] /i gi::executeAction deSaveDesign -in [gi::getWindows 7]
[14:21:27.94] /m Information: Saving design 'dff dff layout'. (DESIGN_WINDOW-004)
[14:21:30.67] /# gi::executeAction xtDRCRun -in [gi::getWindows 7]
[14:21:30.67] /i xt::physicalVerification::executeRun drc 7
[14:21:30.83] /# xt::physicalVerification::executePve drc 7
[14:21:34.60] /m Information: 
              /c =============================
              /c JobID: hercules_drc_42
              /c --- ERROR SUMMARY -----------
              /c 7.61: Minimum spacing from Polysilicon to Diffusion >= 0.045
              /c  EXTERNAL POLS DIFN { } (102) ........................... 2 violations found.
              /c =============================
              /c 
[14:21:35.21] /j ::xt::hercules::vue::_private::registerConnection localhost:35215 tcp83 herculesVue_11 
[14:21:35.25] /j ::xt::hercules::vue::_private::isJobReady 
[14:21:35.26] /o false
[14:21:36.26] /j ::xt::hercules::vue::_private::isJobReady 
[14:21:36.26] /o false
[14:21:37.26] /m Information: Connection established with 'Hercules-VUE' running on 'localhost'.
[14:21:37.26] /j ::xt::hercules::vue::_private::isJobReady 
[14:21:37.26] /o true
[14:21:37.26] /j ::xt::hercules::vue::startFilter LAY 
[14:21:37.51] /j ::xt::hercules::vue::setInlibPath /root/Excercise/DFlipFlop/synopsys_custom/dff.hercules.drc/. 
[14:21:37.51] /j ::xt::hercules::vue::setTopLayLCV dff dff layout 
[14:21:37.51] /j ::xt::hercules::vue::openCell dff dff layout 
[14:21:39.28] /j ::xt::hercules::vue::clearAllHighlights dff layout 
[14:21:40.17] /j ::xt::hercules::vue::clearAllHighlights dff layout 
[14:21:40.18] /j ::xt::hercules::vue::clearAllHighlights dff layout 
[14:21:40.19] /j ::xt::hercules::vue::openCell dff dff layout 
[14:21:40.58] /j ::xt::hercules::vue::clearAllHighlights dff layout 
[14:21:40.59] /j ::xt::hercules::vue::clearAllHighlights dff layout 
[14:21:40.59] /j ::xt::hercules::vue::setHighlightProperty dff layout yellow brick 
[14:21:40.59] /j ::xt::hercules::vue::addPolygonBegin 4 
[14:21:40.65] /j ::xt::hercules::vue::addPolygonPoints {-3.310 1.225 -3.310 1.230 -3.090 1.230 -3.090 1.225 -3.310 1.225} 
[14:21:40.66] /j ::xt::hercules::vue::addPolygonEnd 
[14:21:40.66] /j ::xt::hercules::vue::setViewPort extents {-3.338 1.224 -3.062 1.231} LAY 
[14:21:40.67] /j ::xt::hercules::vue::addErrorDescription {"Distance: 0.005"} 
[14:21:40.68] /j ::xt::hercules::vue::drawHighlights dff layout all 
[14:21:44.58] /j ::xt::hercules::vue::clearAllHighlights dff layout 
[14:21:44.58] /j ::xt::hercules::vue::setHighlightProperty dff layout yellow brick 
[14:21:44.58] /j ::xt::hercules::vue::addPolygonBegin 4 
[14:21:44.64] /j ::xt::hercules::vue::addPolygonPoints {-3.310 1.225 -3.310 1.230 -3.090 1.230 -3.090 1.225 -3.310 1.225} 
[14:21:44.64] /j ::xt::hercules::vue::addPolygonEnd 
[14:21:44.64] /j ::xt::hercules::vue::setViewPort extents {-3.338 1.224 -3.062 1.231} LAY 
[14:21:44.67] /j ::xt::hercules::vue::addErrorDescription {"Distance: 0.005"} 
[14:21:44.68] /j ::xt::hercules::vue::drawHighlights dff layout all 
[14:21:48.51] /i gi::setActiveWindow 9
[14:21:48.51] /i gi::setActiveWindow 9 -raise true
[14:21:48.72] /i gi::setActiveWindow 7
[14:21:48.72] /i gi::setActiveWindow 7 -raise true
[14:21:50.67] /# gi::executeAction deCanvasZoomOutAtPoint -in [gi::getWindows 7]
[14:21:50.67] /i de::zoom -window [gi::getWindows 7] -factor 0.5 -center {-3.149 1.265}
[14:21:50.67] /o {-3.527 1.061} {-2.975 1.319}
[14:21:51.17] /# gi::executeAction deCanvasZoomOutAtPoint -in [gi::getWindows 7]
[14:21:51.17] /i de::zoom -window [gi::getWindows 7] -factor 0.5 -center {-3.144 1.258}
[14:21:51.17] /o {-3.91 0.864} {-2.806 1.38}
[14:21:51.67] /# gi::executeAction deCanvasZoomOutAtPoint -in [gi::getWindows 7]
[14:21:51.67] /i de::zoom -window [gi::getWindows 7] -factor 0.5 -center {-3.138 1.252}
[14:21:51.67] /o {-4.682 0.475} {-2.474 1.509}
[14:21:52.57] /# gi::executeAction deCanvasZoomInAtPoint -in [gi::getWindows 7]
[14:21:52.57] /i de::zoom -window [gi::getWindows 7] -factor 2.0 -center {-3.081 1.265}
[14:21:52.57] /o {-3.881 0.87} {-2.777 1.387}
[14:22:02.71] /i gi::executeAction deCanvasDragCancel -in [gi::getWindows 7]
[14:22:04.05] /# gi::executeAction deSelectActive -in [gi::getWindows 7]
[14:22:04.05] /i de::deselectAllLogic -context [db::getNext [de::getContexts -window 7]]
[14:22:04.93] /# gi::executeAction deSelectActive -in [gi::getWindows 7]
[14:22:04.93] /i de::deselectAll [db::getNext [de::getContexts -window 7]]
[14:22:04.93] /i de::select [de::getActiveFigure [gi::getWindows 7] -point {-3.338 1.17} -index 0 -intent none]
[14:22:04.93] /o oa:0x22ad73e0
[14:22:06.05] /# gi::executeAction leMove -in [gi::getWindows 7]
[14:22:06.06] /i ile::move
[14:22:06.44] /# gi::executeAction deAddPoint -in [gi::getWindows 7]
[14:22:06.44] /i de::addPoint {-3.338 1.17} -context [db::getNext [de::getContexts -window 7]]
[14:22:08.34] /w Warning: Disabled optimizations for high-performance drags due to poor X server performance. To restore, review "Performance Tuning" in the documentation and call db::setPrefValue deEnableRuntimePixmaps -value true (RENDERER-005)
[14:22:13.41] /# gi::executeAction deAddPoint -in [gi::getWindows 7]
[14:22:13.41] /i de::addPoint {-3.338 1.215} -context [db::getNext [de::getContexts -window 7]]
[14:22:14.46] /i gi::executeAction deCanvasDragCancel -in [gi::getWindows 7]
[14:22:14.93] /i gi::executeAction deCanvasDragCancel -in [gi::getWindows 7]
[14:22:15.25] /i gi::executeAction deCanvasDragCancel -in [gi::getWindows 7]
[14:22:15.50] /# gi::executeAction deSelectActive -in [gi::getWindows 7]
[14:22:15.50] /i de::deselectAll [db::getNext [de::getContexts -window 7]]
[14:22:15.50] /i de::deselectAllLogic -context [db::getNext [de::getContexts -window 7]]
[14:22:16.17] /i gi::executeAction deSaveDesign -in [gi::getWindows 7]
[14:22:16.17] /m Information: Saving design 'dff dff layout'. (DESIGN_WINDOW-004)
[14:22:16.77] /i gi::executeAction deSaveDesign -in [gi::getWindows 7]
[14:22:16.77] /m Information: Saving design 'dff dff layout'. (DESIGN_WINDOW-004)
[14:22:21.01] /# gi::executeAction xtDRCRun -in [gi::getWindows 7]
[14:22:21.01] /i xt::physicalVerification::executeRun drc 7
[14:22:21.27] /# xt::physicalVerification::executePve drc 7
[14:22:26.57] /m Information: 
              /c =============================
              /c JobID: hercules_drc_43
              /c --- ERROR SUMMARY -----------
              /c 7.61: Minimum spacing from Polysilicon to Diffusion >= 0.045
              /c  EXTERNAL POLS DIFN { } (102) ........................... 1 violation found.
              /c 7.62: Minimum enclosure of Diffusion within Polysilicon >= 0.13
              /c  ENCLOSE plain_diff BY POLS { } (102) ................... 1 violation found.
              /c =============================
              /c 
[14:22:27.73] /j ::xt::hercules::vue::_private::registerConnection localhost:47583 tcp89 herculesVue_12 
[14:22:27.78] /j ::xt::hercules::vue::_private::isJobReady 
[14:22:27.78] /o false
[14:22:28.81] /j ::xt::hercules::vue::_private::isJobReady 
[14:22:28.81] /o false
[14:22:29.54] /j ::xt::hercules::vue::clearAllHighlights dff layout 
[14:22:29.55] /j ::xt::hercules::vue::clearAllHighlights dff layout 
[14:22:29.81] /m Information: Connection established with 'Hercules-VUE' running on 'localhost'.
[14:22:29.81] /j ::xt::hercules::vue::_private::isJobReady 
[14:22:29.81] /o true
[14:22:29.83] /j ::xt::hercules::vue::startFilter LAY 
[14:22:29.93] /m Information: Connection closed with 'Hercules-VUE' running on 'localhost'.
[14:22:30.20] /j ::xt::hercules::vue::setInlibPath /root/Excercise/DFlipFlop/synopsys_custom/dff.hercules.drc/. 
[14:22:30.21] /j ::xt::hercules::vue::setTopLayLCV dff dff layout 
[14:22:30.21] /j ::xt::hercules::vue::openCell dff dff layout 
[14:22:33.10] /j ::xt::hercules::vue::clearAllHighlights dff layout 
[14:22:33.99] /j ::xt::hercules::vue::clearAllHighlights dff layout 
[14:22:34.01] /j ::xt::hercules::vue::clearAllHighlights dff layout 
[14:22:34.03] /j ::xt::hercules::vue::openCell dff dff layout 
[14:22:34.65] /j ::xt::hercules::vue::clearAllHighlights dff layout 
[14:22:34.67] /j ::xt::hercules::vue::clearAllHighlights dff layout 
[14:22:34.68] /j ::xt::hercules::vue::setHighlightProperty dff layout yellow brick 
[14:22:34.69] /j ::xt::hercules::vue::addPolygonBegin 4 
[14:22:34.73] /j ::xt::hercules::vue::addPolygonPoints {-4.220 1.220 -4.220 1.230 -4.000 1.230 -4.000 1.220 -4.220 1.220} 
[14:22:34.73] /j ::xt::hercules::vue::addPolygonEnd 
[14:22:34.73] /j ::xt::hercules::vue::setViewPort extents {-4.247 1.219 -3.972 1.231} LAY 
[14:22:34.75] /j ::xt::hercules::vue::addErrorDescription {"Distance: 0.010"} 
[14:22:34.77] /j ::xt::hercules::vue::drawHighlights dff layout all 
[14:22:40.67] /j ::xt::hercules::vue::clearAllHighlights dff layout 
[14:22:40.68] /j ::xt::hercules::vue::clearAllHighlights dff layout 
[14:22:40.68] /j ::xt::hercules::vue::setHighlightProperty dff layout yellow brick 
[14:22:40.69] /j ::xt::hercules::vue::addPolygonBegin 4 
[14:22:40.75] /j ::xt::hercules::vue::addPolygonPoints {-3.310 1.145 -3.310 1.230 -3.090 1.230 -3.090 1.145 -3.310 1.145} 
[14:22:40.75] /j ::xt::hercules::vue::addPolygonEnd 
[14:22:40.75] /j ::xt::hercules::vue::setViewPort extents {-3.338 1.134 -3.062 1.241} LAY 
[14:22:40.80] /j ::xt::hercules::vue::addErrorDescription {"Distance: 0.085"} 
[14:22:40.80] /j ::xt::hercules::vue::drawHighlights dff layout all 
[14:22:42.14] /j ::xt::hercules::vue::clearAllHighlights dff layout 
[14:22:42.17] /j ::xt::hercules::vue::setHighlightProperty dff layout yellow brick 
[14:22:42.18] /j ::xt::hercules::vue::addPolygonBegin 4 
[14:22:42.24] /j ::xt::hercules::vue::addPolygonPoints {-3.310 1.145 -3.310 1.230 -3.090 1.230 -3.090 1.145 -3.310 1.145} 
[14:22:42.24] /j ::xt::hercules::vue::addPolygonEnd 
[14:22:42.25] /j ::xt::hercules::vue::setViewPort extents {-3.338 1.134 -3.062 1.241} LAY 
[14:22:42.28] /j ::xt::hercules::vue::addErrorDescription {"Distance: 0.085"} 
[14:22:42.29] /j ::xt::hercules::vue::drawHighlights dff layout all 
[14:22:47.83] /i gi::setActiveWindow 9
[14:22:47.83] /i gi::setActiveWindow 9 -raise true
[14:22:48.08] /i gi::setActiveWindow 7
[14:22:48.08] /i gi::setActiveWindow 7 -raise true
[14:22:49.41] /# gi::executeAction deCanvasZoomOutAtPoint -in [gi::getWindows 7]
[14:22:49.41] /i de::zoom -window [gi::getWindows 7] -factor 0.5 -center {-3.191 1.217}
[14:22:49.41] /o {-3.485 1.029} {-2.933 1.287}
[14:22:49.54] /# gi::executeAction deCanvasZoomOutAtPoint -in [gi::getWindows 7]
[14:22:49.54] /i de::zoom -window [gi::getWindows 7] -factor 0.5 -center {-3.192 1.216}
[14:22:49.54] /o {-3.778 0.842} {-2.674 1.358}
[14:22:51.50] /# gi::executeAction deCanvasZoomInAtPoint -in [gi::getWindows 7]
[14:22:51.50] /i de::zoom -window [gi::getWindows 7] -factor 2.0 -center {-3.197 1.196}
[14:22:51.50] /o {-3.487 1.019} {-2.935 1.277}
[14:22:52.32] /# gi::executeAction deCanvasZoomOutAtPoint -in [gi::getWindows 7]
[14:22:52.32] /i de::zoom -window [gi::getWindows 7] -factor 0.5 -center {-3.197 1.196}
[14:22:52.32] /o {-3.778 0.842} {-2.674 1.358}
[14:22:54.91] /# gi::executeAction deCanvasZoomInAtPoint -in [gi::getWindows 7]
[14:22:54.91] /i de::zoom -window [gi::getWindows 7] -factor 2.0 -center {-3.333 1.187}
[14:22:54.92] /o {-3.555 1.014} {-3.003 1.273}
[14:22:56.18] /# gi::executeAction leRuler -in [gi::getWindows 7]
[14:22:56.18] /i ile::createRuler
[14:22:58.64] /# gi::executeAction deAddPoint -in [gi::getWindows 7]
[14:22:58.64] /i de::addPoint {-3.307 1.231} -context [db::getNext [de::getContexts -window 7]]
[14:23:04.70] /# gi::executeAction deAddPoint -in [gi::getWindows 7]
[14:23:04.70] /i de::addPoint {-3.312 1.102} -context [db::getNext [de::getContexts -window 7]]
[14:23:05.74] /# gi::executeAction deAbortCommand -in [gi::getWindows 7]
[14:23:05.74] /i de::abortCommand -context [db::getNext [de::getContexts -window 7]]
[14:23:06.26] /# gi::executeAction deCanvasZoomOutAtPoint -in [gi::getWindows 7]
[14:23:06.26] /i de::zoom -window [gi::getWindows 7] -factor 0.5 -center {-3.223 1.139}
[14:23:06.26] /o {-3.888 0.89} {-2.784 1.406}
[14:23:10.95] /# gi::executeAction leStretch -in [gi::getWindows 7]
[14:23:10.95] /i ile::stretch
[14:23:12.27] /# gi::executeAction deAddPoint -in [gi::getWindows 7]
[14:23:12.27] /i de::addPoint {-3.119 1.143} -context [db::getNext [de::getContexts -window 7]]
[14:23:15.43] /# gi::executeAction deAddPoint -in [gi::getWindows 7]
[14:23:15.43] /i de::addPoint {-3.119 1.101} -context [db::getNext [de::getContexts -window 7]]
[14:23:15.97] /# gi::executeAction deCanvasZoomOutAtPoint -in [gi::getWindows 7]
[14:23:15.97] /i de::zoom -window [gi::getWindows 7] -factor 0.5 -center {-3.059 1.076}
[14:23:15.97] /o {-4.717 0.703} {-2.509 1.737}
[14:23:18.91] /# gi::executeAction deAddPoint -in [gi::getWindows 7]
[14:23:18.91] /i de::addPoint {-4.27 1.218} -context [db::getNext [de::getContexts -window 7]]
[14:23:22.26] /# gi::executeAction deAddPoint -in [gi::getWindows 7]
[14:23:22.26] /i de::addPoint {-4.269 1.259} -context [db::getNext [de::getContexts -window 7]]
[14:23:24.74] /# gi::executeAction deAbortCommand -in [gi::getWindows 7]
[14:23:24.74] /i de::abortCommand -context [db::getNext [de::getContexts -window 7]]
[14:23:25.81] /# gi::executeAction deSelectActive -in [gi::getWindows 7]
[14:23:25.81] /i de::deselectAllLogic -context [db::getNext [de::getContexts -window 7]]
[14:23:26.56] /i gi::executeAction deSaveDesign -in [gi::getWindows 7]
[14:23:26.56] /m Information: Saving design 'dff dff layout'. (DESIGN_WINDOW-004)
[14:23:31.36] /# gi::executeAction xtDRCRun -in [gi::getWindows 7]
[14:23:31.36] /i xt::physicalVerification::executeRun drc 7
[14:23:31.54] /# xt::physicalVerification::executePve drc 7
[14:23:35.80] /m Information: 
              /c =============================
              /c JobID: hercules_drc_44
              /c Completed with no errors.
              /c =============================
              /c 
[14:23:40.92] /i gi::setActiveWindow 7
[14:23:40.92] /i gi::setActiveWindow 7 -raise true
[14:23:47.19] /j ::xt::hercules::vue::clearAllHighlights dff layout 
[14:23:47.19] /j ::xt::hercules::vue::clearAllHighlights dff layout 
[14:23:47.38] /m Information: Connection closed with 'Hercules-VUE' running on 'localhost'.
[14:24:21.28] /j ::xt::hercules::vue::clearAllHighlights dff layout 
[14:24:21.34] /j ::xt::hercules::vue::clearAllHighlights dff layout 
[14:24:21.58] /m Information: Connection closed with 'Hercules-VUE' running on 'localhost'.
[14:24:25.08] /j ::xt::hercules::vue::clearAllHighlights dff layout 
[14:24:25.08] /j ::xt::hercules::vue::clearAllHighlights dff layout 
[14:24:25.35] /m Information: Connection closed with 'Hercules-VUE' running on 'localhost'.
[14:24:28.07] /j ::xt::hercules::vue::clearAllHighlights dff layout 
[14:24:28.08] /j ::xt::hercules::vue::clearAllHighlights dff layout 
[14:24:28.30] /m Information: Connection closed with 'Hercules-VUE' running on 'localhost'.
[14:24:31.54] /j ::xt::hercules::vue::clearAllHighlights dff layout 
[14:24:31.54] /j ::xt::hercules::vue::clearAllHighlights dff layout 
[14:24:31.77] /m Information: Connection closed with 'Hercules-VUE' running on 'localhost'.
[14:24:34.52] /j ::xt::hercules::vue::clearAllHighlights dff layout 
[14:24:34.57] /j ::xt::hercules::vue::clearAllHighlights dff layout 
[14:24:34.79] /m Information: Connection closed with 'Hercules-VUE' running on 'localhost'.
[14:24:35.47] /# gi::executeAction deCanvasZoomOutAtPoint -in [gi::getWindows 7]
[14:24:35.47] /i de::zoom -window [gi::getWindows 7] -factor 0.5 -center {-3.026 1.257}
[14:24:35.47] /o {-6.408 0.15} {-1.992 2.216}
[14:24:41.91] /# gi::executeAction deCanvasZoomOutAtPoint -in [gi::getWindows 7]
[14:24:41.91] /i de::zoom -window [gi::getWindows 7] -factor 0.5 -center {-3.409 0.617}
[14:24:41.91] /o {-9.407 -0.317} {-0.575 3.815}
[14:24:44.30] /# gi::executeAction deCanvasZoomInAtPoint -in [gi::getWindows 7]
[14:24:44.30] /i de::zoom -window [gi::getWindows 7] -factor 2.0 -center {-3.706 0.369}
[14:24:44.30] /o {-6.556 0.026} {-2.14 2.092}
[14:24:48.79] /# gi::executeAction deCanvasZoomOutAtPoint -in [gi::getWindows 7]
[14:24:48.79] /i de::zoom -window [gi::getWindows 7] -factor 0.5 -center {-3.372 0.644}
[14:24:48.79] /o {-9.741 -0.592} {-0.909 3.54}
[14:25:31.56] /# gi::executeAction dePan -in [gi::getWindows 7]
[14:25:31.56] /i ide::pan [db::getNext [de::getContexts -window 7]]
[14:25:31.82] /# gi::executeAction deStartDrag -in [gi::getWindows 7]
[14:25:31.82] /i de::startDrag {-2.601 0.223} -context [db::getNext [de::getContexts -window 7]]
[14:25:33.25] /# gi::executeAction deEndDrag -in [gi::getWindows 7]
[14:25:33.25] /i de::endDrag {-2.59 0.229} -context [db::getNext [de::getContexts -window 7]]
[14:25:33.25] /r dePanToPoint {-2.576 1.3}
[14:25:33.68] /# gi::executeAction deCanvasZoomInAtPoint -in [gi::getWindows 7]
[14:25:33.68] /i de::zoom -window [gi::getWindows 7] -factor 2.0 -center {-2.596 0.47}
[14:25:33.68] /o {-4.794 -0.148} {-0.378 1.918}
[14:25:35.13] /# gi::executeAction deAddPoint -in [gi::getWindows 7]
[14:25:35.13] /i de::addPoint {-2.365 0.594} -context [db::getNext [de::getContexts -window 7]]
[14:25:35.20] /# gi::executeAction deAddPoint -in [gi::getWindows 7]
[14:25:35.20] /i de::addPoint {-2.248 0.306} -context [db::getNext [de::getContexts -window 7]]
[14:25:36.09] /# gi::executeAction deStartDrag -in [gi::getWindows 7]
[14:25:36.09] /i de::startDrag {-2.297 0.212} -context [db::getNext [de::getContexts -window 7]]
[14:25:37.73] /# gi::executeAction deEndDrag -in [gi::getWindows 7]
[14:25:37.73] /i de::endDrag {-2.294 0.212} -context [db::getNext [de::getContexts -window 7]]
[14:25:37.73] /r dePanToPoint {-2.493 0.626}
[14:25:39.53] /# gi::executeAction leVia -in [gi::getWindows 7]
[14:25:39.53] /i ile::createVia
[14:25:39.56] /o oa:0x1e3a59a0
[14:25:56.19] /# gi::executeAction deAddPoint -in [gi::getWindows 7]
[14:25:56.19] /i de::addPoint {-2.595 1.125} -context [db::getNext [de::getContexts -window 7]]
[14:26:05.28] /# gi::executeAction deAddPoint -in [gi::getWindows 7]
[14:26:05.28] /i de::addPoint {-1.668 1.123} -context [db::getNext [de::getContexts -window 7]]
[14:26:06.36] /# gi::executeAction deAbortCommand -in [gi::getWindows 7]
[14:26:06.36] /i de::abortCommand -context [db::getNext [de::getContexts -window 7]]
[14:26:10.82] /# gi::executeAction leRectangle -in [gi::getWindows 7]
[14:26:10.82] /i ile::createRectangle
[14:26:11.56] /# gi::executeAction deCanvasZoomInAtPoint -in [gi::getWindows 7]
[14:26:11.56] /i de::zoom -window [gi::getWindows 7] -factor 2.0 -center {-2.685 1.055}
[14:26:11.56] /o {-3.693 0.324} {-1.485 1.357}
[14:26:19.98] /# gi::executeAction deAddPoint -in [gi::getWindows 7]
[14:26:19.98] /i de::addPoint {-2.512 1.173} -context [db::getNext [de::getContexts -window 7]]
[14:26:24.10] /# gi::executeAction deAddPoint -in [gi::getWindows 7]
[14:26:24.10] /i de::addPoint {-2.913 1.075} -context [db::getNext [de::getContexts -window 7]]
[14:26:27.25] /# gi::executeAction deAddPoint -in [gi::getWindows 7]
[14:26:27.25] /i de::addPoint {-1.589 1.175} -context [db::getNext [de::getContexts -window 7]]
[14:26:33.60] /# gi::executeAction deAddPoint -in [gi::getWindows 7]
[14:26:33.60] /i de::addPoint {-2.003 1.076} -context [db::getNext [de::getContexts -window 7]]
[14:26:35.21] /# gi::setCurrentIndex {lpps} -index {poly drw} -in [gi::getAssistants leObjectLayerPanel -from [gi::getWindows 7]]
[14:26:35.21] /# gi::setItemSelection {lpps} -index {poly drw} -in [gi::getAssistants leObjectLayerPanel -from [gi::getWindows 7]]
[14:26:35.29] /# gi::executeAction leOLPSetActiveLPP -in [gi::getAssistants leObjectLayerPanel -from [gi::getWindows 7]]
[14:26:35.29] /i de::setActiveLPP [de::getLPPs -from [oa::DesignFind dff dff layout] -filter {%lpp =="poly drawing"}]
[14:26:40.26] /# gi::executeAction deAddPoint -in [gi::getWindows 7]
[14:26:40.26] /i de::addPoint {-2.078 1.259} -context [db::getNext [de::getContexts -window 7]]
[14:26:46.68] /# gi::executeAction deAddPoint -in [gi::getWindows 7]
[14:26:46.68] /i de::addPoint {-2.689 1.1} -context [db::getNext [de::getContexts -window 7]]
[14:26:48.39] /# gi::executeAction dePan -in [gi::getWindows 7]
[14:26:48.39] /i ide::pan [db::getNext [de::getContexts -window 7]]
[14:26:48.68] /# gi::executeAction deStartDrag -in [gi::getWindows 7]
[14:26:48.68] /i de::startDrag {-2.348 0.735} -context [db::getNext [de::getContexts -window 7]]
[14:26:49.49] /# gi::executeAction deEndDrag -in [gi::getWindows 7]
[14:26:49.49] /i de::endDrag {-2.349 0.735} -context [db::getNext [de::getContexts -window 7]]
[14:26:49.49] /r dePanToPoint {-1.906 0.898}
[14:26:50.26] /# gi::executeAction leRectangle -in [gi::getWindows 7]
[14:26:50.26] /i ile::createRectangle
[14:26:55.52] /# gi::executeAction deAddPoint -in [gi::getWindows 7]
[14:26:55.52] /i de::addPoint {-1.17 1.263} -context [db::getNext [de::getContexts -window 7]]
[14:26:59.95] /# gi::executeAction deAddPoint -in [gi::getWindows 7]
[14:26:59.95] /i de::addPoint {-1.766 1.099} -context [db::getNext [de::getContexts -window 7]]
[14:27:00.52] /# gi::executeAction deCanvasZoomOutAtPoint -in [gi::getWindows 7]
[14:27:00.52] /i de::zoom -window [gi::getWindows 7] -factor 0.5 -center {-1.593 0.898}
[14:27:00.53] /o {-4.426 -0.134} {-0.01 1.932}
[14:27:06.47] /i gi::executeAction deSaveDesign -in [gi::getWindows 7]
[14:27:06.47] /m Information: Saving design 'dff dff layout'. (DESIGN_WINDOW-004)
[14:27:07.51] /i gi::executeAction deSaveDesign -in [gi::getWindows 7]
[14:27:07.51] /m Information: Saving design 'dff dff layout'. (DESIGN_WINDOW-004)
[14:27:10.30] /# gi::executeAction xtDRCRun -in [gi::getWindows 7]
[14:27:10.30] /i xt::physicalVerification::executeRun drc 7
[14:27:10.53] /# xt::physicalVerification::executePve drc 7
[14:27:14.08] /m Information: 
              /c =============================
              /c JobID: hercules_drc_45
              /c Completed with no errors.
              /c =============================
              /c 
[14:27:16.72] /i gi::setActiveWindow 7
[14:27:16.72] /i gi::setActiveWindow 7 -raise true
[14:27:20.46] /# gi::executeAction deCanvasZoomInAtPoint -in [gi::getWindows 7]
[14:27:20.46] /i de::zoom -window [gi::getWindows 7] -factor 2.0 -center {-1.759 0.751}
[14:27:20.46] /o {-3.093 0.308} {-0.885 1.341}
[14:27:21.10] /# gi::executeAction deCanvasZoomOutAtPoint -in [gi::getWindows 7]
[14:27:21.10] /i de::zoom -window [gi::getWindows 7] -factor 0.5 -center {-1.762 0.733}
[14:27:21.10] /o {-4.423 -0.116} {-0.007 1.95}
[14:27:22.43] /# gi::executeAction deAbortCommand -in [gi::getWindows 7]
[14:27:22.43] /i de::abortCommand -context [db::getNext [de::getContexts -window 7]]
[14:27:24.91] /# gi::executeAction dePan -in [gi::getWindows 7]
[14:27:24.91] /i ide::pan [db::getNext [de::getContexts -window 7]]
[14:27:25.26] /# gi::executeAction deStartDrag -in [gi::getWindows 7]
[14:27:25.26] /i de::startDrag {-0.463 0.696} -context [db::getNext [de::getContexts -window 7]]
[14:27:31.72] /# gi::executeAction deEndDrag -in [gi::getWindows 7]
[14:27:31.72] /i de::endDrag {-0.463 0.693} -context [db::getNext [de::getContexts -window 7]]
[14:27:31.72] /r dePanToPoint {-1.049 0.779}
[14:27:33.02] /# gi::setCurrentIndex {lpps} -index {m1 drw} -in [gi::getAssistants leObjectLayerPanel -from [gi::getWindows 7]]
[14:27:33.02] /# gi::setItemSelection {lpps} -index {m1 drw} -in [gi::getAssistants leObjectLayerPanel -from [gi::getWindows 7]]
[14:27:33.12] /# gi::executeAction leOLPSetActiveLPP -in [gi::getAssistants leObjectLayerPanel -from [gi::getWindows 7]]
[14:27:33.12] /i de::setActiveLPP [de::getLPPs -from [oa::DesignFind dff dff layout] -filter {%lpp =="m1 drawing"}]
[14:27:33.55] /# gi::executeAction leRectangle -in [gi::getWindows 7]
[14:27:33.55] /i ile::createRectangle
[14:27:36.48] /# gi::executeAction deAddPoint -in [gi::getWindows 7]
[14:27:36.48] /i de::addPoint {-0.53 1.404} -context [db::getNext [de::getContexts -window 7]]
[14:27:41.53] /# gi::executeAction deAddPoint -in [gi::getWindows 7]
[14:27:41.53] /i de::addPoint {-0.435 -0.004} -context [db::getNext [de::getContexts -window 7]]
[14:27:42.13] /# gi::executeAction deAbortCommand -in [gi::getWindows 7]
[14:27:42.13] /i de::abortCommand -context [db::getNext [de::getContexts -window 7]]
[14:27:42.78] /# gi::executeAction dePan -in [gi::getWindows 7]
[14:27:42.78] /i ide::pan [db::getNext [de::getContexts -window 7]]
[14:27:43.09] /# gi::executeAction deStartDrag -in [gi::getWindows 7]
[14:27:43.09] /i de::startDrag {-0.811 0.463} -context [db::getNext [de::getContexts -window 7]]
[14:27:43.91] /# gi::executeAction deEndDrag -in [gi::getWindows 7]
[14:27:43.91] /i de::endDrag {-0.741 0.463} -context [db::getNext [de::getContexts -window 7]]
[14:27:43.91] /r dePanToPoint {-1.847 0.793}
[14:28:38.94] /# gi::executeAction deCanvasZoomOutAtPoint -in [gi::getWindows 7]
[14:28:38.94] /i de::zoom -window [gi::getWindows 7] -factor 0.5 -center {-1.843 -0.097}
[14:28:38.94] /o {-6.267 -0.383} {2.565 3.749}
[14:28:40.61] /# gi::executeAction dePan -in [gi::getWindows 7]
[14:28:40.61] /i ide::pan [db::getNext [de::getContexts -window 7]]
[14:28:40.87] /# gi::executeAction deStartDrag -in [gi::getWindows 7]
[14:28:40.87] /i de::startDrag {-3.046 0.033} -context [db::getNext [de::getContexts -window 7]]
[14:28:43.07] /# gi::executeAction deEndDrag -in [gi::getWindows 7]
[14:28:43.07] /i de::endDrag {-3.035 0.039} -context [db::getNext [de::getContexts -window 7]]
[14:28:43.07] /r dePanToPoint {-3.544 1.042}
[14:28:46.50] /# gi::executeAction deCanvasZoomInAtPoint -in [gi::getWindows 7]
[14:28:46.50] /i de::zoom -window [gi::getWindows 7] -factor 2.0 -center {-0.809 0.719}
[14:28:46.50] /o {-4.384 -0.152} {0.032 1.914}
[14:28:48.44] /# gi::executeAction leVia -in [gi::getWindows 7]
[14:28:48.44] /i ile::createVia
[14:28:48.48] /o oa:0x21085d40
[14:28:55.40] /# gi::executeAction deAddPoint -in [gi::getWindows 7]
[14:28:55.40] /i de::addPoint {-0.764 1.115} -context [db::getNext [de::getContexts -window 7]]
[14:28:57.80] /# gi::executeAction deAbortCommand -in [gi::getWindows 7]
[14:28:57.80] /i de::abortCommand -context [db::getNext [de::getContexts -window 7]]
[14:29:02.38] /# gi::executeAction leVia -in [gi::getWindows 7]
[14:29:02.38] /i ile::createVia
[14:29:02.51] /o oa:0x22bf7810
[14:29:06.22] /i gi::setField {viaDefName} -value {via12} -in [gi::getToolbars {deCommandOptions} -from [gi::getWindows 7]]
[14:29:15.71] /# gi::executeAction deAddPoint -in [gi::getWindows 7]
[14:29:15.71] /i de::addPoint {-0.738 0.101} -context [db::getNext [de::getContexts -window 7]]
[14:29:40.44] /# gi::executeAction deAddPoint -in [gi::getWindows 7]
[14:29:40.44] /i de::addPoint {-4.289 0.134} -context [db::getNext [de::getContexts -window 7]]
[14:29:41.34] /# gi::executeAction deAbortCommand -in [gi::getWindows 7]
[14:29:41.34] /i de::abortCommand -context [db::getNext [de::getContexts -window 7]]
[14:29:59.56] /# gi::setCurrentIndex {lpps} -index {poly drw} -in [gi::getAssistants leObjectLayerPanel -from [gi::getWindows 7]]
[14:29:59.56] /# gi::setItemSelection {lpps} -index {poly drw} -in [gi::getAssistants leObjectLayerPanel -from [gi::getWindows 7]]
[14:29:59.68] /# gi::executeAction leOLPSetActiveLPP -in [gi::getAssistants leObjectLayerPanel -from [gi::getWindows 7]]
[14:29:59.68] /i de::setActiveLPP [de::getLPPs -from [oa::DesignFind dff dff layout] -filter {%lpp =="poly drawing"}]
[14:30:00.77] /# gi::executeAction leRectangle -in [gi::getWindows 7]
[14:30:00.77] /i ile::createRectangle
[14:30:02.17] /# gi::executeAction deCanvasZoomInAtPoint -in [gi::getWindows 7]
[14:30:02.17] /i de::zoom -window [gi::getWindows 7] -factor 2.0 -center {-0.255 1.239}
[14:30:02.17] /o {-2.32 0.543} {-0.112 1.576}
[14:30:04.03] /# gi::executeAction deAddPoint -in [gi::getWindows 7]
[14:30:04.03] /i de::addPoint {-0.262 1.254} -context [db::getNext [de::getContexts -window 7]]
[14:30:07.25] /# gi::executeAction deAddPoint -in [gi::getWindows 7]
[14:30:07.25] /i de::addPoint {-0.861 1.098} -context [db::getNext [de::getContexts -window 7]]
[14:30:07.60] /# gi::executeAction deCanvasZoomOutAtPoint -in [gi::getWindows 7]
[14:30:07.60] /i de::zoom -window [gi::getWindows 7] -factor 0.5 -center {-0.848 1.094}
[14:30:07.60] /o {-3.791 -0.007} {0.625 2.059}
[14:30:09.87] /# gi::executeAction deAbortCommand -in [gi::getWindows 7]
[14:30:09.87] /i de::abortCommand -context [db::getNext [de::getContexts -window 7]]
[14:30:11.07] /# gi::executeAction leRectangle -in [gi::getWindows 7]
[14:30:11.07] /i ile::createRectangle
[14:30:11.37] /# gi::executeAction deStartDrag -in [gi::getWindows 7]
[14:30:11.37] /i de::startDrag {-2.448 0.195} -context [db::getNext [de::getContexts -window 7]]
[14:30:12.90] /# gi::executeAction deEndDrag -in [gi::getWindows 7]
[14:30:12.90] /i de::endDrag {-2.459 0.361} -context [db::getNext [de::getContexts -window 7]]
[14:30:13.01] /# gi::executeAction deAbortCommand -in [gi::getWindows 7]
[14:30:13.01] /i de::abortCommand -context [db::getNext [de::getContexts -window 7]]
[14:30:15.42] /# gi::executeAction leDelete -in [gi::getWindows 7]
[14:30:15.42] /i ile::delete
[14:30:16.63] /# gi::executeAction deAddPoint -in [gi::getWindows 7]
[14:30:16.63] /i de::addPoint {-2.456 0.274} -context [db::getNext [de::getContexts -window 7]]
[14:30:17.57] /# gi::executeAction deAbortCommand -in [gi::getWindows 7]
[14:30:17.57] /i de::abortCommand -context [db::getNext [de::getContexts -window 7]]
[14:30:18.66] /# gi::executeAction dePan -in [gi::getWindows 7]
[14:30:18.66] /i ide::pan [db::getNext [de::getContexts -window 7]]
[14:30:18.92] /# gi::executeAction deStartDrag -in [gi::getWindows 7]
[14:30:18.92] /i de::startDrag {-2.687 0.189} -context [db::getNext [de::getContexts -window 7]]
[14:30:23.93] /# gi::executeAction deEndDrag -in [gi::getWindows 7]
[14:30:23.93] /i de::endDrag {-2.684 0.189} -context [db::getNext [de::getContexts -window 7]]
[14:30:23.93] /r dePanToPoint {-2.755 0.607}
[14:30:25.54] /# gi::executeAction deStartDrag -in [gi::getWindows 7]
[14:30:25.54] /i de::startDrag {-4.233 0.108} -context [db::getNext [de::getContexts -window 7]]
[14:30:26.52] /# gi::executeAction deEndDrag -in [gi::getWindows 7]
[14:30:26.52] /i de::endDrag {-4.224 0.108} -context [db::getNext [de::getContexts -window 7]]
[14:30:26.52] /r dePanToPoint {-2.798 0.607}
[14:30:28.11] /# gi::executeAction deAbortCommand -in [gi::getWindows 7]
[14:30:28.11] /i de::abortCommand -context [db::getNext [de::getContexts -window 7]]
[14:30:29.32] /# gi::executeAction leMove -in [gi::getWindows 7]
[14:30:29.32] /i ile::move
[14:30:29.66] /# gi::executeAction deAddPoint -in [gi::getWindows 7]
[14:30:29.66] /i de::addPoint {-0.694 0.091} -context [db::getNext [de::getContexts -window 7]]
[14:30:30.71] /# gi::executeAction deAddPoint -in [gi::getWindows 7]
[14:30:30.71] /i de::addPoint {-0.694 0.15} -context [db::getNext [de::getContexts -window 7]]
[14:30:48.05] /# gi::executeAction dePan -in [gi::getWindows 7]
[14:30:48.05] /i ide::pan [db::getNext [de::getContexts -window 7]]
[14:30:48.33] /# gi::executeAction deStartDrag -in [gi::getWindows 7]
[14:30:48.33] /i de::startDrag {-3.075 -0.064} -context [db::getNext [de::getContexts -window 7]]
[14:30:49.29] /# gi::executeAction deEndDrag -in [gi::getWindows 7]
[14:30:49.29] /i de::endDrag {-3.072 -0.064} -context [db::getNext [de::getContexts -window 7]]
[14:30:49.29] /r dePanToPoint {-3.694 0.697}
[14:30:49.71] /# gi::executeAction deCanvasZoomOutAtPoint -in [gi::getWindows 7]
[14:30:49.71] /i de::zoom -window [gi::getWindows 7] -factor 0.5 -center {-3.08 -0.066}
[14:30:49.71] /o {-8.725 -0.607} {0.107 3.525}
[14:30:50.53] /# gi::executeAction deStartDrag -in [gi::getWindows 7]
[14:30:50.53] /i de::startDrag {-3.311 -0.101} -context [db::getNext [de::getContexts -window 7]]
[14:30:51.18] /# gi::executeAction deEndDrag -in [gi::getWindows 7]
[14:30:51.18] /i de::endDrag {-3.322 -0.101} -context [db::getNext [de::getContexts -window 7]]
[14:30:51.18] /r dePanToPoint {-4.337 1.206}
[14:31:18.61] /# gi::executeAction deCanvasZoomInAtPoint -in [gi::getWindows 7]
[14:31:18.61] /i de::zoom -window [gi::getWindows 7] -factor 2.0 -center {-3.536 1.277}
[14:31:18.61] /o {-6.144 0.209} {-1.728 2.275}
[14:31:27.13] /# gi::executeAction deAddPoint -in [gi::getWindows 7]
[14:31:27.14] /i de::addPoint {-2.465 0.462} -context [db::getNext [de::getContexts -window 7]]
[14:31:28.31] /# gi::executeAction deStartDrag -in [gi::getWindows 7]
[14:31:28.31] /i de::startDrag {-2.346 0.3} -context [db::getNext [de::getContexts -window 7]]
[14:31:30.00] /# gi::executeAction deEndDrag -in [gi::getWindows 7]
[14:31:30.00] /i de::endDrag {-2.334 0.3} -context [db::getNext [de::getContexts -window 7]]
[14:31:30.00] /r dePanToPoint {-4.329 1.221}
[14:31:30.17] /# gi::executeAction deAbortCommand -in [gi::getWindows 7]
[14:31:30.17] /i de::abortCommand -context [db::getNext [de::getContexts -window 7]]
[14:31:31.69] /# gi::executeAction deAddPoint -in [gi::getWindows 7]
[14:31:31.69] /i de::addPoint {-5.317 1.596} -context [db::getNext [de::getContexts -window 7]]
[14:31:32.93] /# gi::executeAction deAbortCommand -in [gi::getWindows 7]
[14:31:32.93] /i de::abortCommand -context [db::getNext [de::getContexts -window 7]]
[14:31:34.15] /i gi::executeAction deCanvasDragCancel -in [gi::getWindows 7]
[14:31:35.74] /# gi::executeAction deSelectActive -in [gi::getWindows 7]
[14:31:35.75] /i de::deselectAll [db::getNext [de::getContexts -window 7]]
[14:31:35.75] /i de::select [de::getActiveFigure [gi::getWindows 7] -point {-5.289 1.655} -index 0 -intent none]
[14:31:35.75] /o oa:0x1e715d90
[14:31:37.76] /# gi::executeAction deSelectActive -in [gi::getWindows 7]
[14:31:37.76] /i de::deselectAll [db::getNext [de::getContexts -window 7]]
[14:31:37.76] /i de::select [de::getActiveFigure [gi::getWindows 7] -point {-5.232 1.481} -index 0 -intent none]
[14:31:37.76] /o oa:0x1e9a7ae0
[14:31:38.72] /# gi::executeAction leMove -in [gi::getWindows 7]
[14:31:38.72] /i ile::move
[14:31:39.36] /# gi::executeAction deAddPoint -in [gi::getWindows 7]
[14:31:39.37] /i de::addPoint {-5.232 1.481} -context [db::getNext [de::getContexts -window 7]]
[14:31:46.34] /# gi::executeAction deAddPoint -in [gi::getWindows 7]
[14:31:46.34] /i de::addPoint {-5.235 1.706} -context [db::getNext [de::getContexts -window 7]]
[14:31:51.82] /i gi::executeAction deCanvasDragCancel -in [gi::getWindows 7]
[14:31:52.84] /# gi::executeAction deSelectActive -in [gi::getWindows 7]
[14:31:52.84] /i de::deselectAll [db::getNext [de::getContexts -window 7]]
[14:31:52.84] /i de::select [de::getActiveFigure [gi::getWindows 7] -point {-5.471 1.568} -index 0 -intent none]
[14:31:52.84] /o oa:0x2210f010
[14:31:54.89] /# gi::executeAction leMove -in [gi::getWindows 7]
[14:31:54.89] /i ile::move
[14:31:55.41] /# gi::executeAction deAddPoint -in [gi::getWindows 7]
[14:31:55.41] /i de::addPoint {-5.426 1.548} -context [db::getNext [de::getContexts -window 7]]
[14:32:01.06] /# gi::executeAction deAddPoint -in [gi::getWindows 7]
[14:32:01.06] /i de::addPoint {-5.426 1.773} -context [db::getNext [de::getContexts -window 7]]
[14:32:04.39] /# gi::executeAction deSelectActive -in [gi::getWindows 7]
[14:32:04.39] /i de::deselectAll [db::getNext [de::getContexts -window 7]]
[14:32:04.39] /i de::select [de::getActiveFigure [gi::getWindows 7] -point {-3.518 1.591} -index 0 -intent none]
[14:32:04.39] /o oa:0x20fd2e30
[14:32:05.38] /# gi::executeAction deSelectActive -in [gi::getWindows 7]
[14:32:05.38] /i de::deselectAll [db::getNext [de::getContexts -window 7]]
[14:32:05.38] /i de::select [de::getActiveFigure [gi::getWindows 7] -point {-3.461 1.579} -index 0 -intent none]
[14:32:05.38] /o oa:0x20f6a2f0
[14:32:10.66] /# gi::executeAction deSelectActive -in [gi::getWindows 7]
[14:32:10.66] /i de::deselectAll [db::getNext [de::getContexts -window 7]]
[14:32:10.66] /i de::select [de::getActiveFigure [gi::getWindows 7] -point {-3.658 1.627} -index 0 -intent none]
[14:32:10.66] /o oa:0x1fb56f70
[14:32:11.94] /# gi::executeAction leMove -in [gi::getWindows 7]
[14:32:11.94] /i ile::move
[14:32:12.24] /# gi::executeAction deAddPoint -in [gi::getWindows 7]
[14:32:12.24] /i de::addPoint {-3.658 1.627} -context [db::getNext [de::getContexts -window 7]]
[14:32:17.76] /# gi::executeAction deAddPoint -in [gi::getWindows 7]
[14:32:17.76] /i de::addPoint {-3.661 1.852} -context [db::getNext [de::getContexts -window 7]]
[14:32:19.00] /i gi::executeAction deCanvasDragCancel -in [gi::getWindows 7]
[14:32:19.50] /# gi::executeAction deSelectActive -in [gi::getWindows 7]
[14:32:19.50] /i de::deselectAll [db::getNext [de::getContexts -window 7]]
[14:32:19.50] /i de::select [de::getActiveFigure [gi::getWindows 7] -point {-3.504 1.52} -index 0 -intent none]
[14:32:19.50] /o oa:0x20d9f510
[14:32:20.66] /# gi::executeAction deSelectActive -in [gi::getWindows 7]
[14:32:20.66] /i de::deselectAll [db::getNext [de::getContexts -window 7]]
[14:32:20.66] /i de::select [de::getActiveFigure [gi::getWindows 7] -point {-3.529 1.464} -index 0 -intent none]
[14:32:20.67] /o oa:0x214a9ed0
[14:32:21.80] /# gi::executeAction leMove -in [gi::getWindows 7]
[14:32:21.80] /i ile::move
[14:32:22.09] /# gi::executeAction deAddPoint -in [gi::getWindows 7]
[14:32:22.09] /i de::addPoint {-3.529 1.487} -context [db::getNext [de::getContexts -window 7]]
[14:32:26.91] /# gi::executeAction deAddPoint -in [gi::getWindows 7]
[14:32:26.91] /i de::addPoint {-3.529 1.711} -context [db::getNext [de::getContexts -window 7]]
[14:32:28.12] /# gi::executeAction deSelectActive -in [gi::getWindows 7]
[14:32:28.12] /i de::deselectAll [db::getNext [de::getContexts -window 7]]
[14:32:28.12] /i de::select [de::getActiveFigure [gi::getWindows 7] -point {-3.523 1.557} -index 0 -intent none]
[14:32:28.12] /o oa:0x1e80e160
[14:32:28.89] /# gi::executeAction deSelectActive -in [gi::getWindows 7]
[14:32:28.89] /i de::deselectAll [db::getNext [de::getContexts -window 7]]
[14:32:28.89] /i de::select [de::getActiveFigure [gi::getWindows 7] -point {-3.377 1.548} -index 0 -intent none]
[14:32:28.89] /o oa:0x1fc3e640
[14:32:29.91] /# gi::executeAction leMove -in [gi::getWindows 7]
[14:32:29.91] /i ile::move
[14:32:30.15] /# gi::executeAction deAddPoint -in [gi::getWindows 7]
[14:32:30.15] /i de::addPoint {-3.377 1.548} -context [db::getNext [de::getContexts -window 7]]
[14:32:37.06] /# gi::executeAction deAddPoint -in [gi::getWindows 7]
[14:32:37.06] /i de::addPoint {-3.377 1.765} -context [db::getNext [de::getContexts -window 7]]
[14:32:39.48] /i gi::executeAction deSaveDesign -in [gi::getWindows 7]
[14:32:39.48] /m Information: Saving design 'dff dff layout'. (DESIGN_WINDOW-004)
[14:32:42.29] /# gi::executeAction xtDRCRun -in [gi::getWindows 7]
[14:32:42.29] /i xt::physicalVerification::executeRun drc 7
[14:32:42.44] /# xt::physicalVerification::executePve drc 7
[14:32:45.59] /m Information: 
              /c =============================
              /c JobID: hercules_drc_46
              /c --- ERROR SUMMARY -----------
              /c 7.27: Minimum width for Metal 1 >= 0.1
              /c  INTERNAL M1S { } (101) ................................. 1 violation found.
              /c 7.29: Minimum spacing for Metal 1 >= 0.1
              /c  EXTERNAL M1S { } (101) ................................. 1 violation found.
              /c 7.30: Minimum area of Metal 1 >= 0.04
              /c  AREA M1S { } (101) ..................................... 3 violations found.
              /c 7.34: Minimum spacing for Metal 2 >= 0.15
              /c  EXTERNAL M2S { } (101) ................................. 1 violation found.
              /c 7.35: Minimum area of Metal 2 >= 0.06
              /c  AREA M2S { } (101) ..................................... 2 violations found.
              /c =============================
              /c 
[14:32:46.19] /j ::xt::hercules::vue::_private::registerConnection localhost:43067 tcp101 herculesVue_13 
[14:32:46.24] /j ::xt::hercules::vue::_private::isJobReady 
[14:32:46.25] /o false
[14:32:47.25] /j ::xt::hercules::vue::_private::isJobReady 
[14:32:47.25] /o false
[14:32:48.25] /m Information: Connection established with 'Hercules-VUE' running on 'localhost'.
[14:32:48.25] /j ::xt::hercules::vue::_private::isJobReady 
[14:32:48.25] /o true
[14:32:48.25] /j ::xt::hercules::vue::startFilter LAY 
[14:32:48.70] /j ::xt::hercules::vue::setInlibPath /root/Excercise/DFlipFlop/synopsys_custom/dff.hercules.drc/. 
[14:32:48.72] /j ::xt::hercules::vue::setTopLayLCV dff dff layout 
[14:32:48.74] /j ::xt::hercules::vue::openCell dff dff layout 
[14:32:49.78] /j ::xt::hercules::vue::clearAllHighlights dff layout 
[14:32:50.46] /j ::xt::hercules::vue::clearAllHighlights dff layout 
[14:32:50.48] /j ::xt::hercules::vue::clearAllHighlights dff layout 
[14:32:50.48] /j ::xt::hercules::vue::openCell dff dff layout 
[14:32:53.42] /j ::xt::hercules::vue::clearAllHighlights dff layout 
[14:32:53.44] /j ::xt::hercules::vue::clearAllHighlights dff layout 
[14:32:53.46] /j ::xt::hercules::vue::setHighlightProperty dff layout yellow brick 
[14:32:53.48] /j ::xt::hercules::vue::addPolygonBegin 4 
[14:32:53.54] /j ::xt::hercules::vue::addPolygonPoints {-0.530 -0.005 -0.530 1.315 -0.435 1.315 -0.435 -0.005 -0.530 -0.005} 
[14:32:53.54] /j ::xt::hercules::vue::addPolygonEnd 
[14:32:53.54] /j ::xt::hercules::vue::setViewPort extents {-0.542 -0.170 -0.423 1.480} LAY 
[14:32:53.56] /j ::xt::hercules::vue::addErrorDescription {"Distance: 0.095"} 
[14:32:53.58] /j ::xt::hercules::vue::drawHighlights dff layout all 
[14:32:59.23] /i gi::setActiveWindow 9
[14:32:59.23] /i gi::setActiveWindow 9 -raise true
[14:33:00.24] /i gi::setActiveWindow 7
[14:33:00.24] /i gi::setActiveWindow 7 -raise true
[14:33:02.92] /# gi::executeAction deCanvasZoomInAtPoint -in [gi::getWindows 7]
[14:33:02.92] /i de::zoom -window [gi::getWindows 7] -factor 2.0 -center {-0.531 0.703}
[14:33:02.92] /o {-1.388 0.266} {0.375 1.092}
[14:33:03.38] /# gi::executeAction leStretch -in [gi::getWindows 7]
[14:33:03.38] /i ile::stretch
[14:33:04.67] /# gi::executeAction deAddPoint -in [gi::getWindows 7]
[14:33:04.67] /i de::addPoint {-0.53 0.704} -context [db::getNext [de::getContexts -window 7]]
[14:33:06.99] /i gi::executeAction leFocusCanvasToolbar -in [gi::getWindows 7]
[14:33:07.91] /# gi::executeAction deAbortCommand -in [gi::getWindows 7]
[14:33:07.91] /i de::abortCommand -context [db::getNext [de::getContexts -window 7]]
[14:33:08.09] /i gi::executeAction deCanvasDragCancel -in [gi::getWindows 7]
[14:33:08.70] /# gi::executeAction deSelectActive -in [gi::getWindows 7]
[14:33:08.70] /i de::deselectAll [db::getNext [de::getContexts -window 7]]
[14:33:08.70] /i de::deselectAllLogic -context [db::getNext [de::getContexts -window 7]]
[14:33:09.12] /# gi::executeAction deSelectActive -in [gi::getWindows 7]
[14:33:09.12] /i de::deselectAllLogic -context [db::getNext [de::getContexts -window 7]]
[14:33:10.18] /# gi::executeAction deSelectActive -in [gi::getWindows 7]
[14:33:10.18] /i de::deselectAll [db::getNext [de::getContexts -window 7]]
[14:33:10.18] /i de::select [de::getActiveFigure [gi::getWindows 7] -point {-0.531 0.684} -index 0 -intent none]
[14:33:10.18] /o oa:0x1fc1bfa0
[14:33:11.59] /# gi::executeAction leStretch -in [gi::getWindows 7]
[14:33:11.59] /i ile::stretch
[14:33:12.18] /# gi::executeAction deAddPoint -in [gi::getWindows 7]
[14:33:12.18] /i de::addPoint {-0.528 0.693} -context [db::getNext [de::getContexts -window 7]]
[14:33:13.71] /# gi::executeAction deAddPoint -in [gi::getWindows 7]
[14:33:13.71] /i de::addPoint {-0.536 0.693} -context [db::getNext [de::getContexts -window 7]]
[14:33:14.25] /# gi::executeAction deCanvasZoomOutAtPoint -in [gi::getWindows 7]
[14:33:14.25] /i de::zoom -window [gi::getWindows 7] -factor 0.5 -center {-0.499 0.715}
[14:33:14.26] /o {-2.278 -0.182} {1.249 1.468}
[14:33:16.29] /# gi::executeAction deCanvasZoomInAtPoint -in [gi::getWindows 7]
[14:33:16.29] /i de::zoom -window [gi::getWindows 7] -factor 2.0 -center {-0.504 1.302}
[14:33:16.29] /o {-1.391 0.56} {0.372 1.385}
[14:33:22.13] /j ::xt::hercules::vue::clearAllHighlights dff layout 
[14:33:22.15] /j ::xt::hercules::vue::clearAllHighlights dff layout 
[14:33:22.17] /j ::xt::hercules::vue::setHighlightProperty dff layout yellow brick 
[14:33:22.19] /j ::xt::hercules::vue::addPolygonBegin 4 
[14:33:22.22] /j ::xt::hercules::vue::addPolygonPoints {-4.186 0.209 -4.176 0.261 -4.174 0.261 -4.184 0.209 -4.186 0.209} 
[14:33:22.22] /j ::xt::hercules::vue::addPolygonEnd 
[14:33:22.22] /j ::xt::hercules::vue::setViewPort extents {-4.187 0.202 -4.173 0.268} LAY 
[14:33:22.26] /j ::xt::hercules::vue::addErrorDescription {"Distance: 0.051"} 
[14:33:22.28] /j ::xt::hercules::vue::drawHighlights dff layout all 
[14:33:23.75] /j ::xt::hercules::vue::clearAllHighlights dff layout 
[14:33:23.77] /j ::xt::hercules::vue::setHighlightProperty dff layout yellow brick 
[14:33:23.78] /j ::xt::hercules::vue::addPolygonBegin 4 
[14:33:23.83] /j ::xt::hercules::vue::addPolygonPoints {-4.186 0.209 -4.176 0.261 -4.174 0.261 -4.184 0.209 -4.186 0.209} 
[14:33:23.83] /j ::xt::hercules::vue::addPolygonEnd 
[14:33:23.83] /j ::xt::hercules::vue::setViewPort extents {-4.187 0.202 -4.173 0.268} LAY 
[14:33:23.85] /j ::xt::hercules::vue::addErrorDescription {"Distance: 0.051"} 
[14:33:23.87] /j ::xt::hercules::vue::drawHighlights dff layout all 
[14:33:26.89] /# gi::executeAction deCanvasZoomOutAtPoint -in [gi::getWindows 7]
[14:33:26.89] /i de::zoom -window [gi::getWindows 7] -factor 0.5 -center {-4.19 0.241}
[14:33:26.89] /o {-4.311 0.163} {-4.029 0.295}
[14:33:27.35] /# gi::executeAction deCanvasZoomOutAtPoint -in [gi::getWindows 7]
[14:33:27.35] /i de::zoom -window [gi::getWindows 7] -factor 0.5 -center {-4.182 0.239}
[14:33:27.35] /o {-4.44 0.087} {-3.876 0.351}
[14:33:27.80] /# gi::executeAction deCanvasZoomOutAtPoint -in [gi::getWindows 7]
[14:33:27.80] /i de::zoom -window [gi::getWindows 7] -factor 0.5 -center {-4.183 0.238}
[14:33:27.80] /o {-4.697 -0.064} {-3.569 0.464}
[14:33:27.91] /# gi::executeAction deCanvasZoomOutAtPoint -in [gi::getWindows 7]
[14:33:27.91] /i de::zoom -window [gi::getWindows 7] -factor 0.5 -center {-4.182 0.235}
[14:33:27.92] /o {-5.213 -0.363} {-2.955 0.693}
[14:33:28.46] /# gi::executeAction deCanvasZoomOutAtPoint -in [gi::getWindows 7]
[14:33:28.46] /i de::zoom -window [gi::getWindows 7] -factor 0.5 -center {-4.178 0.235}
[14:33:28.46] /o {-6.247 -0.961} {-1.733 1.151}
[14:33:28.90] /# gi::executeAction deCanvasZoomOutAtPoint -in [gi::getWindows 7]
[14:33:28.90] /i de::zoom -window [gi::getWindows 7] -factor 0.5 -center {-4.178 0.231}
[14:33:28.90] /o {-8.316 -2.153} {0.712 2.071}
[14:33:30.06] /# gi::executeAction deCanvasZoomInAtPoint -in [gi::getWindows 7]
[14:33:30.06] /i de::zoom -window [gi::getWindows 7] -factor 2.0 -center {-4.178 0.232}
[14:33:30.06] /o {-6.247 -0.961} {-1.733 1.151}
[14:33:30.81] /# gi::executeAction deCanvasZoomOutAtPoint -in [gi::getWindows 7]
[14:33:30.81] /i de::zoom -window [gi::getWindows 7] -factor 0.5 -center {-4.172 0.195}
[14:33:30.81] /o {-8.322 -2.116} {0.706 2.108}
[14:33:31.38] /# gi::executeAction deCanvasZoomInAtPoint -in [gi::getWindows 7]
[14:33:31.38] /i de::zoom -window [gi::getWindows 7] -factor 2.0 -center {-4.046 0.131}
[14:33:31.38] /o {-6.184 -0.993} {-1.67 1.119}
[14:33:32.17] /# gi::executeAction deCanvasZoomOutAtPoint -in [gi::getWindows 7]
[14:33:32.17] /i de::zoom -window [gi::getWindows 7] -factor 0.5 -center {-4.118 0.114}
[14:33:32.17] /o {-8.25 -2.099} {0.778 2.125}
[14:33:34.74] /# gi::executeAction deCanvasZoomInAtPoint -in [gi::getWindows 7]
[14:33:34.74] /i de::zoom -window [gi::getWindows 7] -factor 2.0 -center {-4.124 0.085}
[14:33:34.74] /o {-6.187 -1.007} {-1.673 1.105}
[14:33:35.47] /# gi::executeAction deCanvasZoomOutAtPoint -in [gi::getWindows 7]
[14:33:35.47] /i de::zoom -window [gi::getWindows 7] -factor 0.5 -center {-4.124 0.073}
[14:33:35.48] /o {-8.25 -2.087} {0.778 2.137}
[14:33:36.97] /# gi::executeAction deSelectActive -in [gi::getWindows 7]
[14:33:36.97] /i de::deselectAll [db::getNext [de::getContexts -window 7]]
[14:33:36.97] /i de::select [de::getActiveFigure [gi::getWindows 7] -point {-4.256 0.12} -index 0 -intent none]
[14:33:36.98] /o oa:0x21180460
[14:33:38.90] /# gi::executeAction leStartStretchDrag -in [gi::getWindows 7]
[14:33:38.90] /i layout_editor::directStretch [de::getActiveFigure [gi::getWindows 7] -point {-4.268 0.12} -index 0 -intent none] 7
[14:33:38.90] /# ile::stretch -point {-4.27 0.12}
[14:33:39.67] /# gi::executeAction deEndDrag -in [gi::getWindows 7]
[14:33:39.67] /i de::endDrag {-4.17 -0.622} -context [db::getNext [de::getContexts -window 7]]
[14:33:40.81] /# gi::executeAction leStartStretchDrag -in [gi::getWindows 7]
[14:33:40.81] /i layout_editor::directStretch [de::getActiveFigure [gi::getWindows 7] -point {-0.699 0.154} -index 0 -intent none] 7
[14:33:40.81] /# db::setPrefValue deSelectMode -value Replace -scope [db::getScopes [db::getNext [de::getContexts -window 7]]]; ide::selectByRegion -region rectangle -point {-0.7 0.155} 
[14:33:41.16] /# gi::executeAction deEndDrag -in [gi::getWindows 7]
[14:33:41.16] /i de::endDrag {-0.693 -0.541} -context [db::getNext [de::getContexts -window 7]]
[14:33:43.20] /j ::xt::hercules::vue::clearAllHighlights dff layout 
[14:33:43.22] /j ::xt::hercules::vue::clearAllHighlights dff layout 
[14:33:43.25] /j ::xt::hercules::vue::setHighlightProperty dff layout yellow brick 
[14:33:43.26] /j ::xt::hercules::vue::addPolygonBegin 4 
[14:33:43.30] /j ::xt::hercules::vue::addPolygonPoints {-0.850 1.065 -0.850 1.165 -0.680 1.165 -0.680 1.065 -0.850 1.065} 
[14:33:43.30] /j ::xt::hercules::vue::addPolygonEnd 
[14:33:43.30] /j ::xt::hercules::vue::setViewPort extents {-0.871 1.052 -0.659 1.177} LAY 
[14:33:43.34] /j ::xt::hercules::vue::addErrorDescription {"Area: 0.017"} 
[14:33:43.36] /j ::xt::hercules::vue::drawHighlights dff layout all 
[14:33:45.27] /# gi::executeAction deCanvasZoomOutAtPoint -in [gi::getWindows 7]
[14:33:45.27] /i de::zoom -window [gi::getWindows 7] -factor 0.5 -center {-0.741 1.104}
[14:33:45.28] /o {-1.056 1.0} {-0.522 1.25}
[14:33:45.40] /# gi::executeAction deCanvasZoomOutAtPoint -in [gi::getWindows 7]
[14:33:45.40] /i de::zoom -window [gi::getWindows 7] -factor 0.5 -center {-0.742 1.102}
[14:33:45.40] /o {-1.37 0.898} {-0.302 1.398}
[14:33:45.82] /# gi::executeAction deCanvasZoomOutAtPoint -in [gi::getWindows 7]
[14:33:45.82] /i de::zoom -window [gi::getWindows 7] -factor 0.5 -center {-0.742 1.099}
[14:33:45.82] /o {-1.999 0.697} {0.139 1.697}
[14:33:45.83] /# gi::executeAction deCanvasZoomOutAtPoint -in [gi::getWindows 7]
[14:33:45.83] /i de::zoom -window [gi::getWindows 7] -factor 0.5 -center {-0.742 1.098}
[14:33:45.83] /o {-3.255 0.296} {1.019 2.296}
[14:33:49.68] /j ::xt::hercules::vue::clearAllHighlights dff layout 
[14:33:49.71] /j ::xt::hercules::vue::setHighlightProperty dff layout yellow brick 
[14:33:49.72] /j ::xt::hercules::vue::addPolygonBegin 4 
[14:33:49.78] /j ::xt::hercules::vue::addPolygonPoints {-0.845 0.085 -0.845 0.235 -0.635 0.235 -0.635 0.085 -0.845 0.085} 
[14:33:49.78] /j ::xt::hercules::vue::addPolygonEnd 
[14:33:49.78] /j ::xt::hercules::vue::setViewPort extents {-0.871 0.066 -0.609 0.254} LAY 
[14:33:49.79] /j ::xt::hercules::vue::addErrorDescription {"Area: 0.032"} 
[14:33:49.81] /j ::xt::hercules::vue::drawHighlights dff layout all 
[14:33:50.26] /j ::xt::hercules::vue::clearAllHighlights dff layout 
[14:33:50.29] /j ::xt::hercules::vue::setHighlightProperty dff layout yellow brick 
[14:33:50.30] /j ::xt::hercules::vue::addPolygonBegin 4 
[14:33:50.34] /j ::xt::hercules::vue::addPolygonPoints {-0.845 0.085 -0.845 0.235 -0.635 0.235 -0.635 0.085 -0.845 0.085} 
[14:33:50.34] /j ::xt::hercules::vue::addPolygonEnd 
[14:33:50.34] /j ::xt::hercules::vue::setViewPort extents {-0.871 0.066 -0.609 0.254} LAY 
[14:33:50.37] /j ::xt::hercules::vue::addErrorDescription {"Area: 0.032"} 
[14:33:50.38] /j ::xt::hercules::vue::drawHighlights dff layout all 
[14:33:51.80] /# gi::executeAction deCanvasZoomOutAtPoint -in [gi::getWindows 7]
[14:33:51.81] /i de::zoom -window [gi::getWindows 7] -factor 0.5 -center {-0.674 0.143}
[14:33:51.81] /o {-1.208 -0.011} {-0.404 0.365}
[14:33:51.86] /# gi::executeAction deCanvasZoomOutAtPoint -in [gi::getWindows 7]
[14:33:51.86] /i de::zoom -window [gi::getWindows 7] -factor 0.5 -center {-0.673 0.142}
[14:33:51.86] /o {-1.743 -0.164} {-0.135 0.588}
[14:33:51.93] /# gi::executeAction deCanvasZoomOutAtPoint -in [gi::getWindows 7]
[14:33:51.93] /i de::zoom -window [gi::getWindows 7] -factor 0.5 -center {-0.673 0.137}
[14:33:51.93] /o {-2.812 -0.465} {0.402 1.039}
[14:33:51.99] /# gi::executeAction deCanvasZoomOutAtPoint -in [gi::getWindows 7]
[14:33:51.99] /i de::zoom -window [gi::getWindows 7] -factor 0.5 -center {-0.674 0.128}
[14:33:51.99] /o {-4.951 -1.058} {1.479 1.95}
[14:33:54.22] /j ::xt::hercules::vue::clearAllHighlights dff layout 
[14:33:54.26] /j ::xt::hercules::vue::clearAllHighlights dff layout 
[14:33:54.28] /j ::xt::hercules::vue::setHighlightProperty dff layout yellow brick 
[14:33:54.28] /j ::xt::hercules::vue::addPolygonBegin 4 
[14:33:54.34] /j ::xt::hercules::vue::addPolygonPoints {-4.210 1.900 -4.210 2.045 -4.060 2.045 -4.060 1.900 -4.210 1.900} 
[14:33:54.35] /j ::xt::hercules::vue::addPolygonEnd 
[14:33:54.35] /j ::xt::hercules::vue::setViewPort extents {-4.229 1.882 -4.041 2.063} LAY 
[14:33:54.37] /j ::xt::hercules::vue::addErrorDescription {"Distance: 0.145"} 
[14:33:54.38] /j ::xt::hercules::vue::drawHighlights dff layout all 
[14:33:55.56] /j ::xt::hercules::vue::clearAllHighlights dff layout 
[14:33:55.59] /j ::xt::hercules::vue::setHighlightProperty dff layout yellow brick 
[14:33:55.59] /j ::xt::hercules::vue::addPolygonBegin 4 
[14:33:55.64] /j ::xt::hercules::vue::addPolygonPoints {-4.210 1.900 -4.210 2.045 -4.060 2.045 -4.060 1.900 -4.210 1.900} 
[14:33:55.64] /j ::xt::hercules::vue::addPolygonEnd 
[14:33:55.64] /j ::xt::hercules::vue::setViewPort extents {-4.229 1.882 -4.041 2.063} LAY 
[14:33:55.66] /j ::xt::hercules::vue::addErrorDescription {"Distance: 0.145"} 
[14:33:55.68] /j ::xt::hercules::vue::drawHighlights dff layout all 
[14:33:58.76] /# gi::executeAction deCanvasZoomOutAtPoint -in [gi::getWindows 7]
[14:33:58.77] /i de::zoom -window [gi::getWindows 7] -factor 0.5 -center {-4.135 1.98}
[14:33:58.78] /o {-4.522 1.784} {-3.748 2.146}
[14:33:58.83] /# gi::executeAction deCanvasZoomOutAtPoint -in [gi::getWindows 7]
[14:33:58.83] /i de::zoom -window [gi::getWindows 7] -factor 0.5 -center {-4.135 1.981}
[14:33:58.83] /o {-4.909 1.587} {-3.361 2.311}
[14:33:59.26] /# gi::executeAction deCanvasZoomOutAtPoint -in [gi::getWindows 7]
[14:33:59.26] /i de::zoom -window [gi::getWindows 7] -factor 0.5 -center {-4.128 1.981}
[14:33:59.26] /o {-5.689 1.193} {-2.595 2.641}
[14:34:03.76] /j ::xt::hercules::vue::clearAllHighlights dff layout 
[14:34:03.78] /j ::xt::hercules::vue::clearAllHighlights dff layout 
[14:34:03.80] /j ::xt::hercules::vue::setHighlightProperty dff layout yellow brick 
[14:34:03.83] /j ::xt::hercules::vue::addPolygonBegin 4 
[14:34:03.84] /j ::xt::hercules::vue::addPolygonPoints {-0.815 0.055 -0.815 0.265 -0.665 0.265 -0.665 0.055 -0.815 0.055} 
[14:34:03.84] /j ::xt::hercules::vue::addPolygonEnd 
[14:34:03.84] /j ::xt::hercules::vue::setViewPort extents {-0.834 0.029 -0.646 0.291} LAY 
[14:34:03.86] /j ::xt::hercules::vue::addErrorDescription {"Area: 0.032"} 
[14:34:03.88] /j ::xt::hercules::vue::drawHighlights dff layout all 
[14:34:04.38] /j ::xt::hercules::vue::clearAllHighlights dff layout 
[14:34:04.40] /j ::xt::hercules::vue::clearAllHighlights dff layout 
[14:34:04.42] /j ::xt::hercules::vue::setHighlightProperty dff layout yellow brick 
[14:34:04.44] /j ::xt::hercules::vue::addPolygonBegin 4 
[14:34:04.51] /j ::xt::hercules::vue::addPolygonPoints {-0.815 0.055 -0.815 0.265 -0.665 0.265 -0.665 0.055 -0.815 0.055} 
[14:34:04.52] /j ::xt::hercules::vue::addPolygonEnd 
[14:34:04.52] /j ::xt::hercules::vue::setViewPort extents {-0.834 0.029 -0.646 0.291} LAY 
[14:34:04.54] /j ::xt::hercules::vue::addErrorDescription {"Area: 0.032"} 
[14:34:04.57] /j ::xt::hercules::vue::drawHighlights dff layout all 
[14:34:05.21] /j ::xt::hercules::vue::clearAllHighlights dff layout 
[14:34:05.24] /j ::xt::hercules::vue::setHighlightProperty dff layout yellow brick 
[14:34:05.26] /j ::xt::hercules::vue::addPolygonBegin 4 
[14:34:05.29] /j ::xt::hercules::vue::addPolygonPoints {-0.815 0.055 -0.815 0.265 -0.665 0.265 -0.665 0.055 -0.815 0.055} 
[14:34:05.29] /j ::xt::hercules::vue::addPolygonEnd 
[14:34:05.29] /j ::xt::hercules::vue::setViewPort extents {-0.834 0.029 -0.646 0.291} LAY 
[14:34:05.30] /j ::xt::hercules::vue::addErrorDescription {"Area: 0.032"} 
[14:34:05.31] /j ::xt::hercules::vue::drawHighlights dff layout all 
[14:34:06.68] /# gi::executeAction deCanvasZoomOutAtPoint -in [gi::getWindows 7]
[14:34:06.68] /i de::zoom -window [gi::getWindows 7] -factor 0.5 -center {-0.707 0.11}
[14:34:06.68] /o {-1.333 -0.052} {-0.213 0.472}
[14:34:06.69] /# gi::executeAction deCanvasZoomOutAtPoint -in [gi::getWindows 7]
[14:34:06.69] /i de::zoom -window [gi::getWindows 7] -factor 0.5 -center {-0.706 0.108}
[14:34:06.70] /o {-1.96 -0.212} {0.28 0.836}
[14:34:06.74] /# gi::executeAction deCanvasZoomOutAtPoint -in [gi::getWindows 7]
[14:34:06.74] /i de::zoom -window [gi::getWindows 7] -factor 0.5 -center {-0.707 0.107}
[14:34:06.75] /o {-3.213 -0.531} {1.267 1.565}
[14:34:08.47] /# gi::executeAction dePan -in [gi::getWindows 7]
[14:34:08.47] /i ide::pan [db::getNext [de::getContexts -window 7]]
[14:34:08.82] /# gi::executeAction deStartDrag -in [gi::getWindows 7]
[14:34:08.82] /i de::startDrag {-1.724 0.467} -context [db::getNext [de::getContexts -window 7]]
[14:34:09.57] /# gi::executeAction deEndDrag -in [gi::getWindows 7]
[14:34:09.57] /i de::endDrag {-1.724 0.464} -context [db::getNext [de::getContexts -window 7]]
[14:34:09.58] /r dePanToPoint {-3.617 1.672}
[14:34:10.50] /# gi::executeAction deStartDrag -in [gi::getWindows 7]
[14:34:10.50] /i de::startDrag {-4.334 1.565} -context [db::getNext [de::getContexts -window 7]]
[14:34:11.13] /# gi::executeAction deEndDrag -in [gi::getWindows 7]
[14:34:11.13] /i de::endDrag {-4.328 1.565} -context [db::getNext [de::getContexts -window 7]]
[14:34:11.13] /r dePanToPoint {-4.153 1.738}
[14:34:11.57] /# gi::executeAction deCanvasZoomInAtPoint -in [gi::getWindows 7]
[14:34:11.57] /i de::zoom -window [gi::getWindows 7] -factor 2.0 -center {-4.434 1.642}
[14:34:11.57] /o {-5.413 1.166} {-3.173 2.214}
[14:34:12.62] /# gi::executeAction leRuler -in [gi::getWindows 7]
[14:34:12.62] /i ile::createRuler
[14:34:16.00] /# gi::executeAction deAddPoint -in [gi::getWindows 7]
[14:34:16.00] /i de::addPoint {-4.437 2.05} -context [db::getNext [de::getContexts -window 7]]
[14:34:21.52] /# gi::executeAction deAddPoint -in [gi::getWindows 7]
[14:34:21.52] /i de::addPoint {-4.398 1.9} -context [db::getNext [de::getContexts -window 7]]
[14:34:24.89] /j ::xt::hercules::vue::clearAllHighlights dff layout 
[14:34:24.91] /j ::xt::hercules::vue::clearAllHighlights dff layout 
[14:34:24.93] /j ::xt::hercules::vue::setHighlightProperty dff layout yellow brick 
[14:34:24.95] /j ::xt::hercules::vue::addPolygonBegin 4 
[14:34:25.01] /j ::xt::hercules::vue::addPolygonPoints {-0.815 0.055 -0.815 0.265 -0.665 0.265 -0.665 0.055 -0.815 0.055} 
[14:34:25.01] /j ::xt::hercules::vue::addPolygonEnd 
[14:34:25.01] /j ::xt::hercules::vue::setViewPort extents {-0.834 0.029 -0.646 0.291} LAY 
[14:34:25.05] /j ::xt::hercules::vue::addErrorDescription {"Area: 0.032"} 
[14:34:25.07] /j ::xt::hercules::vue::drawHighlights dff layout all 
[14:34:25.43] /j ::xt::hercules::vue::clearAllHighlights dff layout 
[14:34:25.45] /j ::xt::hercules::vue::clearAllHighlights dff layout 
[14:34:25.47] /j ::xt::hercules::vue::setHighlightProperty dff layout yellow brick 
[14:34:25.48] /j ::xt::hercules::vue::addPolygonBegin 4 
[14:34:25.53] /j ::xt::hercules::vue::addPolygonPoints {-4.210 1.900 -4.210 2.045 -4.060 2.045 -4.060 1.900 -4.210 1.900} 
[14:34:25.53] /j ::xt::hercules::vue::addPolygonEnd 
[14:34:25.53] /j ::xt::hercules::vue::setViewPort extents {-4.229 1.882 -4.041 2.063} LAY 
[14:34:25.58] /j ::xt::hercules::vue::addErrorDescription {"Distance: 0.145"} 
[14:34:25.58] /j ::xt::hercules::vue::drawHighlights dff layout all 
[14:34:28.83] /# gi::executeAction deCanvasZoomOutAtPoint -in [gi::getWindows 7]
[14:34:28.84] /i de::zoom -window [gi::getWindows 7] -factor 0.5 -center {-4.087 1.963}
[14:34:28.84] /o {-4.57 1.801} {-3.796 2.163}
[14:34:29.40] /# gi::executeAction deCanvasZoomOutAtPoint -in [gi::getWindows 7]
[14:34:29.40] /i de::zoom -window [gi::getWindows 7] -factor 0.5 -center {-4.088 1.961}
[14:34:29.42] /o {-5.052 1.641} {-3.504 2.365}
[14:34:32.49] /# gi::executeAction leMove -in [gi::getWindows 7]
[14:34:32.49] /i ile::move
[14:34:34.10] /# gi::executeAction deAbortCommand -in [gi::getWindows 7]
[14:34:34.11] /i de::abortCommand -context [db::getNext [de::getContexts -window 7]]
[14:34:34.33] /i gi::executeAction deCanvasDragCancel -in [gi::getWindows 7]
[14:34:34.51] /i gi::executeAction deCanvasDragCancel -in [gi::getWindows 7]
[14:34:35.03] /# gi::executeAction deSelectActive -in [gi::getWindows 7]
[14:34:35.03] /i de::deselectAll [db::getNext [de::getContexts -window 7]]
[14:34:35.03] /i de::select [de::getActiveFigure [gi::getWindows 7] -point {-4.364 1.83} -index 0 -intent none]
[14:34:35.03] /o oa:0x2244e820
[14:34:36.81] /# gi::executeAction deSelectActive -in [gi::getWindows 7]
[14:34:36.81] /i de::deselectAll [db::getNext [de::getContexts -window 7]]
[14:34:36.81] /i de::select [de::getActiveFigure [gi::getWindows 7] -point {-4.372 2.216} -index 0 -intent none]
[14:34:36.81] /o oa:0x21075df0
[14:34:37.55] /# gi::executeAction leMove -in [gi::getWindows 7]
[14:34:37.55] /i ile::move
[14:34:38.04] /# gi::executeAction deAddPoint -in [gi::getWindows 7]
[14:34:38.04] /i de::addPoint {-4.372 2.216} -context [db::getNext [de::getContexts -window 7]]
[14:34:42.08] /# gi::executeAction deAddPoint -in [gi::getWindows 7]
[14:34:42.08] /i de::addPoint {-4.372 2.227} -context [db::getNext [de::getContexts -window 7]]
[14:34:43.46] /# gi::executeAction deSelectActive -in [gi::getWindows 7]
[14:34:43.46] /i de::deselectAll [db::getNext [de::getContexts -window 7]]
[14:34:43.46] /i de::select [de::getActiveFigure [gi::getWindows 7] -point {-4.178 2.239} -index 0 -intent none]
[14:34:43.46] /o oa:0x2228b390
[14:34:44.18] /# gi::executeAction leMove -in [gi::getWindows 7]
[14:34:44.18] /i ile::move
[14:34:44.54] /# gi::executeAction deAddPoint -in [gi::getWindows 7]
[14:34:44.54] /i de::addPoint {-4.178 2.239} -context [db::getNext [de::getContexts -window 7]]
[14:34:48.33] /# gi::executeAction deAddPoint -in [gi::getWindows 7]
[14:34:48.33] /i de::addPoint {-4.18 2.249} -context [db::getNext [de::getContexts -window 7]]
[14:34:49.95] /# gi::executeAction dePan -in [gi::getWindows 7]
[14:34:49.95] /i ide::pan [db::getNext [de::getContexts -window 7]]
[14:34:50.34] /# gi::executeAction deStartDrag -in [gi::getWindows 7]
[14:34:50.34] /i de::startDrag {-4.649 2.331} -context [db::getNext [de::getContexts -window 7]]
[14:34:51.36] /# gi::executeAction deEndDrag -in [gi::getWindows 7]
[14:34:51.36] /i de::endDrag {-4.647 2.331} -context [db::getNext [de::getContexts -window 7]]
[14:34:51.36] /r dePanToPoint {-5.186 2.018}
[14:34:52.05] /# gi::executeAction deStartDrag -in [gi::getWindows 7]
[14:34:52.05] /i de::startDrag {-5.542 2.326} -context [db::getNext [de::getContexts -window 7]]
[14:34:53.92] /# gi::executeAction deEndDrag -in [gi::getWindows 7]
[14:34:53.92] /i de::endDrag {-5.541 2.326} -context [db::getNext [de::getContexts -window 7]]
[14:34:53.92] /r dePanToPoint {-6.088 1.984}
[14:34:55.63] /# gi::executeAction deAbortCommand -in [gi::getWindows 7]
[14:34:55.63] /i de::abortCommand -context [db::getNext [de::getContexts -window 7]]
[14:34:55.99] /# gi::executeAction deSelectActive -in [gi::getWindows 7]
[14:34:55.99] /i de::deselectAll [db::getNext [de::getContexts -window 7]]
[14:34:55.99] /i de::select [de::getActiveFigure [gi::getWindows 7] -point {-6.592 2.208} -index 0 -intent none]
[14:34:55.99] /o oa:0x220e49e0
[14:35:00.12] /i gi::executeAction deCanvasDragCancel -in [gi::getWindows 7]
[14:35:01.27] /# gi::executeAction deSelectActive -in [gi::getWindows 7]
[14:35:01.28] /i de::deselectAll [db::getNext [de::getContexts -window 7]]
[14:35:01.28] /i de::select [de::getActiveFigure [gi::getWindows 7] -point {-6.193 1.986} -index 0 -intent none]
[14:35:01.28] /o oa:0x214a21d0
[14:35:03.00] /i gi::executeAction deSaveDesign -in [gi::getWindows 7]
[14:35:03.00] /m Information: Saving design 'dff dff layout'. (DESIGN_WINDOW-004)
[14:35:03.54] /i gi::executeAction deSaveDesign -in [gi::getWindows 7]
[14:35:03.54] /m Information: Saving design 'dff dff layout'. (DESIGN_WINDOW-004)
[14:35:03.98] /i gi::executeAction deSaveDesign -in [gi::getWindows 7]
[14:35:03.98] /m Information: Saving design 'dff dff layout'. (DESIGN_WINDOW-004)
[14:35:04.94] /# gi::executeAction deCanvasZoomOutAtPoint -in [gi::getWindows 7]
[14:35:04.94] /i de::zoom -window [gi::getWindows 7] -factor 0.5 -center {-5.892 1.991}
[14:35:04.94] /o {-7.832 1.254} {-4.737 2.702}
[14:35:05.61] /# gi::executeAction deCanvasZoomOutAtPoint -in [gi::getWindows 7]
[14:35:05.61] /i de::zoom -window [gi::getWindows 7] -factor 0.5 -center {-5.827 1.914}
[14:35:05.61] /o {-9.838 0.593} {-3.648 3.489}
[14:35:06.35] /# gi::executeAction deSelectByWindow -in [gi::getWindows 7]
[14:35:06.35] /i db::setPrefValue deSelectMode -value Replace -scope [db::getScopes [db::getNext [de::getContexts -window 7]]]; ide::selectByRegion -region rectangle -point {-5.2 2.68} 
[14:35:06.52] /# gi::executeAction deEndDrag -in [gi::getWindows 7]
[14:35:06.53] /i de::endDrag {-5.642 2.847} -context [db::getNext [de::getContexts -window 7]]
[14:35:06.88] /# gi::executeAction dePan -in [gi::getWindows 7]
[14:35:06.88] /i ide::pan [db::getNext [de::getContexts -window 7]]
[14:35:07.11] /# gi::executeAction deStartDrag -in [gi::getWindows 7]
[14:35:07.11] /i de::startDrag {-5.181 2.54} -context [db::getNext [de::getContexts -window 7]]
[14:35:08.85] /# gi::executeAction deEndDrag -in [gi::getWindows 7]
[14:35:08.85] /i de::endDrag {-5.185 2.54} -context [db::getNext [de::getContexts -window 7]]
[14:35:08.85] /r dePanToPoint {-3.989 1.293}
[14:35:09.36] /# gi::executeAction deCanvasZoomInAtPoint -in [gi::getWindows 7]
[14:35:09.36] /i de::zoom -window [gi::getWindows 7] -factor 2.0 -center {-4.897 1.677}
[14:35:09.36] /o {-5.99 0.761} {-2.895 2.209}
[14:35:11.99] /# gi::executeAction leRuler -in [gi::getWindows 7]
[14:35:11.99] /i ile::createRuler
[14:35:13.34] /# gi::executeAction deAddPoint -in [gi::getWindows 7]
[14:35:13.34] /i de::addPoint {-4.408 1.689} -context [db::getNext [de::getContexts -window 7]]
[14:35:17.24] /# gi::executeAction deAddPoint -in [gi::getWindows 7]
[14:35:17.24] /i de::addPoint {-4.381 1.539} -context [db::getNext [de::getContexts -window 7]]
[14:35:18.20] /# gi::executeAction deAbortCommand -in [gi::getWindows 7]
[14:35:18.20] /i de::abortCommand -context [db::getNext [de::getContexts -window 7]]
[14:35:18.65] /# gi::executeAction deCanvasZoomOutAtPoint -in [gi::getWindows 7]
[14:35:18.65] /i de::zoom -window [gi::getWindows 7] -factor 0.5 -center {-3.419 1.431}
[14:35:18.66] /o {-8.562 0.091} {-2.372 2.987}
[14:35:20.42] /# gi::executeAction dePan -in [gi::getWindows 7]
[14:35:20.42] /i ide::pan [db::getNext [de::getContexts -window 7]]
[14:35:20.80] /# gi::executeAction deStartDrag -in [gi::getWindows 7]
[14:35:20.80] /i de::startDrag {-3.4 0.272} -context [db::getNext [de::getContexts -window 7]]
[14:35:25.41] /# gi::executeAction deEndDrag -in [gi::getWindows 7]
[14:35:25.41] /i de::endDrag {-3.432 0.256} -context [db::getNext [de::getContexts -window 7]]
[14:35:25.42] /r dePanToPoint {-2.311 1.003}
[14:35:25.91] /# gi::executeAction deStartDrag -in [gi::getWindows 7]
[14:35:25.91] /i de::startDrag {-3.432 0.256} -context [db::getNext [de::getContexts -window 7]]
[14:35:26.24] /# gi::executeAction deEndDrag -in [gi::getWindows 7]
[14:35:26.24] /i de::endDrag {-3.215 0.256} -context [db::getNext [de::getContexts -window 7]]
[14:35:26.25] /r dePanToPoint {-3.268 1.014}
[14:35:26.26] /# gi::executeAction deAddPoint -in [gi::getWindows 7]
[14:35:26.26] /i de::addPoint {-3.629 0.256} -context [db::getNext [de::getContexts -window 7]]
[14:35:26.38] /# gi::executeAction deStartDrag -in [gi::getWindows 7]
[14:35:26.38] /i de::startDrag {-3.828 -0.502} -context [db::getNext [de::getContexts -window 7]]
[14:35:26.76] /# gi::executeAction deEndDrag -in [gi::getWindows 7]
[14:35:26.76] /i de::endDrag {-3.789 -0.483} -context [db::getNext [de::getContexts -window 7]]
[14:35:26.76] /r dePanToPoint {-6.068 0.15}
[14:35:27.01] /# gi::executeAction deStartDrag -in [gi::getWindows 7]
[14:35:27.01] /i de::startDrag {-3.852 -0.51} -context [db::getNext [de::getContexts -window 7]]
[14:35:30.03] /# gi::executeAction deEndDrag -in [gi::getWindows 7]
[14:35:30.03] /i de::endDrag {-3.852 -0.526} -context [db::getNext [de::getContexts -window 7]]
[14:35:30.03] /r dePanToPoint {-5.532 0.5}
[14:35:31.73] /# gi::executeAction deStartDrag -in [gi::getWindows 7]
[14:35:31.73] /i de::startDrag {-3.726 -0.471} -context [db::getNext [de::getContexts -window 7]]
[14:35:34.27] /# gi::executeAction deEndDrag -in [gi::getWindows 7]
[14:35:34.27] /i de::endDrag {-3.729 -0.471} -context [db::getNext [de::getContexts -window 7]]
[14:35:34.27] /r dePanToPoint {-5.52 0.658}
[14:35:46.76] /# gi::executeAction deAddPoint -in [gi::getWindows 7]
[14:35:46.76] /i de::addPoint {-4.135 -0.625} -context [db::getNext [de::getContexts -window 7]]
[14:35:47.93] /# gi::executeAction deStartDrag -in [gi::getWindows 7]
[14:35:47.93] /i de::startDrag {-3.771 -0.201} -context [db::getNext [de::getContexts -window 7]]
[14:35:49.11] /# gi::executeAction deAbortCommand -in [gi::getWindows 7]
[14:35:49.11] /i de::abortCommand -context [db::getNext [de::getContexts -window 7]]
[14:35:49.26] /# gi::executeAction deCanvasDragEnd -in [gi::getWindows 7]
[14:35:49.89] /# gi::executeAction deSelectActive -in [gi::getWindows 7]
[14:35:49.89] /i de::deselectAll [db::getNext [de::getContexts -window 7]]
[14:35:49.90] /i de::select [de::getActiveFigure [gi::getWindows 7] -point {-4.18 -0.682} -index 0 -intent none]
[14:35:49.90] /o oa:0x20cdd2c0
[14:35:50.55] /# gi::executeAction leMove -in [gi::getWindows 7]
[14:35:50.55] /i ile::move
[14:35:50.80] /# gi::executeAction deAddPoint -in [gi::getWindows 7]
[14:35:50.80] /i de::addPoint {-4.196 -0.647} -context [db::getNext [de::getContexts -window 7]]
[14:35:52.77] /# gi::executeAction deCanvasZoomInAtPoint -in [gi::getWindows 7]
[14:35:52.77] /i de::zoom -window [gi::getWindows 7] -factor 2.0 -center {-4.444 1.319}
[14:35:52.77] /o {-6.339 0.285} {-3.244 1.733}
[14:36:01.56] /# gi::executeAction deAddPoint -in [gi::getWindows 7]
[14:36:01.56] /i de::addPoint {-4.413 1.392} -context [db::getNext [de::getContexts -window 7]]
[14:36:02.63] /# gi::executeAction deCanvasZoomOutAtPoint -in [gi::getWindows 7]
[14:36:02.63] /i de::zoom -window [gi::getWindows 7] -factor 0.5 -center {-3.824 1.313}
[14:36:02.63] /o {-8.855 -0.743} {-2.665 2.153}
[14:36:03.84] /# gi::executeAction dePan -in [gi::getWindows 7]
[14:36:03.84] /i ide::pan [db::getNext [de::getContexts -window 7]]
[14:36:04.12] /# gi::executeAction deStartDrag -in [gi::getWindows 7]
[14:36:04.12] /i de::startDrag {-3.362 -0.026} -context [db::getNext [de::getContexts -window 7]]
[14:36:07.71] /# gi::executeAction deEndDrag -in [gi::getWindows 7]
[14:36:07.71] /i de::endDrag {-3.354 -0.026} -context [db::getNext [de::getContexts -window 7]]
[14:36:07.71] /r dePanToPoint {-2.753 1.162}
[14:36:09.41] /# gi::executeAction deAddPoint -in [gi::getWindows 7]
[14:36:09.41] /i de::addPoint {-1.81 0.167} -context [db::getNext [de::getContexts -window 7]]
[14:36:10.19] /# gi::setCurrentIndex {lpps} -index {m2 drw} -in [gi::getAssistants leObjectLayerPanel -from [gi::getWindows 7]]
[14:36:10.19] /# gi::setItemSelection {lpps} -index {m2 drw} -in [gi::getAssistants leObjectLayerPanel -from [gi::getWindows 7]]
[14:36:10.27] /# gi::executeAction leOLPSetActiveLPP -in [gi::getAssistants leObjectLayerPanel -from [gi::getWindows 7]]
[14:36:10.27] /i de::setActiveLPP [de::getLPPs -from [oa::DesignFind dff dff layout] -filter {%lpp =="m2 drawing"}]
[14:36:12.54] /# gi::executeAction deCanvasZoomInAtPoint -in [gi::getWindows 7]
[14:36:12.54] /i de::zoom -window [gi::getWindows 7] -factor 2.0 -center {-4.476 1.446}
[14:36:12.54] /o {-4.69 0.083} {-1.596 1.531}
[14:36:14.02] /# gi::executeAction dePan -in [gi::getWindows 7]
[14:36:14.02] /i ide::pan [db::getNext [de::getContexts -window 7]]
[14:36:14.80] /# gi::executeAction deStartDrag -in [gi::getWindows 7]
[14:36:14.80] /i de::startDrag {-3.889 0.922} -context [db::getNext [de::getContexts -window 7]]
[14:36:15.48] /# gi::executeAction deEndDrag -in [gi::getWindows 7]
[14:36:15.48] /i de::endDrag {-3.887 0.922} -context [db::getNext [de::getContexts -window 7]]
[14:36:15.48] /r dePanToPoint {-3.139 1.031}
[14:36:15.73] /# gi::executeAction deAddPoint -in [gi::getWindows 7]
[14:36:15.73] /i de::addPoint {-3.881 0.922} -context [db::getNext [de::getContexts -window 7]]
[14:36:17.13] /# gi::executeAction deAbortCommand -in [gi::getWindows 7]
[14:36:17.13] /i de::abortCommand -context [db::getNext [de::getContexts -window 7]]
[14:36:17.44] /# gi::executeAction deSelectActive -in [gi::getWindows 7]
[14:36:17.44] /i de::deselectAll [db::getNext [de::getContexts -window 7]]
[14:36:17.44] /i de::deselectAllLogic -context [db::getNext [de::getContexts -window 7]]
[14:36:18.38] /# gi::executeAction deSelectActive -in [gi::getWindows 7]
[14:36:18.38] /i de::deselectAllLogic -context [db::getNext [de::getContexts -window 7]]
[14:36:18.67] /# gi::executeAction dePan -in [gi::getWindows 7]
[14:36:18.67] /i ide::pan [db::getNext [de::getContexts -window 7]]
[14:36:19.01] /# gi::executeAction deStartDrag -in [gi::getWindows 7]
[14:36:19.01] /i de::startDrag {-3.868 0.947} -context [db::getNext [de::getContexts -window 7]]
[14:36:22.60] /# gi::executeAction deEndDrag -in [gi::getWindows 7]
[14:36:22.60] /i de::endDrag {-3.87 0.951} -context [db::getNext [de::getContexts -window 7]]
[14:36:22.60] /r dePanToPoint {-3.002 1.357}
[14:36:24.49] /# gi::executeAction leOLPSetActiveLPP -in [gi::getAssistants leObjectLayerPanel -from [gi::getWindows 7]]
[14:36:24.49] /i de::setActiveLPP [de::getLPPs -from [oa::DesignFind dff dff layout] -filter {%lpp =="m2 drawing"}]
[14:36:25.56] /# gi::executeAction leRectangle -in [gi::getWindows 7]
[14:36:25.56] /i ile::createRectangle
[14:36:28.83] /# gi::executeAction deAddPoint -in [gi::getWindows 7]
[14:36:28.83] /i de::addPoint {-4.483 1.534} -context [db::getNext [de::getContexts -window 7]]
[14:36:35.37] /# gi::executeAction deAddPoint -in [gi::getWindows 7]
[14:36:35.37] /i de::addPoint {-1.547 1.323} -context [db::getNext [de::getContexts -window 7]]
[14:36:36.62] /# gi::executeAction deAbortCommand -in [gi::getWindows 7]
[14:36:36.62] /i de::abortCommand -context [db::getNext [de::getContexts -window 7]]
[14:36:37.25] /# gi::executeAction dePan -in [gi::getWindows 7]
[14:36:37.25] /i ide::pan [db::getNext [de::getContexts -window 7]]
[14:36:37.56] /# gi::executeAction deStartDrag -in [gi::getWindows 7]
[14:36:37.56] /i de::startDrag {-1.616 0.888} -context [db::getNext [de::getContexts -window 7]]
[14:36:41.47] /# gi::executeAction deEndDrag -in [gi::getWindows 7]
[14:36:41.47] /i de::endDrag {-1.616 0.889} -context [db::getNext [de::getContexts -window 7]]
[14:36:41.47] /r dePanToPoint {-1.495 0.869}
[14:36:42.27] /# gi::executeAction deAbortCommand -in [gi::getWindows 7]
[14:36:42.27] /i de::abortCommand -context [db::getNext [de::getContexts -window 7]]
[14:36:43.87] /# gi::executeAction deSelectActive -in [gi::getWindows 7]
[14:36:43.87] /i de::deselectAll [db::getNext [de::getContexts -window 7]]
[14:36:43.87] /i de::select [de::getActiveFigure [gi::getWindows 7] -point {-0.72 0.182} -index 0 -intent none]
[14:36:43.87] /o oa:0x22e8be80
[14:36:44.04] /# gi::executeAction leMove -in [gi::getWindows 7]
[14:36:44.04] /i ile::move
[14:36:44.29] /# gi::executeAction deAddPoint -in [gi::getWindows 7]
[14:36:44.29] /i de::addPoint {-0.72 0.182} -context [db::getNext [de::getContexts -window 7]]
[14:36:46.66] /# gi::executeAction deAddPoint -in [gi::getWindows 7]
[14:36:46.66] /i de::addPoint {-0.752 1.443} -context [db::getNext [de::getContexts -window 7]]
[14:36:48.07] /# gi::executeAction deSelectActive -in [gi::getWindows 7]
[14:36:48.07] /i de::deselectAll [db::getNext [de::getContexts -window 7]]
[14:36:48.07] /i de::deselectAllLogic -context [db::getNext [de::getContexts -window 7]]
[14:36:48.78] /# gi::executeAction leStretch -in [gi::getWindows 7]
[14:36:48.79] /i ile::stretch
[14:36:49.87] /# gi::executeAction deAddPoint -in [gi::getWindows 7]
[14:36:49.87] /i de::addPoint {-1.547 1.439} -context [db::getNext [de::getContexts -window 7]]
[14:36:54.65] /# gi::executeAction deAddPoint -in [gi::getWindows 7]
[14:36:54.65] /i de::addPoint {-0.694 1.41} -context [db::getNext [de::getContexts -window 7]]
[14:36:55.79] /# gi::executeAction deAbortCommand -in [gi::getWindows 7]
[14:36:55.80] /i de::abortCommand -context [db::getNext [de::getContexts -window 7]]
[14:36:57.37] /# gi::executeAction deSelectActive -in [gi::getWindows 7]
[14:36:57.37] /i de::deselectAllLogic -context [db::getNext [de::getContexts -window 7]]
[14:36:58.74] /# gi::setCurrentIndex {lpps} -index {m1 drw} -in [gi::getAssistants leObjectLayerPanel -from [gi::getWindows 7]]
[14:36:58.74] /# gi::setItemSelection {lpps} -index {m1 drw} -in [gi::getAssistants leObjectLayerPanel -from [gi::getWindows 7]]
[14:36:58.83] /# gi::executeAction leOLPSetActiveLPP -in [gi::getAssistants leObjectLayerPanel -from [gi::getWindows 7]]
[14:36:58.83] /i de::setActiveLPP [de::getLPPs -from [oa::DesignFind dff dff layout] -filter {%lpp =="m1 drawing"}]
[14:37:00.34] /# gi::executeAction leMove -in [gi::getWindows 7]
[14:37:00.34] /i ile::move
[14:37:02.58] /# gi::executeAction leRotate90 -in [gi::getWindows 7]
[14:37:02.58] /i de::commandOption R90 -point {-0.659 1.11}
[14:37:03.51] /# gi::executeAction deAbortCommand -in [gi::getWindows 7]
[14:37:03.51] /i de::abortCommand -context [db::getNext [de::getContexts -window 7]]
[14:37:03.72] /# gi::executeAction leRectangle -in [gi::getWindows 7]
[14:37:03.72] /i ile::createRectangle
[14:37:06.07] /# gi::executeAction deAddPoint -in [gi::getWindows 7]
[14:37:06.07] /i de::addPoint {-0.681 1.065} -context [db::getNext [de::getContexts -window 7]]
[14:37:11.67] /# gi::executeAction deAddPoint -in [gi::getWindows 7]
[14:37:11.67] /i de::addPoint {-0.846 1.494} -context [db::getNext [de::getContexts -window 7]]
[14:37:12.24] /# gi::executeAction deCanvasZoomOutAtPoint -in [gi::getWindows 7]
[14:37:12.24] /i de::zoom -window [gi::getWindows 7] -factor 0.5 -center {-1.329 1.114}
[14:37:12.25] /o {-4.756 -0.824} {1.433 2.072}
[14:37:13.30] /# gi::executeAction dePan -in [gi::getWindows 7]
[14:37:13.30] /i ide::pan [db::getNext [de::getContexts -window 7]]
[14:37:13.82] /# gi::executeAction deStartDrag -in [gi::getWindows 7]
[14:37:13.82] /i de::startDrag {-2.719 0.042} -context [db::getNext [de::getContexts -window 7]]
[14:37:18.81] /# gi::executeAction deEndDrag -in [gi::getWindows 7]
[14:37:18.81] /i de::endDrag {-2.727 0.042} -context [db::getNext [de::getContexts -window 7]]
[14:37:18.81] /r dePanToPoint {-4.207 0.797}
[14:37:49.14] /# gi::executeAction dePan -in [gi::getWindows 7]
[14:37:49.14] /i ide::pan [db::getNext [de::getContexts -window 7]]
[14:37:49.46] /# gi::executeAction deStartDrag -in [gi::getWindows 7]
[14:37:49.46] /i de::startDrag {-2.66 -0.296} -context [db::getNext [de::getContexts -window 7]]
[14:38:05.95] /# gi::executeAction deEndDrag -in [gi::getWindows 7]
[14:38:05.95] /i de::endDrag {-2.656 -0.296} -context [db::getNext [de::getContexts -window 7]]
[14:38:05.95] /r dePanToPoint {-3.561 0.742}
[14:38:06.25] /# gi::executeAction deCanvasZoomOutAtPoint -in [gi::getWindows 7]
[14:38:06.25] /i de::zoom -window [gi::getWindows 7] -factor 0.5 -center {-2.668 -0.296}
[14:38:06.25] /o {-10.643 -1.116} {1.737 4.676}
[14:38:07.62] /# gi::executeAction deCanvasZoomInAtPoint -in [gi::getWindows 7]
[14:38:07.62] /i de::zoom -window [gi::getWindows 7] -factor 2.0 -center {-2.692 -0.289}
[14:38:07.62] /o {-6.668 -0.703} {-0.478 2.193}
[14:38:08.34] /# gi::executeAction deStartDrag -in [gi::getWindows 7]
[14:38:08.34] /i de::startDrag {-2.72 -0.261} -context [db::getNext [de::getContexts -window 7]]
[14:38:09.62] /# gi::executeAction deEndDrag -in [gi::getWindows 7]
[14:38:09.62] /i de::endDrag {-2.72 -0.269} -context [db::getNext [de::getContexts -window 7]]
[14:38:09.62] /r dePanToPoint {-3.387 0.753}
[14:38:10.23] /# gi::executeAction deStartDrag -in [gi::getWindows 7]
[14:38:10.24] /i de::startDrag {-2.81 -0.167} -context [db::getNext [de::getContexts -window 7]]
[14:38:11.18] /# gi::executeAction deEndDrag -in [gi::getWindows 7]
[14:38:11.18] /i de::endDrag {-2.81 -0.163} -context [db::getNext [de::getContexts -window 7]]
[14:38:11.18] /r dePanToPoint {-3.139 0.529}
[14:38:14.72] /# gi::executeAction deAbortCommand -in [gi::getWindows 7]
[14:38:14.72] /i de::abortCommand -context [db::getNext [de::getContexts -window 7]]
[14:38:15.07] /# gi::executeAction deAddPoint -in [gi::getWindows 7]
[14:38:15.07] /i de::addPoint {-4.39 1.413} -context [db::getNext [de::getContexts -window 7]]
[14:38:16.14] /# gi::executeAction deAddPoint -in [gi::getWindows 7]
[14:38:16.14] /i de::addPoint {-4.39 1.386} -context [db::getNext [de::getContexts -window 7]]
[14:38:16.14] /w Warning: Could not commit routing because of invalid geometry. (ILE_CREATE-079)
[14:38:17.93] /# gi::executeAction deAbortCommand -in [gi::getWindows 7]
[14:38:17.93] /i de::abortCommand -context [db::getNext [de::getContexts -window 7]]
[14:38:19.61] /# gi::executeAction deSelectActive -in [gi::getWindows 7]
[14:38:19.61] /i de::deselectAll [db::getNext [de::getContexts -window 7]]
[14:38:19.61] /i de::select [de::getActiveFigure [gi::getWindows 7] -point {-4.382 1.421} -index 0 -intent none]
[14:38:19.61] /o oa:0x1facfd30
[14:38:21.02] /# gi::executeAction deSelectActive -in [gi::getWindows 7]
[14:38:21.02] /i de::deselectAll [db::getNext [de::getContexts -window 7]]
[14:38:21.02] /i de::select [de::getActiveFigure [gi::getWindows 7] -point {-4.426 1.354} -index 0 -intent none]
[14:38:21.02] /o oa:0x210ad880
[14:38:22.37] /# gi::executeAction leMove -in [gi::getWindows 7]
[14:38:22.37] /i ile::move
[14:38:22.62] /# gi::executeAction deAddPoint -in [gi::getWindows 7]
[14:38:22.62] /i de::addPoint {-4.41 1.362} -context [db::getNext [de::getContexts -window 7]]
[14:38:26.00] /# gi::executeAction deAddPoint -in [gi::getWindows 7]
[14:38:26.00] /i de::addPoint {-4.406 0.026} -context [db::getNext [de::getContexts -window 7]]
[14:38:28.00] /# gi::executeAction deSelectActive -in [gi::getWindows 7]
[14:38:28.00] /i de::deselectAll [db::getNext [de::getContexts -window 7]]
[14:38:28.00] /i de::select [de::getActiveFigure [gi::getWindows 7] -point {-3.397 1.409} -index 0 -intent none]
[14:38:28.00] /o oa:0x1e8cbb40
[14:38:28.86] /# gi::executeAction leMove -in [gi::getWindows 7]
[14:38:28.86] /i ile::move
[14:38:29.08] /# gi::executeAction deAddPoint -in [gi::getWindows 7]
[14:38:29.08] /i de::addPoint {-3.397 1.409} -context [db::getNext [de::getContexts -window 7]]
[14:38:30.51] /# gi::executeAction deAddPoint -in [gi::getWindows 7]
[14:38:30.51] /i de::addPoint {-3.35 -0.372} -context [db::getNext [de::getContexts -window 7]]
[14:38:31.79] /# gi::executeAction deSelectActive -in [gi::getWindows 7]
[14:38:31.79] /i de::deselectAll [db::getNext [de::getContexts -window 7]]
[14:38:31.79] /i de::select [de::getActiveFigure [gi::getWindows 7] -point {-0.722 1.421} -index 0 -intent none]
[14:38:31.79] /o oa:0x1fb3bdb0
[14:38:33.12] /# gi::executeAction deSelectActive -in [gi::getWindows 7]
[14:38:33.12] /i de::deselectAll [db::getNext [de::getContexts -window 7]]
[14:38:33.12] /i de::select [de::getActiveFigure [gi::getWindows 7] -point {-0.801 1.449} -index 0 -intent none]
[14:38:33.12] /o oa:0x21b85cf0
[14:38:34.44] /# gi::executeAction deSelectActive -in [gi::getWindows 7]
[14:38:34.44] /i de::deselectAll [db::getNext [de::getContexts -window 7]]
[14:38:34.44] /i de::select [de::getActiveFigure [gi::getWindows 7] -point {-0.722 1.52} -index 0 -intent none]
[14:38:34.44] /o oa:0x20ffc480
[14:38:35.00] /# gi::executeAction leMove -in [gi::getWindows 7]
[14:38:35.00] /i ile::move
[14:38:35.24] /# gi::executeAction deAddPoint -in [gi::getWindows 7]
[14:38:35.24] /i de::addPoint {-0.722 1.52} -context [db::getNext [de::getContexts -window 7]]
[14:38:38.05] /# gi::executeAction deAddPoint -in [gi::getWindows 7]
[14:38:38.05] /i de::addPoint {-0.698 0.211} -context [db::getNext [de::getContexts -window 7]]
[14:38:40.12] /# gi::executeAction deSelectActive -in [gi::getWindows 7]
[14:38:40.12] /i de::deselectAll [db::getNext [de::getContexts -window 7]]
[14:38:40.12] /i de::select [de::getActiveFigure [gi::getWindows 7] -point {-0.761 1.433} -index 0 -intent none]
[14:38:40.12] /o oa:0x1c613a20
[14:38:41.44] /# gi::executeAction deSelectActive -in [gi::getWindows 7]
[14:38:41.44] /i de::cycleActiveFigure [gi::getWindows 7] -direction next
[14:38:41.44] /o oa:0x1e5c7c20
[14:38:41.44] /i de::deselectAll [db::getNext [de::getContexts -window 7]]
[14:38:41.44] /i de::select [de::getActiveFigure [gi::getWindows 7] -point {-0.761 1.425} -index 1 -intent none]
[14:38:41.44] /o oa:0x21e8d940
[14:38:43.25] /# gi::executeAction deSelectActive -in [gi::getWindows 7]
[14:38:43.25] /i de::deselectAll [db::getNext [de::getContexts -window 7]]
[14:38:43.25] /i de::select [de::getActiveFigure [gi::getWindows 7] -point {-0.679 1.382} -index 0 -intent none]
[14:38:43.25] /o oa:0x22448960
[14:38:44.47] /# gi::executeAction leMove -in [gi::getWindows 7]
[14:38:44.47] /i ile::move
[14:38:44.72] /# gi::executeAction deAddPoint -in [gi::getWindows 7]
[14:38:44.72] /i de::addPoint {-0.679 1.362} -context [db::getNext [de::getContexts -window 7]]
[14:38:46.08] /# gi::executeAction deAddPoint -in [gi::getWindows 7]
[14:38:46.08] /i de::addPoint {-0.683 0.676} -context [db::getNext [de::getContexts -window 7]]
[14:38:47.37] /i gi::executeAction deCanvasDragCancel -in [gi::getWindows 7]
[14:38:48.18] /# gi::executeAction deCanvasZoomInAtPoint -in [gi::getWindows 7]
[14:38:48.18] /i de::zoom -window [gi::getWindows 7] -factor 2.0 -center {-3.973 -0.064}
[14:38:48.18] /o {-5.104 -0.492} {-2.009 0.956}
[14:38:51.21] /# gi::executeAction dePan -in [gi::getWindows 7]
[14:38:51.21] /i ide::pan [db::getNext [de::getContexts -window 7]]
[14:38:51.64] /# gi::executeAction deStartDrag -in [gi::getWindows 7]
[14:38:51.64] /i de::startDrag {-4.071 0.001} -context [db::getNext [de::getContexts -window 7]]
[14:38:52.64] /# gi::executeAction deEndDrag -in [gi::getWindows 7]
[14:38:52.64] /i de::endDrag {-4.069 0.001} -context [db::getNext [de::getContexts -window 7]]
[14:38:52.64] /r dePanToPoint {-3.794 0.22}
[14:38:53.49] /# gi::executeAction leMove -in [gi::getWindows 7]
[14:38:53.49] /i ile::move
[14:38:53.80] /# gi::executeAction deAddPoint -in [gi::getWindows 7]
[14:38:53.80] /i de::addPoint {-4.398 0.125} -context [db::getNext [de::getContexts -window 7]]
[14:38:56.65] /# gi::executeAction deAddPoint -in [gi::getWindows 7]
[14:38:56.65] /i de::addPoint {-4.369 0.129} -context [db::getNext [de::getContexts -window 7]]
[14:38:57.95] /# gi::executeAction leMove -in [gi::getWindows 7]
[14:38:57.95] /i ile::move
[14:38:58.13] /# gi::executeAction deAddPoint -in [gi::getWindows 7]
[14:38:58.13] /i de::addPoint {-4.369 0.121} -context [db::getNext [de::getContexts -window 7]]
[14:38:59.59] /# gi::executeAction deAddPoint -in [gi::getWindows 7]
[14:38:59.59] /i de::addPoint {-4.367 0.147} -context [db::getNext [de::getContexts -window 7]]
[14:39:00.55] /# gi::executeAction leStartStretchDrag -in [gi::getWindows 7]
[14:39:00.55] /i layout_editor::directStretch [de::getActiveFigure [gi::getWindows 7] -point {-4.359 0.156} -index 0 -intent none] 7
[14:39:00.55] /# db::setPrefValue deSelectMode -value Replace -scope [db::getScopes [db::getNext [de::getContexts -window 7]]]; ide::selectByRegion -region rectangle -point {-4.36 0.155} 
[14:39:01.10] /# gi::executeAction deEndDrag -in [gi::getWindows 7]
[14:39:01.10] /i de::endDrag {-4.367 0.184} -context [db::getNext [de::getContexts -window 7]]
[14:39:01.54] /# gi::executeAction deSelectActive -in [gi::getWindows 7]
[14:39:01.55] /i de::deselectAll [db::getNext [de::getContexts -window 7]]
[14:39:01.55] /i de::select [de::getActiveFigure [gi::getWindows 7] -point {-4.351 0.121} -index 0 -intent none]
[14:39:01.55] /o oa:0x22e9ff20
[14:39:02.07] /# gi::executeAction leMove -in [gi::getWindows 7]
[14:39:02.07] /i ile::move
[14:39:02.30] /# gi::executeAction deAddPoint -in [gi::getWindows 7]
[14:39:02.30] /i de::addPoint {-4.351 0.121} -context [db::getNext [de::getContexts -window 7]]
[14:39:05.01] /# gi::executeAction deAddPoint -in [gi::getWindows 7]
[14:39:05.01] /i de::addPoint {-4.349 0.131} -context [db::getNext [de::getContexts -window 7]]
[14:39:06.28] /# gi::executeAction dePan -in [gi::getWindows 7]
[14:39:06.28] /i ide::pan [db::getNext [de::getContexts -window 7]]
[14:39:06.97] /# gi::executeAction deStartDrag -in [gi::getWindows 7]
[14:39:06.97] /i de::startDrag {-3.069 0.003} -context [db::getNext [de::getContexts -window 7]]
[14:39:07.22] /# gi::executeAction deEndDrag -in [gi::getWindows 7]
[14:39:07.22] /i de::endDrag {-3.07 0.003} -context [db::getNext [de::getContexts -window 7]]
[14:39:07.22] /r dePanToPoint {-3.694 0.203}
[14:39:07.82] /# gi::executeAction leMove -in [gi::getWindows 7]
[14:39:07.82] /i ile::move
[14:39:08.31] /# gi::executeAction deAddPoint -in [gi::getWindows 7]
[14:39:08.31] /i de::addPoint {-3.317 -0.31} -context [db::getNext [de::getContexts -window 7]]
[14:39:09.83] /# gi::executeAction deAbortCommand -in [gi::getWindows 7]
[14:39:09.83] /i de::abortCommand -context [db::getNext [de::getContexts -window 7]]
[14:39:10.47] /# gi::executeAction deSelectActive -in [gi::getWindows 7]
[14:39:10.47] /i de::deselectAll [db::getNext [de::getContexts -window 7]]
[14:39:10.47] /i de::deselectAllLogic -context [db::getNext [de::getContexts -window 7]]
[14:39:11.16] /# gi::executeAction deSelectActive -in [gi::getWindows 7]
[14:39:11.17] /i de::deselectAll [db::getNext [de::getContexts -window 7]]
[14:39:11.17] /i de::select [de::getActiveFigure [gi::getWindows 7] -point {-3.333 -0.291} -index 0 -intent none]
[14:39:11.17] /o oa:0x20c0e6c0
[14:39:11.73] /# gi::executeAction leMove -in [gi::getWindows 7]
[14:39:11.73] /i ile::move
[14:39:11.95] /# gi::executeAction deAddPoint -in [gi::getWindows 7]
[14:39:11.95] /i de::addPoint {-3.333 -0.291} -context [db::getNext [de::getContexts -window 7]]
[14:39:22.82] /# gi::executeAction deAddPoint -in [gi::getWindows 7]
[14:39:22.82] /i de::addPoint {-3.372 0.166} -context [db::getNext [de::getContexts -window 7]]
[14:39:24.10] /# gi::executeAction dePan -in [gi::getWindows 7]
[14:39:24.10] /i ide::pan [db::getNext [de::getContexts -window 7]]
[14:39:24.73] /# gi::executeAction deStartDrag -in [gi::getWindows 7]
[14:39:24.73] /i de::startDrag {-2.84 0.281} -context [db::getNext [de::getContexts -window 7]]
[14:39:25.46] /# gi::executeAction deEndDrag -in [gi::getWindows 7]
[14:39:25.46] /i de::endDrag {-2.868 0.279} -context [db::getNext [de::getContexts -window 7]]
[14:39:25.46] /r dePanToPoint {-1.94 0.191}
[14:39:26.42] /# gi::executeAction deStartDrag -in [gi::getWindows 7]
[14:39:26.42] /i de::startDrag {-0.834 0.344} -context [db::getNext [de::getContexts -window 7]]
[14:39:28.16] /# gi::executeAction deEndDrag -in [gi::getWindows 7]
[14:39:28.16] /i de::endDrag {-0.834 0.34} -context [db::getNext [de::getContexts -window 7]]
[14:39:28.16] /r dePanToPoint {-1.115 0.605}
[14:39:28.90] /# gi::executeAction deStartDrag -in [gi::getWindows 7]
[14:39:28.90] /i de::startDrag {-0.702 0.612} -context [db::getNext [de::getContexts -window 7]]
[14:39:30.03] /# gi::executeAction deEndDrag -in [gi::getWindows 7]
[14:39:30.04] /i de::endDrag {-0.7 0.612} -context [db::getNext [de::getContexts -window 7]]
[14:39:30.04] /r dePanToPoint {-1.115 0.595}
[14:39:30.33] /# gi::executeAction deAbortCommand -in [gi::getWindows 7]
[14:39:30.33] /i de::abortCommand -context [db::getNext [de::getContexts -window 7]]
[14:39:31.39] /# gi::executeAction leStartStretchDrag -in [gi::getWindows 7]
[14:39:31.39] /i layout_editor::directStretch [de::getActiveFigure [gi::getWindows 7] -point {-0.724 0.643} -index 0 -intent none] 7
[14:39:31.39] /# db::setPrefValue deSelectMode -value Replace -scope [db::getScopes [db::getNext [de::getContexts -window 7]]]; ide::selectByRegion -region rectangle -point {-0.725 0.645} 
[14:39:32.02] /# gi::executeAction deEndDrag -in [gi::getWindows 7]
[14:39:32.02] /i de::endDrag {-0.734 0.69} -context [db::getNext [de::getContexts -window 7]]
[14:39:32.19] /# gi::executeAction leMove -in [gi::getWindows 7]
[14:39:32.19] /i ile::move
[14:39:32.58] /# gi::executeAction deStartDrag -in [gi::getWindows 7]
[14:39:32.58] /i de::startDrag {-0.728 0.679} -context [db::getNext [de::getContexts -window 7]]
[14:39:33.26] /# gi::executeAction deEndDrag -in [gi::getWindows 7]
[14:39:33.26] /i de::endDrag {-0.773 0.885} -context [db::getNext [de::getContexts -window 7]]
[14:39:33.76] /# gi::executeAction deAddPoint -in [gi::getWindows 7]
[14:39:33.76] /i de::addPoint {-0.738 0.679} -context [db::getNext [de::getContexts -window 7]]
[14:39:37.95] /# gi::executeAction deAddPoint -in [gi::getWindows 7]
[14:39:37.95] /i de::addPoint {-0.771 0.994} -context [db::getNext [de::getContexts -window 7]]
[14:39:39.23] /# gi::executeAction leStretch -in [gi::getWindows 7]
[14:39:39.23] /i ile::stretch
[14:39:40.42] /# gi::executeAction deAddPoint -in [gi::getWindows 7]
[14:39:40.42] /i de::addPoint {-0.756 0.718} -context [db::getNext [de::getContexts -window 7]]
[14:39:44.39] /# gi::executeAction deAddPoint -in [gi::getWindows 7]
[14:39:44.39] /i de::addPoint {-0.706 0.038} -context [db::getNext [de::getContexts -window 7]]
[14:39:45.61] /# gi::executeAction dePan -in [gi::getWindows 7]
[14:39:45.61] /i ide::pan [db::getNext [de::getContexts -window 7]]
[14:39:46.00] /# gi::executeAction deCanvasZoomOutAtPoint -in [gi::getWindows 7]
[14:39:46.00] /i de::zoom -window [gi::getWindows 7] -factor 0.5 -center {-1.544 0.582}
[14:39:46.01] /o {-3.781 -0.84} {2.409 2.056}
[14:39:48.41] /# gi::executeAction dePan -in [gi::getWindows 7]
[14:39:48.41] /i ide::pan [db::getNext [de::getContexts -window 7]]
[14:39:48.59] /# gi::executeAction deStartDrag -in [gi::getWindows 7]
[14:39:48.59] /i de::startDrag {-1.855 0.346} -context [db::getNext [de::getContexts -window 7]]
[14:39:49.73] /# gi::executeAction deEndDrag -in [gi::getWindows 7]
[14:39:49.73] /i de::endDrag {-1.855 0.35} -context [db::getNext [de::getContexts -window 7]]
[14:39:49.73] /r dePanToPoint {-3.819 0.225}
[14:39:51.27] /# gi::executeAction deCanvasZoomInAtPoint -in [gi::getWindows 7]
[14:39:51.27] /i de::zoom -window [gi::getWindows 7] -factor 2.0 -center {-3.569 0.141}
[14:39:51.27] /o {-5.241 -0.541} {-2.146 0.907}
[14:39:51.78] /# gi::executeAction leRectangle -in [gi::getWindows 7]
[14:39:51.78] /i ile::createRectangle
[14:39:56.01] /# gi::executeAction deAddPoint -in [gi::getWindows 7]
[14:39:56.01] /i de::addPoint {-4.489 0.178} -context [db::getNext [de::getContexts -window 7]]
[14:39:58.32] /# gi::executeAction deAddPoint -in [gi::getWindows 7]
[14:39:58.32] /i de::addPoint {-4.317 -0.314} -context [db::getNext [de::getContexts -window 7]]
[14:39:58.85] /# gi::executeAction deAbortCommand -in [gi::getWindows 7]
[14:39:58.85] /i de::abortCommand -context [db::getNext [de::getContexts -window 7]]
[14:39:59.25] /# gi::executeAction deCanvasZoomOutAtPoint -in [gi::getWindows 7]
[14:39:59.25] /i de::zoom -window [gi::getWindows 7] -factor 0.5 -center {-4.044 -0.137}
[14:39:59.25] /o {-6.439 -0.945} {-0.249 1.951}
[14:40:02.21] /i gi::executeAction deSaveDesign -in [gi::getWindows 7]
[14:40:02.21] /m Information: Saving design 'dff dff layout'. (DESIGN_WINDOW-004)
[14:40:05.52] /# gi::executeAction xtDRCRun -in [gi::getWindows 7]
[14:40:05.52] /i xt::physicalVerification::executeRun drc 7
[14:40:05.70] /# xt::physicalVerification::executePve drc 7
[14:40:09.79] /m Information: 
              /c =============================
              /c JobID: hercules_drc_47
              /c --- ERROR SUMMARY -----------
              /c 7.27: Minimum width for Metal 1 >= 0.1
              /c  INTERNAL M1S { } (101) ................................. 1 violation found.
              /c =============================
              /c 
[14:40:10.39] /j ::xt::hercules::vue::_private::registerConnection localhost:52253 tcp107 herculesVue_14 
[14:40:10.45] /j ::xt::hercules::vue::_private::isJobReady 
[14:40:10.46] /o false
[14:40:11.46] /j ::xt::hercules::vue::_private::isJobReady 
[14:40:11.46] /o false
[14:40:12.47] /m Information: Connection established with 'Hercules-VUE' running on 'localhost'.
[14:40:12.47] /j ::xt::hercules::vue::_private::isJobReady 
[14:40:12.48] /o true
[14:40:12.50] /j ::xt::hercules::vue::startFilter LAY 
[14:40:12.74] /i gi::setActiveWindow 7
[14:40:12.74] /i gi::setActiveWindow 7 -raise true
[14:40:13.04] /r giWindowId 10
[14:40:13.09] /r giWindowGeometry 1040x800
[14:40:13.33] /i gi::createFrame -window 9
[14:40:13.33] /i gi::setActiveWindow 10
[14:40:13.33] /i gi::setActiveWindow 10 -raise true
[14:40:13.37] /j ::xt::hercules::vue::setInlibPath /root/Excercise/DFlipFlop/synopsys_custom/dff.hercules.drc/. 
[14:40:13.38] /j ::xt::hercules::vue::setTopLayLCV dff dff layout 
[14:40:13.38] /j ::xt::hercules::vue::openCell dff dff layout 
[14:40:13.82] /i db::setAttr geometry -of [gi::getFrames 2] -value 1910x910+5+62
[14:40:19.34] /j ::xt::hercules::vue::clearAllHighlights dff layout 
[14:40:19.80] /j ::xt::hercules::vue::setInlibPath /root/Excercise/DFlipFlop/synopsys_custom/dff.hercules.drc/. 
[14:40:19.83] /j ::xt::hercules::vue::setTopLayLCV dff dff layout 
[14:40:19.85] /j ::xt::hercules::vue::openCell dff dff layout 
[14:40:21.42] /j ::xt::hercules::vue::clearAllHighlights dff layout 
[14:40:22.49] /j ::xt::hercules::vue::clearAllHighlights dff layout 
[14:40:22.49] /j ::xt::hercules::vue::clearAllHighlights dff layout 
[14:40:22.50] /j ::xt::hercules::vue::openCell dff dff layout 
[14:40:22.86] /j ::xt::hercules::vue::clearAllHighlights dff layout 
[14:40:22.88] /j ::xt::hercules::vue::clearAllHighlights dff layout 
[14:40:22.89] /j ::xt::hercules::vue::setHighlightProperty dff layout yellow brick 
[14:40:22.89] /j ::xt::hercules::vue::addPolygonBegin 4 
[14:40:22.99] /j ::xt::hercules::vue::addPolygonPoints {-0.535 -0.005 -0.535 1.315 -0.440 1.315 -0.440 -0.005 -0.535 -0.005} 
[14:40:22.99] /j ::xt::hercules::vue::addPolygonEnd 
[14:40:22.99] /j ::xt::hercules::vue::setViewPort extents {-0.547 -0.170 -0.428 1.480} LAY 
[14:40:23.21] /j ::xt::hercules::vue::addErrorDescription {"Distance: 0.095"} 
[14:40:23.21] /j ::xt::hercules::vue::drawHighlights dff layout all 
[14:40:24.47] /j ::xt::hercules::vue::clearAllHighlights dff layout 
[14:40:24.48] /j ::xt::hercules::vue::setHighlightProperty dff layout yellow brick 
[14:40:24.48] /j ::xt::hercules::vue::addPolygonBegin 4 
[14:40:24.55] /j ::xt::hercules::vue::addPolygonPoints {-0.535 -0.005 -0.535 1.315 -0.440 1.315 -0.440 -0.005 -0.535 -0.005} 
[14:40:24.55] /j ::xt::hercules::vue::addPolygonEnd 
[14:40:24.55] /j ::xt::hercules::vue::setViewPort extents {-0.547 -0.170 -0.428 1.480} LAY 
[14:40:24.57] /j ::xt::hercules::vue::addErrorDescription {"Distance: 0.095"} 
[14:40:24.58] /j ::xt::hercules::vue::drawHighlights dff layout all 
[14:40:27.69] /# gi::executeAction deCanvasZoomInAtPoint -in [gi::getWindows 7]
[14:40:27.69] /i de::zoom -window [gi::getWindows 7] -factor 2.0 -center {-0.372 1.092}
[14:40:27.69] /o {-1.311 0.461} {0.452 1.286}
[14:40:29.05] /# gi::executeAction dePan -in [gi::getWindows 7]
[14:40:29.05] /i ide::pan [db::getNext [de::getContexts -window 7]]
[14:40:29.57] /# gi::executeAction deStartDrag -in [gi::getWindows 7]
[14:40:29.57] /i de::startDrag {-0.391 0.911} -context [db::getNext [de::getContexts -window 7]]
[14:40:30.71] /# gi::executeAction deEndDrag -in [gi::getWindows 7]
[14:40:30.71] /i de::endDrag {-0.392 0.901} -context [db::getNext [de::getContexts -window 7]]
[14:40:30.71] /r dePanToPoint {-0.482 1.131}
[14:40:31.48] /# gi::executeAction leStretch -in [gi::getWindows 7]
[14:40:31.48] /i ile::stretch
[14:40:32.49] /# gi::executeAction deAddPoint -in [gi::getWindows 7]
[14:40:32.49] /i de::addPoint {-0.439 0.927} -context [db::getNext [de::getContexts -window 7]]
[14:40:33.56] /# gi::executeAction deAddPoint -in [gi::getWindows 7]
[14:40:33.56] /i de::addPoint {-0.434 0.923} -context [db::getNext [de::getContexts -window 7]]
[14:40:34.44] /# gi::executeAction deCanvasZoomOutAtPoint -in [gi::getWindows 7]
[14:40:34.45] /i de::zoom -window [gi::getWindows 7] -factor 0.5 -center {-0.385 0.91}
[14:40:34.45] /o {-2.343 0.528} {1.183 2.178}
[14:40:35.64] /i gi::executeAction deSaveDesign -in [gi::getWindows 7]
[14:40:35.64] /m Information: Saving design 'dff dff layout'. (DESIGN_WINDOW-004)
[14:40:35.85] /i gi::executeAction deSaveDesign -in [gi::getWindows 7]
[14:40:35.86] /m Information: Saving design 'dff dff layout'. (DESIGN_WINDOW-004)
[14:40:35.99] /i gi::executeAction deSaveDesign -in [gi::getWindows 7]
[14:40:35.99] /m Information: Saving design 'dff dff layout'. (DESIGN_WINDOW-004)
[14:40:36.74] /# gi::executeAction dePan -in [gi::getWindows 7]
[14:40:36.74] /i ide::pan [db::getNext [de::getContexts -window 7]]
[14:40:37.41] /# gi::executeAction deStartDrag -in [gi::getWindows 7]
[14:40:37.41] /i de::startDrag {-1.416 0.753} -context [db::getNext [de::getContexts -window 7]]
[14:40:38.80] /# gi::executeAction deEndDrag -in [gi::getWindows 7]
[14:40:38.80] /i de::endDrag {-1.414 0.753} -context [db::getNext [de::getContexts -window 7]]
[14:40:38.80] /r dePanToPoint {-2.818 0.206}
[14:40:39.51] /# gi::executeAction deStartDrag -in [gi::getWindows 7]
[14:40:39.51] /i de::startDrag {-3.107 0.358} -context [db::getNext [de::getContexts -window 7]]
[14:40:40.32] /# gi::executeAction deEndDrag -in [gi::getWindows 7]
[14:40:40.32] /i de::endDrag {-3.082 0.358} -context [db::getNext [de::getContexts -window 7]]
[14:40:40.32] /r dePanToPoint {-4.421 0.184}
[14:40:40.79] /# gi::executeAction deCanvasZoomOutAtPoint -in [gi::getWindows 7]
[14:40:40.79] /i de::zoom -window [gi::getWindows 7] -factor 0.5 -center {-4.481 0.38}
[14:40:40.79] /o {-7.888 -1.663} {-0.834 1.637}
[14:40:41.53] /# gi::executeAction deStartDrag -in [gi::getWindows 7]
[14:40:41.53] /i de::startDrag {-5.656 -0.343} -context [db::getNext [de::getContexts -window 7]]
[14:40:42.74] /# gi::executeAction deEndDrag -in [gi::getWindows 7]
[14:40:42.74] /i de::endDrag {-5.665 -0.343} -context [db::getNext [de::getContexts -window 7]]
[14:40:42.74] /r dePanToPoint {-5.308 0.275}
[14:41:08.37] /# gi::executeAction deCanvasZoomInAtPoint -in [gi::getWindows 7]
[14:41:08.37] /i de::zoom -window [gi::getWindows 7] -factor 2.0 -center {-6.568 -0.455}
[14:41:08.38] /o {-7.702 -0.915} {-4.175 0.735}
[14:41:16.22] /# gi::setCurrentIndex {lpps} -index {m2 drw} -in [gi::getAssistants leObjectLayerPanel -from [gi::getWindows 7]]
[14:41:16.22] /# gi::setItemSelection {lpps} -index {m2 drw} -in [gi::getAssistants leObjectLayerPanel -from [gi::getWindows 7]]
[14:41:16.35] /# gi::executeAction leOLPSetActiveLPP -in [gi::getAssistants leObjectLayerPanel -from [gi::getWindows 7]]
[14:41:16.35] /i de::setActiveLPP [de::getLPPs -from [oa::DesignFind dff dff layout] -filter {%lpp =="m2 drawing"}]
[14:41:17.94] /# gi::executeAction leRectangle -in [gi::getWindows 7]
[14:41:17.94] /i ile::createRectangle
[14:41:20.29] /# gi::executeAction deAddPoint -in [gi::getWindows 7]
[14:41:20.29] /i de::addPoint {-4.402 0.21} -context [db::getNext [de::getContexts -window 7]]
[14:41:29.14] /# gi::executeAction deAddPoint -in [gi::getWindows 7]
[14:41:29.14] /i de::addPoint {-7.19 0.005} -context [db::getNext [de::getContexts -window 7]]
[14:41:30.08] /# gi::executeAction deAbortCommand -in [gi::getWindows 7]
[14:41:30.08] /i de::abortCommand -context [db::getNext [de::getContexts -window 7]]
[14:41:30.65] /# gi::executeAction leVia -in [gi::getWindows 7]
[14:41:30.65] /i ile::createVia
[14:41:30.68] /o oa:0x1effd1a0
[14:41:37.20] /# gi::executeAction deAddPoint -in [gi::getWindows 7]
[14:41:37.20] /i de::addPoint {-7.131 0.106} -context [db::getNext [de::getContexts -window 7]]
[14:41:39.51] /# gi::setCurrentIndex {lpps} -index {m1 drw} -in [gi::getAssistants leObjectLayerPanel -from [gi::getWindows 7]]
[14:41:39.51] /# gi::setItemSelection {lpps} -index {m1 drw} -in [gi::getAssistants leObjectLayerPanel -from [gi::getWindows 7]]
[14:41:39.61] /# gi::executeAction leOLPSetActiveLPP -in [gi::getAssistants leObjectLayerPanel -from [gi::getWindows 7]]
[14:41:39.61] /i de::setActiveLPP [de::getLPPs -from [oa::DesignFind dff dff layout] -filter {%lpp =="m1 drawing"}]
[14:41:40.97] /# gi::executeAction leRotate90 -in [gi::getWindows 7]
[14:41:40.97] /i de::commandOption R90 -point {-7.028 0.028}
[14:41:41.98] /# gi::executeAction leRotate90 -in [gi::getWindows 7]
[14:41:41.98] /i de::commandOption R90 -point {-7.192 0.268}
[14:41:42.22] /# gi::executeAction leRotate90 -in [gi::getWindows 7]
[14:41:42.22] /i de::commandOption R90 -point {-7.196 0.261}
[14:41:42.52] /# gi::executeAction deAbortCommand -in [gi::getWindows 7]
[14:41:42.52] /i de::abortCommand -context [db::getNext [de::getContexts -window 7]]
[14:41:42.97] /# gi::executeAction leRectangle -in [gi::getWindows 7]
[14:41:42.97] /i ile::createRectangle
[14:41:47.89] /# gi::executeAction deCanvasZoomInAtPoint -in [gi::getWindows 7]
[14:41:47.89] /i de::zoom -window [gi::getWindows 7] -factor 2.0 -center {-7.192 0.466}
[14:41:47.89] /o {-7.447 -0.225} {-5.683 0.6}
[14:41:49.26] /# gi::executeAction deAbortCommand -in [gi::getWindows 7]
[14:41:49.26] /i de::abortCommand -context [db::getNext [de::getContexts -window 7]]
[14:41:51.22] /# gi::executeAction deSelectActive -in [gi::getWindows 7]
[14:41:51.22] /i de::deselectAll [db::getNext [de::getContexts -window 7]]
[14:41:51.22] /i de::select [de::getActiveFigure [gi::getWindows 7] -point {-7.083 0.582} -index 0 -intent none]
[14:41:51.22] /o oa:0x21e65d50
[14:41:53.63] /# gi::executeAction leStretch -in [gi::getWindows 7]
[14:41:53.63] /i ile::stretch
[14:41:55.34] /# gi::executeAction deStartDrag -in [gi::getWindows 7]
[14:41:55.34] /i de::startDrag {-7.117 0.389} -context [db::getNext [de::getContexts -window 7]]
[14:41:56.47] /# gi::executeAction deEndDrag -in [gi::getWindows 7]
[14:41:56.47] /i de::endDrag {-7.118 0.361} -context [db::getNext [de::getContexts -window 7]]
[14:41:59.06] /# gi::executeAction deAbortCommand -in [gi::getWindows 7]
[14:41:59.06] /i de::abortCommand -context [db::getNext [de::getContexts -window 7]]
[14:41:59.80] /# gi::executeAction deSelectActive -in [gi::getWindows 7]
[14:41:59.80] /i de::deselectAllLogic -context [db::getNext [de::getContexts -window 7]]
[14:42:00.07] /# gi::executeAction deSelectActive -in [gi::getWindows 7]
[14:42:00.07] /i de::deselectAllLogic -context [db::getNext [de::getContexts -window 7]]
[14:42:00.22] /# gi::executeAction deSelectActive -in [gi::getWindows 7]
[14:42:00.22] /i de::deselectAllLogic -context [db::getNext [de::getContexts -window 7]]
[14:42:00.87] /# gi::executeAction leStretch -in [gi::getWindows 7]
[14:42:00.87] /i ile::stretch
[14:42:02.53] /# gi::executeAction deAddPoint -in [gi::getWindows 7]
[14:42:02.53] /i de::addPoint {-7.09 0.392} -context [db::getNext [de::getContexts -window 7]]
[14:42:07.04] /# gi::executeAction deAddPoint -in [gi::getWindows 7]
[14:42:07.04] /i de::addPoint {-7.094 0.03} -context [db::getNext [de::getContexts -window 7]]
[14:42:07.52] /# gi::executeAction deCanvasZoomOutAtPoint -in [gi::getWindows 7]
[14:42:07.52] /i de::zoom -window [gi::getWindows 7] -factor 0.5 -center {-7.051 0.068}
[14:42:07.52] /o {-7.843 -0.517} {-4.316 1.133}
[14:42:12.17] /# gi::executeAction deCanvasZoomOutAtPoint -in [gi::getWindows 7]
[14:42:12.17] /i de::zoom -window [gi::getWindows 7] -factor 0.5 -center {-6.85 0.105}
[14:42:12.17] /o {-8.835 -1.139} {-1.782 2.161}
[14:42:13.92] /# gi::executeAction deCanvasZoomOutAtPoint -in [gi::getWindows 7]
[14:42:13.92] /i de::zoom -window [gi::getWindows 7] -factor 0.5 -center {-5.091 0.113}
[14:42:13.93] /o {-12.579 -2.391} {1.528 4.209}
[14:42:15.61] /# gi::executeAction deCanvasZoomInAtPoint -in [gi::getWindows 7]
[14:42:15.61] /i de::zoom -window [gi::getWindows 7] -factor 2.0 -center {-4.103 0.168}
[14:42:15.61] /o {-8.341 -1.112} {-1.288 2.188}
[14:42:17.92] /i gi::executeAction deSaveDesign -in [gi::getWindows 7]
[14:42:17.93] /m Information: Saving design 'dff dff layout'. (DESIGN_WINDOW-004)
[14:42:23.83] /j ::xt::hercules::vue::clearAllHighlights dff layout 
[14:42:23.86] /j ::xt::hercules::vue::clearAllHighlights dff layout 
[14:42:23.99] /m Information: Connection closed with 'Hercules-VUE' running on 'localhost'.
[14:42:26.78] /j ::xt::hercules::vue::clearAllHighlights dff layout 
[14:42:26.83] /j ::xt::hercules::vue::clearAllHighlights dff layout 
[14:42:26.98] /m Information: Connection closed with 'Hercules-VUE' running on 'localhost'.
[14:42:28.08] /i gi::setActiveWindow 9
[14:42:28.08] /i gi::setActiveWindow 9 -raise true
[14:42:30.62] /i gi::executeAction giCloseWindow -in [gi::getWindows 9]
[14:42:30.64] /i gi::setActiveWindow 10
[14:42:30.64] /i gi::setActiveWindow 10 -raise true
[14:42:30.65] /i gi::executeAction giCloseWindow -in [gi::getWindows 10]
[14:42:30.75] /i gi::setActiveWindow 7
[14:42:30.75] /i gi::setActiveWindow 7 -raise true
[14:42:33.97] /# gi::executeAction xtDRCRun -in [gi::getWindows 7]
[14:42:33.97] /i xt::physicalVerification::executeRun drc 7
[14:42:34.26] /# xt::physicalVerification::executePve drc 7
[14:42:35.61] /r giWindowId 11
[14:42:35.63] /r giWindowGeometry 800x600
[14:42:37.80] /m Information: 
              /c =============================
              /c JobID: hercules_drc_48
              /c Completed with no errors.
              /c =============================
              /c 
[14:42:42.24] /i gi::pressButton {ConsoleToggleButton} -in [db::getAttr statusbar -of [gi::getWindows 11]]
[14:42:44.85] /i gi::setActiveWindow 7
[14:42:44.85] /i gi::setActiveWindow 7 -raise true
[14:42:47.78] /# gi::executeAction dePan -in [gi::getWindows 7]
[14:42:47.78] /i ide::pan [db::getNext [de::getContexts -window 7]]
[14:42:48.08] /# gi::executeAction deStartDrag -in [gi::getWindows 7]
[14:42:48.08] /i de::startDrag {-3.295 -0.901} -context [db::getNext [de::getContexts -window 7]]
[14:42:55.00] /# gi::executeAction deEndDrag -in [gi::getWindows 7]
[14:42:55.00] /i de::endDrag {-3.295 -0.896} -context [db::getNext [de::getContexts -window 7]]
[14:42:55.01] /r dePanToPoint {-4.567 0.624}
[14:42:55.34] /# gi::executeAction deCanvasZoomOutAtPoint -in [gi::getWindows 7]
[14:42:55.34] /i de::zoom -window [gi::getWindows 7] -factor 0.5 -center {-3.295 -0.892}
[14:42:55.34] /o {-12.893 -1.161} {1.214 5.439}
[14:42:56.28] /# gi::executeAction deStartDrag -in [gi::getWindows 7]
[14:42:56.28] /i de::startDrag {-2.127 -0.532} -context [db::getNext [de::getContexts -window 7]]
[14:42:58.14] /# gi::executeAction deEndDrag -in [gi::getWindows 7]
[14:42:58.14] /i de::endDrag {-2.127 -0.514} -context [db::getNext [de::getContexts -window 7]]
[14:42:58.14] /r dePanToPoint {-5.39 0.891}
[14:42:59.33] /# gi::executeAction deCanvasZoomInAtPoint -in [gi::getWindows 7]
[14:42:59.33] /i de::zoom -window [gi::getWindows 7] -factor 2.0 -center {-2.127 -0.568}
[14:42:59.34] /o {-7.286 -1.488} {-0.232 1.812}
[14:43:00.05] /# gi::executeAction deCanvasZoomInAtPoint -in [gi::getWindows 7]
[14:43:00.06] /i de::zoom -window [gi::getWindows 7] -factor 2.0 -center {-3.743 -0.321}
[14:43:00.06] /o {-5.514 -0.905} {-1.988 0.745}
[14:43:02.12] /# gi::executeAction leRuler -in [gi::getWindows 7]
[14:43:02.12] /i ile::createRuler
[14:43:05.26] /# gi::executeAction deAddPoint -in [gi::getWindows 7]
[14:43:05.27] /i de::addPoint {-3.947 0.429} -context [db::getNext [de::getContexts -window 7]]
[14:43:07.76] /# gi::executeAction deAddPoint -in [gi::getWindows 7]
[14:43:07.76] /i de::addPoint {-3.887 0.276} -context [db::getNext [de::getContexts -window 7]]
[14:43:08.14] /# gi::executeAction deCanvasZoomOutAtPoint -in [gi::getWindows 7]
[14:43:08.14] /i de::zoom -window [gi::getWindows 7] -factor 0.5 -center {-3.943 0.204}
[14:43:08.14] /o {-7.086 -2.013} {-0.032 1.287}
[14:43:11.50] /# gi::executeAction deCanvasZoomInAtPoint -in [gi::getWindows 7]
[14:43:11.51] /i de::zoom -window [gi::getWindows 7] -factor 2.0 -center {-4.033 -0.083}
[14:43:11.51] /o {-5.559 -1.048} {-2.033 0.602}
[14:43:12.55] /# gi::executeAction deAbortCommand -in [gi::getWindows 7]
[14:43:12.55] /i de::abortCommand -context [db::getNext [de::getContexts -window 7]]
[14:43:13.15] /# gi::executeAction deSelectActive -in [gi::getWindows 7]
[14:43:13.15] /i de::deselectAll [db::getNext [de::getContexts -window 7]]
[14:43:13.15] /i de::select [de::getActiveFigure [gi::getWindows 7] -point {-3.945 0.308} -index 0 -intent none]
[14:43:13.15] /o oa:0x1b6aeda0
[14:43:14.57] /# gi::executeAction leDelete -in [gi::getWindows 7]
[14:43:14.57] /i ile::delete
[14:43:15.72] /# gi::executeAction leRuler -in [gi::getWindows 7]
[14:43:15.72] /i ile::createRuler
[14:43:19.11] /# gi::executeAction deCanvasZoomOutAtPoint -in [gi::getWindows 7]
[14:43:19.11] /i de::zoom -window [gi::getWindows 7] -factor 0.5 -center {-3.932 0.42}
[14:43:19.11] /o {-7.187 -2.516} {-0.133 0.784}
[14:43:20.66] /# gi::executeAction dePan -in [gi::getWindows 7]
[14:43:20.66] /i ide::pan [db::getNext [de::getContexts -window 7]]
[14:43:21.28] /# gi::executeAction deStartDrag -in [gi::getWindows 7]
[14:43:21.28] /i de::startDrag {-3.016 0.344} -context [db::getNext [de::getContexts -window 7]]
[14:43:22.99] /# gi::executeAction deEndDrag -in [gi::getWindows 7]
[14:43:22.99] /i de::endDrag {-3.011 0.344} -context [db::getNext [de::getContexts -window 7]]
[14:43:22.99] /r dePanToPoint {-4.068 -0.305}
[14:43:24.80] /# gi::executeAction deStartDrag -in [gi::getWindows 7]
[14:43:24.80] /i de::startDrag {-2.971 0.397} -context [db::getNext [de::getContexts -window 7]]
[14:43:26.51] /# gi::executeAction deEndDrag -in [gi::getWindows 7]
[14:43:26.51] /i de::endDrag {-2.966 0.397} -context [db::getNext [de::getContexts -window 7]]
[14:43:26.51] /r dePanToPoint {-4.535 -0.202}
[14:44:23.84] /# gi::executeAction deCanvasZoomInAtPoint -in [gi::getWindows 7]
[14:44:23.84] /i de::zoom -window [gi::getWindows 7] -factor 2.0 -center {-6.073 0.662}
[14:44:23.84] /o {-7.068 -0.595} {-3.541 1.055}
[14:44:24.98] /# gi::executeAction deCanvasZoomInAtPoint -in [gi::getWindows 7]
[14:44:24.98] /i de::zoom -window [gi::getWindows 7] -factor 2.0 -center {-6.008 0.662}
[14:44:24.98] /o {-6.538 0.034} {-4.774 0.859}
[14:44:26.47] /# gi::executeAction dePan -in [gi::getWindows 7]
[14:44:26.47] /i ide::pan [db::getNext [de::getContexts -window 7]]
[14:44:27.02] /# gi::executeAction deStartDrag -in [gi::getWindows 7]
[14:44:27.02] /i de::startDrag {-5.943 0.704} -context [db::getNext [de::getContexts -window 7]]
[14:44:30.32] /# gi::executeAction deEndDrag -in [gi::getWindows 7]
[14:44:30.32] /i de::endDrag {-5.944 0.704} -context [db::getNext [de::getContexts -window 7]]
[14:44:30.32] /r dePanToPoint {-5.967 0.678}
[14:44:30.40] /# gi::executeAction deAbortCommand -in [gi::getWindows 7]
[14:44:30.40] /i de::abortCommand -context [db::getNext [de::getContexts -window 7]]
[14:44:30.83] /# gi::executeAction deSelectActive -in [gi::getWindows 7]
[14:44:30.83] /i de::deselectAllLogic -context [db::getNext [de::getContexts -window 7]]
[14:44:31.44] /# gi::executeAction leMove -in [gi::getWindows 7]
[14:44:31.44] /i ile::move
[14:44:35.27] /# gi::executeAction deAddPoint -in [gi::getWindows 7]
[14:44:35.27] /i de::addPoint {-5.94 0.618} -context [db::getNext [de::getContexts -window 7]]
[14:44:36.91] /# gi::executeAction deAddPoint -in [gi::getWindows 7]
[14:44:36.91] /i de::addPoint {-5.963 0.649} -context [db::getNext [de::getContexts -window 7]]
[14:44:41.87] /# gi::executeAction leVia -in [gi::getWindows 7]
[14:44:41.87] /i ile::createVia
[14:44:41.92] /o oa:0x23b6d760
[14:44:46.85] /i gi::setField {viaCols} -value {5} -in [gi::getToolbars {deCommandOptions} -from [gi::getWindows 7]]
[14:44:52.41] /# gi::executeAction deAbortCommand -in [gi::getWindows 7]
[14:44:52.41] /i de::abortCommand -context [db::getNext [de::getContexts -window 7]]
[14:45:06.88] /# gi::executeAction deCanvasZoomOutAtPoint -in [gi::getWindows 7]
[14:45:06.88] /i de::zoom -window [gi::getWindows 7] -factor 0.5 -center {-5.687 1.028}
[14:45:06.88] /o {-8.01 -0.496} {-4.484 1.154}
[14:45:09.21] /# gi::executeAction deCanvasZoomOutAtPoint -in [gi::getWindows 7]
[14:45:09.21] /i de::zoom -window [gi::getWindows 7] -factor 0.5 -center {-5.22 0.366}
[14:45:09.21] /o {-10.801 -1.359} {-3.747 1.941}
[14:45:11.25] /# gi::executeAction deCanvasZoomInAtPoint -in [gi::getWindows 7]
[14:45:11.25] /i de::zoom -window [gi::getWindows 7] -factor 2.0 -center {-7.914 0.577}
[14:45:11.25] /o {-9.357 -0.391} {-5.831 1.259}
[14:45:20.94] /# gi::executeAction deSelectActive -in [gi::getWindows 7]
[14:45:20.94] /i de::deselectAll [db::getNext [de::getContexts -window 7]]
[14:45:20.94] /i de::select [de::getActiveFigure [gi::getWindows 7] -point {-8.013 0.631} -index 0 -intent none]
[14:45:20.94] /o oa:0x21538e00
[14:45:22.94] /# gi::executeAction leDelete -in [gi::getWindows 7]
[14:45:22.94] /i ile::delete
[14:45:24.08] /# gi::executeAction deSelectActive -in [gi::getWindows 7]
[14:45:24.08] /i de::deselectAllLogic -context [db::getNext [de::getContexts -window 7]]
[14:45:24.80] /# gi::executeAction deSelectActive -in [gi::getWindows 7]
[14:45:24.80] /i de::deselectAll [db::getNext [de::getContexts -window 7]]
[14:45:24.81] /i de::select [de::getActiveFigure [gi::getWindows 7] -point {-7.934 0.545} -index 0 -intent none]
[14:45:24.81] /o oa:0x2097bc20
[14:45:25.77] /# gi::executeAction deCanvasZoomInAtPoint -in [gi::getWindows 7]
[14:45:25.77] /i de::zoom -window [gi::getWindows 7] -factor 2.0 -center {-7.934 0.545}
[14:45:25.77] /o {-8.646 0.077} {-6.882 0.902}
[14:45:27.14] /# gi::executeAction deCanvasZoomOutAtPoint -in [gi::getWindows 7]
[14:45:27.14] /i de::zoom -window [gi::getWindows 7] -factor 0.5 -center {-7.888 0.601}
[14:45:27.14] /o {-9.403 -0.447} {-5.877 1.203}
[14:45:29.95] /# gi::executeAction leMove -in [gi::getWindows 7]
[14:45:29.95] /i ile::move
[14:45:30.25] /# gi::executeAction deAddPoint -in [gi::getWindows 7]
[14:45:30.25] /i de::addPoint {-7.947 0.532} -context [db::getNext [de::getContexts -window 7]]
[14:45:33.46] /# gi::executeAction deAddPoint -in [gi::getWindows 7]
[14:45:33.46] /i de::addPoint {-7.947 0.833} -context [db::getNext [de::getContexts -window 7]]
[14:45:34.29] /# gi::executeAction deSelectActive -in [gi::getWindows 7]
[14:45:34.29] /i de::deselectAll [db::getNext [de::getContexts -window 7]]
[14:45:34.29] /i de::select [de::getActiveFigure [gi::getWindows 7] -point {-7.798 0.471} -index 0 -intent none]
[14:45:34.29] /o oa:0x1fbec510
[14:45:35.68] /# gi::executeAction leMove -in [gi::getWindows 7]
[14:45:35.68] /i ile::move
[14:45:35.99] /# gi::executeAction deAddPoint -in [gi::getWindows 7]
[14:45:35.99] /i de::addPoint {-7.78 0.474} -context [db::getNext [de::getContexts -window 7]]
[14:45:40.88] /# gi::executeAction deAddPoint -in [gi::getWindows 7]
[14:45:40.89] /i de::addPoint {-7.78 0.81} -context [db::getNext [de::getContexts -window 7]]
[14:45:41.54] /# gi::executeAction deSelectActive -in [gi::getWindows 7]
[14:45:41.54] /i de::deselectAll [db::getNext [de::getContexts -window 7]]
[14:45:41.54] /i de::deselectAllLogic -context [db::getNext [de::getContexts -window 7]]
[14:45:47.57] /i gi::executeAction deCanvasDragCancel -in [gi::getWindows 7]
[14:45:48.55] /# gi::executeAction dePan -in [gi::getWindows 7]
[14:45:48.55] /i ide::pan [db::getNext [de::getContexts -window 7]]
[14:45:48.86] /# gi::executeAction deStartDrag -in [gi::getWindows 7]
[14:45:48.86] /i de::startDrag {-6.252 0.444} -context [db::getNext [de::getContexts -window 7]]
[14:45:50.09] /# gi::executeAction deEndDrag -in [gi::getWindows 7]
[14:45:50.09] /i de::endDrag {-6.258 0.444} -context [db::getNext [de::getContexts -window 7]]
[14:45:50.09] /r dePanToPoint {-6.6 0.461}
[14:45:50.18] /# gi::executeAction deAbortCommand -in [gi::getWindows 7]
[14:45:50.18] /i de::abortCommand -context [db::getNext [de::getContexts -window 7]]
[14:45:51.25] /# gi::executeAction deSelectActive -in [gi::getWindows 7]
[14:45:51.25] /i de::deselectAll [db::getNext [de::getContexts -window 7]]
[14:45:51.25] /i de::select [de::getActiveFigure [gi::getWindows 7] -point {-5.967 0.662} -index 0 -intent none]
[14:45:51.25] /o oa:0x1fb57610
[14:45:57.21] /i gi::executeAction deSaveDesign -in [gi::getWindows 7]
[14:45:57.21] /m Information: Saving design 'dff dff layout'. (DESIGN_WINDOW-004)
[14:46:02.97] /# gi::executeAction xtDRCRun -in [gi::getWindows 7]
[14:46:02.97] /i xt::physicalVerification::executeRun drc 7
[14:46:03.15] /# xt::physicalVerification::executePve drc 7
[14:46:06.48] /m Information: 
              /c =============================
              /c JobID: hercules_drc_49
              /c --- ERROR SUMMARY -----------
              /c 7.30: Minimum area of Metal 1 >= 0.04
              /c  AREA M1S { } (101) ..................................... 1 violation found.
              /c =============================
              /c 
[14:46:06.98] /j ::xt::hercules::vue::_private::registerConnection localhost:44281 tcp116 herculesVue_15 
[14:46:07.05] /j ::xt::hercules::vue::_private::isJobReady 
[14:46:07.06] /o false
[14:46:08.06] /j ::xt::hercules::vue::_private::isJobReady 
[14:46:08.06] /o false
[14:46:08.07] /m Information: Connection established with 'Hercules-VUE' running on 'localhost'.
[14:46:09.08] /j ::xt::hercules::vue::_private::isJobReady 
[14:46:09.08] /o true
[14:46:09.10] /j ::xt::hercules::vue::startFilter LAY 
[14:46:09.42] /j ::xt::hercules::vue::setInlibPath /root/Excercise/DFlipFlop/synopsys_custom/dff.hercules.drc/. 
[14:46:09.44] /j ::xt::hercules::vue::setTopLayLCV dff dff layout 
[14:46:09.47] /j ::xt::hercules::vue::openCell dff dff layout 
[14:46:11.04] /j ::xt::hercules::vue::clearAllHighlights dff layout 
[14:46:11.84] /j ::xt::hercules::vue::clearAllHighlights dff layout 
[14:46:11.86] /j ::xt::hercules::vue::clearAllHighlights dff layout 
[14:46:11.88] /j ::xt::hercules::vue::openCell dff dff layout 
[14:46:12.24] /j ::xt::hercules::vue::clearAllHighlights dff layout 
[14:46:12.27] /j ::xt::hercules::vue::clearAllHighlights dff layout 
[14:46:12.30] /j ::xt::hercules::vue::setHighlightProperty dff layout yellow brick 
[14:46:12.32] /j ::xt::hercules::vue::addPolygonBegin 4 
[14:46:12.36] /j ::xt::hercules::vue::addPolygonPoints {-8.110 0.695 -8.110 0.845 -7.900 0.845 -7.900 0.695 -8.110 0.695} 
[14:46:12.36] /j ::xt::hercules::vue::addPolygonEnd 
[14:46:12.36] /j ::xt::hercules::vue::setViewPort extents {-8.136 0.676 -7.874 0.864} LAY 
[14:46:12.38] /j ::xt::hercules::vue::addErrorDescription {"Area: 0.032"} 
[14:46:12.38] /j ::xt::hercules::vue::drawHighlights dff layout all 
[14:46:13.37] /j ::xt::hercules::vue::clearAllHighlights dff layout 
[14:46:13.38] /j ::xt::hercules::vue::clearAllHighlights dff layout 
[14:46:13.38] /j ::xt::hercules::vue::setHighlightProperty dff layout yellow brick 
[14:46:13.39] /j ::xt::hercules::vue::addPolygonBegin 4 
[14:46:13.45] /j ::xt::hercules::vue::addPolygonPoints {-8.110 0.695 -8.110 0.845 -7.900 0.845 -7.900 0.695 -8.110 0.695} 
[14:46:13.45] /j ::xt::hercules::vue::addPolygonEnd 
[14:46:13.45] /j ::xt::hercules::vue::setViewPort extents {-8.136 0.676 -7.874 0.864} LAY 
[14:46:13.47] /j ::xt::hercules::vue::addErrorDescription {"Area: 0.032"} 
[14:46:13.48] /j ::xt::hercules::vue::drawHighlights dff layout all 
[14:46:14.66] /i gi::setActiveWindow 11
[14:46:14.66] /i gi::setActiveWindow 11 -raise true
[14:46:14.78] /i gi::setActiveWindow 7
[14:46:14.78] /i gi::setActiveWindow 7 -raise true
[14:46:15.70] /# gi::executeAction deCanvasZoomOutAtPoint -in [gi::getWindows 7]
[14:46:15.70] /i de::zoom -window [gi::getWindows 7] -factor 0.5 -center {-8.012 0.822}
[14:46:15.70] /o {-8.4 0.53} {-7.596 0.906}
[14:46:15.87] /# gi::executeAction deCanvasZoomOutAtPoint -in [gi::getWindows 7]
[14:46:15.87] /i de::zoom -window [gi::getWindows 7] -factor 0.5 -center {-8.01 0.819}
[14:46:15.88] /o {-8.79 0.241} {-7.182 0.993}
[14:46:16.75] /# gi::executeAction deCanvasZoomOutAtPoint -in [gi::getWindows 7]
[14:46:16.75] /i de::zoom -window [gi::getWindows 7] -factor 0.5 -center {-7.882 0.787}
[14:46:16.75] /o {-9.697 -0.305} {-6.483 1.199}
[14:46:23.19] /# gi::executeAction deCanvasZoomInAtPoint -in [gi::getWindows 7]
[14:46:23.19] /i de::zoom -window [gi::getWindows 7] -factor 2.0 -center {-7.917 0.78}
[14:46:23.19] /o {-8.807 0.238} {-7.2 0.99}
[14:46:33.18] /i de::undoTransaction -design [db::getAttr editDesign -of [de::getContexts -window 7]] -steps 1
[14:46:33.61] /i de::undoTransaction -design [db::getAttr editDesign -of [de::getContexts -window 7]] -steps 1
[14:46:34.49] /i de::undoTransaction -design [db::getAttr editDesign -of [de::getContexts -window 7]] -steps 1
[14:46:35.94] /# gi::executeAction deCanvasZoomOutAtPoint -in [gi::getWindows 7]
[14:46:35.94] /i de::zoom -window [gi::getWindows 7] -factor 0.5 -center {-8.638 0.683}
[14:46:35.94] /o {-8.976 -0.208} {-5.762 1.296}
[14:46:36.48] /# gi::executeAction deCanvasZoomOutAtPoint -in [gi::getWindows 7]
[14:46:36.48] /i de::zoom -window [gi::getWindows 7] -factor 0.5 -center {-8.272 0.666}
[14:46:36.48] /o {-9.681 -1.082} {-3.251 1.926}
[14:46:37.97] /# gi::executeAction deCanvasZoomInAtPoint -in [gi::getWindows 7]
[14:46:37.97] /i de::zoom -window [gi::getWindows 7] -factor 2.0 -center {-5.94 0.801}
[14:46:37.97] /o {-7.81 -0.14} {-4.596 1.364}
[14:46:40.05] /# gi::executeAction deSelectActive -in [gi::getWindows 7]
[14:46:40.05] /i de::deselectAll [db::getNext [de::getContexts -window 7]]
[14:46:40.05] /i de::deselectAllLogic -context [db::getNext [de::getContexts -window 7]]
[14:46:41.53] /# gi::executeAction leMove -in [gi::getWindows 7]
[14:46:41.53] /i ile::move
[14:46:41.87] /# gi::executeAction deAddPoint -in [gi::getWindows 7]
[14:46:41.87] /i de::addPoint {-6.014 0.66} -context [db::getNext [de::getContexts -window 7]]
[14:46:46.73] /# gi::executeAction deAddPoint -in [gi::getWindows 7]
[14:46:46.73] /i de::addPoint {-5.995 0.629} -context [db::getNext [de::getContexts -window 7]]
[14:46:47.43] /# gi::executeAction deCanvasZoomOutAtPoint -in [gi::getWindows 7]
[14:46:47.43] /i de::zoom -window [gi::getWindows 7] -factor 0.5 -center {-5.995 0.629}
[14:46:47.43] /o {-9.626 -0.91} {-3.196 2.098}
[14:46:49.03] /# gi::executeAction deAbortCommand -in [gi::getWindows 7]
[14:46:49.03] /i de::abortCommand -context [db::getNext [de::getContexts -window 7]]
[14:46:49.76] /i gi::executeAction deCanvasDragCancel -in [gi::getWindows 7]
[14:46:50.05] /i gi::executeAction deCanvasDragCancel -in [gi::getWindows 7]
[14:46:52.39] /i gi::executeAction deSaveDesign -in [gi::getWindows 7]
[14:46:52.39] /m Information: Saving design 'dff dff layout'. (DESIGN_WINDOW-004)
[14:46:53.21] /i gi::executeAction deSaveDesign -in [gi::getWindows 7]
[14:46:53.21] /m Information: Saving design 'dff dff layout'. (DESIGN_WINDOW-004)
[14:46:56.00] /# gi::executeAction xtDRCRun -in [gi::getWindows 7]
[14:46:56.01] /i xt::physicalVerification::executeRun drc 7
[14:46:56.22] /# xt::physicalVerification::executePve drc 7
[14:46:59.89] /m Information: 
              /c =============================
              /c JobID: hercules_drc_50
              /c Completed with no errors.
              /c =============================
              /c 
[14:47:03.34] /i gi::setActiveWindow 7
[14:47:03.34] /i gi::setActiveWindow 7 -raise true
[14:47:09.04] /# gi::executeAction deCanvasZoomOutAtPoint -in [gi::getWindows 7]
[14:47:09.04] /i de::zoom -window [gi::getWindows 7] -factor 0.5 -center {-6.413 -0.014}
[14:47:09.04] /o {-12.838 -1.806} {0.02 4.21}
[14:47:10.62] /# gi::executeAction deCanvasZoomInAtPoint -in [gi::getWindows 7]
[14:47:10.62] /i de::zoom -window [gi::getWindows 7] -factor 2.0 -center {-5.202 -0.464}
[14:47:10.62] /o {-9.02 -1.135} {-2.591 1.873}
[14:47:27.58] /# gi::executeAction dePan -in [gi::getWindows 7]
[14:47:27.58] /i ide::pan [db::getNext [de::getContexts -window 7]]
[14:47:27.99] /# gi::executeAction deStartDrag -in [gi::getWindows 7]
[14:47:27.99] /i de::startDrag {-4.797 -0.566} -context [db::getNext [de::getContexts -window 7]]
[14:47:31.94] /# gi::executeAction deEndDrag -in [gi::getWindows 7]
[14:47:31.94] /i de::endDrag {-4.805 -0.566} -context [db::getNext [de::getContexts -window 7]]
[14:47:31.94] /r dePanToPoint {-4.745 0.304}
[14:47:32.12] /# gi::executeAction deCanvasZoomOutAtPoint -in [gi::getWindows 7]
[14:47:32.13] /i de::zoom -window [gi::getWindows 7] -factor 0.5 -center {-4.805 -0.566}
[14:47:32.13] /o {-11.115 -1.835} {1.743 4.181}
[14:47:33.32] /# gi::executeAction deStartDrag -in [gi::getWindows 7]
[14:47:33.32] /i de::startDrag {-3.872 -0.738} -context [db::getNext [de::getContexts -window 7]]
[14:47:34.17] /# gi::executeAction deEndDrag -in [gi::getWindows 7]
[14:47:34.17] /i de::endDrag {-3.863 -0.738} -context [db::getNext [de::getContexts -window 7]]
[14:47:34.17] /r dePanToPoint {-5.144 0.837}
[14:47:36.77] /# gi::executeAction deCanvasZoomInAtPoint -in [gi::getWindows 7]
[14:47:36.77] /i de::zoom -window [gi::getWindows 7] -factor 2.0 -center {-4.412 -0.599}
[14:47:36.77] /o {-7.993 -1.385} {-1.564 1.623}
[14:47:37.49] /# gi::executeAction deStartDrag -in [gi::getWindows 7]
[14:47:37.49] /i de::startDrag {-3.593 -0.607} -context [db::getNext [de::getContexts -window 7]]
[14:47:38.21] /# gi::executeAction deEndDrag -in [gi::getWindows 7]
[14:47:38.21] /i de::endDrag {-3.598 -0.607} -context [db::getNext [de::getContexts -window 7]]
[14:47:38.21] /r dePanToPoint {-3.538 0.156}
[14:47:51.03] /# gi::executeAction deCanvasZoomOutAtPoint -in [gi::getWindows 7]
[14:47:51.03] /i de::zoom -window [gi::getWindows 7] -factor 0.5 -center {-3.728 -0.755}
[14:47:51.03] /o {-9.778 -1.941} {3.081 4.075}
[14:47:51.90] /# gi::executeAction deCanvasZoomInAtPoint -in [gi::getWindows 7]
[14:47:51.90] /i de::zoom -window [gi::getWindows 7] -factor 2.0 -center {-6.111 -0.762}
[14:47:51.90] /o {-7.944 -1.351} {-1.515 1.657}
[14:47:53.66] /# gi::executeAction dePan -in [gi::getWindows 7]
[14:47:53.66] /i ide::pan [db::getNext [de::getContexts -window 7]]
[14:47:53.92] /# gi::executeAction deStartDrag -in [gi::getWindows 7]
[14:47:53.92] /i de::startDrag {-6.127 -0.648} -context [db::getNext [de::getContexts -window 7]]
[14:47:56.52] /# gi::executeAction deEndDrag -in [gi::getWindows 7]
[14:47:56.52] /i de::endDrag {-6.123 -0.652} -context [db::getNext [de::getContexts -window 7]]
[14:47:56.52] /r dePanToPoint {-6.264 0.087}
[14:48:00.15] /# gi::executeAction deAddPoint -in [gi::getWindows 7]
[14:48:00.16] /i de::addPoint {-6.123 -0.652} -context [db::getNext [de::getContexts -window 7]]
[14:48:00.85] /# gi::executeAction deStartDrag -in [gi::getWindows 7]
[14:48:00.85] /i de::startDrag {-5.99 -1.383} -context [db::getNext [de::getContexts -window 7]]
[14:48:09.87] /# gi::executeAction deEndDrag -in [gi::getWindows 7]
[14:48:09.87] /i de::endDrag {-5.99 -1.387} -context [db::getNext [de::getContexts -window 7]]
[14:48:09.87] /r dePanToPoint {-6.168 0.265}
[14:48:10.60] /# gi::executeAction deCanvasZoomInAtPoint -in [gi::getWindows 7]
[14:48:10.60] /i de::zoom -window [gi::getWindows 7] -factor 2.0 -center {-5.405 0.148}
[14:48:10.60] /o {-7.394 -0.546} {-4.179 0.958}
[14:48:11.61] /# gi::executeAction deStartDrag -in [gi::getWindows 7]
[14:48:11.61] /i de::startDrag {-5.434 0.293} -context [db::getNext [de::getContexts -window 7]]
[14:48:12.52] /# gi::executeAction deEndDrag -in [gi::getWindows 7]
[14:48:12.52] /i de::endDrag {-5.434 0.291} -context [db::getNext [de::getContexts -window 7]]
[14:48:12.52] /r dePanToPoint {-6.122 0.661}
[14:48:13.39] /# gi::executeAction deAbortCommand -in [gi::getWindows 7]
[14:48:13.39] /i de::abortCommand -context [db::getNext [de::getContexts -window 7]]
[14:48:13.93] /# gi::executeAction deSelectActive -in [gi::getWindows 7]
[14:48:13.93] /i de::deselectAll [db::getNext [de::getContexts -window 7]]
[14:48:13.93] /i de::select [de::getActiveFigure [gi::getWindows 7] -point {-5.961 0.803} -index 0 -intent none]
[14:48:13.93] /o oa:0x235200a0
[14:48:21.07] /# gi::executeAction leDelete -in [gi::getWindows 7]
[14:48:21.07] /i ile::delete
[14:48:22.21] /# gi::executeAction deSelectActive -in [gi::getWindows 7]
[14:48:22.21] /i de::deselectAll [db::getNext [de::getContexts -window 7]]
[14:48:22.21] /i de::select [de::getActiveFigure [gi::getWindows 7] -point {-6.113 0.911} -index 0 -intent none]
[14:48:22.21] /o oa:0x1db504f0
[14:48:23.05] /# gi::executeAction leMove -in [gi::getWindows 7]
[14:48:23.05] /i ile::move
[14:48:23.51] /# gi::executeAction deAddPoint -in [gi::getWindows 7]
[14:48:23.51] /i de::addPoint {-6.113 0.911} -context [db::getNext [de::getContexts -window 7]]
[14:48:27.06] /# gi::executeAction deAbortCommand -in [gi::getWindows 7]
[14:48:27.06] /i de::abortCommand -context [db::getNext [de::getContexts -window 7]]
[14:48:29.23] /# gi::executeAction deSelectActive -in [gi::getWindows 7]
[14:48:29.23] /i de::cycleActiveFigure [gi::getWindows 7] -direction next
[14:48:29.23] /o oa:0x21713c80
[14:48:30.55] /# gi::executeAction leMove -in [gi::getWindows 7]
[14:48:30.55] /i ile::move
[14:48:30.99] /# gi::executeAction deAddPoint -in [gi::getWindows 7]
[14:48:30.99] /i de::addPoint {-6.135 0.919} -context [db::getNext [de::getContexts -window 7]]
[14:48:40.68] /# gi::executeAction deAddPoint -in [gi::getWindows 7]
[14:48:40.68] /i de::addPoint {-5.757 0.926} -context [db::getNext [de::getContexts -window 7]]
[14:48:41.61] /# gi::executeAction deSelectActive -in [gi::getWindows 7]
[14:48:41.61] /i de::deselectAll [db::getNext [de::getContexts -window 7]]
[14:48:41.61] /i de::select [de::getActiveFigure [gi::getWindows 7] -point {-6.176 0.848} -index 0 -intent none]
[14:48:41.61] /o oa:0x228cdfc0
[14:48:42.45] /# gi::executeAction leStretch -in [gi::getWindows 7]
[14:48:42.45] /i ile::stretch
[14:48:43.47] /# gi::executeAction deAddPoint -in [gi::getWindows 7]
[14:48:43.47] /i de::addPoint {-6.119 0.842} -context [db::getNext [de::getContexts -window 7]]
[14:48:44.93] /# gi::executeAction deAbortCommand -in [gi::getWindows 7]
[14:48:44.93] /i de::abortCommand -context [db::getNext [de::getContexts -window 7]]
[14:48:45.43] /# gi::executeAction deSelectActive -in [gi::getWindows 7]
[14:48:45.43] /i de::deselectAll [db::getNext [de::getContexts -window 7]]
[14:48:45.43] /i de::deselectAllLogic -context [db::getNext [de::getContexts -window 7]]
[14:48:46.00] /# gi::executeAction leStretch -in [gi::getWindows 7]
[14:48:46.00] /i ile::stretch
[14:48:46.75] /# gi::executeAction deAddPoint -in [gi::getWindows 7]
[14:48:46.75] /i de::addPoint {-6.115 0.829} -context [db::getNext [de::getContexts -window 7]]
[14:48:51.08] /# gi::executeAction deAddPoint -in [gi::getWindows 7]
[14:48:51.08] /i de::addPoint {-5.738 0.821} -context [db::getNext [de::getContexts -window 7]]
[14:48:59.67] /# gi::executeAction deAddPoint -in [gi::getWindows 7]
[14:48:59.67] /i de::addPoint {-6.074 0.936} -context [db::getNext [de::getContexts -window 7]]
[14:49:02.30] /# gi::executeAction deAddPoint -in [gi::getWindows 7]
[14:49:02.30] /i de::addPoint {-6.221 0.535} -context [db::getNext [de::getContexts -window 7]]
[14:49:03.54] /i gi::executeAction deSaveDesign -in [gi::getWindows 7]
[14:49:03.54] /m Information: Saving design 'dff dff layout'. (DESIGN_WINDOW-004)
[14:49:08.49] /# gi::executeAction xtDRCRun -in [gi::getWindows 7]
[14:49:08.49] /i xt::physicalVerification::executeRun drc 7
[14:49:08.87] /# xt::physicalVerification::executePve drc 7
[14:49:12.48] /m Information: 
              /c =============================
              /c JobID: hercules_drc_51
              /c --- ERROR SUMMARY -----------
              /c 7.29: Minimum spacing for Metal 1 >= 0.1
              /c  EXTERNAL M1S { } (101) ................................. 2 violations found.
              /c =============================
              /c 
[14:49:13.08] /j ::xt::hercules::vue::_private::registerConnection localhost:36542 tcp125 herculesVue_16 
[14:49:13.15] /j ::xt::hercules::vue::_private::isJobReady 
[14:49:13.15] /o false
[14:49:14.17] /j ::xt::hercules::vue::_private::isJobReady 
[14:49:14.17] /o true
[14:49:14.17] /m Information: Connection established with 'Hercules-VUE' running on 'localhost'.
[14:49:14.18] /j ::xt::hercules::vue::startFilter LAY 
[14:49:14.64] /j ::xt::hercules::vue::setInlibPath /root/Excercise/DFlipFlop/synopsys_custom/dff.hercules.drc/. 
[14:49:14.68] /j ::xt::hercules::vue::setTopLayLCV dff dff layout 
[14:49:14.69] /j ::xt::hercules::vue::openCell dff dff layout 
[14:49:15.91] /j ::xt::hercules::vue::clearAllHighlights dff layout 
[14:49:16.87] /j ::xt::hercules::vue::clearAllHighlights dff layout 
[14:49:16.88] /j ::xt::hercules::vue::clearAllHighlights dff layout 
[14:49:16.89] /j ::xt::hercules::vue::openCell dff dff layout 
[14:49:17.65] /j ::xt::hercules::vue::clearAllHighlights dff layout 
[14:49:17.67] /j ::xt::hercules::vue::clearAllHighlights dff layout 
[14:49:17.68] /j ::xt::hercules::vue::setHighlightProperty dff layout yellow brick 
[14:49:17.68] /j ::xt::hercules::vue::addPolygonBegin 4 
[14:49:17.73] /j ::xt::hercules::vue::addPolygonPoints {-5.730 0.780 -5.730 0.880 -5.645 0.880 -5.645 0.780 -5.730 0.780} 
[14:49:17.73] /j ::xt::hercules::vue::addPolygonEnd 
[14:49:17.73] /j ::xt::hercules::vue::setViewPort extents {-5.741 0.768 -5.634 0.893} LAY 
[14:49:17.75] /j ::xt::hercules::vue::addErrorDescription {"Distance: 0.085"} 
[14:49:17.77] /j ::xt::hercules::vue::drawHighlights dff layout all 
[14:49:18.88] /i gi::setActiveWindow 11
[14:49:18.88] /i gi::setActiveWindow 11 -raise true
[14:49:18.89] /j ::xt::hercules::vue::clearAllHighlights dff layout 
[14:49:18.90] /j ::xt::hercules::vue::clearAllHighlights dff layout 
[14:49:19.08] /m Information: Connection closed with 'Hercules-VUE' running on 'localhost'.
[14:49:20.00] /i gi::setActiveWindow 6
[14:49:20.00] /i gi::setActiveWindow 6 -raise true
[14:49:20.72] /i gi::setActiveWindow 7
[14:49:20.72] /i gi::setActiveWindow 7 -raise true
[14:49:22.39] /# gi::executeAction deCanvasZoomOutAtPoint -in [gi::getWindows 7]
[14:49:22.39] /i de::zoom -window [gi::getWindows 7] -factor 0.5 -center {-5.753 0.863}
[14:49:22.39] /o {-5.889 0.673} {-5.355 0.923}
[14:49:22.48] /# gi::executeAction deCanvasZoomOutAtPoint -in [gi::getWindows 7]
[14:49:22.48] /i de::zoom -window [gi::getWindows 7] -factor 0.5 -center {-5.753 0.862}
[14:49:22.49] /o {-6.025 0.484} {-4.957 0.984}
[14:49:26.65] /# gi::executeAction deCanvasZoomOutAtPoint -in [gi::getWindows 7]
[14:49:26.65] /i de::zoom -window [gi::getWindows 7] -factor 0.5 -center {-5.865 0.875}
[14:49:26.65] /o {-6.186 0.093} {-4.048 1.093}
[14:49:28.32] /i de::undoTransaction -design [db::getAttr editDesign -of [de::getContexts -window 7]] -steps 1
[14:49:28.49] /i de::undoTransaction -design [db::getAttr editDesign -of [de::getContexts -window 7]] -steps 1
[14:49:29.16] /i de::undoTransaction -design [db::getAttr editDesign -of [de::getContexts -window 7]] -steps 1
[14:49:30.88] /# gi::executeAction deCanvasZoomOutAtPoint -in [gi::getWindows 7]
[14:49:30.90] /i de::zoom -window [gi::getWindows 7] -factor 0.5 -center {-5.965 0.746}
[14:49:30.90] /o {-6.406 -0.56} {-2.132 1.44}
[14:49:33.02] /i gi::executeAction deSaveDesign -in [gi::getWindows 7]
[14:49:33.02] /m Information: Saving design 'dff dff layout'. (DESIGN_WINDOW-004)
[14:49:36.17] /# gi::executeAction xtDRCRun -in [gi::getWindows 7]
[14:49:36.17] /i xt::physicalVerification::executeRun drc 7
[14:49:36.30] /# xt::physicalVerification::executePve drc 7
[14:49:40.01] /m Information: 
              /c =============================
              /c JobID: hercules_drc_52
              /c Completed with no errors.
              /c =============================
              /c 
[14:49:41.62] /i gi::setActiveWindow 7
[14:49:41.62] /i gi::setActiveWindow 7 -raise true
[14:49:43.80] /# gi::executeAction deCanvasZoomOutAtPoint -in [gi::getWindows 7]
[14:49:43.80] /i de::zoom -window [gi::getWindows 7] -factor 0.5 -center {-5.212 0.338}
[14:49:43.80] /o {-7.601 -1.458} {0.949 2.542}
[14:49:44.82] /# gi::executeAction dePan -in [gi::getWindows 7]
[14:49:44.82] /i ide::pan [db::getNext [de::getContexts -window 7]]
[14:49:45.18] /# gi::executeAction deStartDrag -in [gi::getWindows 7]
[14:49:45.18] /i de::startDrag {-5.424 -0.424} -context [db::getNext [de::getContexts -window 7]]
[14:49:47.09] /# gi::executeAction deEndDrag -in [gi::getWindows 7]
[14:49:47.09] /i de::endDrag {-5.429 -0.424} -context [db::getNext [de::getContexts -window 7]]
[14:49:47.09] /r dePanToPoint {-3.5 0.727}
[14:50:11.05] /# gi::executeAction deCanvasZoomInAtPoint -in [gi::getWindows 7]
[14:50:11.05] /i de::zoom -window [gi::getWindows 7] -factor 2.0 -center {-0.678 1.421}
[14:50:11.05] /o {-4.226 0.074} {0.048 2.074}
[14:50:11.72] /# gi::executeAction deCanvasZoomOutAtPoint -in [gi::getWindows 7]
[14:50:11.72] /i de::zoom -window [gi::getWindows 7] -factor 0.5 -center {-0.678 1.394}
[14:50:11.72] /o {-7.775 -1.246} {0.775 2.754}
[14:50:13.32] /# gi::executeAction deCanvasZoomInAtPoint -in [gi::getWindows 7]
[14:50:13.32] /i de::zoom -window [gi::getWindows 7] -factor 2.0 -center {-0.602 0.876}
[14:50:13.32] /o {-4.188 -0.185} {0.086 1.815}
[14:50:13.97] /# gi::executeAction dePan -in [gi::getWindows 7]
[14:50:13.97] /i ide::pan [db::getNext [de::getContexts -window 7]]
[14:50:14.44] /# gi::executeAction deStartDrag -in [gi::getWindows 7]
[14:50:14.45] /i de::startDrag {-0.586 0.822} -context [db::getNext [de::getContexts -window 7]]
[14:50:16.60] /# gi::executeAction deEndDrag -in [gi::getWindows 7]
[14:50:16.60] /i de::endDrag {-0.583 0.822} -context [db::getNext [de::getContexts -window 7]]
[14:50:16.60] /r dePanToPoint {-1.849 1.191}
[14:50:17.89] /# gi::executeAction deAbortCommand -in [gi::getWindows 7]
[14:50:17.89] /i de::abortCommand -context [db::getNext [de::getContexts -window 7]]
[14:50:19.27] /# gi::executeAction leVia -in [gi::getWindows 7]
[14:50:19.27] /i ile::createVia
[14:50:19.38] /o oa:0x210a4af0
[14:50:24.40] /# gi::executeAction deAddPoint -in [gi::getWindows 7]
[14:50:24.40] /i de::addPoint {-2.578 1.793} -context [db::getNext [de::getContexts -window 7]]
[14:50:27.40] /# gi::executeAction deAddPoint -in [gi::getWindows 7]
[14:50:27.40] /i de::addPoint {-0.765 1.78} -context [db::getNext [de::getContexts -window 7]]
[14:50:31.67] /# gi::executeAction leRotate90 -in [gi::getWindows 7]
[14:50:31.67] /i de::commandOption R90 -point {-2.64 1.502}
[14:50:33.15] /# gi::executeAction leRotate90 -in [gi::getWindows 7]
[14:50:33.15] /i de::commandOption R90 -point {-2.567 1.725}
[14:50:33.32] /# gi::executeAction leRotate90 -in [gi::getWindows 7]
[14:50:33.32] /i de::commandOption R90 -point {-2.58 1.725}
[14:50:33.89] /# gi::executeAction deAbortCommand -in [gi::getWindows 7]
[14:50:33.89] /i de::abortCommand -context [db::getNext [de::getContexts -window 7]]
[14:50:34.30] /# gi::executeAction leRectangle -in [gi::getWindows 7]
[14:50:34.31] /i ile::createRectangle
[14:50:37.92] /# gi::executeAction deAddPoint -in [gi::getWindows 7]
[14:50:37.92] /i de::addPoint {-2.48 1.867} -context [db::getNext [de::getContexts -window 7]]
[14:50:44.41] /# gi::executeAction deAddPoint -in [gi::getWindows 7]
[14:50:44.41] /i de::addPoint {-2.915 1.72} -context [db::getNext [de::getContexts -window 7]]
[14:50:46.55] /# gi::setCurrentIndex {lpps} -index {m2 drw} -in [gi::getAssistants leObjectLayerPanel -from [gi::getWindows 7]]
[14:50:46.55] /# gi::setItemSelection {lpps} -index {m2 drw} -in [gi::getAssistants leObjectLayerPanel -from [gi::getWindows 7]]
[14:50:46.64] /# gi::executeAction leOLPSetActiveLPP -in [gi::getAssistants leObjectLayerPanel -from [gi::getWindows 7]]
[14:50:46.64] /i de::setActiveLPP [de::getLPPs -from [oa::DesignFind dff dff layout] -filter {%lpp =="m2 drawing"}]
[14:50:51.02] /# gi::executeAction deAddPoint -in [gi::getWindows 7]
[14:50:51.02] /i de::addPoint {-2.657 1.902} -context [db::getNext [de::getContexts -window 7]]
[14:51:05.04] /# gi::executeAction deAddPoint -in [gi::getWindows 7]
[14:51:05.04] /i de::addPoint {-0.697 1.69} -context [db::getNext [de::getContexts -window 7]]
[14:51:06.93] /# gi::setCurrentIndex {lpps} -index {m1 drw} -in [gi::getAssistants leObjectLayerPanel -from [gi::getWindows 7]]
[14:51:06.93] /# gi::setItemSelection {lpps} -index {m1 drw} -in [gi::getAssistants leObjectLayerPanel -from [gi::getWindows 7]]
[14:51:07.02] /# gi::executeAction leOLPSetActiveLPP -in [gi::getAssistants leObjectLayerPanel -from [gi::getWindows 7]]
[14:51:07.02] /i de::setActiveLPP [de::getLPPs -from [oa::DesignFind dff dff layout] -filter {%lpp =="m1 drawing"}]
[14:51:12.21] /# gi::executeAction deAddPoint -in [gi::getWindows 7]
[14:51:12.21] /i de::addPoint {-0.793 1.85} -context [db::getNext [de::getContexts -window 7]]
[14:51:18.93] /# gi::executeAction deAddPoint -in [gi::getWindows 7]
[14:51:18.93] /i de::addPoint {-0.439 1.706} -context [db::getNext [de::getContexts -window 7]]
[14:51:20.29] /# gi::executeAction deAbortCommand -in [gi::getWindows 7]
[14:51:20.29] /i de::abortCommand -context [db::getNext [de::getContexts -window 7]]
[14:51:22.04] /i gi::executeAction deSaveDesign -in [gi::getWindows 7]
[14:51:22.04] /m Information: Saving design 'dff dff layout'. (DESIGN_WINDOW-004)
[14:51:22.44] /i gi::executeAction deSaveDesign -in [gi::getWindows 7]
[14:51:22.44] /m Information: Saving design 'dff dff layout'. (DESIGN_WINDOW-004)
[14:51:22.63] /i gi::executeAction deSaveDesign -in [gi::getWindows 7]
[14:51:22.63] /m Information: Saving design 'dff dff layout'. (DESIGN_WINDOW-004)
[14:51:22.84] /i gi::executeAction deSaveDesign -in [gi::getWindows 7]
[14:51:22.84] /m Information: Saving design 'dff dff layout'. (DESIGN_WINDOW-004)
[14:51:25.32] /# gi::executeAction xtDRCRun -in [gi::getWindows 7]
[14:51:25.32] /i xt::physicalVerification::executeRun drc 7
[14:51:25.54] /# xt::physicalVerification::executePve drc 7
[14:51:29.72] /m Information: 
              /c =============================
              /c JobID: hercules_drc_53
              /c Completed with no errors.
              /c =============================
              /c 
[14:51:32.01] /i gi::setActiveWindow 7
[14:51:32.01] /i gi::setActiveWindow 7 -raise true
[14:51:36.05] /j ::xt::hercules::vue::clearAllHighlights dff layout 
[14:51:36.07] /j ::xt::hercules::vue::clearAllHighlights dff layout 
[14:51:36.28] /m Information: Connection closed with 'Hercules-VUE' running on 'localhost'.
[14:51:39.84] /# gi::executeAction deCanvasZoomOutAtPoint -in [gi::getWindows 7]
[14:51:39.84] /i de::zoom -window [gi::getWindows 7] -factor 0.5 -center {-1.405 1.592}
[14:51:39.84] /o {-6.569 -1.211} {1.98 2.789}
[14:51:48.39] /# gi::executeAction dePan -in [gi::getWindows 7]
[14:51:48.39] /i ide::pan [db::getNext [de::getContexts -window 7]]
[14:51:48.69] /# gi::executeAction deStartDrag -in [gi::getWindows 7]
[14:51:48.69] /i de::startDrag {-3.201 -0.77} -context [db::getNext [de::getContexts -window 7]]
[14:51:51.40] /# gi::executeAction deEndDrag -in [gi::getWindows 7]
[14:51:51.40] /i de::endDrag {-3.075 -0.781} -context [db::getNext [de::getContexts -window 7]]
[14:51:51.40] /r dePanToPoint {-4.264 0.533}
[14:51:52.75] /# gi::executeAction deCanvasZoomOutAtPoint -in [gi::getWindows 7]
[14:51:52.75] /i de::zoom -window [gi::getWindows 7] -factor 0.5 -center {-3.048 -0.928}
[14:51:52.76] /o {-14.031 -2.005} {3.069 5.995}
[14:51:53.95] /# gi::executeAction deStartDrag -in [gi::getWindows 7]
[14:51:53.95] /i de::startDrag {-2.874 -1.189} -context [db::getNext [de::getContexts -window 7]]
[14:51:54.49] /# gi::executeAction deEndDrag -in [gi::getWindows 7]
[14:51:54.49] /i de::endDrag {-2.82 -1.233} -context [db::getNext [de::getContexts -window 7]]
[14:51:54.49] /r dePanToPoint {-5.307 1.483}
[14:52:10.55] /# gi::executeAction deCanvasZoomInAtPoint -in [gi::getWindows 7]
[14:52:10.55] /i de::zoom -window [gi::getWindows 7] -factor 2.0 -center {-5.214 -1.32}
[14:52:10.55] /o {-9.535 -1.919} {-0.986 2.081}
[14:52:44.54] /# gi::executeAction deCanvasZoomInAtPoint -in [gi::getWindows 7]
[14:52:44.54] /i de::zoom -window [gi::getWindows 7] -factor 2.0 -center {-5.127 -0.449}
[14:52:44.54] /o {-7.331 -1.184} {-3.056 0.816}
[14:52:46.76] /# gi::executeAction deAddPoint -in [gi::getWindows 7]
[14:52:46.76] /i de::addPoint {-5.894 -0.31} -context [db::getNext [de::getContexts -window 7]]
[14:52:46.96] /# gi::executeAction leStretch -in [gi::getWindows 7]
[14:52:46.96] /i ile::stretch
[14:52:49.15] /# gi::executeAction deAddPoint -in [gi::getWindows 7]
[14:52:49.15] /i de::addPoint {-5.953 0.067} -context [db::getNext [de::getContexts -window 7]]
[14:52:52.41] /# gi::executeAction deAddPoint -in [gi::getWindows 7]
[14:52:52.41] /i de::addPoint {-5.917 -0.355} -context [db::getNext [de::getContexts -window 7]]
[14:52:53.81] /# gi::executeAction deAbortCommand -in [gi::getWindows 7]
[14:52:53.81] /i de::abortCommand -context [db::getNext [de::getContexts -window 7]]
[14:52:54.05] /# gi::executeAction deSelectActive -in [gi::getWindows 7]
[14:52:54.05] /i de::deselectAllLogic -context [db::getNext [de::getContexts -window 7]]
[14:52:54.76] /# gi::executeAction leRuler -in [gi::getWindows 7]
[14:52:54.77] /i ile::createRuler
[14:52:56.21] /# gi::executeAction deAddPoint -in [gi::getWindows 7]
[14:52:56.21] /i de::addPoint {-5.207 -0.007} -context [db::getNext [de::getContexts -window 7]]
[14:53:00.68] /# gi::executeAction deAddPoint -in [gi::getWindows 7]
[14:53:00.68] /i de::addPoint {-5.161 -0.156} -context [db::getNext [de::getContexts -window 7]]
[14:53:01.90] /# gi::executeAction deAbortCommand -in [gi::getWindows 7]
[14:53:01.90] /i de::abortCommand -context [db::getNext [de::getContexts -window 7]]
[14:53:02.37] /# gi::executeAction leVia -in [gi::getWindows 7]
[14:53:02.38] /i ile::createVia
[14:53:02.45] /o oa:0x21fa02e0
[14:53:11.73] /# gi::executeAction deAddPoint -in [gi::getWindows 7]
[14:53:11.73] /i de::addPoint {-5.958 -0.355} -context [db::getNext [de::getContexts -window 7]]
[14:53:13.42] /# gi::executeAction deAddPoint -in [gi::getWindows 7]
[14:53:13.42] /i de::addPoint {-4.404 -0.341} -context [db::getNext [de::getContexts -window 7]]
[14:53:14.10] /# gi::executeAction deAbortCommand -in [gi::getWindows 7]
[14:53:14.10] /i de::abortCommand -context [db::getNext [de::getContexts -window 7]]
[14:53:16.62] /# gi::setCurrentIndex {lpps} -index {m2 drw} -in [gi::getAssistants leObjectLayerPanel -from [gi::getWindows 7]]
[14:53:16.62] /# gi::setItemSelection {lpps} -index {m2 drw} -in [gi::getAssistants leObjectLayerPanel -from [gi::getWindows 7]]
[14:53:16.70] /# gi::executeAction leOLPSetActiveLPP -in [gi::getAssistants leObjectLayerPanel -from [gi::getWindows 7]]
[14:53:16.70] /i de::setActiveLPP [de::getLPPs -from [oa::DesignFind dff dff layout] -filter {%lpp =="m2 drawing"}]
[14:53:20.34] /# gi::executeAction leRectangle -in [gi::getWindows 7]
[14:53:20.35] /i ile::createRectangle
[14:53:21.24] /# gi::executeAction deAddPoint -in [gi::getWindows 7]
[14:53:21.24] /i de::addPoint {-5.204 -0.162} -context [db::getNext [de::getContexts -window 7]]
[14:53:25.55] /# gi::executeAction deAddPoint -in [gi::getWindows 7]
[14:53:25.55] /i de::addPoint {-4.32 -0.352} -context [db::getNext [de::getContexts -window 7]]
[14:53:26.51] /# gi::executeAction deCanvasZoomInAtPoint -in [gi::getWindows 7]
[14:53:26.51] /i de::zoom -window [gi::getWindows 7] -factor 2.0 -center {-4.208 -0.502}
[14:53:26.51] /o {-6.12 -0.906} {-3.982 0.094}
[14:53:28.92] /# gi::executeAction deAbortCommand -in [gi::getWindows 7]
[14:53:28.92] /i de::abortCommand -context [db::getNext [de::getContexts -window 7]]
[14:53:31.36] /# gi::executeAction leMove -in [gi::getWindows 7]
[14:53:31.36] /i ile::move
[14:53:31.63] /# gi::executeAction deAddPoint -in [gi::getWindows 7]
[14:53:31.63] /i de::addPoint {-4.38 -0.437} -context [db::getNext [de::getContexts -window 7]]
[14:53:35.76] /# gi::executeAction deAddPoint -in [gi::getWindows 7]
[14:53:35.76] /i de::addPoint {-4.366 -0.367} -context [db::getNext [de::getContexts -window 7]]
[14:53:37.75] /# gi::executeAction leStretch -in [gi::getWindows 7]
[14:53:37.75] /i ile::stretch
[14:53:38.58] /# gi::executeAction deAddPoint -in [gi::getWindows 7]
[14:53:38.58] /i de::addPoint {-5.208 -0.26} -context [db::getNext [de::getContexts -window 7]]
[14:53:42.36] /# gi::executeAction deAddPoint -in [gi::getWindows 7]
[14:53:42.36] /i de::addPoint {-6.072 -0.252} -context [db::getNext [de::getContexts -window 7]]
[14:53:43.56] /# gi::executeAction deAddPoint -in [gi::getWindows 7]
[14:53:43.56] /i de::addPoint {-5.841 -0.488} -context [db::getNext [de::getContexts -window 7]]
[14:53:44.09] /# gi::executeAction deAddPoint -in [gi::getWindows 7]
[14:53:44.09] /i de::addPoint {-5.897 -0.413} -context [db::getNext [de::getContexts -window 7]]
[14:53:44.42] /# gi::executeAction leMove -in [gi::getWindows 7]
[14:53:44.42] /i ile::move
[14:53:44.78] /# gi::executeAction deAddPoint -in [gi::getWindows 7]
[14:53:44.78] /i de::addPoint {-5.897 -0.413} -context [db::getNext [de::getContexts -window 7]]
[14:53:47.55] /# gi::executeAction deAddPoint -in [gi::getWindows 7]
[14:53:47.55] /i de::addPoint {-5.898 -0.328} -context [db::getNext [de::getContexts -window 7]]
[14:53:49.23] /# gi::executeAction dePan -in [gi::getWindows 7]
[14:53:49.23] /i ide::pan [db::getNext [de::getContexts -window 7]]
[14:53:49.43] /# gi::executeAction deStartDrag -in [gi::getWindows 7]
[14:53:49.43] /i de::startDrag {-5.597 -0.707} -context [db::getNext [de::getContexts -window 7]]
[14:53:50.29] /# gi::executeAction deEndDrag -in [gi::getWindows 7]
[14:53:50.29] /i de::endDrag {-5.592 -0.713} -context [db::getNext [de::getContexts -window 7]]
[14:53:50.29] /r dePanToPoint {-5.743 -0.367}
[14:53:50.72] /# gi::executeAction deCanvasZoomInAtPoint -in [gi::getWindows 7]
[14:53:50.72] /i de::zoom -window [gi::getWindows 7] -factor 2.0 -center {-6.189 -0.467}
[14:53:50.72] /o {-6.501 -0.667} {-5.432 -0.167}
[14:53:52.78] /# gi::executeAction deCanvasZoomOutAtPoint -in [gi::getWindows 7]
[14:53:52.78] /i de::zoom -window [gi::getWindows 7] -factor 0.5 -center {-5.926 -0.405}
[14:53:52.78] /o {-7.075 -0.929} {-4.938 0.071}
[14:53:54.47] /# gi::executeAction deAddPoint -in [gi::getWindows 7]
[14:53:54.47] /i de::addPoint {-5.871 -0.119} -context [db::getNext [de::getContexts -window 7]]
[14:53:55.91] /# gi::executeAction deAbortCommand -in [gi::getWindows 7]
[14:53:55.91] /i de::abortCommand -context [db::getNext [de::getContexts -window 7]]
[14:53:56.09] /# gi::executeAction deAbortCommand -in [gi::getWindows 7]
[14:53:56.09] /i de::abortCommand -context [db::getNext [de::getContexts -window 7]]
[14:53:56.49] /# gi::executeAction deSelectActive -in [gi::getWindows 7]
[14:53:56.49] /i de::deselectAllLogic -context [db::getNext [de::getContexts -window 7]]
[14:53:57.78] /# gi::executeAction leStretch -in [gi::getWindows 7]
[14:53:57.78] /i ile::stretch
[14:53:59.61] /# gi::executeAction deAddPoint -in [gi::getWindows 7]
[14:53:59.61] /i de::addPoint {-6.055 -0.347} -context [db::getNext [de::getContexts -window 7]]
[14:54:01.65] /# gi::executeAction deAddPoint -in [gi::getWindows 7]
[14:54:01.65] /i de::addPoint {-6.051 -0.292} -context [db::getNext [de::getContexts -window 7]]
[14:54:03.96] /# gi::executeAction deAddPoint -in [gi::getWindows 7]
[14:54:03.96] /i de::addPoint {-6.05 -0.347} -context [db::getNext [de::getContexts -window 7]]
[14:54:06.10] /# gi::executeAction deAddPoint -in [gi::getWindows 7]
[14:54:06.10] /i de::addPoint {-6.046 -0.286} -context [db::getNext [de::getContexts -window 7]]
[14:54:09.47] /# gi::executeAction deAddPoint -in [gi::getWindows 7]
[14:54:09.47] /i de::addPoint {-5.798 -0.297} -context [db::getNext [de::getContexts -window 7]]
[14:54:11.46] /# gi::executeAction deAddPoint -in [gi::getWindows 7]
[14:54:11.46] /i de::addPoint {-5.805 -0.359} -context [db::getNext [de::getContexts -window 7]]
[14:54:12.95] /# gi::executeAction deAbortCommand -in [gi::getWindows 7]
[14:54:12.95] /i de::abortCommand -context [db::getNext [de::getContexts -window 7]]
[14:54:13.43] /# gi::executeAction dePan -in [gi::getWindows 7]
[14:54:13.43] /i ide::pan [db::getNext [de::getContexts -window 7]]
[14:54:13.65] /# gi::executeAction deStartDrag -in [gi::getWindows 7]
[14:54:13.65] /i de::startDrag {-5.64 -0.487} -context [db::getNext [de::getContexts -window 7]]
[14:54:14.21] /# gi::executeAction deEndDrag -in [gi::getWindows 7]
[14:54:14.21] /i de::endDrag {-5.642 -0.487} -context [db::getNext [de::getContexts -window 7]]
[14:54:14.21] /r dePanToPoint {-5.492 -0.247}
[14:54:14.39] /# gi::executeAction deCanvasZoomOutAtPoint -in [gi::getWindows 7]
[14:54:14.39] /i de::zoom -window [gi::getWindows 7] -factor 0.5 -center {-5.642 -0.487}
[14:54:14.39] /o {-7.481 -1.007} {-3.206 0.993}
[14:54:15.12] /# gi::executeAction deStartDrag -in [gi::getWindows 7]
[14:54:15.12] /i de::startDrag {-4.708 -0.596} -context [db::getNext [de::getContexts -window 7]]
[14:54:16.41] /# gi::executeAction deEndDrag -in [gi::getWindows 7]
[14:54:16.41] /i de::endDrag {-4.705 -0.59} -context [db::getNext [de::getContexts -window 7]]
[14:54:16.41] /r dePanToPoint {-6.339 -0.034}
[14:54:17.25] /# gi::executeAction deAddPoint -in [gi::getWindows 7]
[14:54:17.25] /i de::addPoint {-6.45 -0.514} -context [db::getNext [de::getContexts -window 7]]
[14:54:17.63] /# gi::executeAction deCanvasZoomOutAtPoint -in [gi::getWindows 7]
[14:54:17.64] /i de::zoom -window [gi::getWindows 7] -factor 0.5 -center {-6.492 -1}
[14:54:17.64] /o {-10.683 -2.028} {-2.133 1.972}
[14:55:07.55] /# gi::executeAction deAddPoint -in [gi::getWindows 7]
[14:55:07.55] /i de::addPoint {-5.518 -0.303} -context [db::getNext [de::getContexts -window 7]]
[14:55:15.61] /# gi::executeAction deCanvasZoomInAtPoint -in [gi::getWindows 7]
[14:55:15.61] /i de::zoom -window [gi::getWindows 7] -factor 2.0 -center {-5.085 -0.415}
[14:55:15.61] /o {-7.439 -1.359} {-3.164 0.641}
[14:55:16.72] /# gi::executeAction deAbortCommand -in [gi::getWindows 7]
[14:55:16.72] /i de::abortCommand -context [db::getNext [de::getContexts -window 7]]
[14:55:17.16] /# gi::executeAction deSelectActive -in [gi::getWindows 7]
[14:55:17.17] /i de::deselectAllLogic -context [db::getNext [de::getContexts -window 7]]
[14:55:17.77] /# gi::executeAction deCanvasZoomOutAtPoint -in [gi::getWindows 7]
[14:55:17.77] /i de::zoom -window [gi::getWindows 7] -factor 0.5 -center {-5.159 -0.45}
[14:55:17.77] /o {-9.719 -2.268} {-1.169 1.732}
[14:55:20.42] /# gi::executeAction deSelectActive -in [gi::getWindows 7]
[14:55:20.42] /i de::deselectAll [db::getNext [de::getContexts -window 7]]
[14:55:20.42] /i de::select [de::getActiveFigure [gi::getWindows 7] -point {-4.826 -0.303} -index 0 -intent none]
[14:55:20.42] /o oa:0x2107a8f0
[14:55:24.28] /# gi::executeAction deSelectActive -in [gi::getWindows 7]
[14:55:24.28] /i de::cycleActiveFigure [gi::getWindows 7] -direction next
[14:55:24.28] /o oa:0x1e8cb350
[14:55:26.01] /# gi::executeAction leDelete -in [gi::getWindows 7]
[14:55:26.01] /i ile::delete
[14:55:27.31] /# gi::executeAction deCanvasZoomInAtPoint -in [gi::getWindows 7]
[14:55:27.31] /i de::zoom -window [gi::getWindows 7] -factor 2.0 -center {-6.241 -0.488}
[14:55:27.31] /o {-7.98 -1.378} {-3.705 0.622}
[14:55:29.54] /# gi::executeAction deCanvasZoomOutAtPoint -in [gi::getWindows 7]
[14:55:29.54] /i de::zoom -window [gi::getWindows 7] -factor 0.5 -center {-6.394 -0.888}
[14:55:29.55] /o {-9.566 -1.868} {-1.016 2.132}
[14:55:44.88] /# gi::executeAction leStretch -in [gi::getWindows 7]
[14:55:44.88] /i ile::stretch
[14:55:50.71] /# gi::executeAction deAddPoint -in [gi::getWindows 7]
[14:55:50.71] /i de::addPoint {-7.416 0.01} -context [db::getNext [de::getContexts -window 7]]
[14:55:54.57] /# gi::executeAction deAddPoint -in [gi::getWindows 7]
[14:55:54.57] /i de::addPoint {-7.237 -0.867} -context [db::getNext [de::getContexts -window 7]]
[14:55:56.37] /# gi::executeAction deAddPoint -in [gi::getWindows 7]
[14:55:56.37] /i de::addPoint {-7.579 0.086} -context [db::getNext [de::getContexts -window 7]]
[14:56:01.36] /# gi::executeAction deAddPoint -in [gi::getWindows 7]
[14:56:01.37] /i de::addPoint {-7.46 -0.888} -context [db::getNext [de::getContexts -window 7]]
[14:56:04.65] /# gi::executeAction deAddPoint -in [gi::getWindows 7]
[14:56:04.65] /i de::addPoint {-6.856 -0.061} -context [db::getNext [de::getContexts -window 7]]
[14:56:06.52] /# gi::executeAction deAddPoint -in [gi::getWindows 7]
[14:56:06.52] /i de::addPoint {-6.796 -0.883} -context [db::getNext [de::getContexts -window 7]]
[14:56:07.96] /# gi::executeAction deAddPoint -in [gi::getWindows 7]
[14:56:07.96] /i de::addPoint {-6.496 -0.121} -context [db::getNext [de::getContexts -window 7]]
[14:56:11.40] /# gi::executeAction deAddPoint -in [gi::getWindows 7]
[14:56:11.40] /i de::addPoint {-6.442 -0.888} -context [db::getNext [de::getContexts -window 7]]
[14:56:13.64] /# gi::executeAction deAddPoint -in [gi::getWindows 7]
[14:56:13.64] /i de::addPoint {-5.762 -0.061} -context [db::getNext [de::getContexts -window 7]]
[14:56:16.16] /# gi::executeAction deAddPoint -in [gi::getWindows 7]
[14:56:16.16] /i de::addPoint {-5.68 -0.883} -context [db::getNext [de::getContexts -window 7]]
[14:56:17.39] /# gi::executeAction deAddPoint -in [gi::getWindows 7]
[14:56:17.39] /i de::addPoint {-5.598 -0.127} -context [db::getNext [de::getContexts -window 7]]
[14:56:18.75] /# gi::executeAction deAddPoint -in [gi::getWindows 7]
[14:56:18.75] /i de::addPoint {-5.473 -0.888} -context [db::getNext [de::getContexts -window 7]]
[14:56:20.46] /# gi::executeAction deAddPoint -in [gi::getWindows 7]
[14:56:20.46] /i de::addPoint {-4.847 -0.088} -context [db::getNext [de::getContexts -window 7]]
[14:56:22.78] /# gi::executeAction deAddPoint -in [gi::getWindows 7]
[14:56:22.78] /i de::addPoint {-4.728 -0.867} -context [db::getNext [de::getContexts -window 7]]
[14:56:24.30] /# gi::executeAction deAddPoint -in [gi::getWindows 7]
[14:56:24.30] /i de::addPoint {-4.668 -0.067} -context [db::getNext [de::getContexts -window 7]]
[14:56:25.84] /# gi::executeAction deAddPoint -in [gi::getWindows 7]
[14:56:25.84] /i de::addPoint {-4.57 -0.867} -context [db::getNext [de::getContexts -window 7]]
[14:56:27.75] /# gi::executeAction deAddPoint -in [gi::getWindows 7]
[14:56:27.75] /i de::addPoint {-2.115 -0.121} -context [db::getNext [de::getContexts -window 7]]
[14:56:29.70] /# gi::executeAction deAddPoint -in [gi::getWindows 7]
[14:56:29.70] /i de::addPoint {-1.979 -0.856} -context [db::getNext [de::getContexts -window 7]]
[14:56:35.60] /# gi::executeAction deAddPoint -in [gi::getWindows 7]
[14:56:35.60] /i de::addPoint {-4.124 0.26} -context [db::getNext [de::getContexts -window 7]]
[14:56:37.27] /# gi::executeAction deAddPoint -in [gi::getWindows 7]
[14:56:37.27] /i de::addPoint {-3.988 -0.888} -context [db::getNext [de::getContexts -window 7]]
[14:56:38.84] /# gi::executeAction deAddPoint -in [gi::getWindows 7]
[14:56:38.84] /i de::addPoint {-3.77 0.265} -context [db::getNext [de::getContexts -window 7]]
[14:56:39.85] /# gi::executeAction deAddPoint -in [gi::getWindows 7]
[14:56:39.85] /i de::addPoint {-3.596 -0.85} -context [db::getNext [de::getContexts -window 7]]
[14:56:41.48] /# gi::executeAction deAddPoint -in [gi::getWindows 7]
[14:56:41.48] /i de::addPoint {-3.204 0.439} -context [db::getNext [de::getContexts -window 7]]
[14:56:42.67] /# gi::executeAction deAddPoint -in [gi::getWindows 7]
[14:56:42.67] /i de::addPoint {-3.024 -0.905} -context [db::getNext [de::getContexts -window 7]]
[14:56:43.76] /# gi::executeAction deAddPoint -in [gi::getWindows 7]
[14:56:43.76] /i de::addPoint {-2.85 0.445} -context [db::getNext [de::getContexts -window 7]]
[14:56:45.45] /# gi::executeAction deAddPoint -in [gi::getWindows 7]
[14:56:45.45] /i de::addPoint {-2.681 -0.916} -context [db::getNext [de::getContexts -window 7]]
[14:56:46.23] /# gi::executeAction dePan -in [gi::getWindows 7]
[14:56:46.24] /i ide::pan [db::getNext [de::getContexts -window 7]]
[14:56:46.51] /# gi::executeAction deStartDrag -in [gi::getWindows 7]
[14:56:46.51] /i de::startDrag {-2.687 -1.237} -context [db::getNext [de::getContexts -window 7]]
[14:56:48.13] /# gi::executeAction deEndDrag -in [gi::getWindows 7]
[14:56:48.13] /i de::endDrag {-2.681 -1.237} -context [db::getNext [de::getContexts -window 7]]
[14:56:48.13] /r dePanToPoint {-1.998 0.11}
[14:56:49.96] /# gi::executeAction leStretch -in [gi::getWindows 7]
[14:56:49.96] /i ile::stretch
[14:56:51.19] /# gi::executeAction deAddPoint -in [gi::getWindows 7]
[14:56:51.19] /i de::addPoint {-1.936 0.429} -context [db::getNext [de::getContexts -window 7]]
[14:56:53.53] /# gi::executeAction deAbortCommand -in [gi::getWindows 7]
[14:56:53.53] /i de::abortCommand -context [db::getNext [de::getContexts -window 7]]
[14:56:55.13] /# gi::executeAction deSelectActive -in [gi::getWindows 7]
[14:56:55.13] /i de::deselectAll [db::getNext [de::getContexts -window 7]]
[14:56:55.13] /i de::select [de::getActiveFigure [gi::getWindows 7] -point {-1.952 0.423} -index 0 -intent none]
[14:56:55.13] /o oa:0x23408740
[14:56:56.69] /# gi::executeAction deSelectActive -in [gi::getWindows 7]
[14:56:56.69] /i de::cycleActiveFigure [gi::getWindows 7] -direction next
[14:56:56.69] /o oa:0x238ea7d0
[14:56:57.54] /# gi::executeAction deSelectActive -in [gi::getWindows 7]
[14:56:57.54] /i de::deselectAll [db::getNext [de::getContexts -window 7]]
[14:56:57.54] /i de::deselectAllLogic -context [db::getNext [de::getContexts -window 7]]
[14:56:58.10] /# gi::executeAction leStretch -in [gi::getWindows 7]
[14:56:58.10] /i ile::stretch
[14:56:58.66] /# gi::executeAction deAddPoint -in [gi::getWindows 7]
[14:56:58.66] /i de::addPoint {-1.952 0.429} -context [db::getNext [de::getContexts -window 7]]
[14:57:00.96] /# gi::executeAction deAddPoint -in [gi::getWindows 7]
[14:57:00.96] /i de::addPoint {-1.892 -0.856} -context [db::getNext [de::getContexts -window 7]]
[14:57:02.66] /# gi::executeAction deAddPoint -in [gi::getWindows 7]
[14:57:02.66] /i de::addPoint {-1.212 -0.154} -context [db::getNext [de::getContexts -window 7]]
[14:57:04.81] /# gi::executeAction deAddPoint -in [gi::getWindows 7]
[14:57:04.81] /i de::addPoint {-1.19 -0.878} -context [db::getNext [de::getContexts -window 7]]
[14:57:06.43] /# gi::executeAction deAddPoint -in [gi::getWindows 7]
[14:57:06.43] /i de::addPoint {-1.076 0.037} -context [db::getNext [de::getContexts -window 7]]
[14:57:11.40] /# gi::executeAction deAddPoint -in [gi::getWindows 7]
[14:57:11.40] /i de::addPoint {-1.076 -0.823} -context [db::getNext [de::getContexts -window 7]]
[14:57:13.34] /# gi::executeAction deAddPoint -in [gi::getWindows 7]
[14:57:13.34] /i de::addPoint {-0.483 -0.012} -context [db::getNext [de::getContexts -window 7]]
[14:57:15.70] /# gi::executeAction deAddPoint -in [gi::getWindows 7]
[14:57:15.70] /i de::addPoint {-0.483 -0.856} -context [db::getNext [de::getContexts -window 7]]
[14:57:17.23] /# gi::executeAction deAddPoint -in [gi::getWindows 7]
[14:57:17.23] /i de::addPoint {-0.124 -0.001} -context [db::getNext [de::getContexts -window 7]]
[14:57:19.58] /# gi::executeAction deAddPoint -in [gi::getWindows 7]
[14:57:19.58] /i de::addPoint {-0.113 -0.845} -context [db::getNext [de::getContexts -window 7]]
[14:57:21.92] /# gi::executeAction deAbortCommand -in [gi::getWindows 7]
[14:57:21.92] /i de::abortCommand -context [db::getNext [de::getContexts -window 7]]
[14:57:23.81] /i gi::executeAction deSaveDesign -in [gi::getWindows 7]
[14:57:23.81] /m Information: Saving design 'dff dff layout'. (DESIGN_WINDOW-004)
[14:57:24.18] /i gi::executeAction deSaveDesign -in [gi::getWindows 7]
[14:57:24.19] /m Information: Saving design 'dff dff layout'. (DESIGN_WINDOW-004)
[14:57:24.60] /i gi::executeAction deSaveDesign -in [gi::getWindows 7]
[14:57:24.60] /m Information: Saving design 'dff dff layout'. (DESIGN_WINDOW-004)
[14:57:24.77] /i gi::executeAction deSaveDesign -in [gi::getWindows 7]
[14:57:24.78] /m Information: Saving design 'dff dff layout'. (DESIGN_WINDOW-004)
[14:57:30.78] /i db::setAttr dockSize -of [gi::getAssistants leObjectLayerPanel -from [gi::getWindows 7]] -value 290x781
[14:57:30.79] /i db::setAttr geometry -of [gi::getFrames 1] -value 1910x956+5+62
[14:57:31.17] /i db::setAttr dockSize -of [gi::getAssistants leObjectLayerPanel -from [gi::getWindows 7]] -value 290x736
[14:57:31.17] /i db::setAttr geometry -of [gi::getFrames 1] -value 1910x911+5+62
[17:48:45.03] /# gi::executeAction dePan -in [gi::getWindows 7]
[17:48:45.03] /i ide::pan [db::getNext [de::getContexts -window 7]]
[17:48:45.35] /# gi::executeAction deStartDrag -in [gi::getWindows 7]
[17:48:45.35] /i de::startDrag {-2.872 -1.552} -context [db::getNext [de::getContexts -window 7]]
[17:48:49.03] /# gi::executeAction deEndDrag -in [gi::getWindows 7]
[17:48:49.03] /i de::endDrag {-2.888 -1.552} -context [db::getNext [de::getContexts -window 7]]
[17:48:49.03] /r dePanToPoint {-4.077 0.173}
[17:49:12.54] /# gi::executeAction deAddPoint -in [gi::getWindows 7]
[17:49:12.54] /i de::addPoint {-4.994 -1.22} -context [db::getNext [de::getContexts -window 7]]
[17:49:13.64] /# gi::executeAction deStartDrag -in [gi::getWindows 7]
[17:49:13.64] /i de::startDrag {-3.424 -1.938} -context [db::getNext [de::getContexts -window 7]]
[17:49:15.82] /# gi::executeAction deEndDrag -in [gi::getWindows 7]
[17:49:15.82] /i de::endDrag {-3.429 -1.938} -context [db::getNext [de::getContexts -window 7]]
[17:49:15.82] /r dePanToPoint {-4.297 0.14}
[17:49:16.41] /# gi::executeAction leInstance -in [gi::getWindows 7]
[17:49:16.41] /i ile::createInst
[17:49:16.60] /o 0
[17:49:16.70] /i gi::setActiveDialog [gi::getDialogs {leCreateInst} -parent [gi::getWindows 7]]
[17:49:16.93] /i db::setAttr geometry -of [gi::getDialogs {leCreateInst}] -value 612x532+1308+333
[17:49:22.58] /i gi::setCurrentIndex {instLCVCells} -index {n_4t} -in [gi::getDialogs {leCreateInst} -parent [gi::getWindows 7]]
[17:49:22.64] /i gi::setItemSelection {instLCVCells} -index {n_4t} -in [gi::getDialogs {leCreateInst} -parent [gi::getWindows 7]]
[17:49:23.44] /i gi::setActiveTab {tabWidget} -tabName {instParamTab} -in [gi::getDialogs {leCreateInst} -parent [gi::getWindows 7]]
[17:49:24.59] /i gi::setItemSelection {instParamExpand} -index {w,all} -in [gi::getDialogs {leCreateInst} -parent [gi::getWindows 7]]
[17:49:24.59] /i gi::setCurrentIndex {instParamExpand} -index {w,Value} -in [gi::getDialogs {leCreateInst} -parent [gi::getWindows 7]]
[17:49:28.40] /i gi::setField {instParamExpand} -value {0.36u} -index {w,Value} -in [gi::getDialogs {leCreateInst} -parent [gi::getWindows 7]]
[17:49:34.47] /# gi::executeAction deCanvasZoomInAtPoint -in [gi::getWindows 7]
[17:49:34.47] /i de::zoom -window [gi::getWindows 7] -factor 2.0 -center {-7.653 -1.127}
[17:49:34.47] /o {-8.113 -1.495} {-3.838 0.508}
[17:49:52.16] /# gi::executeAction deAddPoint -in [gi::getWindows 7]
[17:49:52.16] /i de::addPoint {-7.639 -1.073} -context [db::getNext [de::getContexts -window 7]]
[17:50:05.81] /# gi::executeAction deAddPoint -in [gi::getWindows 7]
[17:50:05.81] /i de::addPoint {-6.728 -1.07} -context [db::getNext [de::getContexts -window 7]]
[17:50:24.20] /# gi::executeAction deAddPoint -in [gi::getWindows 7]
[17:50:24.20] /i de::addPoint {-5.819 -1.07} -context [db::getNext [de::getContexts -window 7]]
[17:50:34.59] /# gi::executeAction deAddPoint -in [gi::getWindows 7]
[17:50:34.59] /i de::addPoint {-4.91 -1.067} -context [db::getNext [de::getContexts -window 7]]
[17:50:35.85] /# gi::executeAction deAbortCommand -in [gi::getWindows 7]
[17:50:35.85] /i de::abortCommand -context [db::getNext [de::getContexts -window 7]]
[17:50:38.37] /# gi::executeAction dePan -in [gi::getWindows 7]
[17:50:38.37] /i ide::pan [db::getNext [de::getContexts -window 7]]
[17:50:38.98] /# gi::executeAction deStartDrag -in [gi::getWindows 7]
[17:50:38.98] /i de::startDrag {-4.134 -1.214} -context [db::getNext [de::getContexts -window 7]]
[17:50:43.74] /# gi::executeAction deEndDrag -in [gi::getWindows 7]
[17:50:43.74] /i de::endDrag {-4.14 -1.214} -context [db::getNext [de::getContexts -window 7]]
[17:50:43.74] /r dePanToPoint {-2.222 -0.58}
[17:50:45.58] /# gi::executeAction deCanvasZoomOutAtPoint -in [gi::getWindows 7]
[17:50:45.58] /i de::zoom -window [gi::getWindows 7] -factor 0.5 -center {-2.428 -1.225}
[17:50:45.58] /o {-6.292 -1.938} {2.257 2.067}
[17:50:47.80] /# gi::executeAction deCanvasZoomInAtPoint -in [gi::getWindows 7]
[17:50:47.80] /i de::zoom -window [gi::getWindows 7] -factor 2.0 -center {-3.789 -0.839}
[17:50:47.80] /o {-5.041 -1.389} {-0.766 0.614}
[17:50:51.12] /# gi::executeAction dePan -in [gi::getWindows 7]
[17:50:51.12] /i ide::pan [db::getNext [de::getContexts -window 7]]
[17:50:51.46] /# gi::executeAction deStartDrag -in [gi::getWindows 7]
[17:50:51.46] /i de::startDrag {-2.497 -1.046} -context [db::getNext [de::getContexts -window 7]]
[17:50:54.01] /# gi::executeAction deEndDrag -in [gi::getWindows 7]
[17:50:54.01] /i de::endDrag {-2.494 -1.049} -context [db::getNext [de::getContexts -window 7]]
[17:50:54.01] /r dePanToPoint {-2.117 -0.409}
[17:50:56.44] /# gi::executeAction leInstance -in [gi::getWindows 7]
[17:50:56.44] /i ile::createInst
[17:50:56.52] /o 0
[17:50:56.62] /i gi::setActiveDialog [gi::getDialogs {leCreateInst} -parent [gi::getWindows 7]]
[17:50:56.88] /i db::setAttr geometry -of [gi::getDialogs {leCreateInst}] -value 612x532+1308+296
[17:50:58.65] /i gi::setActiveTab {tabWidget} -tabName {instParamTab} -in [gi::getDialogs {leCreateInst} -parent [gi::getWindows 7]]
[17:50:59.62] /i gi::setItemSelection {instParamExpand} -index {w,all} -in [gi::getDialogs {leCreateInst} -parent [gi::getWindows 7]]
[17:50:59.62] /i gi::setCurrentIndex {instParamExpand} -index {w,Value} -in [gi::getDialogs {leCreateInst} -parent [gi::getWindows 7]]
[17:51:05.26] /i gi::setField {instParamExpand} -value {0.36u} -index {w,Value} -in [gi::getDialogs {leCreateInst} -parent [gi::getWindows 7]]
[17:51:13.32] /# gi::executeAction deAddPoint -in [gi::getWindows 7]
[17:51:13.32] /i de::addPoint {-3.999 -1.029} -context [db::getNext [de::getContexts -window 7]]
[17:51:20.14] /# gi::executeAction deAddPoint -in [gi::getWindows 7]
[17:51:20.14] /i de::addPoint {-3.09 -1.04} -context [db::getNext [de::getContexts -window 7]]
[17:51:26.34] /# gi::executeAction deAddPoint -in [gi::getWindows 7]
[17:51:26.34] /i de::addPoint {-2.181 -1.027} -context [db::getNext [de::getContexts -window 7]]
[17:51:33.35] /# gi::executeAction deAddPoint -in [gi::getWindows 7]
[17:51:33.35] /i de::addPoint {-1.269 -1.013} -context [db::getNext [de::getContexts -window 7]]
[17:51:35.97] /# gi::executeAction deAbortCommand -in [gi::getWindows 7]
[17:51:35.98] /i de::abortCommand -context [db::getNext [de::getContexts -window 7]]
[17:51:36.79] /# gi::executeAction leMove -in [gi::getWindows 7]
[17:51:36.79] /i ile::move
[17:51:37.31] /# gi::executeAction deStartDrag -in [gi::getWindows 7]
[17:51:37.32] /i de::startDrag {-1.196 -1.198} -context [db::getNext [de::getContexts -window 7]]
[17:51:38.14] /# gi::executeAction deEndDrag -in [gi::getWindows 7]
[17:51:38.14] /i de::endDrag {-2.173 -1.217} -context [db::getNext [de::getContexts -window 7]]
[17:51:38.42] /# gi::executeAction deStartDrag -in [gi::getWindows 7]
[17:51:38.42] /i de::startDrag {-2.118 -1.225} -context [db::getNext [de::getContexts -window 7]]
[17:51:38.63] /# gi::executeAction deEndDrag -in [gi::getWindows 7]
[17:51:38.63] /i de::endDrag {-1.849 -1.258} -context [db::getNext [de::getContexts -window 7]]
[17:51:39.00] /# gi::executeAction dePan -in [gi::getWindows 7]
[17:51:39.00] /i ide::pan [db::getNext [de::getContexts -window 7]]
[17:51:39.22] /# gi::executeAction deStartDrag -in [gi::getWindows 7]
[17:51:39.23] /i de::startDrag {-1.767 -1.258} -context [db::getNext [de::getContexts -window 7]]
[17:51:40.23] /# gi::executeAction deEndDrag -in [gi::getWindows 7]
[17:51:40.23] /i de::endDrag {-1.77 -1.258} -context [db::getNext [de::getContexts -window 7]]
[17:51:40.23] /r dePanToPoint {-0.821 -0.368}
[17:51:40.80] /# gi::executeAction deCanvasZoomOutAtPoint -in [gi::getWindows 7]
[17:51:40.80] /i de::zoom -window [gi::getWindows 7] -factor 0.5 -center {0.557 -0.681}
[17:51:40.80] /o {-6.475 -2.058} {2.074 1.947}
[17:51:41.62] /# gi::executeAction deCanvasZoomInAtPoint -in [gi::getWindows 7]
[17:51:41.62] /i de::zoom -window [gi::getWindows 7] -factor 2.0 -center {0.73 -0.638}
[17:51:41.62] /o {-2.873 -1.348} {1.402 0.655}
[17:51:45.66] /# gi::executeAction leInstance -in [gi::getWindows 7]
[17:51:45.66] /i ile::createInst
[17:51:45.74] /o 0
[17:51:45.89] /i gi::setActiveDialog [gi::getDialogs {leCreateInst} -parent [gi::getWindows 7]]
[17:51:46.02] /i db::setAttr geometry -of [gi::getDialogs {leCreateInst}] -value 612x532+1308+259
[17:51:47.17] /i gi::setActiveTab {tabWidget} -tabName {instParamTab} -in [gi::getDialogs {leCreateInst} -parent [gi::getWindows 7]]
[17:51:48.28] /i gi::setItemSelection {instParamExpand} -index {w,all} -in [gi::getDialogs {leCreateInst} -parent [gi::getWindows 7]]
[17:51:48.29] /i gi::setCurrentIndex {instParamExpand} -index {w,Value} -in [gi::getDialogs {leCreateInst} -parent [gi::getWindows 7]]
[17:51:55.87] /i gi::setField {instParamExpand} -value {0.36u} -index {w,Value} -in [gi::getDialogs {leCreateInst} -parent [gi::getWindows 7]]
[17:52:02.34] /# gi::executeAction deAddPoint -in [gi::getWindows 7]
[17:52:02.34] /i de::addPoint {-0.361 -1.008} -context [db::getNext [de::getContexts -window 7]]
[17:52:03.68] /# gi::executeAction deAbortCommand -in [gi::getWindows 7]
[17:52:03.68] /i de::abortCommand -context [db::getNext [de::getContexts -window 7]]
[17:52:04.58] /# gi::executeAction deCanvasZoomOutAtPoint -in [gi::getWindows 7]
[17:52:04.58] /i de::zoom -window [gi::getWindows 7] -factor 0.5 -center {0.085 -0.211}
[17:52:04.58] /o {-5.83 -2.485} {2.719 1.52}
[17:52:44.47] /# gi::executeAction deCanvasZoomInAtPoint -in [gi::getWindows 7]
[17:52:44.47] /i de::zoom -window [gi::getWindows 7] -factor 2.0 -center {-0.72 -0.602}
[17:52:44.48] /o {-3.275 -1.544} {1.0 0.459}
[17:52:47.33] /# gi::executeAction leVia -in [gi::getWindows 7]
[17:52:47.33] /i ile::createVia
[17:52:47.39] /o oa:0x2244bc20
[17:53:07.20] /# gi::executeAction deAddPoint -in [gi::getWindows 7]
[17:53:07.20] /i de::addPoint {-0.761 -1.035} -context [db::getNext [de::getContexts -window 7]]
[17:53:12.18] /i gi::setField {viaDefName} -value {poly_cust} -in [gi::getToolbars {deCommandOptions} -from [gi::getWindows 7]]
[17:53:16.66] /# gi::executeAction deAddPoint -in [gi::getWindows 7]
[17:53:16.66] /i de::addPoint {-0.764 -0.637} -context [db::getNext [de::getContexts -window 7]]
[17:53:17.84] /# gi::executeAction deAbortCommand -in [gi::getWindows 7]
[17:53:17.84] /i de::abortCommand -context [db::getNext [de::getContexts -window 7]]
[17:53:24.61] /# gi::setCurrentIndex {lpps} -index {poly drw} -in [gi::getAssistants leObjectLayerPanel -from [gi::getWindows 7]]
[17:53:24.61] /# gi::setItemSelection {lpps} -index {poly drw} -in [gi::getAssistants leObjectLayerPanel -from [gi::getWindows 7]]
[17:53:24.67] /# gi::executeAction leOLPSetActiveLPP -in [gi::getAssistants leObjectLayerPanel -from [gi::getWindows 7]]
[17:53:24.67] /i de::setActiveLPP [de::getLPPs -from [oa::DesignFind dff dff layout] -filter {%lpp =="poly drawing"}]
[17:53:26.41] /# gi::executeAction leRectangle -in [gi::getWindows 7]
[17:53:26.41] /i ile::createRectangle
[17:53:29.14] /# gi::executeAction deAddPoint -in [gi::getWindows 7]
[17:53:29.14] /i de::addPoint {-0.257 -0.529} -context [db::getNext [de::getContexts -window 7]]
[17:53:31.55] /# gi::executeAction deAbortCommand -in [gi::getWindows 7]
[17:53:31.55] /i de::abortCommand -context [db::getNext [de::getContexts -window 7]]
[17:53:32.76] /# gi::executeAction deCanvasZoomInAtPoint -in [gi::getWindows 7]
[17:53:32.76] /i de::zoom -window [gi::getWindows 7] -factor 2.0 -center {-0.2 -0.602}
[17:53:32.76] /o {-1.738 -1.073} {0.4 -0.071}
[17:53:34.29] /# gi::executeAction leRectangle -in [gi::getWindows 7]
[17:53:34.29] /i ile::createRectangle
[17:53:36.11] /# gi::executeAction deAddPoint -in [gi::getWindows 7]
[17:53:36.11] /i de::addPoint {-0.259 -0.522} -context [db::getNext [de::getContexts -window 7]]
[17:53:43.49] /# gi::executeAction deAddPoint -in [gi::getWindows 7]
[17:53:43.49] /i de::addPoint {-0.861 -0.677} -context [db::getNext [de::getContexts -window 7]]
[17:53:45.54] /# gi::setCurrentIndex {lpps} -index {m1 drw} -in [gi::getAssistants leObjectLayerPanel -from [gi::getWindows 7]]
[17:53:45.54] /# gi::setItemSelection {lpps} -index {m1 drw} -in [gi::getAssistants leObjectLayerPanel -from [gi::getWindows 7]]
[17:53:45.62] /# gi::executeAction leOLPSetActiveLPP -in [gi::getAssistants leObjectLayerPanel -from [gi::getWindows 7]]
[17:53:45.62] /i de::setActiveLPP [de::getLPPs -from [oa::DesignFind dff dff layout] -filter {%lpp =="m1 drawing"}]
[17:53:46.38] /# gi::executeAction dePan -in [gi::getWindows 7]
[17:53:46.38] /i ide::pan [db::getNext [de::getContexts -window 7]]
[17:53:46.87] /# gi::executeAction deStartDrag -in [gi::getWindows 7]
[17:53:46.87] /i de::startDrag {0.303 -0.867} -context [db::getNext [de::getContexts -window 7]]
[17:53:47.42] /# gi::executeAction deEndDrag -in [gi::getWindows 7]
[17:53:47.42] /i de::endDrag {0.303 -0.866} -context [db::getNext [de::getContexts -window 7]]
[17:53:47.42] /r dePanToPoint {-0.66 -0.838}
[17:53:47.98] /# gi::executeAction leTap -in [gi::getWindows 7]
[17:53:47.98] /i ile::tap
[17:53:48.32] /# gi::executeAction leRectangle -in [gi::getWindows 7]
[17:53:48.32] /i ile::createRectangle
[17:53:55.20] /# gi::executeAction deAddPoint -in [gi::getWindows 7]
[17:53:55.20] /i de::addPoint {-0.826 -0.584} -context [db::getNext [de::getContexts -window 7]]
[17:53:59.36] /# gi::executeAction deAddPoint -in [gi::getWindows 7]
[17:53:59.36] /i de::addPoint {-0.695 -1.108} -context [db::getNext [de::getContexts -window 7]]
[17:54:01.03] /# gi::executeAction deCanvasZoomOutAtPoint -in [gi::getWindows 7]
[17:54:01.03] /i de::zoom -window [gi::getWindows 7] -factor 0.5 -center {-0.955 -1.097}
[17:54:01.03] /o {-2.504 -1.582} {1.771 0.421}
[17:54:02.13] /# gi::executeAction dePan -in [gi::getWindows 7]
[17:54:02.13] /i ide::pan [db::getNext [de::getContexts -window 7]]
[17:54:02.60] /# gi::executeAction deStartDrag -in [gi::getWindows 7]
[17:54:02.60] /i de::startDrag {-1.731 -1.386} -context [db::getNext [de::getContexts -window 7]]
[17:54:04.36] /# gi::executeAction deEndDrag -in [gi::getWindows 7]
[17:54:04.36] /i de::endDrag {-1.72 -1.383} -context [db::getNext [de::getContexts -window 7]]
[17:54:04.36] /r dePanToPoint {-3.588 -0.599}
[17:54:04.85] /# gi::executeAction deStartDrag -in [gi::getWindows 7]
[17:54:04.85] /i de::startDrag {-3.867 -1.449} -context [db::getNext [de::getContexts -window 7]]
[17:54:06.63] /# gi::executeAction deEndDrag -in [gi::getWindows 7]
[17:54:06.63] /i de::endDrag {-3.856 -1.449} -context [db::getNext [de::getContexts -window 7]]
[17:54:06.63] /r dePanToPoint {-5.408 -0.599}
[17:54:06.96] /# gi::executeAction deCanvasZoomOutAtPoint -in [gi::getWindows 7]
[17:54:06.96] /i de::zoom -window [gi::getWindows 7] -factor 0.5 -center {-4.226 -1.367}
[17:54:06.97] /o {-10.866 -1.835} {-2.316 2.17}
[17:54:08.36] /# gi::executeAction deCanvasZoomInAtPoint -in [gi::getWindows 7]
[17:54:08.36] /i de::zoom -window [gi::getWindows 7] -factor 2.0 -center {-5.783 -0.877}
[17:54:08.36] /o {-8.324 -1.356} {-4.05 0.647}
[17:54:09.57] /# gi::executeAction deCanvasZoomInAtPoint -in [gi::getWindows 7]
[17:54:09.57] /i de::zoom -window [gi::getWindows 7] -factor 2.0 -center {-5.769 -0.589}
[17:54:09.57] /o {-7.047 -0.972} {-4.909 0.029}
[17:54:12.59] /# gi::executeAction deCanvasZoomOutAtPoint -in [gi::getWindows 7]
[17:54:12.59] /i de::zoom -window [gi::getWindows 7] -factor 0.5 -center {-5.79 -0.543}
[17:54:12.59] /o {-8.303 -1.402} {-4.029 0.601}
[17:54:13.96] /# gi::executeAction deStartDrag -in [gi::getWindows 7]
[17:54:13.96] /i de::startDrag {-5.136 -0.482} -context [db::getNext [de::getContexts -window 7]]
[17:54:16.93] /# gi::executeAction deEndDrag -in [gi::getWindows 7]
[17:54:16.93] /i de::endDrag {-5.142 -0.482} -context [db::getNext [de::getContexts -window 7]]
[17:54:16.93] /r dePanToPoint {-5.202 -0.501}
[17:54:20.85] /# gi::setCurrentIndex {lpps} -index {m2 drw} -in [gi::getAssistants leObjectLayerPanel -from [gi::getWindows 7]]
[17:54:20.85] /# gi::setItemSelection {lpps} -index {m2 drw} -in [gi::getAssistants leObjectLayerPanel -from [gi::getWindows 7]]
[17:54:20.93] /# gi::executeAction leOLPSetActiveLPP -in [gi::getAssistants leObjectLayerPanel -from [gi::getWindows 7]]
[17:54:20.93] /i de::setActiveLPP [de::getLPPs -from [oa::DesignFind dff dff layout] -filter {%lpp =="m2 drawing"}]
[17:54:27.77] /# gi::executeAction deCanvasZoomOutAtPoint -in [gi::getWindows 7]
[17:54:27.77] /i de::zoom -window [gi::getWindows 7] -factor 0.5 -center {-5.057 -0.455}
[17:54:27.77] /o {-9.623 -2.55} {-1.074 1.455}
[17:54:28.61] /# gi::executeAction deCanvasZoomInAtPoint -in [gi::getWindows 7]
[17:54:28.61] /i de::zoom -window [gi::getWindows 7] -factor 2.0 -center {-5.057 -0.455}
[17:54:28.61] /o {-7.34 -1.503} {-3.065 0.5}
[17:54:37.40] /# gi::executeAction deAbortCommand -in [gi::getWindows 7]
[17:54:37.40] /i de::abortCommand -context [db::getNext [de::getContexts -window 7]]
[17:54:37.84] /# gi::executeAction deAddPoint -in [gi::getWindows 7]
[17:54:37.84] /i de::addPoint {-5.971 -0.352} -context [db::getNext [de::getContexts -window 7]]
[17:54:39.41] /# gi::executeAction deCanvasZoomInAtPoint -in [gi::getWindows 7]
[17:54:39.41] /i de::zoom -window [gi::getWindows 7] -factor 2.0 -center {-5.944 -0.286}
[17:54:39.41] /o {-6.642 -0.894} {-4.505 0.107}
[17:54:39.80] /# gi::executeAction deAbortCommand -in [gi::getWindows 7]
[17:54:39.80] /i de::abortCommand -context [db::getNext [de::getContexts -window 7]]
[17:54:40.52] /i gi::executeAction deCanvasDragCancel -in [gi::getWindows 7]
[17:54:41.04] /# gi::executeAction deSelectActive -in [gi::getWindows 7]
[17:54:41.04] /i de::deselectAll [db::getNext [de::getContexts -window 7]]
[17:54:41.04] /i de::select [de::getActiveFigure [gi::getWindows 7] -point {-5.966 -0.349} -index 0 -intent none]
[17:54:41.04] /o oa:0x22d2f940
[17:54:42.01] /# gi::executeAction leMove -in [gi::getWindows 7]
[17:54:42.01] /i ile::move
[17:54:42.23] /# gi::executeAction deAddPoint -in [gi::getWindows 7]
[17:54:42.23] /i de::addPoint {-5.966 -0.349} -context [db::getNext [de::getContexts -window 7]]
[17:54:53.02] /# gi::executeAction deAddPoint -in [gi::getWindows 7]
[17:54:53.02] /i de::addPoint {-6.079 -0.33} -context [db::getNext [de::getContexts -window 7]]
[17:54:53.75] /# gi::executeAction deCanvasZoomOutAtPoint -in [gi::getWindows 7]
[17:54:53.75] /i de::zoom -window [gi::getWindows 7] -factor 0.5 -center {-5.903 -0.328}
[17:54:53.75] /o {-7.381 -1.461} {-3.106 0.542}
[17:54:57.17] /# gi::executeAction deSelectActive -in [gi::getWindows 7]
[17:54:57.17] /i de::cycleActiveFigure [gi::getWindows 7] -direction next
[17:54:57.17] /o oa:0x22f343a0
[17:54:58.54] /# gi::executeAction leMove -in [gi::getWindows 7]
[17:54:58.54] /i ile::move
[17:54:58.79] /# gi::executeAction deAddPoint -in [gi::getWindows 7]
[17:54:58.79] /i de::addPoint {-6.051 -0.342} -context [db::getNext [de::getContexts -window 7]]
[17:55:01.09] /# gi::executeAction deAddPoint -in [gi::getWindows 7]
[17:55:01.09] /i de::addPoint {-6.053 -0.367} -context [db::getNext [de::getContexts -window 7]]
[17:55:05.29] /i gi::executeAction deCanvasDragCancel -in [gi::getWindows 7]
[17:55:05.59] /# gi::executeAction deSelectActive -in [gi::getWindows 7]
[17:55:05.59] /i de::deselectAll [db::getNext [de::getContexts -window 7]]
[17:55:05.60] /i de::deselectAllLogic -context [db::getNext [de::getContexts -window 7]]
[17:55:06.77] /# gi::executeAction leRectangle -in [gi::getWindows 7]
[17:55:06.77] /i ile::createRectangle
[17:55:09.41] /# gi::executeAction deAddPoint -in [gi::getWindows 7]
[17:55:09.41] /i de::addPoint {-6.159 -0.291} -context [db::getNext [de::getContexts -window 7]]
[17:55:16.34] /# gi::executeAction deAddPoint -in [gi::getWindows 7]
[17:55:16.34] /i de::addPoint {-6.01 -1.186} -context [db::getNext [de::getContexts -window 7]]
[17:55:19.89] /# gi::executeAction dePan -in [gi::getWindows 7]
[17:55:19.89] /i ide::pan [db::getNext [de::getContexts -window 7]]
[17:55:20.67] /# gi::executeAction deStartDrag -in [gi::getWindows 7]
[17:55:20.67] /i de::startDrag {-4.717 -1.376} -context [db::getNext [de::getContexts -window 7]]
[17:55:21.52] /# gi::executeAction deEndDrag -in [gi::getWindows 7]
[17:55:21.52] /i de::endDrag {-4.723 -1.376} -context [db::getNext [de::getContexts -window 7]]
[17:55:21.52] /r dePanToPoint {-4.302 -0.473}
[17:55:21.88] /# gi::executeAction deCanvasZoomOutAtPoint -in [gi::getWindows 7]
[17:55:21.88] /i de::zoom -window [gi::getWindows 7] -factor 0.5 -center {-4.576 -1.363}
[17:55:21.89] /o {-8.303 -1.586} {0.246 2.42}
[17:55:22.85] /# gi::executeAction deStartDrag -in [gi::getWindows 7]
[17:55:22.85] /i de::startDrag {-2.48 -1.395} -context [db::getNext [de::getContexts -window 7]]
[17:55:23.96] /# gi::executeAction deEndDrag -in [gi::getWindows 7]
[17:55:23.96] /i de::endDrag {-2.48 -1.39} -context [db::getNext [de::getContexts -window 7]]
[17:55:23.96] /r dePanToPoint {-3.805 0.15}
[17:55:26.79] /# gi::executeAction leRectangle -in [gi::getWindows 7]
[17:55:26.80] /i ile::createRectangle
[17:55:29.60] /# gi::executeAction deAddPoint -in [gi::getWindows 7]
[17:55:29.60] /i de::addPoint {-0.695 -1.139} -context [db::getNext [de::getContexts -window 7]]
[17:55:43.59] /# gi::executeAction deAddPoint -in [gi::getWindows 7]
[17:55:43.59] /i de::addPoint {-6.159 -1.003} -context [db::getNext [de::getContexts -window 7]]
[17:55:44.07] /# gi::executeAction deCanvasZoomInAtPoint -in [gi::getWindows 7]
[17:55:44.07] /i de::zoom -window [gi::getWindows 7] -factor 2.0 -center {-5.827 -1.112}
[17:55:44.07] /o {-6.954 -1.482} {-2.679 0.521}
[17:55:44.17] /# gi::executeAction deCanvasZoomInAtPoint -in [gi::getWindows 7]
[17:55:44.17] /i de::zoom -window [gi::getWindows 7] -factor 2.0 -center {-5.827 -1.112}
[17:55:44.17] /o {-6.39 -1.297} {-4.253 -0.296}
[17:55:45.20] /# gi::executeAction deAbortCommand -in [gi::getWindows 7]
[17:55:45.20] /i de::abortCommand -context [db::getNext [de::getContexts -window 7]]
[17:55:46.94] /i gi::executeAction deCanvasDragCancel -in [gi::getWindows 7]
[17:55:47.44] /# gi::executeAction deSelectActive -in [gi::getWindows 7]
[17:55:47.44] /i de::deselectAllLogic -context [db::getNext [de::getContexts -window 7]]
[17:55:48.35] /# gi::executeAction leStretch -in [gi::getWindows 7]
[17:55:48.35] /i ile::stretch
[17:55:49.94] /# gi::executeAction deAddPoint -in [gi::getWindows 7]
[17:55:49.94] /i de::addPoint {-5.296 -1.01} -context [db::getNext [de::getContexts -window 7]]
[17:55:52.84] /# gi::executeAction deAbortCommand -in [gi::getWindows 7]
[17:55:52.84] /i de::abortCommand -context [db::getNext [de::getContexts -window 7]]
[17:55:54.27] /# gi::executeAction deSelectActive -in [gi::getWindows 7]
[17:55:54.27] /i de::deselectAllLogic -context [db::getNext [de::getContexts -window 7]]
[17:55:54.53] /# gi::executeAction leStretch -in [gi::getWindows 7]
[17:55:54.53] /i ile::stretch
[17:55:55.29] /# gi::executeAction deAddPoint -in [gi::getWindows 7]
[17:55:55.29] /i de::addPoint {-5.302 -1.141} -context [db::getNext [de::getContexts -window 7]]
[17:55:57.87] /# gi::executeAction deAddPoint -in [gi::getWindows 7]
[17:55:57.87] /i de::addPoint {-5.306 -1.153} -context [db::getNext [de::getContexts -window 7]]
[17:55:58.89] /# gi::executeAction deCanvasZoomOutAtPoint -in [gi::getWindows 7]
[17:55:58.89] /i de::zoom -window [gi::getWindows 7] -factor 0.5 -center {-5.129 -1.147}
[17:55:58.90] /o {-7.652 -1.447} {-3.377 0.556}
[17:55:59.55] /# gi::executeAction deAbortCommand -in [gi::getWindows 7]
[17:55:59.55] /i de::abortCommand -context [db::getNext [de::getContexts -window 7]]
[17:56:04.63] /# gi::executeAction dePan -in [gi::getWindows 7]
[17:56:04.63] /i ide::pan [db::getNext [de::getContexts -window 7]]
[17:56:04.89] /# gi::executeAction deStartDrag -in [gi::getWindows 7]
[17:56:04.89] /i de::startDrag {-4.258 -1.295} -context [db::getNext [de::getContexts -window 7]]
[17:56:05.62] /# gi::executeAction deEndDrag -in [gi::getWindows 7]
[17:56:05.62] /i de::endDrag {-4.286 -1.295} -context [db::getNext [de::getContexts -window 7]]
[17:56:05.62] /r dePanToPoint {-2.997 -0.445}
[17:56:06.18] /# gi::executeAction deStartDrag -in [gi::getWindows 7]
[17:56:06.18] /i de::startDrag {-1.439 -1.221} -context [db::getNext [de::getContexts -window 7]]
[17:56:08.05] /# gi::executeAction deEndDrag -in [gi::getWindows 7]
[17:56:08.05] /i de::endDrag {-1.437 -1.221} -context [db::getNext [de::getContexts -window 7]]
[17:56:08.06] /r dePanToPoint {-3.068 -0.445}
[17:56:08.75] /# gi::executeAction deStartDrag -in [gi::getWindows 7]
[17:56:08.75] /i de::startDrag {-4.242 -1.306} -context [db::getNext [de::getContexts -window 7]]
[17:56:09.22] /# gi::executeAction deEndDrag -in [gi::getWindows 7]
[17:56:09.22] /i de::endDrag {-4.239 -1.306} -context [db::getNext [de::getContexts -window 7]]
[17:56:09.23] /r dePanToPoint {-5.903 -0.445}
[17:56:09.88] /# gi::executeAction deStartDrag -in [gi::getWindows 7]
[17:56:09.88] /i de::startDrag {-6.811 -1.308} -context [db::getNext [de::getContexts -window 7]]
[17:56:10.36] /# gi::executeAction deEndDrag -in [gi::getWindows 7]
[17:56:10.36] /i de::endDrag {-6.808 -1.308} -context [db::getNext [de::getContexts -window 7]]
[17:56:10.36] /r dePanToPoint {-6.591 -0.445}
[17:56:18.75] /# gi::executeAction deCanvasZoomInAtPoint -in [gi::getWindows 7]
[17:56:18.75] /i de::zoom -window [gi::getWindows 7] -factor 2.0 -center {-5.807 -1.227}
[17:56:18.75] /o {-7.268 -1.337} {-5.131 -0.336}
[17:56:20.10] /# gi::executeAction leStretch -in [gi::getWindows 7]
[17:56:20.10] /i ile::stretch
[17:56:21.39] /# gi::executeAction deAddPoint -in [gi::getWindows 7]
[17:56:21.39] /i de::addPoint {-6.065 -1.19} -context [db::getNext [de::getContexts -window 7]]
[17:56:24.18] /# gi::executeAction deAddPoint -in [gi::getWindows 7]
[17:56:24.19] /i de::addPoint {-6.06 -1.159} -context [db::getNext [de::getContexts -window 7]]
[17:56:25.02] /# gi::executeAction deAddPoint -in [gi::getWindows 7]
[17:56:25.02] /i de::addPoint {-6.038 -1.262} -context [db::getNext [de::getContexts -window 7]]
[17:56:25.31] /# gi::executeAction deCanvasZoomOutAtPoint -in [gi::getWindows 7]
[17:56:25.31] /i de::zoom -window [gi::getWindows 7] -factor 0.5 -center {-6.004 -1.228}
[17:56:25.31] /o {-8.532 -1.446} {-4.257 0.557}
[17:56:42.82] /# gi::executeAction leVia -in [gi::getWindows 7]
[17:56:42.82] /i ile::createVia
[17:56:42.87] /o oa:0x23b7fef0
[17:56:59.18] /# gi::executeAction deAddPoint -in [gi::getWindows 7]
[17:56:59.18] /i de::addPoint {-7.139 -0.695} -context [db::getNext [de::getContexts -window 7]]
[17:57:04.46] /i gi::setField {viaDefName} -value {via12} -in [gi::getToolbars {deCommandOptions} -from [gi::getWindows 7]]
[17:57:13.59] /# gi::executeAction deAddPoint -in [gi::getWindows 7]
[17:57:13.59] /i de::addPoint {-7.123 -0.311} -context [db::getNext [de::getContexts -window 7]]
[17:57:15.79] /# gi::executeAction deAbortCommand -in [gi::getWindows 7]
[17:57:15.79] /i de::abortCommand -context [db::getNext [de::getContexts -window 7]]
[17:57:20.16] /# gi::executeAction leRectangle -in [gi::getWindows 7]
[17:57:20.16] /i ile::createRectangle
[17:57:27.90] /# gi::executeAction deAddPoint -in [gi::getWindows 7]
[17:57:27.90] /i de::addPoint {-7.193 -0.205} -context [db::getNext [de::getContexts -window 7]]
[17:57:37.89] /# gi::executeAction deAddPoint -in [gi::getWindows 7]
[17:57:37.89] /i de::addPoint {-6.01 -0.42} -context [db::getNext [de::getContexts -window 7]]
[17:57:39.93] /# gi::setCurrentIndex {lpps} -index {m1 drw} -in [gi::getAssistants leObjectLayerPanel -from [gi::getWindows 7]]
[17:57:39.93] /# gi::setItemSelection {lpps} -index {m1 drw} -in [gi::getAssistants leObjectLayerPanel -from [gi::getWindows 7]]
[17:57:40.02] /# gi::executeAction leOLPSetActiveLPP -in [gi::getAssistants leObjectLayerPanel -from [gi::getWindows 7]]
[17:57:40.02] /i de::setActiveLPP [de::getLPPs -from [oa::DesignFind dff dff layout] -filter {%lpp =="m1 drawing"}]
[17:57:41.04] /# gi::executeAction deCanvasZoomInAtPoint -in [gi::getWindows 7]
[17:57:41.04] /i de::zoom -window [gi::getWindows 7] -factor 2.0 -center {-7.253 -0.45}
[17:57:41.04] /o {-7.893 -0.948} {-5.755 0.053}
[17:57:45.74] /# gi::executeAction deAddPoint -in [gi::getWindows 7]
[17:57:45.74] /i de::addPoint {-7.2 -0.747} -context [db::getNext [de::getContexts -window 7]]
[17:57:53.24] /# gi::executeAction deAddPoint -in [gi::getWindows 7]
[17:57:53.24] /i de::addPoint {-7.071 -0.234} -context [db::getNext [de::getContexts -window 7]]
[17:58:00.14] /# gi::executeAction deAddPoint -in [gi::getWindows 7]
[17:58:00.14] /i de::addPoint {-7.146 -0.647} -context [db::getNext [de::getContexts -window 7]]
[17:58:05.18] /# gi::executeAction deAddPoint -in [gi::getWindows 7]
[17:58:05.18] /i de::addPoint {-7.465 -0.743} -context [db::getNext [de::getContexts -window 7]]
[17:58:06.84] /# gi::setCurrentIndex {lpps} -index {poly drw} -in [gi::getAssistants leObjectLayerPanel -from [gi::getWindows 7]]
[17:58:06.84] /# gi::setItemSelection {lpps} -index {poly drw} -in [gi::getAssistants leObjectLayerPanel -from [gi::getWindows 7]]
[17:58:06.91] /# gi::executeAction leOLPSetActiveLPP -in [gi::getAssistants leObjectLayerPanel -from [gi::getWindows 7]]
[17:58:06.91] /i de::setActiveLPP [de::getLPPs -from [oa::DesignFind dff dff layout] -filter {%lpp =="poly drawing"}]
[17:58:12.04] /# gi::executeAction deAddPoint -in [gi::getWindows 7]
[17:58:12.04] /i de::addPoint {-6.629 -0.615} -context [db::getNext [de::getContexts -window 7]]
[17:58:19.45] /# gi::executeAction deAddPoint -in [gi::getWindows 7]
[17:58:19.45] /i de::addPoint {-7.237 -0.749} -context [db::getNext [de::getContexts -window 7]]
[17:58:21.23] /# gi::executeAction deCanvasZoomOutAtPoint -in [gi::getWindows 7]
[17:58:21.23] /i de::zoom -window [gi::getWindows 7] -factor 0.5 -center {-6.574 -0.536}
[17:58:21.23] /o {-9.211 -1.36} {-4.936 0.643}
[17:58:21.82] /# gi::executeAction deAbortCommand -in [gi::getWindows 7]
[17:58:21.82] /i de::abortCommand -context [db::getNext [de::getContexts -window 7]]
[17:58:22.63] /# gi::executeAction deCanvasZoomOutAtPoint -in [gi::getWindows 7]
[17:58:22.63] /i de::zoom -window [gi::getWindows 7] -factor 0.5 -center {-6.335 -0.957}
[17:58:22.63] /o {-12.087 -1.763} {-3.538 2.242}
[17:58:24.14] /# gi::executeAction deCanvasZoomInAtPoint -in [gi::getWindows 7]
[17:58:24.14] /i de::zoom -window [gi::getWindows 7] -factor 2.0 -center {-6.308 -0.931}
[17:58:24.15] /o {-9.198 -1.347} {-4.923 0.656}
[17:58:26.47] /# gi::setCurrentIndex {lpps} -index {poly pin} -in [gi::getAssistants leObjectLayerPanel -from [gi::getWindows 7]]
[17:58:26.47] /# gi::setItemSelection {lpps} -index {poly pin} -in [gi::getAssistants leObjectLayerPanel -from [gi::getWindows 7]]
[17:58:26.54] /# gi::executeAction leOLPSetActiveLPP -in [gi::getAssistants leObjectLayerPanel -from [gi::getWindows 7]]
[17:58:26.54] /i de::setActiveLPP [de::getLPPs -from [oa::DesignFind dff dff layout] -filter {%lpp =="poly pin"}]
[17:58:29.15] /# gi::executeAction lePin -in [gi::getWindows 7]
[17:58:29.15] /i ile::createPin
[17:58:34.78] /i gi::setField {termName} -value {CLK} -in [gi::getToolbars {deCommandOptions} -from [gi::getWindows 7]]
[17:58:34.86] /i gi::setField {pinLabel} -value {true} -in [gi::getToolbars {deCommandOptions} -from [gi::getWindows 7]]
[17:58:44.94] /# gi::executeAction deStartDrag -in [gi::getWindows 7]
[17:58:44.94] /i de::startDrag {-7.628 0.152} -context [db::getNext [de::getContexts -window 7]]
[17:58:47.49] /# gi::executeAction deEndDrag -in [gi::getWindows 7]
[17:58:47.49] /i de::endDrag {-7.554 0.081} -context [db::getNext [de::getContexts -window 7]]
[17:58:51.97] /# gi::setCurrentIndex {lpps} -index {m1 pin} -in [gi::getAssistants leObjectLayerPanel -from [gi::getWindows 7]]
[17:58:51.97] /# gi::setItemSelection {lpps} -index {m1 pin} -in [gi::getAssistants leObjectLayerPanel -from [gi::getWindows 7]]
[17:58:52.04] /# gi::executeAction leOLPSetActiveLPP -in [gi::getAssistants leObjectLayerPanel -from [gi::getWindows 7]]
[17:58:52.04] /i de::setActiveLPP [de::getLPPs -from [oa::DesignFind dff dff layout] -filter {%lpp =="m1 pin"}]
[17:58:55.70] /i gi::setField {termName} -value {clkb} -in [gi::getToolbars {deCommandOptions} -from [gi::getWindows 7]]
[17:58:59.51] /# gi::executeAction deStartDrag -in [gi::getWindows 7]
[17:58:59.51] /i de::startDrag {-7.448 -0.106} -context [db::getNext [de::getContexts -window 7]]
[17:59:02.14] /# gi::executeAction deEndDrag -in [gi::getWindows 7]
[17:59:02.14] /i de::endDrag {-7.38 -0.177} -context [db::getNext [de::getContexts -window 7]]
[17:59:05.47] /# gi::executeAction deCanvasZoomOutAtPoint -in [gi::getWindows 7]
[17:59:05.47] /i de::zoom -window [gi::getWindows 7] -factor 0.5 -center {-5.897 -0.161}
[17:59:05.47] /o {-12.498 -2.533} {-3.949 1.472}
[17:59:07.00] /# gi::executeAction deCanvasZoomInAtPoint -in [gi::getWindows 7]
[17:59:07.00] /i de::zoom -window [gi::getWindows 7] -factor 2.0 -center {-5.859 1.265}
[17:59:07.00] /o {-9.179 -0.634} {-4.904 1.369}
[17:59:15.70] /# gi::executeAction deDeselectByRectangle -in [gi::getWindows 7]
[17:59:15.70] /i ide::selectByRegion -region rectangle -select false
[17:59:18.18] /# gi::executeAction leOLPSetActiveLPP -in [gi::getAssistants leObjectLayerPanel -from [gi::getWindows 7]]
[17:59:18.18] /i de::setActiveLPP [de::getLPPs -from [oa::DesignFind dff dff layout] -filter {%lpp =="m1 pin"}]
[17:59:21.76] /# gi::setCurrentIndex {lpps} -index {poly pin} -in [gi::getAssistants leObjectLayerPanel -from [gi::getWindows 7]]
[17:59:21.76] /# gi::setItemSelection {lpps} -index {poly pin} -in [gi::getAssistants leObjectLayerPanel -from [gi::getWindows 7]]
[17:59:21.82] /# gi::executeAction leOLPSetActiveLPP -in [gi::getAssistants leObjectLayerPanel -from [gi::getWindows 7]]
[17:59:21.82] /i de::setActiveLPP [de::getLPPs -from [oa::DesignFind dff dff layout] -filter {%lpp =="poly pin"}]
[17:59:22.70] /# gi::setCurrentIndex {lpps} -index {m1 pin} -in [gi::getAssistants leObjectLayerPanel -from [gi::getWindows 7]]
[17:59:22.70] /# gi::setItemSelection {lpps} -index {m1 pin} -in [gi::getAssistants leObjectLayerPanel -from [gi::getWindows 7]]
[17:59:22.79] /# gi::executeAction leOLPSetActiveLPP -in [gi::getAssistants leObjectLayerPanel -from [gi::getWindows 7]]
[17:59:22.79] /i de::setActiveLPP [de::getLPPs -from [oa::DesignFind dff dff layout] -filter {%lpp =="m1 pin"}]
[17:59:23.81] /# gi::executeAction deAbortCommand -in [gi::getWindows 7]
[17:59:23.81] /i de::abortCommand -context [db::getNext [de::getContexts -window 7]]
[17:59:28.72] /i gi::setField {termName} -value {D} -in [gi::getToolbars {deCommandOptions} -from [gi::getWindows 7]]
[17:59:34.77] /# gi::executeAction deStartDrag -in [gi::getWindows 7]
[17:59:34.77] /i de::startDrag {-6.898 -0.068} -context [db::getNext [de::getContexts -window 7]]
[17:59:37.19] /# gi::executeAction deEndDrag -in [gi::getWindows 7]
[17:59:37.19] /i de::endDrag {-6.819 -0.128} -context [db::getNext [de::getContexts -window 7]]
[17:59:42.98] /# gi::executeAction deAbortCommand -in [gi::getWindows 7]
[17:59:42.98] /i de::abortCommand -context [db::getNext [de::getContexts -window 7]]
[17:59:44.84] /# gi::executeAction dePan -in [gi::getWindows 7]
[17:59:44.84] /i ide::pan [db::getNext [de::getContexts -window 7]]
[17:59:45.20] /# gi::executeAction deStartDrag -in [gi::getWindows 7]
[17:59:45.20] /i de::startDrag {-5.29 -0.196} -context [db::getNext [de::getContexts -window 7]]
[17:59:45.71] /# gi::executeAction deEndDrag -in [gi::getWindows 7]
[17:59:45.71] /i de::endDrag {-5.293 -0.196} -context [db::getNext [de::getContexts -window 7]]
[17:59:45.71] /r dePanToPoint {-3.988 0.367}
[17:59:46.16] /# gi::setCurrentIndex {lpps} -index {psub drw} -in [gi::getAssistants leObjectLayerPanel -from [gi::getWindows 7]]
[17:59:46.16] /# gi::setItemSelection {lpps} -index {psub drw} -in [gi::getAssistants leObjectLayerPanel -from [gi::getWindows 7]]
[17:59:47.34] /# gi::executeAction deStartDrag -in [gi::getWindows 7]
[17:59:47.34] /i de::startDrag {-2.414 0.517} -context [db::getNext [de::getContexts -window 7]]
[17:59:48.54] /# gi::executeAction deEndDrag -in [gi::getWindows 7]
[17:59:48.54] /i de::endDrag {-2.414 0.514} -context [db::getNext [de::getContexts -window 7]]
[17:59:48.54] /r dePanToPoint {-2.325 0.957}
[17:59:48.83] /# gi::executeAction deCanvasZoomOutAtPoint -in [gi::getWindows 7]
[17:59:48.83] /i de::zoom -window [gi::getWindows 7] -factor 0.5 -center {-2.273 0.694}
[17:59:48.84] /o {-6.653 -0.781} {1.897 3.224}
[17:59:50.33] /# gi::executeAction deStartDrag -in [gi::getWindows 7]
[17:59:50.33] /i de::startDrag {-1.543 0.634} -context [db::getNext [de::getContexts -window 7]]
[17:59:54.83] /# gi::executeAction deEndDrag -in [gi::getWindows 7]
[17:59:54.83] /i de::endDrag {-1.548 0.634} -context [db::getNext [de::getContexts -window 7]]
[17:59:54.83] /r dePanToPoint {-2.911 0.307}
[17:59:55.22] /# gi::executeAction deCanvasZoomInAtPoint -in [gi::getWindows 7]
[17:59:55.22] /i de::zoom -window [gi::getWindows 7] -factor 2.0 -center {-1.407 0.226}
[17:59:55.22] /o {-4.297 -0.735} {-0.022 1.268}
[17:59:55.96] /# gi::executeAction deStartDrag -in [gi::getWindows 7]
[17:59:55.96] /i de::startDrag {-1.567 -0.226} -context [db::getNext [de::getContexts -window 7]]
[17:59:56.76] /# gi::executeAction deEndDrag -in [gi::getWindows 7]
[17:59:56.76] /i de::endDrag {-1.573 -0.226} -context [db::getNext [de::getContexts -window 7]]
[17:59:56.76] /r dePanToPoint {-2.104 0.122}
[18:00:00.94] /i gi::executeAction deObjectActivation -in [gi::getWindows 7]
[18:00:01.10] /# gi::executeAction lePin -in [gi::getWindows 7]
[18:00:01.10] /i ile::createPin
[18:00:03.82] /# gi::executeAction dbQuery -in [gi::getWindows 7]
[18:00:03.82] /i idb::query
[18:00:07.31] /# gi::executeAction deAbortCommand -in [gi::getWindows 7]
[18:00:07.32] /i de::abortCommand -context [db::getNext [de::getContexts -window 7]]
[18:00:10.18] /i gi::setField {termName} -value {Q} -in [gi::getToolbars {deCommandOptions} -from [gi::getWindows 7]]
[18:00:14.08] /# gi::executeAction deStartDrag -in [gi::getWindows 7]
[18:00:14.08] /i de::startDrag {-1.997 -0.06} -context [db::getNext [de::getContexts -window 7]]
[18:00:15.27] /# gi::executeAction deEndDrag -in [gi::getWindows 7]
[18:00:15.27] /i de::endDrag {-1.918 -0.128} -context [db::getNext [de::getContexts -window 7]]
[18:00:16.37] /# gi::executeAction deAbortCommand -in [gi::getWindows 7]
[18:00:16.37] /i de::abortCommand -context [db::getNext [de::getContexts -window 7]]
[18:00:17.31] /# gi::executeAction deCanvasZoomOutAtPoint -in [gi::getWindows 7]
[18:00:17.31] /i de::zoom -window [gi::getWindows 7] -factor 0.5 -center {-2.221 0.253}
[18:00:17.31] /o {-6.264 -2.011} {2.286 1.994}
[18:00:20.11] /# gi::executeAction dePan -in [gi::getWindows 7]
[18:00:20.11] /i ide::pan [db::getNext [de::getContexts -window 7]]
[18:00:20.22] /i gi::executeAction deObjectActivation -in [gi::getWindows 7]
[18:00:20.49] /# gi::executeAction deStartDrag -in [gi::getWindows 7]
[18:00:20.49] /i de::startDrag {-2.628 0.411} -context [db::getNext [de::getContexts -window 7]]
[18:00:25.46] /# gi::executeAction deEndDrag -in [gi::getWindows 7]
[18:00:25.47] /i de::endDrag {-2.623 0.411} -context [db::getNext [de::getContexts -window 7]]
[18:00:25.47] /r dePanToPoint {-3.937 0.367}
[18:00:30.39] /i gi::executeAction deSaveDesign -in [gi::getWindows 7]
[18:00:30.39] /m Information: Saving design 'dff dff layout'. (DESIGN_WINDOW-004)
[18:00:34.77] /# gi::executeAction xtDRCRun -in [gi::getWindows 7]
[18:00:34.77] /i xt::physicalVerification::executeRun drc 7
[18:00:35.15] /# xt::physicalVerification::executePve drc 7
[18:00:39.34] /m Information: 
              /c =============================
              /c JobID: hercules_drc_54
              /c --- ERROR SUMMARY -----------
              /c 7.30: Minimum area of Metal 1 >= 0.04
              /c  AREA M1S { } (101) ..................................... 5 violations found.
              /c 7.35: Minimum area of Metal 2 >= 0.06
              /c  AREA M2S { } (101) ..................................... 1 violation found.
              /c 7.62: Minimum enclosure of Diffusion within Polysilicon >= 0.13
              /c  ENCLOSE plain_diff BY POLS { } (102) ................... 1 violation found.
              /c =============================
              /c 
[18:00:39.99] /j ::xt::hercules::vue::_private::registerConnection localhost:34946 tcp137 herculesVue_17 
[18:00:40.02] /m Information: Connection established with 'Hercules-VUE' running on 'localhost'.
[18:00:40.04] /j ::xt::hercules::vue::_private::isJobReady 
[18:00:40.04] /o true
[18:00:40.07] /j ::xt::hercules::vue::startFilter LAY 
[18:00:40.75] /j ::xt::hercules::vue::setInlibPath /root/Excercise/DFlipFlop/synopsys_custom/dff.hercules.drc/. 
[18:00:40.77] /j ::xt::hercules::vue::setTopLayLCV dff dff layout 
[18:00:40.79] /j ::xt::hercules::vue::openCell dff dff layout 
[18:00:45.14] /j ::xt::hercules::vue::clearAllHighlights dff layout 
[18:00:46.19] /j ::xt::hercules::vue::clearAllHighlights dff layout 
[18:00:46.21] /j ::xt::hercules::vue::clearAllHighlights dff layout 
[18:00:46.22] /j ::xt::hercules::vue::openCell dff dff layout 
[18:00:47.01] /j ::xt::hercules::vue::clearAllHighlights dff layout 
[18:00:47.02] /j ::xt::hercules::vue::clearAllHighlights dff layout 
[18:00:47.03] /j ::xt::hercules::vue::setHighlightProperty dff layout yellow brick 
[18:00:47.05] /j ::xt::hercules::vue::addPolygonBegin 4 
[18:00:47.09] /j ::xt::hercules::vue::addPolygonPoints {-1.445 -0.920 -1.445 -0.750 -1.345 -0.750 -1.345 -0.920 -1.445 -0.920} 
[18:00:47.09] /j ::xt::hercules::vue::addPolygonEnd 
[18:00:47.09] /j ::xt::hercules::vue::setViewPort extents {-1.458 -0.941 -1.333 -0.729} LAY 
[18:00:47.11] /j ::xt::hercules::vue::addErrorDescription {"Area: 0.017"} 
[18:00:47.11] /j ::xt::hercules::vue::drawHighlights dff layout all 
[18:00:49.07] /j ::xt::hercules::vue::clearAllHighlights dff layout 
[18:00:49.09] /j ::xt::hercules::vue::clearAllHighlights dff layout 
[18:00:49.12] /j ::xt::hercules::vue::setHighlightProperty dff layout yellow brick 
[18:00:49.15] /j ::xt::hercules::vue::addPolygonBegin 4 
[18:00:49.19] /j ::xt::hercules::vue::addPolygonPoints {-1.445 -0.920 -1.445 -0.750 -1.345 -0.750 -1.345 -0.920 -1.445 -0.920} 
[18:00:49.19] /j ::xt::hercules::vue::addPolygonEnd 
[18:00:49.19] /j ::xt::hercules::vue::setViewPort extents {-1.458 -0.941 -1.333 -0.729} LAY 
[18:00:49.21] /j ::xt::hercules::vue::addErrorDescription {"Area: 0.017"} 
[18:00:49.21] /j ::xt::hercules::vue::drawHighlights dff layout all 
[18:00:50.44] /i gi::setActiveWindow 11
[18:00:50.44] /i gi::setActiveWindow 11 -raise true
[18:00:50.58] /i gi::setActiveWindow 7
[18:00:50.58] /i gi::setActiveWindow 7 -raise true
[18:00:51.63] /# gi::executeAction deCanvasZoomOutAtPoint -in [gi::getWindows 7]
[18:00:51.63] /i de::zoom -window [gi::getWindows 7] -factor 0.5 -center {-1.337 -0.797}
[18:00:51.63] /o {-1.907 -1.085} {-1.001 -0.661}
[18:00:51.73] /# gi::executeAction deCanvasZoomOutAtPoint -in [gi::getWindows 7]
[18:00:51.73] /i de::zoom -window [gi::getWindows 7] -factor 0.5 -center {-1.337 -0.797}
[18:00:51.73] /o {-2.476 -1.373} {-0.666 -0.525}
[18:00:54.50] /# gi::executeAction deCanvasZoomInAtPoint -in [gi::getWindows 7]
[18:00:54.50] /i de::zoom -window [gi::getWindows 7] -factor 2.0 -center {-1.337 -0.657}
[18:00:54.50] /o {-1.907 -1.015} {-1.001 -0.591}
[18:00:54.69] /# gi::executeAction deCanvasZoomOutAtPoint -in [gi::getWindows 7]
[18:00:54.69] /i de::zoom -window [gi::getWindows 7] -factor 0.5 -center {-1.337 -0.657}
[18:00:54.69] /o {-2.476 -1.373} {-0.666 -0.525}
[18:00:55.12] /# gi::executeAction deCanvasZoomOutAtPoint -in [gi::getWindows 7]
[18:00:55.12] /i de::zoom -window [gi::getWindows 7] -factor 0.5 -center {-1.337 -0.657}
[18:00:55.12] /o {-3.615 -2.089} {0.005 -0.393}
[18:00:55.19] /# gi::executeAction deCanvasZoomOutAtPoint -in [gi::getWindows 7]
[18:00:55.19] /i de::zoom -window [gi::getWindows 7] -factor 0.5 -center {-1.336 -0.658}
[18:00:55.19] /o {-5.894 -3.52} {1.346 -0.128}
[18:00:55.89] /# gi::executeAction deCanvasZoomInAtPoint -in [gi::getWindows 7]
[18:00:55.89] /i de::zoom -window [gi::getWindows 7] -factor 2.0 -center {-0.765 -0.593}
[18:00:55.89] /o {-3.33 -2.056} {0.291 -0.36}
[18:00:58.50] /i gi::setActiveWindow 4
[18:00:58.50] /i gi::setActiveWindow 4 -raise true
[18:00:59.66] /i gi::setActiveWindow 11
[18:00:59.66] /i gi::setActiveWindow 11 -raise true
[18:01:00.85] /i gi::setActiveWindow 7
[18:01:00.85] /i gi::setActiveWindow 7 -raise true
[18:01:02.33] /# gi::executeAction deCanvasZoomInAtPoint -in [gi::getWindows 7]
[18:01:02.33] /i de::zoom -window [gi::getWindows 7] -factor 2.0 -center {-1.131 -0.616}
[18:01:02.33] /o {-2.23 -1.336} {-0.42 -0.488}
[18:01:02.86] /# gi::executeAction deCanvasZoomInAtPoint -in [gi::getWindows 7]
[18:01:02.86] /i de::zoom -window [gi::getWindows 7] -factor 2.0 -center {-1.212 -0.651}
[18:01:02.86] /o {-1.721 -0.994} {-0.816 -0.57}
[18:01:02.92] /# gi::executeAction deCanvasZoomInAtPoint -in [gi::getWindows 7]
[18:01:02.92] /i de::zoom -window [gi::getWindows 7] -factor 2.0 -center {-1.212 -0.651}
[18:01:02.92] /o {-1.467 -0.822} {-1.014 -0.61}
[18:01:05.04] /# gi::executeAction deCanvasZoomOutAtPoint -in [gi::getWindows 7]
[18:01:05.04] /i de::zoom -window [gi::getWindows 7] -factor 0.5 -center {-1.216 -0.691}
[18:01:05.04] /o {-1.717 -0.954} {-0.812 -0.53}
[18:01:06.22] /# gi::executeAction deCanvasZoomOutAtPoint -in [gi::getWindows 7]
[18:01:06.22] /i de::zoom -window [gi::getWindows 7] -factor 0.5 -center {-1.216 -0.691}
[18:01:06.22] /o {-2.218 -1.216} {-0.408 -0.368}
[18:01:19.30] /j ::xt::hercules::vue::clearAllHighlights dff layout 
[18:01:19.31] /j ::xt::hercules::vue::setHighlightProperty dff layout yellow brick 
[18:01:19.34] /j ::xt::hercules::vue::addPolygonBegin 4 
[18:01:19.36] /j ::xt::hercules::vue::addPolygonPoints {-2.355 -0.930 -2.355 -0.760 -2.255 -0.760 -2.255 -0.930 -2.355 -0.930} 
[18:01:19.36] /j ::xt::hercules::vue::addPolygonEnd 
[18:01:19.36] /j ::xt::hercules::vue::setViewPort extents {-2.367 -0.951 -2.242 -0.739} LAY 
[18:01:19.40] /j ::xt::hercules::vue::addErrorDescription {"Area: 0.017"} 
[18:01:19.41] /j ::xt::hercules::vue::drawHighlights dff layout all 
[18:01:21.43] /# gi::executeAction deCanvasZoomOutAtPoint -in [gi::getWindows 7]
[18:01:21.43] /i de::zoom -window [gi::getWindows 7] -factor 0.5 -center {-2.266 -0.865}
[18:01:21.43] /o {-2.796 -1.037} {-1.89 -0.613}
[18:01:21.50] /# gi::executeAction deCanvasZoomOutAtPoint -in [gi::getWindows 7]
[18:01:21.50] /i de::zoom -window [gi::getWindows 7] -factor 0.5 -center {-2.266 -0.866}
[18:01:21.50] /o {-3.325 -1.208} {-1.515 -0.36}
[18:01:21.59] /# gi::executeAction deCanvasZoomOutAtPoint -in [gi::getWindows 7]
[18:01:21.59] /i de::zoom -window [gi::getWindows 7] -factor 0.5 -center {-2.266 -0.866}
[18:01:21.60] /o {-4.384 -1.55} {-0.764 0.146}
[18:01:22.07] /# gi::executeAction deCanvasZoomOutAtPoint -in [gi::getWindows 7]
[18:01:22.07] /i de::zoom -window [gi::getWindows 7] -factor 0.5 -center {-2.236 -0.877}
[18:01:22.07] /o {-6.532 -2.223} {0.708 1.169}
[18:01:22.90] /# gi::executeAction deCanvasZoomInAtPoint -in [gi::getWindows 7]
[18:01:22.90] /i de::zoom -window [gi::getWindows 7] -factor 2.0 -center {-1.859 -1.228}
[18:01:22.90] /o {-4.196 -1.725} {-0.575 -0.029}
[18:01:26.84] /j ::xt::hercules::vue::clearAllHighlights dff layout 
[18:01:26.86] /j ::xt::hercules::vue::setHighlightProperty dff layout yellow brick 
[18:01:26.88] /j ::xt::hercules::vue::addPolygonBegin 4 
[18:01:26.92] /j ::xt::hercules::vue::addPolygonPoints {-5.995 -0.975 -5.995 -0.805 -5.895 -0.805 -5.895 -0.975 -5.995 -0.975} 
[18:01:26.92] /j ::xt::hercules::vue::addPolygonEnd 
[18:01:26.92] /j ::xt::hercules::vue::setViewPort extents {-6.008 -0.996 -5.883 -0.784} LAY 
[18:01:26.94] /j ::xt::hercules::vue::addErrorDescription {"Area: 0.017"} 
[18:01:26.96] /j ::xt::hercules::vue::drawHighlights dff layout all 
[18:01:28.90] /# gi::executeAction deCanvasZoomOutAtPoint -in [gi::getWindows 7]
[18:01:28.91] /i de::zoom -window [gi::getWindows 7] -factor 0.5 -center {-5.87 -0.951}
[18:01:28.91] /o {-6.474 -1.041} {-5.568 -0.617}
[18:01:28.93] /# gi::executeAction deCanvasZoomOutAtPoint -in [gi::getWindows 7]
[18:01:28.93] /i de::zoom -window [gi::getWindows 7] -factor 0.5 -center {-5.87 -0.952}
[18:01:28.94] /o {-7.077 -1.13} {-5.267 -0.282}
[18:01:28.96] /# gi::executeAction deCanvasZoomOutAtPoint -in [gi::getWindows 7]
[18:01:28.96] /i de::zoom -window [gi::getWindows 7] -factor 0.5 -center {-5.87 -0.951}
[18:01:28.96] /o {-8.284 -1.309} {-4.664 0.387}
[18:01:29.02] /# gi::executeAction deCanvasZoomOutAtPoint -in [gi::getWindows 7]
[18:01:29.02] /i de::zoom -window [gi::getWindows 7] -factor 0.5 -center {-5.869 -0.952}
[18:01:29.02] /o {-10.699 -1.666} {-3.459 1.726}
[18:01:29.02] /# gi::executeAction deCanvasZoomOutAtPoint -in [gi::getWindows 7]
[18:01:29.02] /i de::zoom -window [gi::getWindows 7] -factor 0.5 -center {-5.869 -0.952}
[18:01:29.02] /o {-15.529 -2.38} {-1.049 4.404}
[18:01:29.86] /# gi::executeAction deCanvasZoomInAtPoint -in [gi::getWindows 7]
[18:01:29.86] /i de::zoom -window [gi::getWindows 7] -factor 2.0 -center {-5.169 -1.2}
[18:01:29.86] /o {-10.349 -1.79} {-3.109 1.602}
[18:01:29.94] /# gi::executeAction deCanvasZoomInAtPoint -in [gi::getWindows 7]
[18:01:29.94] /i de::zoom -window [gi::getWindows 7] -factor 2.0 -center {-5.169 -1.2}
[18:01:29.94] /o {-7.759 -1.495} {-4.139 0.201}
[18:01:32.32] /# gi::executeAction deCanvasZoomInAtPoint -in [gi::getWindows 7]
[18:01:32.32] /i de::zoom -window [gi::getWindows 7] -factor 2.0 -center {-5.803 -1.131}
[18:01:32.32] /o {-6.781 -1.313} {-4.971 -0.465}
[18:01:36.33] /# gi::executeAction deAbortCommand -in [gi::getWindows 7]
[18:01:36.33] /i de::abortCommand -context [db::getNext [de::getContexts -window 7]]
[18:01:39.13] /# gi::executeAction leRuler -in [gi::getWindows 7]
[18:01:39.13] /i ile::createRuler
[18:01:42.66] /# gi::executeAction deAddPoint -in [gi::getWindows 7]
[18:01:42.66] /i de::addPoint {-5.042 -0.8} -context [db::getNext [de::getContexts -window 7]]
[18:01:47.70] /# gi::executeAction deAbortCommand -in [gi::getWindows 7]
[18:01:47.70] /i de::abortCommand -context [db::getNext [de::getContexts -window 7]]
[18:01:49.14] /# gi::executeAction deViewportPrevious -in [gi::getWindows 7]
[18:01:49.14] /i de::gotoViewport -window 7 -dir -1
[18:01:49.14] /o {-7.759 -1.495} {-4.139 0.201}
[18:01:50.53] /# gi::executeAction deCanvasZoomInAtPoint -in [gi::getWindows 7]
[18:01:50.53] /i de::zoom -window [gi::getWindows 7] -factor 2.0 -center {-4.883 -0.951}
[18:01:50.53] /o {-6.321 -1.223} {-4.511 -0.375}
[18:01:54.28] /# gi::executeAction leRuler -in [gi::getWindows 7]
[18:01:54.28] /i ile::createRuler
[18:01:56.35] /# gi::executeAction deAddPoint -in [gi::getWindows 7]
[18:01:56.35] /i de::addPoint {-5.084 -0.955} -context [db::getNext [de::getContexts -window 7]]
[18:02:00.63] /# gi::executeAction deAbortCommand -in [gi::getWindows 7]
[18:02:00.63] /i de::abortCommand -context [db::getNext [de::getContexts -window 7]]
[18:02:03.96] /# gi::executeAction deCanvasZoomOutAtPoint -in [gi::getWindows 7]
[18:02:03.96] /i de::zoom -window [gi::getWindows 7] -factor 0.5 -center {-5.092 -1.032}
[18:02:03.96] /o {-7.55 -1.414} {-3.93 0.282}
[18:02:04.12] /# gi::executeAction deCanvasZoomOutAtPoint -in [gi::getWindows 7]
[18:02:04.12] /i de::zoom -window [gi::getWindows 7] -factor 0.5 -center {-5.091 -1.031}
[18:02:04.12] /o {-10.009 -1.797} {-2.769 1.595}
[18:02:07.36] /# gi::executeAction dePan -in [gi::getWindows 7]
[18:02:07.36] /i ide::pan [db::getNext [de::getContexts -window 7]]
[18:02:07.74] /# gi::executeAction deStartDrag -in [gi::getWindows 7]
[18:02:07.74] /i de::startDrag {-5.276 -0.336} -context [db::getNext [de::getContexts -window 7]]
[18:02:16.50] /# gi::executeAction deEndDrag -in [gi::getWindows 7]
[18:02:16.50] /i de::endDrag {-5.285 -0.336} -context [db::getNext [de::getContexts -window 7]]
[18:02:16.50] /r dePanToPoint {-4.827 -0.672}
[18:02:17.32] /# gi::executeAction deCanvasZoomInAtPoint -in [gi::getWindows 7]
[18:02:17.32] /i de::zoom -window [gi::getWindows 7] -factor 2.0 -center {-3.479 -1.663}
[18:02:17.32] /o {-5.963 -2.016} {-2.343 -0.32}
[18:02:19.15] /# gi::executeAction deAbortCommand -in [gi::getWindows 7]
[18:02:19.15] /i de::abortCommand -context [db::getNext [de::getContexts -window 7]]
[18:02:19.50] /# gi::executeAction deSelectActive -in [gi::getWindows 7]
[18:02:19.50] /i de::deselectAllLogic -context [db::getNext [de::getContexts -window 7]]
[18:02:21.24] /# gi::executeAction deSelectActive -in [gi::getWindows 7]
[18:02:21.24] /i de::deselectAll [db::getNext [de::getContexts -window 7]]
[18:02:21.24] /i de::select [de::getActiveFigure [gi::getWindows 7] -point {-3.488 -1.129} -index 0 -intent none]
[18:02:21.24] /o oa:0x20f5d040
[18:02:22.55] /# gi::executeAction deSelectActive -in [gi::getWindows 7]
[18:02:22.55] /i de::cycleActiveFigure [gi::getWindows 7] -direction next
[18:02:22.55] /o oa:0x1f056450
[18:02:24.47] /# gi::executeAction leMove -in [gi::getWindows 7]
[18:02:24.47] /i ile::move
[18:02:24.69] /# gi::executeAction deAddPoint -in [gi::getWindows 7]
[18:02:24.69] /i de::addPoint {-3.49 -1.089} -context [db::getNext [de::getContexts -window 7]]
[18:02:27.52] /# gi::executeAction deAddPoint -in [gi::getWindows 7]
[18:02:27.52] /i de::addPoint {-3.493 -1.182} -context [db::getNext [de::getContexts -window 7]]
[18:02:28.03] /# gi::executeAction deCanvasZoomOutAtPoint -in [gi::getWindows 7]
[18:02:28.03] /i de::zoom -window [gi::getWindows 7] -factor 0.5 -center {-3.488 -1.403}
[18:02:28.04] /o {-8.438 -2.628} {-1.198 0.764}
[18:02:29.91] /# gi::executeAction dePan -in [gi::getWindows 7]
[18:02:29.91] /i ide::pan [db::getNext [de::getContexts -window 7]]
[18:02:30.21] /# gi::executeAction deStartDrag -in [gi::getWindows 7]
[18:02:30.21] /i de::startDrag {-2.161 -1.96} -context [db::getNext [de::getContexts -window 7]]
[18:02:31.63] /# gi::executeAction deEndDrag -in [gi::getWindows 7]
[18:02:31.63] /i de::endDrag {-2.175 -1.96} -context [db::getNext [de::getContexts -window 7]]
[18:02:31.63] /r dePanToPoint {-3.108 -0.946}
[18:02:33.87] /i gi::executeAction deSaveDesign -in [gi::getWindows 7]
[18:02:33.87] /m Information: Saving design 'dff dff layout'. (DESIGN_WINDOW-004)
[18:02:38.03] /# gi::executeAction xtDRCRun -in [gi::getWindows 7]
[18:02:38.03] /i xt::physicalVerification::executeRun drc 7
[18:02:38.44] /# xt::physicalVerification::executePve drc 7
[18:02:42.52] /m Information: 
              /c =============================
              /c JobID: hercules_drc_55
              /c --- ERROR SUMMARY -----------
              /c 7.30: Minimum area of Metal 1 >= 0.04
              /c  AREA M1S { } (101) ..................................... 5 violations found.
              /c 7.32: Minimum width for Metal 2 >= 0.15
              /c  INTERNAL M2S { } (101) ................................. 1 violation found.
              /c 7.35: Minimum area of Metal 2 >= 0.06
              /c  AREA M2S { } (101) ..................................... 1 violation found.
              /c 7.62: Minimum enclosure of Diffusion within Polysilicon >= 0.13
              /c  ENCLOSE plain_diff BY POLS { } (102) ................... 1 violation found.
              /c =============================
              /c 
[18:02:43.17] /j ::xt::hercules::vue::_private::registerConnection localhost:41795 tcp143 herculesVue_18 
[18:02:43.21] /j ::xt::hercules::vue::_private::isJobReady 
[18:02:43.21] /o false
[18:02:44.21] /j ::xt::hercules::vue::_private::isJobReady 
[18:02:44.21] /o false
[18:02:45.21] /m Information: Connection established with 'Hercules-VUE' running on 'localhost'.
[18:02:45.21] /j ::xt::hercules::vue::_private::isJobReady 
[18:02:45.21] /o true
[18:02:45.22] /j ::xt::hercules::vue::startFilter LAY 
[18:02:45.58] /j ::xt::hercules::vue::setInlibPath /root/Excercise/DFlipFlop/synopsys_custom/dff.hercules.drc/. 
[18:02:45.61] /j ::xt::hercules::vue::setTopLayLCV dff dff layout 
[18:02:45.62] /j ::xt::hercules::vue::openCell dff dff layout 
[18:02:46.74] /j ::xt::hercules::vue::clearAllHighlights dff layout 
[18:02:47.87] /j ::xt::hercules::vue::clearAllHighlights dff layout 
[18:02:47.89] /j ::xt::hercules::vue::clearAllHighlights dff layout 
[18:02:47.91] /j ::xt::hercules::vue::openCell dff dff layout 
[18:02:50.51] /j ::xt::hercules::vue::clearAllHighlights dff layout 
[18:02:50.52] /j ::xt::hercules::vue::clearAllHighlights dff layout 
[18:02:50.52] /j ::xt::hercules::vue::setHighlightProperty dff layout yellow brick 
[18:02:50.54] /j ::xt::hercules::vue::addPolygonBegin 4 
[18:02:50.57] /j ::xt::hercules::vue::addPolygonPoints {-6.950 -0.710 -6.950 -0.615 -6.730 -0.615 -6.730 -0.710 -6.950 -0.710} 
[18:02:50.58] /j ::xt::hercules::vue::addPolygonEnd 
[18:02:50.58] /j ::xt::hercules::vue::setViewPort extents {-6.978 -0.722 -6.702 -0.603} LAY 
[18:02:50.62] /j ::xt::hercules::vue::addErrorDescription {"Distance: 0.095"} 
[18:02:50.62] /j ::xt::hercules::vue::drawHighlights dff layout all 
[18:02:51.73] /j ::xt::hercules::vue::clearAllHighlights dff layout 
[18:02:51.76] /j ::xt::hercules::vue::setHighlightProperty dff layout yellow brick 
[18:02:51.78] /j ::xt::hercules::vue::addPolygonBegin 4 
[18:02:51.82] /j ::xt::hercules::vue::addPolygonPoints {-6.950 -0.710 -6.950 -0.615 -6.730 -0.615 -6.730 -0.710 -6.950 -0.710} 
[18:02:51.82] /j ::xt::hercules::vue::addPolygonEnd 
[18:02:51.82] /j ::xt::hercules::vue::setViewPort extents {-6.978 -0.722 -6.702 -0.603} LAY 
[18:02:51.84] /j ::xt::hercules::vue::addErrorDescription {"Distance: 0.095"} 
[18:02:51.85] /j ::xt::hercules::vue::drawHighlights dff layout all 
[18:02:58.57] /j ::xt::hercules::vue::clearAllHighlights dff layout 
[18:02:58.60] /j ::xt::hercules::vue::clearAllHighlights dff layout 
[18:02:58.82] /m Information: Connection closed with 'Hercules-VUE' running on 'localhost'.
[18:02:59.84] /i gi::setActiveWindow 11
[18:02:59.84] /i gi::setActiveWindow 11 -raise true
[18:03:01.32] /i gi::setActiveWindow 7
[18:03:01.32] /i gi::setActiveWindow 7 -raise true
[18:03:02.07] /# gi::executeAction deCanvasZoomOutAtPoint -in [gi::getWindows 7]
[18:03:02.07] /i de::zoom -window [gi::getWindows 7] -factor 0.5 -center {-6.863 -0.629}
[18:03:02.07] /o {-7.093 -0.825} {-6.541 -0.567}
[18:03:02.58] /# gi::executeAction deCanvasZoomOutAtPoint -in [gi::getWindows 7]
[18:03:02.58] /i de::zoom -window [gi::getWindows 7] -factor 0.5 -center {-6.858 -0.64}
[18:03:02.59] /o {-7.328 -1.011} {-6.224 -0.493}
[18:03:03.48] /# gi::executeAction deCanvasZoomOutAtPoint -in [gi::getWindows 7]
[18:03:03.48] /i de::zoom -window [gi::getWindows 7] -factor 0.5 -center {-6.857 -0.641}
[18:03:03.48] /o {-7.799 -1.38} {-5.591 -0.346}
[18:03:04.25] /# gi::executeAction deCanvasZoomInAtPoint -in [gi::getWindows 7]
[18:03:04.25] /i de::zoom -window [gi::getWindows 7] -factor 2.0 -center {-6.84 -0.649}
[18:03:04.25] /o {-7.319 -1.015} {-6.215 -0.497}
[18:03:05.58] /# gi::executeAction deCanvasZoomInAtPoint -in [gi::getWindows 7]
[18:03:05.58] /i de::zoom -window [gi::getWindows 7] -factor 2.0 -center {-6.84 -0.649}
[18:03:05.58] /o {-7.08 -0.832} {-6.528 -0.573}
[18:03:16.45] /# gi::executeAction leRuler -in [gi::getWindows 7]
[18:03:16.45] /i ile::createRuler
[18:03:17.77] /# gi::executeAction deAddPoint -in [gi::getWindows 7]
[18:03:17.77] /i de::addPoint {-6.803 -0.71} -context [db::getNext [de::getContexts -window 7]]
[18:03:20.50] /# gi::executeAction deAbortCommand -in [gi::getWindows 7]
[18:03:20.50] /i de::abortCommand -context [db::getNext [de::getContexts -window 7]]
[18:03:21.07] /# gi::executeAction deCanvasZoomOutAtPoint -in [gi::getWindows 7]
[18:03:21.07] /i de::zoom -window [gi::getWindows 7] -factor 0.5 -center {-6.801 -0.643}
[18:03:21.07] /o {-7.358 -1.021} {-6.254 -0.503}
[18:03:24.81] /# gi::executeAction leStretch -in [gi::getWindows 7]
[18:03:24.81] /i ile::stretch
[18:03:26.11] /# gi::executeAction deAddPoint -in [gi::getWindows 7]
[18:03:26.11] /i de::addPoint {-6.758 -0.617} -context [db::getNext [de::getContexts -window 7]]
[18:03:26.99] /# gi::executeAction deAbortCommand -in [gi::getWindows 7]
[18:03:26.99] /i de::abortCommand -context [db::getNext [de::getContexts -window 7]]
[18:03:27.38] /i gi::executeAction deCanvasDragCancel -in [gi::getWindows 7]
[18:03:28.39] /# gi::executeAction deSelectActive -in [gi::getWindows 7]
[18:03:28.39] /i de::deselectAll [db::getNext [de::getContexts -window 7]]
[18:03:28.39] /i de::select [de::getActiveFigure [gi::getWindows 7] -point {-6.758 -0.598} -index 0 -intent none]
[18:03:28.39] /o oa:0x2396f790
[18:03:28.55] /# gi::executeAction deDescend -in [gi::getWindows 7]
[18:03:28.55] /i ide::descend 7 -inPlace false -promptView false -readOnly auto
[18:03:28.57] /r giWindowId 12
[18:03:28.60] /r giWindowGeometry 1632x849
[18:03:28.67] /# de::setActiveLPP [de::getLPPs "m1 pin" -from [db::getAttr editDesign -of [de::getContexts -window 12]]]
[18:03:28.67] /# gi::setItemSelection {lpps} -index {} -in [gi::getAssistants leObjectLayerPanel -from [gi::getWindows 7]]
[18:03:28.67] /# gi::setItemSelection {lpps} -index {m1 pin} -in [gi::getAssistants leObjectLayerPanel -from [gi::getWindows 7]]
[18:03:29.19] /# Navigating to reference90RF/n_4t/layout (I10)
[18:03:29.30] /# gi::setItemSelection {sets} -index {Valid} -in [gi::getAssistants leObjectLayerPanel -from [gi::getWindows 12]]
[18:03:29.30] /# de::setActiveLPP [de::getLPPs "m1 pin" -from [db::getAttr editDesign -of [de::getContexts -window 12]]]
[18:03:29.30] /# gi::setItemSelection {lpps} -index {m1 pin} -in [gi::getAssistants leObjectLayerPanel -from [gi::getWindows 12]]
[18:03:31.84] /i gi::executeAction giCloseWindow -in [gi::getWindows 12]
[18:03:31.87] /i gi::setActiveWindow 7
[18:03:31.87] /i gi::setActiveWindow 7 -raise true
[18:03:33.64] /# gi::executeAction deSelectActive -in [gi::getWindows 7]
[18:03:33.64] /i de::deselectAll [db::getNext [de::getContexts -window 7]]
[18:03:33.64] /i de::deselectAllLogic -context [db::getNext [de::getContexts -window 7]]
[18:03:35.12] /# gi::executeAction leStretch -in [gi::getWindows 7]
[18:03:35.12] /i ile::stretch
[18:03:36.11] /# gi::executeAction deAddPoint -in [gi::getWindows 7]
[18:03:36.11] /i de::addPoint {-6.777 -0.615} -context [db::getNext [de::getContexts -window 7]]
[18:03:38.56] /# gi::executeAction deAddPoint -in [gi::getWindows 7]
[18:03:38.56] /i de::addPoint {-6.773 -0.579} -context [db::getNext [de::getContexts -window 7]]
[18:03:40.98] /# gi::executeAction deCanvasZoomOutAtPoint -in [gi::getWindows 7]
[18:03:40.98] /i de::zoom -window [gi::getWindows 7] -factor 0.5 -center {-6.723 -0.679}
[18:03:40.98] /o {-7.994 -1.362} {-5.786 -0.328}
[18:03:42.86] /# gi::executeAction deCanvasZoomOutAtPoint -in [gi::getWindows 7]
[18:03:42.87] /i de::zoom -window [gi::getWindows 7] -factor 0.5 -center {-6.681 -0.824}
[18:03:42.87] /o {-9.307 -1.9} {-4.891 0.168}
[18:03:44.21] /# gi::executeAction leMove -in [gi::getWindows 7]
[18:03:44.21] /i ile::move
[18:03:44.74] /# gi::executeAction deStartDrag -in [gi::getWindows 7]
[18:03:44.74] /i de::startDrag {-5.74 -1.456} -context [db::getNext [de::getContexts -window 7]]
[18:03:45.82] /# gi::executeAction deEndDrag -in [gi::getWindows 7]
[18:03:45.82] /i de::endDrag {-6.007 -1.493} -context [db::getNext [de::getContexts -window 7]]
[18:03:46.10] /# gi::executeAction deAbortCommand -in [gi::getWindows 7]
[18:03:46.10] /i de::abortCommand -context [db::getNext [de::getContexts -window 7]]
[18:03:46.62] /# gi::executeAction dePan -in [gi::getWindows 7]
[18:03:46.62] /i ide::pan [db::getNext [de::getContexts -window 7]]
[18:03:46.87] /# gi::executeAction deStartDrag -in [gi::getWindows 7]
[18:03:46.87] /i de::startDrag {-5.445 -1.493} -context [db::getNext [de::getContexts -window 7]]
[18:03:47.66] /# gi::executeAction deEndDrag -in [gi::getWindows 7]
[18:03:47.66] /i de::endDrag {-5.45 -1.493} -context [db::getNext [de::getContexts -window 7]]
[18:03:47.66] /r dePanToPoint {-4.398 -0.725}
[18:03:48.37] /# gi::executeAction deStartDrag -in [gi::getWindows 7]
[18:03:48.37] /i de::startDrag {-2.561 -0.408} -context [db::getNext [de::getContexts -window 7]]
[18:03:50.90] /# gi::executeAction deEndDrag -in [gi::getWindows 7]
[18:03:50.90] /i de::endDrag {-2.547 -0.408} -context [db::getNext [de::getContexts -window 7]]
[18:03:50.90] /r dePanToPoint {-4.766 -0.435}
[18:03:51.68] /# gi::executeAction deStartDrag -in [gi::getWindows 7]
[18:03:51.68] /i de::startDrag {-5.164 -0.427} -context [db::getNext [de::getContexts -window 7]]
[18:03:52.46] /# gi::executeAction deEndDrag -in [gi::getWindows 7]
[18:03:52.46] /i de::endDrag {-5.161 -0.427} -context [db::getNext [de::getContexts -window 7]]
[18:03:52.46] /r dePanToPoint {-5.823 -0.452}
[18:03:53.10] /i gi::executeAction deSaveDesign -in [gi::getWindows 7]
[18:03:53.11] /m Information: Saving design 'dff dff layout'. (DESIGN_WINDOW-004)
[18:03:55.95] /j ::xt::hercules::vue::clearAllHighlights dff layout 
[18:03:55.97] /j ::xt::hercules::vue::clearAllHighlights dff layout 
[18:03:55.98] /j ::xt::hercules::vue::setHighlightProperty dff layout yellow brick 
[18:03:56.00] /j ::xt::hercules::vue::addPolygonBegin 4 
[18:03:56.04] /j ::xt::hercules::vue::addPolygonPoints {-4.465 -0.375 -4.465 -0.165 -4.315 -0.165 -4.315 -0.375 -4.465 -0.375} 
[18:03:56.05] /j ::xt::hercules::vue::addPolygonEnd 
[18:03:56.05] /j ::xt::hercules::vue::setViewPort extents {-4.484 -0.401 -4.296 -0.139} LAY 
[18:03:56.07] /j ::xt::hercules::vue::addErrorDescription {"Area: 0.032"} 
[18:03:56.08] /j ::xt::hercules::vue::drawHighlights dff layout all 
[18:03:57.49] /j ::xt::hercules::vue::clearAllHighlights dff layout 
[18:03:57.51] /j ::xt::hercules::vue::setHighlightProperty dff layout yellow brick 
[18:03:57.51] /j ::xt::hercules::vue::addPolygonBegin 4 
[18:03:57.57] /j ::xt::hercules::vue::addPolygonPoints {-4.465 -0.375 -4.465 -0.165 -4.315 -0.165 -4.315 -0.375 -4.465 -0.375} 
[18:03:57.57] /j ::xt::hercules::vue::addPolygonEnd 
[18:03:57.57] /j ::xt::hercules::vue::setViewPort extents {-4.484 -0.401 -4.296 -0.139} LAY 
[18:03:57.60] /j ::xt::hercules::vue::addErrorDescription {"Area: 0.032"} 
[18:03:57.61] /j ::xt::hercules::vue::drawHighlights dff layout all 
[18:03:59.52] /# gi::executeAction deCanvasZoomOutAtPoint -in [gi::getWindows 7]
[18:03:59.52] /i de::zoom -window [gi::getWindows 7] -factor 0.5 -center {-4.337 -0.301}
[18:03:59.52] /o {-5.002 -0.501} {-3.884 0.023}
[18:04:00.03] /# gi::executeAction deCanvasZoomOutAtPoint -in [gi::getWindows 7]
[18:04:00.03] /i de::zoom -window [gi::getWindows 7] -factor 0.5 -center {-4.338 -0.302}
[18:04:00.03] /o {-5.666 -0.7} {-3.43 0.348}
[18:04:04.99] /# gi::executeAction deCanvasZoomOutAtPoint -in [gi::getWindows 7]
[18:04:04.99] /i de::zoom -window [gi::getWindows 7] -factor 0.5 -center {-4.267 -0.428}
[18:04:05.00] /o {-7.066 -0.972} {-2.592 1.124}
[18:04:05.03] /# gi::executeAction deCanvasZoomOutAtPoint -in [gi::getWindows 7]
[18:04:05.03] /i de::zoom -window [gi::getWindows 7] -factor 0.5 -center {-4.267 -0.428}
[18:04:05.03] /o {-9.865 -1.516} {-0.917 2.676}
[18:04:07.34] /# gi::executeAction deCanvasZoomInAtPoint -in [gi::getWindows 7]
[18:04:07.34] /i de::zoom -window [gi::getWindows 7] -factor 2.0 -center {-4.175 -0.821}
[18:04:07.34] /o {-7.02 -1.168} {-2.546 0.928}
[18:04:09.13] /# gi::executeAction deCanvasZoomInAtPoint -in [gi::getWindows 7]
[18:04:09.13] /i de::zoom -window [gi::getWindows 7] -factor 2.0 -center {-4.175 -0.821}
[18:04:09.13] /o {-5.597 -0.995} {-3.361 0.053}
[18:04:10.05] /# gi::executeAction deCanvasZoomOutAtPoint -in [gi::getWindows 7]
[18:04:10.05] /i de::zoom -window [gi::getWindows 7] -factor 0.5 -center {-4.175 -0.821}
[18:04:10.05] /o {-7.02 -1.168} {-2.546 0.928}
[18:04:14.20] /j ::xt::hercules::vue::clearAllHighlights dff layout 
[18:04:14.21] /j ::xt::hercules::vue::clearAllHighlights dff layout 
[18:04:14.24] /j ::xt::hercules::vue::setHighlightProperty dff layout yellow brick 
[18:04:14.24] /j ::xt::hercules::vue::addPolygonBegin 4 
[18:04:14.28] /j ::xt::hercules::vue::addPolygonPoints {-0.699 -1.141 -0.836 -1.096 -0.836 -1.094 -0.699 -1.139 -0.699 -1.141} 
[18:04:14.29] /j ::xt::hercules::vue::addPolygonEnd 
[18:04:14.29] /j ::xt::hercules::vue::setViewPort extents {-0.853 -1.147 -0.682 -1.088} LAY 
[18:04:14.31] /j ::xt::hercules::vue::addErrorDescription {"Distance: 0.142"} 
[18:04:14.32] /j ::xt::hercules::vue::drawHighlights dff layout all 
[18:04:15.49] /j ::xt::hercules::vue::clearAllHighlights dff layout 
[18:04:15.51] /j ::xt::hercules::vue::clearAllHighlights dff layout 
[18:04:15.53] /j ::xt::hercules::vue::setHighlightProperty dff layout yellow brick 
[18:04:15.56] /j ::xt::hercules::vue::addPolygonBegin 4 
[18:04:15.59] /j ::xt::hercules::vue::addPolygonPoints {-0.699 -1.141 -0.836 -1.096 -0.836 -1.094 -0.699 -1.139 -0.699 -1.141} 
[18:04:15.59] /j ::xt::hercules::vue::addPolygonEnd 
[18:04:15.59] /j ::xt::hercules::vue::setViewPort extents {-0.853 -1.147 -0.682 -1.088} LAY 
[18:04:15.61] /j ::xt::hercules::vue::addErrorDescription {"Distance: 0.142"} 
[18:04:15.62] /j ::xt::hercules::vue::drawHighlights dff layout all 
[18:04:16.97] /j ::xt::hercules::vue::clearAllHighlights dff layout 
[18:04:17.01] /j ::xt::hercules::vue::setHighlightProperty dff layout yellow brick 
[18:04:17.01] /j ::xt::hercules::vue::addPolygonBegin 4 
[18:04:17.06] /j ::xt::hercules::vue::addPolygonPoints {-0.699 -1.141 -0.836 -1.096 -0.836 -1.094 -0.699 -1.139 -0.699 -1.141} 
[18:04:17.06] /j ::xt::hercules::vue::addPolygonEnd 
[18:04:17.06] /j ::xt::hercules::vue::setViewPort extents {-0.853 -1.147 -0.682 -1.088} LAY 
[18:04:17.10] /j ::xt::hercules::vue::addErrorDescription {"Distance: 0.142"} 
[18:04:17.11] /j ::xt::hercules::vue::drawHighlights dff layout all 
[18:04:17.92] /j ::xt::hercules::vue::clearAllHighlights dff layout 
[18:04:17.95] /j ::xt::hercules::vue::setHighlightProperty dff layout yellow brick 
[18:04:17.97] /j ::xt::hercules::vue::addPolygonBegin 4 
[18:04:18.00] /j ::xt::hercules::vue::addPolygonPoints {-0.699 -1.141 -0.836 -1.096 -0.836 -1.094 -0.699 -1.139 -0.699 -1.141} 
[18:04:18.00] /j ::xt::hercules::vue::addPolygonEnd 
[18:04:18.00] /j ::xt::hercules::vue::setViewPort extents {-0.853 -1.147 -0.682 -1.088} LAY 
[18:04:18.01] /j ::xt::hercules::vue::addErrorDescription {"Distance: 0.142"} 
[18:04:18.02] /j ::xt::hercules::vue::drawHighlights dff layout all 
[18:04:19.81] /# gi::executeAction deCanvasZoomOutAtPoint -in [gi::getWindows 7]
[18:04:19.81] /i de::zoom -window [gi::getWindows 7] -factor 0.5 -center {-0.748 -1.137}
[18:04:19.82] /o {-0.958 -1.178} {-0.616 -1.018}
[18:04:19.95] /# gi::executeAction deCanvasZoomOutAtPoint -in [gi::getWindows 7]
[18:04:19.95] /i de::zoom -window [gi::getWindows 7] -factor 0.5 -center {-0.748 -1.137}
[18:04:19.95] /o {-1.168 -1.219} {-0.484 -0.899}
[18:04:20.37] /# gi::executeAction deCanvasZoomOutAtPoint -in [gi::getWindows 7]
[18:04:20.37] /i de::zoom -window [gi::getWindows 7] -factor 0.5 -center {-0.749 -1.138}
[18:04:20.37] /o {-1.587 -1.3} {-0.219 -0.66}
[18:04:20.86] /# gi::executeAction deCanvasZoomOutAtPoint -in [gi::getWindows 7]
[18:04:20.86] /i de::zoom -window [gi::getWindows 7] -factor 0.5 -center {-0.748 -1.138}
[18:04:20.86] /o {-2.426 -1.463} {0.31 -0.181}
[18:04:21.52] /# gi::executeAction deCanvasZoomInAtPoint -in [gi::getWindows 7]
[18:04:21.52] /i de::zoom -window [gi::getWindows 7] -factor 2.0 -center {-0.681 -1.153}
[18:04:21.52] /o {-1.553 -1.308} {-0.185 -0.667}
[18:04:21.68] /# gi::executeAction deCanvasZoomInAtPoint -in [gi::getWindows 7]
[18:04:21.68] /i de::zoom -window [gi::getWindows 7] -factor 2.0 -center {-0.681 -1.153}
[18:04:21.68] /o {-1.117 -1.23} {-0.433 -0.91}
[18:04:22.68] /# gi::executeAction deCanvasZoomOutAtPoint -in [gi::getWindows 7]
[18:04:22.68] /i de::zoom -window [gi::getWindows 7] -factor 0.5 -center {-0.681 -1.153}
[18:04:22.68] /o {-1.553 -1.308} {-0.185 -0.667}
[18:04:23.15] /# gi::executeAction deCanvasZoomOutAtPoint -in [gi::getWindows 7]
[18:04:23.15] /i de::zoom -window [gi::getWindows 7] -factor 0.5 -center {-0.681 -1.153}
[18:04:23.15] /o {-2.426 -1.463} {0.31 -0.181}
[18:04:27.82] /j ::xt::hercules::vue::clearAllHighlights dff layout 
[18:04:27.82] /j ::xt::hercules::vue::clearAllHighlights dff layout 
[18:04:27.84] /j ::xt::hercules::vue::setHighlightProperty dff layout yellow brick 
[18:04:27.86] /j ::xt::hercules::vue::addPolygonBegin 4 
[18:04:27.90] /j ::xt::hercules::vue::addPolygonPoints {-1.445 -0.920 -1.445 -0.750 -1.345 -0.750 -1.345 -0.920 -1.445 -0.920} 
[18:04:27.90] /j ::xt::hercules::vue::addPolygonEnd 
[18:04:27.90] /j ::xt::hercules::vue::setViewPort extents {-1.458 -0.941 -1.333 -0.729} LAY 
[18:04:27.92] /j ::xt::hercules::vue::addErrorDescription {"Area: 0.017"} 
[18:04:27.92] /j ::xt::hercules::vue::drawHighlights dff layout all 
[18:04:29.10] /j ::xt::hercules::vue::clearAllHighlights dff layout 
[18:04:29.12] /j ::xt::hercules::vue::setHighlightProperty dff layout yellow brick 
[18:04:29.14] /j ::xt::hercules::vue::addPolygonBegin 4 
[18:04:29.18] /j ::xt::hercules::vue::addPolygonPoints {-1.445 -0.920 -1.445 -0.750 -1.345 -0.750 -1.345 -0.920 -1.445 -0.920} 
[18:04:29.18] /j ::xt::hercules::vue::addPolygonEnd 
[18:04:29.18] /j ::xt::hercules::vue::setViewPort extents {-1.458 -0.941 -1.333 -0.729} LAY 
[18:04:29.20] /j ::xt::hercules::vue::addErrorDescription {"Area: 0.017"} 
[18:04:29.21] /j ::xt::hercules::vue::drawHighlights dff layout all 
[18:04:33.79] /# gi::executeAction deCanvasZoomOutAtPoint -in [gi::getWindows 7]
[18:04:33.79] /i de::zoom -window [gi::getWindows 7] -factor 0.5 -center {-1.325 -0.879}
[18:04:33.79] /o {-1.919 -1.003} {-1.013 -0.579}
[18:04:34.36] /# gi::executeAction deCanvasZoomOutAtPoint -in [gi::getWindows 7]
[18:04:34.36] /i de::zoom -window [gi::getWindows 7] -factor 0.5 -center {-1.325 -0.879}
[18:04:34.36] /o {-2.512 -1.127} {-0.702 -0.279}
[18:04:35.22] /# gi::executeAction deCanvasZoomInAtPoint -in [gi::getWindows 7]
[18:04:35.22] /i de::zoom -window [gi::getWindows 7] -factor 2.0 -center {-1.288 -0.965}
[18:04:35.22] /o {-1.9 -1.046} {-0.995 -0.622}
[18:04:54.44] /# gi::executeAction deCanvasZoomOutAtPoint -in [gi::getWindows 7]
[18:04:54.44] /i de::zoom -window [gi::getWindows 7] -factor 0.5 -center {-1.372 -0.836}
[18:04:54.44] /o {-2.428 -1.256} {-0.618 -0.408}
[18:04:54.53] /# gi::executeAction deCanvasZoomOutAtPoint -in [gi::getWindows 7]
[18:04:54.53] /i de::zoom -window [gi::getWindows 7] -factor 0.5 -center {-1.371 -0.835}
[18:04:54.53] /o {-3.485 -1.677} {0.135 0.019}
[18:04:59.77] /# gi::executeAction deAbortCommand -in [gi::getWindows 7]
[18:04:59.77] /i de::abortCommand -context [db::getNext [de::getContexts -window 7]]
[18:05:00.37] /# gi::executeAction deSelectActive -in [gi::getWindows 7]
[18:05:00.37] /i de::deselectAllLogic -context [db::getNext [de::getContexts -window 7]]
[18:05:00.99] /# gi::executeAction deSelectActive -in [gi::getWindows 7]
[18:05:00.99] /i de::deselectAll [db::getNext [de::getContexts -window 7]]
[18:05:00.99] /i de::select [de::getActiveFigure [gi::getWindows 7] -point {-1.678 -1.175} -index 0 -intent none]
[18:05:00.99] /o oa:0x1e37ecc0
[18:05:01.87] /# gi::executeAction leMove -in [gi::getWindows 7]
[18:05:01.88] /i ile::move
[18:05:02.12] /# gi::executeAction deAddPoint -in [gi::getWindows 7]
[18:05:02.12] /i de::addPoint {-1.678 -1.175} -context [db::getNext [de::getContexts -window 7]]
[18:05:16.00] /# gi::executeAction deCanvasZoomInAtPoint -in [gi::getWindows 7]
[18:05:16.00] /i de::zoom -window [gi::getWindows 7] -factor 2.0 -center {-1.669 -0.983}
[18:05:16.00] /o {-2.577 -1.33} {-0.767 -0.482}
[18:05:17.19] /# gi::executeAction deCanvasZoomOutAtPoint -in [gi::getWindows 7]
[18:05:17.19] /i de::zoom -window [gi::getWindows 7] -factor 0.5 -center {-1.658 -1.012}
[18:05:17.20] /o {-3.496 -1.648} {0.124 0.048}
[18:05:20.57] /# gi::executeAction deAddPoint -in [gi::getWindows 7]
[18:05:20.57] /i de::addPoint {-1.671 -1.067} -context [db::getNext [de::getContexts -window 7]]
[18:05:21.37] /# gi::executeAction dePan -in [gi::getWindows 7]
[18:05:21.37] /i ide::pan [db::getNext [de::getContexts -window 7]]
[18:05:21.65] /# gi::executeAction deStartDrag -in [gi::getWindows 7]
[18:05:21.65] /i de::startDrag {-2.574 -1.498} -context [db::getNext [de::getContexts -window 7]]
[18:05:22.07] /# gi::executeAction deEndDrag -in [gi::getWindows 7]
[18:05:22.07] /i de::endDrag {-2.549 -1.498} -context [db::getNext [de::getContexts -window 7]]
[18:05:22.07] /r dePanToPoint {-3.255 -0.802}
[18:05:22.49] /# gi::executeAction deStartDrag -in [gi::getWindows 7]
[18:05:22.49] /i de::startDrag {-4.667 -1.482} -context [db::getNext [de::getContexts -window 7]]
[18:05:22.91] /# gi::executeAction deEndDrag -in [gi::getWindows 7]
[18:05:22.91] /i de::endDrag {-4.648 -1.482} -context [db::getNext [de::getContexts -window 7]]
[18:05:22.91] /r dePanToPoint {-5.195 -0.775}
[18:05:23.44] /# gi::executeAction deStartDrag -in [gi::getWindows 7]
[18:05:23.44] /i de::startDrag {-6.056 -1.427} -context [db::getNext [de::getContexts -window 7]]
[18:05:24.09] /# gi::executeAction deEndDrag -in [gi::getWindows 7]
[18:05:24.09] /i de::endDrag {-6.047 -1.427} -context [db::getNext [de::getContexts -window 7]]
[18:05:24.09] /r dePanToPoint {-5.712 -0.775}
[18:05:24.40] /# gi::executeAction deCanvasZoomInAtPoint -in [gi::getWindows 7]
[18:05:24.40] /i de::zoom -window [gi::getWindows 7] -factor 2.0 -center {-6.13 -1.293}
[18:05:24.40] /o {-6.826 -1.458} {-5.016 -0.61}
[18:05:25.84] /# gi::executeAction deCanvasZoomOutAtPoint -in [gi::getWindows 7]
[18:05:25.84] /i de::zoom -window [gi::getWindows 7] -factor 0.5 -center {-5.999 -1.272}
[18:05:25.84] /o {-7.653 -1.644} {-4.033 0.052}
[18:05:27.36] /i gi::executeAction deSaveDesign -in [gi::getWindows 7]
[18:05:27.36] /m Information: Saving design 'dff dff layout'. (DESIGN_WINDOW-004)
[18:05:27.57] /i gi::executeAction deSaveDesign -in [gi::getWindows 7]
[18:05:27.57] /m Information: Saving design 'dff dff layout'. (DESIGN_WINDOW-004)
[18:05:27.77] /i gi::executeAction deSaveDesign -in [gi::getWindows 7]
[18:05:27.77] /m Information: Saving design 'dff dff layout'. (DESIGN_WINDOW-004)
[18:05:36.40] /i gi::executeAction leLayoutVerificationTool -in [gi::getWindows 7]
[18:05:38.79] /# gi::executeAction xtDRCRun -in [gi::getWindows 7]
[18:05:38.79] /i xt::physicalVerification::executeRun drc 7
[18:05:39.10] /# xt::physicalVerification::executePve drc 7
[18:05:43.82] /m Information: 
              /c =============================
              /c JobID: hercules_drc_56
              /c --- ERROR SUMMARY -----------
              /c 7.30: Minimum area of Metal 1 >= 0.04
              /c  AREA M1S { } (101) ..................................... 5 violations found.
              /c 7.35: Minimum area of Metal 2 >= 0.06
              /c  AREA M2S { } (101) ..................................... 1 violation found.
              /c =============================
              /c 
[18:05:44.35] /j ::xt::hercules::vue::_private::registerConnection localhost:33915 tcp149 herculesVue_19 
[18:05:44.41] /j ::xt::hercules::vue::_private::isJobReady 
[18:05:44.41] /o false
[18:05:45.41] /j ::xt::hercules::vue::_private::isJobReady 
[18:05:45.41] /o false
[18:05:46.41] /m Information: Connection established with 'Hercules-VUE' running on 'localhost'.
[18:05:46.41] /j ::xt::hercules::vue::_private::isJobReady 
[18:05:46.41] /o true
[18:05:46.42] /j ::xt::hercules::vue::startFilter LAY 
[18:05:47.04] /j ::xt::hercules::vue::setInlibPath /root/Excercise/DFlipFlop/synopsys_custom/dff.hercules.drc/. 
[18:05:47.06] /j ::xt::hercules::vue::setTopLayLCV dff dff layout 
[18:05:47.08] /j ::xt::hercules::vue::openCell dff dff layout 
[18:05:48.71] /j ::xt::hercules::vue::clearAllHighlights dff layout 
[18:05:51.41] /j ::xt::hercules::vue::clearAllHighlights dff layout 
[18:05:51.42] /j ::xt::hercules::vue::clearAllHighlights dff layout 
[18:05:51.44] /j ::xt::hercules::vue::openCell dff dff layout 
[18:05:52.36] /j ::xt::hercules::vue::clearAllHighlights dff layout 
[18:05:52.38] /j ::xt::hercules::vue::clearAllHighlights dff layout 
[18:05:52.40] /j ::xt::hercules::vue::setHighlightProperty dff layout yellow brick 
[18:05:52.41] /j ::xt::hercules::vue::addPolygonBegin 4 
[18:05:52.46] /j ::xt::hercules::vue::addPolygonPoints {-4.465 -0.375 -4.465 -0.165 -4.315 -0.165 -4.315 -0.375 -4.465 -0.375} 
[18:05:52.46] /j ::xt::hercules::vue::addPolygonEnd 
[18:05:52.46] /j ::xt::hercules::vue::setViewPort extents {-4.484 -0.401 -4.296 -0.139} LAY 
[18:05:52.48] /j ::xt::hercules::vue::addErrorDescription {"Area: 0.032"} 
[18:05:52.50] /j ::xt::hercules::vue::drawHighlights dff layout all 
[18:05:55.22] /j ::xt::hercules::vue::clearAllHighlights dff layout 
[18:05:55.25] /j ::xt::hercules::vue::setHighlightProperty dff layout yellow brick 
[18:05:55.28] /j ::xt::hercules::vue::addPolygonBegin 4 
[18:05:55.31] /j ::xt::hercules::vue::addPolygonPoints {-4.465 -0.375 -4.465 -0.165 -4.315 -0.165 -4.315 -0.375 -4.465 -0.375} 
[18:05:55.31] /j ::xt::hercules::vue::addPolygonEnd 
[18:05:55.32] /j ::xt::hercules::vue::setViewPort extents {-4.484 -0.401 -4.296 -0.139} LAY 
[18:05:55.33] /j ::xt::hercules::vue::addErrorDescription {"Area: 0.032"} 
[18:05:55.33] /j ::xt::hercules::vue::drawHighlights dff layout all 
[18:06:00.46] /j ::xt::hercules::vue::clearAllHighlights dff layout 
[18:06:00.49] /j ::xt::hercules::vue::clearAllHighlights dff layout 
[18:06:00.61] /m Information: Connection closed with 'Hercules-VUE' running on 'localhost'.
[18:06:01.86] /i gi::setActiveWindow 11
[18:06:01.86] /i gi::setActiveWindow 11 -raise true
[18:06:03.46] /i gi::setActiveWindow 7
[18:06:03.46] /i gi::setActiveWindow 7 -raise true
[18:06:04.21] /# gi::executeAction deCanvasZoomOutAtPoint -in [gi::getWindows 7]
[18:06:04.21] /i de::zoom -window [gi::getWindows 7] -factor 0.5 -center {-4.239 -0.223}
[18:06:04.22] /o {-5.1 -0.579} {-3.982 -0.055}
[18:06:04.51] /# gi::executeAction deCanvasZoomOutAtPoint -in [gi::getWindows 7]
[18:06:04.51] /i de::zoom -window [gi::getWindows 7] -factor 0.5 -center {-4.239 -0.223}
[18:06:04.51] /o {-5.961 -0.935} {-3.725 0.113}
[18:06:06.75] /# gi::executeAction deCanvasZoomInAtPoint -in [gi::getWindows 7]
[18:06:06.76] /i de::zoom -window [gi::getWindows 7] -factor 2.0 -center {-4.247 -0.279}
[18:06:06.76] /o {-5.104 -0.607} {-3.986 -0.083}
[18:06:07.07] /# gi::executeAction deCanvasZoomOutAtPoint -in [gi::getWindows 7]
[18:06:07.07] /i de::zoom -window [gi::getWindows 7] -factor 0.5 -center {-4.247 -0.279}
[18:06:07.07] /o {-5.961 -0.935} {-3.725 0.113}
[18:06:07.10] /# gi::executeAction deCanvasZoomOutAtPoint -in [gi::getWindows 7]
[18:06:07.10] /i de::zoom -window [gi::getWindows 7] -factor 0.5 -center {-4.247 -0.279}
[18:06:07.10] /o {-7.676 -1.591} {-3.202 0.505}
[18:06:07.16] /# gi::executeAction deCanvasZoomOutAtPoint -in [gi::getWindows 7]
[18:06:07.16] /i de::zoom -window [gi::getWindows 7] -factor 0.5 -center {-4.247 -0.278}
[18:06:07.16] /o {-11.105 -2.904} {-2.157 1.288}
[18:06:08.41] /# gi::executeAction deCanvasZoomInAtPoint -in [gi::getWindows 7]
[18:06:08.41] /i de::zoom -window [gi::getWindows 7] -factor 2.0 -center {-4.099 -0.381}
[18:06:08.41] /o {-7.602 -1.642} {-3.128 0.454}
[18:06:11.49] /# gi::executeAction deCanvasZoomInAtPoint -in [gi::getWindows 7]
[18:06:11.49] /i de::zoom -window [gi::getWindows 7] -factor 2.0 -center {-5.127 -1.224}
[18:06:11.49] /o {-6.364 -1.433} {-4.128 -0.385}
[18:06:12.31] /# gi::executeAction deCanvasZoomInAtPoint -in [gi::getWindows 7]
[18:06:12.31] /i de::zoom -window [gi::getWindows 7] -factor 2.0 -center {-4.921 -1.123}
[18:06:12.31] /o {-5.643 -1.278} {-4.524 -0.754}
[18:06:13.86] /# gi::executeAction deCanvasZoomOutAtPoint -in [gi::getWindows 7]
[18:06:13.86] /i de::zoom -window [gi::getWindows 7] -factor 0.5 -center {-4.921 -1.123}
[18:06:13.86] /o {-6.364 -1.433} {-4.128 -0.385}
[18:06:16.75] /# gi::executeAction leStretch -in [gi::getWindows 7]
[18:06:16.75] /i ile::stretch
[18:06:18.48] /# gi::executeAction deAbortCommand -in [gi::getWindows 7]
[18:06:18.48] /i de::abortCommand -context [db::getNext [de::getContexts -window 7]]
[18:06:18.84] /# gi::executeAction deSelectActive -in [gi::getWindows 7]
[18:06:18.84] /i de::deselectAll [db::getNext [de::getContexts -window 7]]
[18:06:18.84] /i de::deselectAllLogic -context [db::getNext [de::getContexts -window 7]]
[18:06:19.04] /# gi::executeAction deSelectActive -in [gi::getWindows 7]
[18:06:19.05] /i de::deselectAllLogic -context [db::getNext [de::getContexts -window 7]]
[18:06:19.56] /# gi::executeAction leStretch -in [gi::getWindows 7]
[18:06:19.56] /i ile::stretch
[18:06:20.72] /# gi::executeAction deAddPoint -in [gi::getWindows 7]
[18:06:20.72] /i de::addPoint {-6.102 -1.154} -context [db::getNext [de::getContexts -window 7]]
[18:06:22.37] /# gi::executeAction deAddPoint -in [gi::getWindows 7]
[18:06:22.37] /i de::addPoint {-6.098 -1.137} -context [db::getNext [de::getContexts -window 7]]
[18:06:23.22] /# gi::executeAction deCanvasZoomOutAtPoint -in [gi::getWindows 7]
[18:06:23.22] /i de::zoom -window [gi::getWindows 7] -factor 0.5 -center {-5.228 -1.201}
[18:06:23.22] /o {-7.501 -1.665} {-3.027 0.431}
[18:06:54.18] /# gi::executeAction leVia -in [gi::getWindows 7]
[18:06:54.18] /i ile::createVia
[18:06:54.23] /o oa:0x250e8620
[18:07:02.47] /# gi::executeAction deAddPoint -in [gi::getWindows 7]
[18:07:02.47] /i de::addPoint {-3.488 -0.276} -context [db::getNext [de::getContexts -window 7]]
[18:07:18.65] /i gi::setField {viaDefName} -value {poly_cust} -in [gi::getToolbars {deCommandOptions} -from [gi::getWindows 7]]
[18:07:28.17] /# gi::executeAction deAddPoint -in [gi::getWindows 7]
[18:07:28.17] /i de::addPoint {-4.4 -0.612} -context [db::getNext [de::getContexts -window 7]]
[18:07:33.39] /# gi::executeAction deAddPoint -in [gi::getWindows 7]
[18:07:33.39] /i de::addPoint {-3.494 -0.62} -context [db::getNext [de::getContexts -window 7]]
[18:07:35.16] /# gi::executeAction deAbortCommand -in [gi::getWindows 7]
[18:07:35.16] /i de::abortCommand -context [db::getNext [de::getContexts -window 7]]
[18:07:37.35] /# gi::executeAction deCanvasZoomInAtPoint -in [gi::getWindows 7]
[18:07:37.35] /i de::zoom -window [gi::getWindows 7] -factor 2.0 -center {-3.659 -0.395}
[18:07:37.35] /o {-5.58 -1.03} {-3.343 0.018}
[18:07:39.19] /# gi::executeAction leMove -in [gi::getWindows 7]
[18:07:39.19] /i ile::move
[18:07:40.15] /# gi::executeAction deStartDrag -in [gi::getWindows 7]
[18:07:40.15] /i de::startDrag {-3.683 -0.408} -context [db::getNext [de::getContexts -window 7]]
[18:07:41.40] /# gi::executeAction deEndDrag -in [gi::getWindows 7]
[18:07:41.40] /i de::endDrag {-3.624 -0.445} -context [db::getNext [de::getContexts -window 7]]
[18:07:41.93] /# gi::executeAction dePan -in [gi::getWindows 7]
[18:07:41.93] /i ide::pan [db::getNext [de::getContexts -window 7]]
[18:07:42.23] /# gi::executeAction deStartDrag -in [gi::getWindows 7]
[18:07:42.23] /i de::startDrag {-3.624 -0.445} -context [db::getNext [de::getContexts -window 7]]
[18:07:43.38] /# gi::executeAction deEndDrag -in [gi::getWindows 7]
[18:07:43.38] /i de::endDrag {-3.645 -0.445} -context [db::getNext [de::getContexts -window 7]]
[18:07:43.38] /r dePanToPoint {-3.877 -0.499}
[18:07:44.66] /# gi::setCurrentIndex {lpps} -index {poly drw} -in [gi::getAssistants leObjectLayerPanel -from [gi::getWindows 7]]
[18:07:44.66] /# gi::setItemSelection {lpps} -index {poly drw} -in [gi::getAssistants leObjectLayerPanel -from [gi::getWindows 7]]
[18:07:44.72] /# gi::executeAction leOLPSetActiveLPP -in [gi::getAssistants leObjectLayerPanel -from [gi::getWindows 7]]
[18:07:44.72] /i de::setActiveLPP [de::getLPPs -from [oa::DesignFind dff dff layout] -filter {%lpp =="poly drawing"}]
[18:07:46.28] /# gi::executeAction leRectangle -in [gi::getWindows 7]
[18:07:46.29] /i ile::createRectangle
[18:07:48.55] /# gi::executeAction deAddPoint -in [gi::getWindows 7]
[18:07:48.55] /i de::addPoint {-3.901 -0.545} -context [db::getNext [de::getContexts -window 7]]
[18:07:51.44] /# gi::executeAction deAbortCommand -in [gi::getWindows 7]
[18:07:51.44] /i de::abortCommand -context [db::getNext [de::getContexts -window 7]]
[18:07:52.47] /# gi::executeAction leRectangle -in [gi::getWindows 7]
[18:07:52.47] /i ile::createRectangle
[18:07:55.61] /# gi::executeAction deAddPoint -in [gi::getWindows 7]
[18:07:55.61] /i de::addPoint {-3.901 -0.538} -context [db::getNext [de::getContexts -window 7]]
[18:08:01.32] /# gi::executeAction deAddPoint -in [gi::getWindows 7]
[18:08:01.32] /i de::addPoint {-4.495 -0.694} -context [db::getNext [de::getContexts -window 7]]
[18:08:05.02] /# gi::executeAction deAddPoint -in [gi::getWindows 7]
[18:08:05.02] /i de::addPoint {-2.99 -0.552} -context [db::getNext [de::getContexts -window 7]]
[18:08:09.08] /# gi::executeAction deAddPoint -in [gi::getWindows 7]
[18:08:09.08] /i de::addPoint {-3.588 -0.708} -context [db::getNext [de::getContexts -window 7]]
[18:08:12.37] /# gi::setCurrentIndex {lpps} -index {m1 drw} -in [gi::getAssistants leObjectLayerPanel -from [gi::getWindows 7]]
[18:08:12.37] /# gi::setItemSelection {lpps} -index {m1 drw} -in [gi::getAssistants leObjectLayerPanel -from [gi::getWindows 7]]
[18:08:12.41] /# gi::executeAction leOLPSetActiveLPP -in [gi::getAssistants leObjectLayerPanel -from [gi::getWindows 7]]
[18:08:12.41] /i de::setActiveLPP [de::getLPPs -from [oa::DesignFind dff dff layout] -filter {%lpp =="m1 drawing"}]
[18:08:20.15] /# gi::executeAction deAddPoint -in [gi::getWindows 7]
[18:08:20.15] /i de::addPoint {-3.552 -0.671} -context [db::getNext [de::getContexts -window 7]]
[18:08:23.93] /# gi::executeAction deAddPoint -in [gi::getWindows 7]
[18:08:23.93] /i de::addPoint {-3.43 -0.2} -context [db::getNext [de::getContexts -window 7]]
[18:08:25.89] /# gi::executeAction deAbortCommand -in [gi::getWindows 7]
[18:08:25.89] /i de::abortCommand -context [db::getNext [de::getContexts -window 7]]
[18:08:28.05] /# gi::executeAction deSelectActive -in [gi::getWindows 7]
[18:08:28.05] /i de::deselectAll [db::getNext [de::getContexts -window 7]]
[18:08:28.05] /i de::select [de::getActiveFigure [gi::getWindows 7] -point {-4.419 -0.122} -index 0 -intent none]
[18:08:28.05] /o oa:0x24da76c0
[18:08:28.89] /# gi::executeAction deSelectActive -in [gi::getWindows 7]
[18:08:28.89] /i de::deselectAll [db::getNext [de::getContexts -window 7]]
[18:08:28.89] /i de::deselectAllLogic -context [db::getNext [de::getContexts -window 7]]
[18:08:29.80] /# gi::executeAction leStretch -in [gi::getWindows 7]
[18:08:29.80] /i ile::stretch
[18:08:30.98] /# gi::executeAction deAddPoint -in [gi::getWindows 7]
[18:08:30.98] /i de::addPoint {-4.401 -0.314} -context [db::getNext [de::getContexts -window 7]]
[18:08:35.88] /# gi::executeAction deAddPoint -in [gi::getWindows 7]
[18:08:35.88] /i de::addPoint {-4.374 -0.659} -context [db::getNext [de::getContexts -window 7]]
[18:08:38.10] /# gi::executeAction deAddPoint -in [gi::getWindows 7]
[18:08:38.10] /i de::addPoint {-4.485 -0.454} -context [db::getNext [de::getContexts -window 7]]
[18:08:41.61] /# gi::executeAction deAddPoint -in [gi::getWindows 7]
[18:08:41.61] /i de::addPoint {-4.464 -0.456} -context [db::getNext [de::getContexts -window 7]]
[18:08:42.04] /# gi::executeAction deCanvasZoomOutAtPoint -in [gi::getWindows 7]
[18:08:42.04] /i de::zoom -window [gi::getWindows 7] -factor 0.5 -center {-4.229 -0.231}
[18:08:42.04] /o {-5.763 -1.815} {-1.289 0.281}
[18:08:43.07] /# gi::executeAction deCanvasZoomInAtPoint -in [gi::getWindows 7]
[18:08:43.07] /i de::zoom -window [gi::getWindows 7] -factor 2.0 -center {-4.143 -0.218}
[18:08:43.07] /o {-4.953 -1.017} {-2.716 0.031}
[18:08:45.56] /# gi::setCurrentIndex {lpps} -index {m2 drw} -in [gi::getAssistants leObjectLayerPanel -from [gi::getWindows 7]]
[18:08:45.56] /# gi::setItemSelection {lpps} -index {m2 drw} -in [gi::getAssistants leObjectLayerPanel -from [gi::getWindows 7]]
[18:08:45.63] /# gi::executeAction leOLPSetActiveLPP -in [gi::getAssistants leObjectLayerPanel -from [gi::getWindows 7]]
[18:08:45.63] /i de::setActiveLPP [de::getLPPs -from [oa::DesignFind dff dff layout] -filter {%lpp =="m2 drawing"}]
[18:08:47.03] /# gi::executeAction leRectangle -in [gi::getWindows 7]
[18:08:47.04] /i ile::createRectangle
[18:08:51.25] /# gi::executeAction deAddPoint -in [gi::getWindows 7]
[18:08:51.25] /i de::addPoint {-4.463 -0.165} -context [db::getNext [de::getContexts -window 7]]
[18:08:59.09] /# gi::executeAction deAddPoint -in [gi::getWindows 7]
[18:08:59.09] /i de::addPoint {-3.417 -0.374} -context [db::getNext [de::getContexts -window 7]]
[18:09:00.20] /# gi::executeAction deCanvasZoomOutAtPoint -in [gi::getWindows 7]
[18:09:00.20] /i de::zoom -window [gi::getWindows 7] -factor 0.5 -center {-3.488 -0.393}
[18:09:00.20] /o {-6.418 -1.64} {-1.944 0.456}
[18:09:02.49] /# gi::executeAction deAbortCommand -in [gi::getWindows 7]
[18:09:02.49] /i de::abortCommand -context [db::getNext [de::getContexts -window 7]]
[18:09:04.33] /i gi::executeAction deCanvasDragCancel -in [gi::getWindows 7]
[18:09:05.07] /# gi::executeAction deSelectActive -in [gi::getWindows 7]
[18:09:05.07] /i de::deselectAllLogic -context [db::getNext [de::getContexts -window 7]]
[18:09:06.02] /i gi::executeAction deSaveDesign -in [gi::getWindows 7]
[18:09:06.02] /m Information: Saving design 'dff dff layout'. (DESIGN_WINDOW-004)
[18:09:06.31] /i gi::executeAction deSaveDesign -in [gi::getWindows 7]
[18:09:06.32] /m Information: Saving design 'dff dff layout'. (DESIGN_WINDOW-004)
[18:09:06.51] /i gi::executeAction deSaveDesign -in [gi::getWindows 7]
[18:09:06.51] /m Information: Saving design 'dff dff layout'. (DESIGN_WINDOW-004)
[18:09:10.90] /# gi::executeAction xtDRCRun -in [gi::getWindows 7]
[18:09:10.90] /i xt::physicalVerification::executeRun drc 7
[18:09:11.12] /# xt::physicalVerification::executePve drc 7
[18:09:15.13] /m Information: 
              /c =============================
              /c JobID: hercules_drc_57
              /c --- ERROR SUMMARY -----------
              /c 7.30: Minimum area of Metal 1 >= 0.04
              /c  AREA M1S { } (101) ..................................... 5 violations found.
              /c =============================
              /c 
[18:09:15.71] /j ::xt::hercules::vue::_private::registerConnection localhost:41336 tcp155 herculesVue_20 
[18:09:15.72] /m Information: Connection established with 'Hercules-VUE' running on 'localhost'.
[18:09:15.76] /j ::xt::hercules::vue::_private::isJobReady 
[18:09:15.76] /o true
[18:09:15.78] /j ::xt::hercules::vue::startFilter LAY 
[18:09:16.22] /j ::xt::hercules::vue::setInlibPath /root/Excercise/DFlipFlop/synopsys_custom/dff.hercules.drc/. 
[18:09:16.23] /j ::xt::hercules::vue::setTopLayLCV dff dff layout 
[18:09:16.23] /j ::xt::hercules::vue::openCell dff dff layout 
[18:09:19.63] /j ::xt::hercules::vue::clearAllHighlights dff layout 
[18:09:20.59] /j ::xt::hercules::vue::clearAllHighlights dff layout 
[18:09:20.61] /j ::xt::hercules::vue::clearAllHighlights dff layout 
[18:09:20.62] /j ::xt::hercules::vue::openCell dff dff layout 
[18:09:21.45] /j ::xt::hercules::vue::clearAllHighlights dff layout 
[18:09:21.47] /j ::xt::hercules::vue::clearAllHighlights dff layout 
[18:09:21.49] /j ::xt::hercules::vue::setHighlightProperty dff layout yellow brick 
[18:09:21.51] /j ::xt::hercules::vue::addPolygonBegin 4 
[18:09:21.55] /j ::xt::hercules::vue::addPolygonPoints {-1.445 -0.920 -1.445 -0.750 -1.345 -0.750 -1.345 -0.920 -1.445 -0.920} 
[18:09:21.55] /j ::xt::hercules::vue::addPolygonEnd 
[18:09:21.55] /j ::xt::hercules::vue::setViewPort extents {-1.458 -0.941 -1.333 -0.729} LAY 
[18:09:21.57] /j ::xt::hercules::vue::addErrorDescription {"Area: 0.017"} 
[18:09:21.59] /j ::xt::hercules::vue::drawHighlights dff layout all 
[18:09:24.58] /j ::xt::hercules::vue::clearAllHighlights dff layout 
[18:09:24.60] /j ::xt::hercules::vue::setHighlightProperty dff layout yellow brick 
[18:09:24.63] /j ::xt::hercules::vue::addPolygonBegin 4 
[18:09:24.65] /j ::xt::hercules::vue::addPolygonPoints {-1.445 -0.920 -1.445 -0.750 -1.345 -0.750 -1.345 -0.920 -1.445 -0.920} 
[18:09:24.65] /j ::xt::hercules::vue::addPolygonEnd 
[18:09:24.65] /j ::xt::hercules::vue::setViewPort extents {-1.458 -0.941 -1.333 -0.729} LAY 
[18:09:24.66] /j ::xt::hercules::vue::addErrorDescription {"Area: 0.017"} 
[18:09:24.69] /j ::xt::hercules::vue::drawHighlights dff layout all 
[18:09:25.30] /j ::xt::hercules::vue::clearAllHighlights dff layout 
[18:09:25.32] /j ::xt::hercules::vue::setHighlightProperty dff layout yellow brick 
[18:09:25.32] /j ::xt::hercules::vue::addPolygonBegin 4 
[18:09:25.38] /j ::xt::hercules::vue::addPolygonPoints {-2.355 -0.930 -2.355 -0.760 -2.255 -0.760 -2.255 -0.930 -2.355 -0.930} 
[18:09:25.38] /j ::xt::hercules::vue::addPolygonEnd 
[18:09:25.38] /j ::xt::hercules::vue::setViewPort extents {-2.367 -0.951 -2.242 -0.739} LAY 
[18:09:25.41] /j ::xt::hercules::vue::addErrorDescription {"Area: 0.017"} 
[18:09:25.42] /j ::xt::hercules::vue::drawHighlights dff layout all 
[18:09:49.88] /j ::xt::hercules::vue::clearAllHighlights dff layout 
[18:09:49.90] /j ::xt::hercules::vue::clearAllHighlights dff layout 
[18:09:50.22] /m Information: Connection closed with 'Hercules-VUE' running on 'localhost'.
[18:09:51.12] /i gi::setActiveWindow 11
[18:09:51.12] /i gi::setActiveWindow 11 -raise true
[18:09:52.48] /i gi::setActiveWindow 7
[18:09:52.48] /i gi::setActiveWindow 7 -raise true
[18:09:54.75] /# gi::executeAction deCanvasZoomOutAtPoint -in [gi::getWindows 7]
[18:09:54.75] /i de::zoom -window [gi::getWindows 7] -factor 0.5 -center {-2.244 -0.832}
[18:09:54.75] /o {-2.818 -1.07} {-1.912 -0.646}
[18:09:57.73] /# gi::executeAction deSelectActive -in [gi::getWindows 7]
[18:09:57.73] /i de::deselectAll [db::getNext [de::getContexts -window 7]]
[18:09:57.73] /i de::select [de::getActiveFigure [gi::getWindows 7] -point {-2.294 -0.832} -index 0 -intent none]
[18:09:57.73] /o oa:0x247bac30
[18:09:59.36] /i gi::executeAction dePropertyEditorToggleExtended -in [gi::getWindows 7]
[18:09:59.36] /# db::setAttr shown -of [gi::getAssistants dePropertyEditor -from [gi::getWindows 7]] -value true
[18:09:59.68] /i db::setAttr dockSize -of [gi::getAssistants leObjectLayerPanel -from [gi::getWindows 7]] -value 290x710
[18:09:59.71] /i db::setAttr dockSize -of [gi::getAssistants dePropertyEditor -from [gi::getWindows 7]] -value 290x710
[18:10:00.87] /# gi::executeAction deSelectActive -in [gi::getWindows 7]
[18:10:00.88] /i de::cycleActiveFigure [gi::getWindows 7] -direction next
[18:10:00.88] /o oa:0x2203c8f0
[18:10:00.88] /i de::cycleActiveFigure [gi::getWindows 7] -direction next
[18:10:00.88] /o oa:0x1e616930
[18:10:00.88] /i de::deselectAll [db::getNext [de::getContexts -window 7]]
[18:10:00.88] /i de::select [de::getActiveFigure [gi::getWindows 7] -point {-2.294 -0.832} -index 2 -intent none]
[18:10:00.88] /o oa:0x24dd0a30
[18:10:12.21] /# gi::executeAction deCanvasZoomOutAtPoint -in [gi::getWindows 7]
[18:10:12.21] /i de::zoom -window [gi::getWindows 7] -factor 0.5 -center {-2.167 -0.958}
[18:10:12.21] /o {-3.468 -1.182} {-1.658 -0.334}
[18:10:12.73] /# gi::executeAction deCanvasZoomOutAtPoint -in [gi::getWindows 7]
[18:10:12.73] /i de::zoom -window [gi::getWindows 7] -factor 0.5 -center {-2.133 -0.965}
[18:10:12.73] /o {-4.803 -1.399} {-1.183 0.297}
[18:10:13.02] /# gi::executeAction deCanvasZoomOutAtPoint -in [gi::getWindows 7]
[18:10:13.02] /i de::zoom -window [gi::getWindows 7] -factor 0.5 -center {-2.123 -0.977}
[18:10:13.03] /o {-7.483 -1.821} {-0.243 1.571}
[18:10:13.52] /# gi::executeAction deCanvasZoomInAtPoint -in [gi::getWindows 7]
[18:10:13.52] /i de::zoom -window [gi::getWindows 7] -factor 2.0 -center {-2.128 -1.07}
[18:10:13.52] /o {-4.806 -1.445} {-1.185 0.251}
[18:10:13.62] /# gi::executeAction deCanvasZoomInAtPoint -in [gi::getWindows 7]
[18:10:13.62] /i de::zoom -window [gi::getWindows 7] -factor 2.0 -center {-2.128 -1.07}
[18:10:13.62] /o {-3.467 -1.258} {-1.657 -0.41}
[18:10:15.91] /j ::xt::hercules::vue::clearAllHighlights dff layout 
[18:10:54.43] /j ::xt::hercules::vue::clearAllHighlights dff layout 
[18:10:54.45] /j ::xt::hercules::vue::setHighlightProperty dff layout yellow brick 
[18:10:54.47] /j ::xt::hercules::vue::addPolygonBegin 4 
[18:10:54.49] /j ::xt::hercules::vue::addPolygonPoints {-1.445 -0.920 -1.445 -0.750 -1.345 -0.750 -1.345 -0.920 -1.445 -0.920} 
[18:10:54.50] /j ::xt::hercules::vue::addPolygonEnd 
[18:10:54.50] /j ::xt::hercules::vue::setViewPort extents {-1.458 -0.941 -1.333 -0.729} LAY 
[18:10:54.55] /j ::xt::hercules::vue::addErrorDescription {"Area: 0.017"} 
[18:10:54.56] /j ::xt::hercules::vue::drawHighlights dff layout all 
[18:13:22.16] /j ::xt::hercules::vue::clearAllHighlights dff layout 
[18:13:22.34] /j ::xt::hercules::vue::clearAllHighlights dff layout 
[18:13:22.54] /m Information: Connection closed with 'Hercules-VUE' running on 'localhost'.
[18:13:23.07] /# gi::executeAction deCanvasZoomOutAtPoint -in [gi::getWindows 7]
[18:13:23.07] /i de::zoom -window [gi::getWindows 7] -factor 0.5 -center {-1.255 -0.785}
[18:13:23.07] /o {-1.989 -1.097} {-1.083 -0.673}
[18:13:23.13] /# gi::executeAction deCanvasZoomOutAtPoint -in [gi::getWindows 7]
[18:13:23.13] /i de::zoom -window [gi::getWindows 7] -factor 0.5 -center {-1.256 -0.786}
[18:13:23.13] /o {-2.721 -1.408} {-0.911 -0.56}
[18:13:23.53] /# gi::executeAction deCanvasZoomOutAtPoint -in [gi::getWindows 7]
[18:13:23.53] /i de::zoom -window [gi::getWindows 7] -factor 0.5 -center {-1.255 -0.786}
[18:13:23.53] /o {-4.187 -2.03} {-0.567 -0.334}
[18:13:24.50] /# gi::executeAction deCanvasZoomOutAtPoint -in [gi::getWindows 7]
[18:13:24.50] /i de::zoom -window [gi::getWindows 7] -factor 0.5 -center {-1.228 -1.21}
[18:13:24.51] /o {-7.146 -2.85} {0.094 0.542}
[18:13:30.64] /# gi::executeAction deCanvasZoomInAtPoint -in [gi::getWindows 7]
[18:13:30.64] /i de::zoom -window [gi::getWindows 7] -factor 2.0 -center {-3.786 -1.919}
[18:13:30.65] /o {-5.466 -2.384} {-1.846 -0.688}
[18:13:30.77] /# gi::executeAction deCanvasZoomInAtPoint -in [gi::getWindows 7]
[18:13:30.77] /i de::zoom -window [gi::getWindows 7] -factor 2.0 -center {-3.786 -1.919}
[18:13:30.78] /o {-4.626 -2.152} {-2.816 -1.304}
[18:13:32.43] /# gi::executeAction dePan -in [gi::getWindows 7]
[18:13:32.43] /i ide::pan [db::getNext [de::getContexts -window 7]]
[18:13:32.74] /# gi::executeAction deStartDrag -in [gi::getWindows 7]
[18:13:32.74] /i de::startDrag {-3.855 -1.589} -context [db::getNext [de::getContexts -window 7]]
[18:13:33.34] /# gi::executeAction deEndDrag -in [gi::getWindows 7]
[18:13:33.34] /i de::endDrag {-3.855 -1.591} -context [db::getNext [de::getContexts -window 7]]
[18:13:33.34] /r dePanToPoint {-3.868 -1.206}
[18:13:33.83] /# gi::executeAction deStartDrag -in [gi::getWindows 7]
[18:13:33.83] /i de::startDrag {-4.005 -1.16} -context [db::getNext [de::getContexts -window 7]]
[18:13:34.50] /# gi::executeAction deEndDrag -in [gi::getWindows 7]
[18:13:34.50] /i de::endDrag {-4.004 -1.164} -context [db::getNext [de::getContexts -window 7]]
[18:13:34.50] /r dePanToPoint {-3.969 -0.906}
[18:13:34.94] /# gi::executeAction deCanvasZoomInAtPoint -in [gi::getWindows 7]
[18:13:34.94] /i de::zoom -window [gi::getWindows 7] -factor 2.0 -center {-4.04 -0.86}
[18:13:34.95] /o {-4.457 -1.095} {-3.552 -0.671}
[18:13:35.50] /# gi::executeAction deCanvasZoomOutAtPoint -in [gi::getWindows 7]
[18:13:35.50] /i de::zoom -window [gi::getWindows 7] -factor 0.5 -center {-4.04 -0.86}
[18:13:35.50] /o {-4.874 -1.33} {-3.064 -0.482}
[18:13:36.36] /# gi::executeAction deStartDrag -in [gi::getWindows 7]
[18:13:36.36] /i de::startDrag {-4.439 -0.903} -context [db::getNext [de::getContexts -window 7]]
[18:13:37.18] /# gi::executeAction deEndDrag -in [gi::getWindows 7]
[18:13:37.18] /i de::endDrag {-4.437 -0.903} -context [db::getNext [de::getContexts -window 7]]
[18:13:37.18] /r dePanToPoint {-4.829 -0.935}
[18:13:37.76] /# gi::executeAction deCanvasZoomOutAtPoint -in [gi::getWindows 7]
[18:13:37.76] /i de::zoom -window [gi::getWindows 7] -factor 0.5 -center {-5.211 -0.966}
[18:13:37.77] /o {-6.258 -1.752} {-2.638 -0.056}
[18:13:37.81] /# gi::executeAction deCanvasZoomOutAtPoint -in [gi::getWindows 7]
[18:13:37.81] /i de::zoom -window [gi::getWindows 7] -factor 0.5 -center {-5.212 -0.966}
[18:13:37.82] /o {-7.304 -2.538} {-0.063 0.854}
[18:13:38.91] /# gi::executeAction deStartDrag -in [gi::getWindows 7]
[18:13:38.91] /i de::startDrag {-5.446 -1.543} -context [db::getNext [de::getContexts -window 7]]
[18:13:39.35] /# gi::executeAction deEndDrag -in [gi::getWindows 7]
[18:13:39.35] /i de::endDrag {-5.363 -1.543} -context [db::getNext [de::getContexts -window 7]]
[18:13:39.35] /r dePanToPoint {-5.905 -0.842}
[18:13:40.56] /i db::setAttr iconified -of [gi::getFrames 1] -value true
[18:13:42.60] /i db::setAttr maximized -of [gi::getFrames 1] -value true
[18:13:42.60] /i db::setAttr iconified -of [gi::getFrames 1] -value false
[18:13:46.60] /# gi::executeAction xtDRCDebug -in [gi::getWindows 7]
[18:13:46.60] /i xt::physicalVerification::startDebugger drc 7
[18:13:46.81] /o oa:0x247f23b0
[18:13:47.46] /j ::xt::hercules::vue::_private::registerConnection localhost:54298 tcp158 herculesVue_21 
[18:13:47.53] /j ::xt::hercules::vue::_private::isJobReady 
[18:13:47.53] /o false
[18:13:48.54] /m Information: Connection established with 'Hercules-VUE' running on 'localhost'.
[18:13:48.54] /j ::xt::hercules::vue::_private::isJobReady 
[18:13:48.54] /o true
[18:13:48.54] /j ::xt::hercules::vue::startFilter LAY 
[18:13:49.09] /j ::xt::hercules::vue::setInlibPath /root/Excercise/DFlipFlop/synopsys_custom/dff.hercules.drc/. 
[18:13:49.10] /j ::xt::hercules::vue::setTopLayLCV dff dff layout 
[18:13:49.12] /j ::xt::hercules::vue::openCell dff dff layout 
[18:13:50.21] /j ::xt::hercules::vue::clearAllHighlights dff layout 
[18:13:51.22] /j ::xt::hercules::vue::clearAllHighlights dff layout 
[18:13:51.24] /j ::xt::hercules::vue::clearAllHighlights dff layout 
[18:13:51.26] /j ::xt::hercules::vue::openCell dff dff layout 
[18:13:51.79] /j ::xt::hercules::vue::clearAllHighlights dff layout 
[18:13:51.80] /j ::xt::hercules::vue::clearAllHighlights dff layout 
[18:13:51.81] /j ::xt::hercules::vue::setHighlightProperty dff layout yellow brick 
[18:13:51.81] /j ::xt::hercules::vue::addPolygonBegin 4 
[18:13:51.86] /j ::xt::hercules::vue::addPolygonPoints {-1.445 -0.920 -1.445 -0.750 -1.345 -0.750 -1.345 -0.920 -1.445 -0.920} 
[18:13:51.86] /j ::xt::hercules::vue::addPolygonEnd 
[18:13:51.86] /j ::xt::hercules::vue::setViewPort extents {-1.458 -0.941 -1.333 -0.729} LAY 
[18:13:51.88] /j ::xt::hercules::vue::addErrorDescription {"Area: 0.017"} 
[18:13:51.90] /j ::xt::hercules::vue::drawHighlights dff layout all 
[18:13:52.98] /j ::xt::hercules::vue::clearAllHighlights dff layout 
[18:13:52.99] /j ::xt::hercules::vue::setHighlightProperty dff layout yellow brick 
[18:13:53.01] /j ::xt::hercules::vue::addPolygonBegin 4 
[18:13:53.05] /j ::xt::hercules::vue::addPolygonPoints {-1.445 -0.920 -1.445 -0.750 -1.345 -0.750 -1.345 -0.920 -1.445 -0.920} 
[18:13:53.05] /j ::xt::hercules::vue::addPolygonEnd 
[18:13:53.05] /j ::xt::hercules::vue::setViewPort extents {-1.458 -0.941 -1.333 -0.729} LAY 
[18:13:53.07] /j ::xt::hercules::vue::addErrorDescription {"Area: 0.017"} 
[18:13:53.10] /j ::xt::hercules::vue::drawHighlights dff layout all 
[18:13:55.77] /# gi::executeAction deCanvasZoomOutAtPoint -in [gi::getWindows 7]
[18:13:55.77] /i de::zoom -window [gi::getWindows 7] -factor 0.5 -center {-1.297 -0.811}
[18:13:55.77] /o {-1.947 -1.071} {-1.041 -0.647}
[18:13:56.49] /# gi::executeAction deCanvasZoomOutAtPoint -in [gi::getWindows 7]
[18:13:56.49] /i de::zoom -window [gi::getWindows 7] -factor 0.5 -center {-1.267 -0.819}
[18:13:56.49] /o {-2.626 -1.323} {-0.816 -0.475}
[18:13:58.83] /# gi::executeAction deStartDrag -in [gi::getWindows 7]
[18:13:58.83] /i de::startDrag {-1.673 -0.819} -context [db::getNext [de::getContexts -window 7]]
[18:14:00.30] /# gi::executeAction deEndDrag -in [gi::getWindows 7]
[18:14:00.30] /i de::endDrag {-1.679 -0.819} -context [db::getNext [de::getContexts -window 7]]
[18:14:00.30] /r dePanToPoint {-1.429 -0.886}
[18:14:01.93] /i de::undoTransaction -design [db::getAttr editDesign -of [de::getContexts -window 7]] -steps 1
[18:14:02.15] /i de::undoTransaction -design [db::getAttr editDesign -of [de::getContexts -window 7]] -steps 1
[18:14:02.35] /i de::undoTransaction -design [db::getAttr editDesign -of [de::getContexts -window 7]] -steps 1
[18:14:02.54] /i de::undoTransaction -design [db::getAttr editDesign -of [de::getContexts -window 7]] -steps 1
[18:14:02.71] /i de::undoTransaction -design [db::getAttr editDesign -of [de::getContexts -window 7]] -steps 1
[18:14:02.88] /i de::undoTransaction -design [db::getAttr editDesign -of [de::getContexts -window 7]] -steps 1
[18:14:03.02] /i de::undoTransaction -design [db::getAttr editDesign -of [de::getContexts -window 7]] -steps 1
[18:14:03.17] /i de::undoTransaction -design [db::getAttr editDesign -of [de::getContexts -window 7]] -steps 1
[18:14:03.46] /# gi::executeAction deCanvasZoomOutAtPoint -in [gi::getWindows 7]
[18:14:03.46] /i de::zoom -window [gi::getWindows 7] -factor 0.5 -center {-1.733 -0.791}
[18:14:03.47] /o {-2.936 -1.83} {0.684 -0.134}
[18:14:03.53] /# gi::executeAction deCanvasZoomOutAtPoint -in [gi::getWindows 7]
[18:14:03.53] /i de::zoom -window [gi::getWindows 7] -factor 0.5 -center {-1.733 -0.79}
[18:14:03.53] /o {-4.139 -2.869} {3.101 0.523}
[18:14:04.72] /# gi::executeAction deStartDrag -in [gi::getWindows 7]
[18:14:04.72] /i de::startDrag {-2.554 -1.703} -context [db::getNext [de::getContexts -window 7]]
[18:14:05.72] /# gi::executeAction deEndDrag -in [gi::getWindows 7]
[18:14:05.72] /i de::endDrag {-2.512 -1.726} -context [db::getNext [de::getContexts -window 7]]
[18:14:05.72] /r dePanToPoint {-3.736 -0.92}
[18:14:07.01] /i de::undoTransaction -design [db::getAttr editDesign -of [de::getContexts -window 7]] -steps 1
[18:14:07.18] /i de::undoTransaction -design [db::getAttr editDesign -of [de::getContexts -window 7]] -steps 1
[18:14:07.34] /i de::undoTransaction -design [db::getAttr editDesign -of [de::getContexts -window 7]] -steps 1
[18:14:07.49] /i de::undoTransaction -design [db::getAttr editDesign -of [de::getContexts -window 7]] -steps 1
[18:14:07.67] /i de::undoTransaction -design [db::getAttr editDesign -of [de::getContexts -window 7]] -steps 1
[18:14:07.87] /i de::undoTransaction -design [db::getAttr editDesign -of [de::getContexts -window 7]] -steps 1
[18:14:08.03] /i de::undoTransaction -design [db::getAttr editDesign -of [de::getContexts -window 7]] -steps 1
[18:14:08.25] /i de::undoTransaction -design [db::getAttr editDesign -of [de::getContexts -window 7]] -steps 1
[18:14:08.40] /i de::undoTransaction -design [db::getAttr editDesign -of [de::getContexts -window 7]] -steps 1
[18:14:08.57] /i de::undoTransaction -design [db::getAttr editDesign -of [de::getContexts -window 7]] -steps 1
[18:14:08.73] /i de::undoTransaction -design [db::getAttr editDesign -of [de::getContexts -window 7]] -steps 1
[18:14:08.90] /i de::undoTransaction -design [db::getAttr editDesign -of [de::getContexts -window 7]] -steps 1
[18:14:09.07] /i de::undoTransaction -design [db::getAttr editDesign -of [de::getContexts -window 7]] -steps 1
[18:14:09.24] /i de::undoTransaction -design [db::getAttr editDesign -of [de::getContexts -window 7]] -steps 1
[18:14:09.41] /i de::undoTransaction -design [db::getAttr editDesign -of [de::getContexts -window 7]] -steps 1
[18:14:09.58] /i de::undoTransaction -design [db::getAttr editDesign -of [de::getContexts -window 7]] -steps 1
[18:14:09.89] /i de::undoTransaction -design [db::getAttr editDesign -of [de::getContexts -window 7]] -steps 1
[18:14:10.09] /i de::undoTransaction -design [db::getAttr editDesign -of [de::getContexts -window 7]] -steps 1
[18:14:10.28] /i de::undoTransaction -design [db::getAttr editDesign -of [de::getContexts -window 7]] -steps 1
[18:14:10.49] /i de::undoTransaction -design [db::getAttr editDesign -of [de::getContexts -window 7]] -steps 1
[18:14:10.95] /i de::undoTransaction -design [db::getAttr editDesign -of [de::getContexts -window 7]] -steps 1
[18:14:11.61] /i de::undoTransaction -design [db::getAttr editDesign -of [de::getContexts -window 7]] -steps 1
[18:14:12.79] /i de::undoTransaction -design [db::getAttr editDesign -of [de::getContexts -window 7]] -steps 1
[18:14:13.09] /i de::undoTransaction -design [db::getAttr editDesign -of [de::getContexts -window 7]] -steps 1
[18:14:13.37] /i de::undoTransaction -design [db::getAttr editDesign -of [de::getContexts -window 7]] -steps 1
[18:14:13.70] /i de::undoTransaction -design [db::getAttr editDesign -of [de::getContexts -window 7]] -steps 1
[18:14:15.37] /i de::redoTransaction -design [db::getAttr editDesign -of [de::getContexts -window 7]] -steps 1
[18:14:17.16] /i gi::executeAction deSaveDesign -in [gi::getWindows 7]
[18:14:17.16] /m Information: Saving design 'dff dff layout'. (DESIGN_WINDOW-004)
[18:14:22.58] /# gi::executeAction xtDRCRun -in [gi::getWindows 7]
[18:14:22.58] /i xt::physicalVerification::executeRun drc 7
[18:14:22.88] /# xt::physicalVerification::executePve drc 7
[18:14:27.61] /m Information: 
              /c =============================
              /c JobID: hercules_drc_58
              /c --- ERROR SUMMARY -----------
              /c 7.30: Minimum area of Metal 1 >= 0.04
              /c  AREA M1S { } (101) ..................................... 5 violations found.
              /c 7.35: Minimum area of Metal 2 >= 0.06
              /c  AREA M2S { } (101) ..................................... 2 violations found.
              /c =============================
              /c 
[18:14:28.22] /j ::xt::hercules::vue::_private::registerConnection localhost:39149 tcp164 herculesVue_22 
[18:14:28.24] /m Information: Connection established with 'Hercules-VUE' running on 'localhost'.
[18:14:28.27] /j ::xt::hercules::vue::_private::isJobReady 
[18:14:28.27] /o true
[18:14:28.29] /j ::xt::hercules::vue::startFilter LAY 
[18:14:28.66] /j ::xt::hercules::vue::setInlibPath /root/Excercise/DFlipFlop/synopsys_custom/dff.hercules.drc/. 
[18:14:28.68] /j ::xt::hercules::vue::setTopLayLCV dff dff layout 
[18:14:28.70] /j ::xt::hercules::vue::openCell dff dff layout 
[18:14:29.93] /j ::xt::hercules::vue::clearAllHighlights dff layout 
[18:14:31.43] /j ::xt::hercules::vue::clearAllHighlights dff layout 
[18:14:31.45] /j ::xt::hercules::vue::clearAllHighlights dff layout 
[18:14:31.47] /j ::xt::hercules::vue::openCell dff dff layout 
[18:14:32.30] /j ::xt::hercules::vue::clearAllHighlights dff layout 
[18:14:32.32] /j ::xt::hercules::vue::clearAllHighlights dff layout 
[18:14:32.33] /j ::xt::hercules::vue::setHighlightProperty dff layout yellow brick 
[18:14:32.34] /j ::xt::hercules::vue::addPolygonBegin 4 
[18:14:32.39] /j ::xt::hercules::vue::addPolygonPoints {-1.445 -0.920 -1.445 -0.750 -1.345 -0.750 -1.345 -0.920 -1.445 -0.920} 
[18:14:32.39] /j ::xt::hercules::vue::addPolygonEnd 
[18:14:32.39] /j ::xt::hercules::vue::setViewPort extents {-1.458 -0.941 -1.333 -0.729} LAY 
[18:14:32.41] /j ::xt::hercules::vue::addErrorDescription {"Area: 0.017"} 
[18:14:32.41] /j ::xt::hercules::vue::drawHighlights dff layout all 
[18:14:37.39] /j ::xt::hercules::vue::clearAllHighlights dff layout 
[18:14:37.41] /j ::xt::hercules::vue::setHighlightProperty dff layout yellow brick 
[18:14:37.42] /j ::xt::hercules::vue::addPolygonBegin 4 
[18:14:37.47] /j ::xt::hercules::vue::addPolygonPoints {-2.355 -0.930 -2.355 -0.760 -2.255 -0.760 -2.255 -0.930 -2.355 -0.930} 
[18:14:37.47] /j ::xt::hercules::vue::addPolygonEnd 
[18:14:37.47] /j ::xt::hercules::vue::setViewPort extents {-2.367 -0.951 -2.242 -0.739} LAY 
[18:14:37.49] /j ::xt::hercules::vue::addErrorDescription {"Area: 0.017"} 
[18:14:37.51] /j ::xt::hercules::vue::drawHighlights dff layout all 
[18:14:38.01] /j ::xt::hercules::vue::clearAllHighlights dff layout 
[18:14:38.01] /j ::xt::hercules::vue::setHighlightProperty dff layout yellow brick 
[18:14:38.01] /j ::xt::hercules::vue::addPolygonBegin 4 
[18:14:38.07] /j ::xt::hercules::vue::addPolygonPoints {-1.445 -0.920 -1.445 -0.750 -1.345 -0.750 -1.345 -0.920 -1.445 -0.920} 
[18:14:38.07] /j ::xt::hercules::vue::addPolygonEnd 
[18:14:38.07] /j ::xt::hercules::vue::setViewPort extents {-1.458 -0.941 -1.333 -0.729} LAY 
[18:14:38.09] /j ::xt::hercules::vue::addErrorDescription {"Area: 0.017"} 
[18:14:38.11] /j ::xt::hercules::vue::drawHighlights dff layout all 
[18:14:38.41] /j ::xt::hercules::vue::clearAllHighlights dff layout 
[18:14:38.41] /j ::xt::hercules::vue::setHighlightProperty dff layout yellow brick 
[18:14:38.41] /j ::xt::hercules::vue::addPolygonBegin 4 
[18:14:38.47] /j ::xt::hercules::vue::addPolygonPoints {-2.355 -0.930 -2.355 -0.760 -2.255 -0.760 -2.255 -0.930 -2.355 -0.930} 
[18:14:38.47] /j ::xt::hercules::vue::addPolygonEnd 
[18:14:38.47] /j ::xt::hercules::vue::setViewPort extents {-2.367 -0.951 -2.242 -0.739} LAY 
[18:14:38.47] /j ::xt::hercules::vue::addErrorDescription {"Area: 0.017"} 
[18:14:38.49] /j ::xt::hercules::vue::drawHighlights dff layout all 
[18:14:41.31] /j ::xt::hercules::vue::clearAllHighlights dff layout 
[18:14:41.31] /j ::xt::hercules::vue::setHighlightProperty dff layout yellow brick 
[18:14:41.31] /j ::xt::hercules::vue::addPolygonBegin 4 
[18:14:41.37] /j ::xt::hercules::vue::addPolygonPoints {-2.355 -0.930 -2.355 -0.760 -2.255 -0.760 -2.255 -0.930 -2.355 -0.930} 
[18:14:41.37] /j ::xt::hercules::vue::addPolygonEnd 
[18:14:41.37] /j ::xt::hercules::vue::setViewPort extents {-2.367 -0.951 -2.242 -0.739} LAY 
[18:14:41.39] /j ::xt::hercules::vue::addErrorDescription {"Area: 0.017"} 
[18:14:41.41] /j ::xt::hercules::vue::drawHighlights dff layout all 
[18:14:41.59] /j ::xt::hercules::vue::clearAllHighlights dff layout 
[18:14:41.61] /j ::xt::hercules::vue::setHighlightProperty dff layout yellow brick 
[18:14:41.61] /j ::xt::hercules::vue::addPolygonBegin 4 
[18:14:41.67] /j ::xt::hercules::vue::addPolygonPoints {-1.445 -0.920 -1.445 -0.750 -1.345 -0.750 -1.345 -0.920 -1.445 -0.920} 
[18:14:41.67] /j ::xt::hercules::vue::addPolygonEnd 
[18:14:41.68] /j ::xt::hercules::vue::setViewPort extents {-1.458 -0.941 -1.333 -0.729} LAY 
[18:14:41.69] /j ::xt::hercules::vue::addErrorDescription {"Area: 0.017"} 
[18:14:41.71] /j ::xt::hercules::vue::drawHighlights dff layout all 
[18:14:42.21] /j ::xt::hercules::vue::clearAllHighlights dff layout 
[18:14:42.23] /j ::xt::hercules::vue::setHighlightProperty dff layout yellow brick 
[18:14:42.25] /j ::xt::hercules::vue::addPolygonBegin 4 
[18:14:42.29] /j ::xt::hercules::vue::addPolygonPoints {-1.445 -0.920 -1.445 -0.750 -1.345 -0.750 -1.345 -0.920 -1.445 -0.920} 
[18:14:42.29] /j ::xt::hercules::vue::addPolygonEnd 
[18:14:42.29] /j ::xt::hercules::vue::setViewPort extents {-1.458 -0.941 -1.333 -0.729} LAY 
[18:14:42.31] /j ::xt::hercules::vue::addErrorDescription {"Area: 0.017"} 
[18:14:42.32] /j ::xt::hercules::vue::drawHighlights dff layout all 
[18:14:46.01] /j ::xt::hercules::vue::clearAllHighlights dff layout 
[18:14:46.02] /j ::xt::hercules::vue::clearAllHighlights dff layout 
[18:14:46.21] /m Information: Connection closed with 'Hercules-VUE' running on 'localhost'.
[18:14:46.77] /i gi::setActiveWindow 11
[18:14:46.77] /i gi::setActiveWindow 11 -raise true
[18:14:48.67] /i gi::setActiveWindow 7
[18:14:48.67] /i gi::setActiveWindow 7 -raise true
[18:14:49.71] /# gi::executeAction deCanvasZoomOutAtPoint -in [gi::getWindows 7]
[18:14:49.71] /i de::zoom -window [gi::getWindows 7] -factor 0.5 -center {-1.441 -0.847}
[18:14:49.71] /o {-1.803 -1.035} {-0.897 -0.611}
[18:14:49.77] /# gi::executeAction deCanvasZoomOutAtPoint -in [gi::getWindows 7]
[18:14:49.77] /i de::zoom -window [gi::getWindows 7] -factor 0.5 -center {-1.44 -0.847}
[18:14:49.77] /o {-2.165 -1.223} {-0.355 -0.375}
[18:14:49.87] /# gi::executeAction deCanvasZoomOutAtPoint -in [gi::getWindows 7]
[18:14:49.87] /i de::zoom -window [gi::getWindows 7] -factor 0.5 -center {-1.44 -0.847}
[18:14:49.87] /o {-2.89 -1.599} {0.73 0.097}
[18:14:54.00] /i de::undoTransaction -design [db::getAttr editDesign -of [de::getContexts -window 7]] -steps 1
[18:14:54.18] /i de::undoTransaction -design [db::getAttr editDesign -of [de::getContexts -window 7]] -steps 1
[18:14:54.38] /i de::undoTransaction -design [db::getAttr editDesign -of [de::getContexts -window 7]] -steps 1
[18:14:54.65] /i de::undoTransaction -design [db::getAttr editDesign -of [de::getContexts -window 7]] -steps 1
[18:14:54.84] /i de::undoTransaction -design [db::getAttr editDesign -of [de::getContexts -window 7]] -steps 1
[18:14:55.01] /i de::undoTransaction -design [db::getAttr editDesign -of [de::getContexts -window 7]] -steps 1
[18:14:55.27] /# gi::executeAction deCanvasZoomOutAtPoint -in [gi::getWindows 7]
[18:14:55.27] /i de::zoom -window [gi::getWindows 7] -factor 0.5 -center {-2.491 -0.813}
[18:14:55.27] /o {-3.289 -2.385} {3.951 1.007}
[18:14:55.33] /# gi::executeAction deCanvasZoomOutAtPoint -in [gi::getWindows 7]
[18:14:55.33] /i de::zoom -window [gi::getWindows 7] -factor 0.5 -center {-2.492 -0.813}
[18:14:55.33] /o {-4.086 -3.957} {10.394 2.827}
[18:14:55.43] /# gi::executeAction deCanvasZoomOutAtPoint -in [gi::getWindows 7]
[18:14:55.43] /i de::zoom -window [gi::getWindows 7] -factor 0.5 -center {-2.492 -0.814}
[18:14:55.43] /o {-5.681 -7.1} {23.281 6.468}
[18:14:56.36] /i de::undoTransaction -design [db::getAttr editDesign -of [de::getContexts -window 7]] -steps 1
[18:14:56.50] /i de::undoTransaction -design [db::getAttr editDesign -of [de::getContexts -window 7]] -steps 1
[18:14:57.35] /# gi::executeAction dePan -in [gi::getWindows 7]
[18:14:57.35] /i ide::pan [db::getNext [de::getContexts -window 7]]
[18:14:57.72] /# gi::executeAction deStartDrag -in [gi::getWindows 7]
[18:14:57.72] /i de::startDrag {-3.855 -3.763} -context [db::getNext [de::getContexts -window 7]]
[18:14:58.55] /# gi::executeAction deEndDrag -in [gi::getWindows 7]
[18:14:58.55] /i de::endDrag {-3.782 -3.763} -context [db::getNext [de::getContexts -window 7]]
[18:14:58.55] /r dePanToPoint {-5.984 -0.777}
[18:14:58.85] /# gi::executeAction deCanvasZoomInAtPoint -in [gi::getWindows 7]
[18:14:58.85] /i de::zoom -window [gi::getWindows 7] -factor 2.0 -center {-6.418 -2.657}
[18:14:58.85] /o {-13.442 -5.109} {1.039 1.675}
[18:14:58.94] /# gi::executeAction deCanvasZoomInAtPoint -in [gi::getWindows 7]
[18:14:58.94] /i de::zoom -window [gi::getWindows 7] -factor 2.0 -center {-6.418 -2.657}
[18:14:58.94] /o {-9.93 -3.883} {-2.69 -0.491}
[18:14:59.50] /# gi::executeAction deCanvasZoomInAtPoint -in [gi::getWindows 7]
[18:14:59.50] /i de::zoom -window [gi::getWindows 7] -factor 2.0 -center {-6.565 -1.933}
[18:14:59.50] /o {-8.247 -2.908} {-4.627 -1.212}
[18:15:00.02] /# gi::executeAction deStartDrag -in [gi::getWindows 7]
[18:15:00.02] /i de::startDrag {-6.554 -1.786} -context [db::getNext [de::getContexts -window 7]]
[18:15:00.35] /# gi::executeAction deEndDrag -in [gi::getWindows 7]
[18:15:00.35] /i de::endDrag {-6.554 -1.8} -context [db::getNext [de::getContexts -window 7]]
[18:15:00.35] /r dePanToPoint {-6.354 -1.281}
[18:15:00.82] /# gi::executeAction deStartDrag -in [gi::getWindows 7]
[18:15:00.82] /i de::startDrag {-6.418 -1.217} -context [db::getNext [de::getContexts -window 7]]
[18:15:01.30] /# gi::executeAction deEndDrag -in [gi::getWindows 7]
[18:15:01.30] /i de::endDrag {-6.418 -1.224} -context [db::getNext [de::getContexts -window 7]]
[18:15:01.30] /r dePanToPoint {-6.322 -0.991}
[18:15:01.81] /# gi::executeAction deCanvasZoomInAtPoint -in [gi::getWindows 7]
[18:15:01.81] /i de::zoom -window [gi::getWindows 7] -factor 2.0 -center {-6.487 -1.145}
[18:15:01.81] /o {-7.31 -1.492} {-5.5 -0.644}
[18:15:02.06] /# gi::executeAction deAddPoint -in [gi::getWindows 7]
[18:15:02.06] /i de::addPoint {-6.463 -1.149} -context [db::getNext [de::getContexts -window 7]]
[18:15:02.74] /# gi::executeAction deStartDrag -in [gi::getWindows 7]
[18:15:02.74] /i de::startDrag {-6.757 -1.164} -context [db::getNext [de::getContexts -window 7]]
[18:15:03.08] /# gi::executeAction deEndDrag -in [gi::getWindows 7]
[18:15:03.08] /i de::endDrag {-6.756 -1.164} -context [db::getNext [de::getContexts -window 7]]
[18:15:03.08] /r dePanToPoint {-6.836 -0.944}
[18:15:03.29] /# gi::executeAction deCanvasZoomOutAtPoint -in [gi::getWindows 7]
[18:15:03.29] /i de::zoom -window [gi::getWindows 7] -factor 0.5 -center {-6.785 -1.086}
[18:15:03.29] /o {-8.698 -1.65} {-5.078 0.046}
[18:15:04.00] /# gi::executeAction deCanvasZoomOutAtPoint -in [gi::getWindows 7]
[18:15:04.00] /i de::zoom -window [gi::getWindows 7] -factor 0.5 -center {-6.815 -1.032}
[18:15:04.00] /o {-10.58 -2.268} {-3.34 1.124}
[18:15:05.24] /# gi::executeAction deCanvasZoomInAtPoint -in [gi::getWindows 7]
[18:15:05.24] /i de::zoom -window [gi::getWindows 7] -factor 2.0 -center {-6.695 -1.069}
[18:15:05.24] /o {-8.638 -1.668} {-5.018 0.028}
[18:15:06.52] /# gi::executeAction deAbortCommand -in [gi::getWindows 7]
[18:15:06.52] /i de::abortCommand -context [db::getNext [de::getContexts -window 7]]
[18:15:07.23] /# gi::executeAction deSelectActive -in [gi::getWindows 7]
[18:15:07.23] /i de::deselectAllLogic -context [db::getNext [de::getContexts -window 7]]
[18:15:09.15] /i gi::executeAction deSaveDesign -in [gi::getWindows 7]
[18:15:09.15] /m Information: Saving design 'dff dff layout'. (DESIGN_WINDOW-004)
[18:15:14.21] /# gi::executeAction xtDRCRun -in [gi::getWindows 7]
[18:15:14.21] /i xt::physicalVerification::executeRun drc 7
[18:15:14.44] /# xt::physicalVerification::executePve drc 7
[18:15:18.35] /m Information: 
              /c =============================
              /c JobID: hercules_drc_59
              /c --- ERROR SUMMARY -----------
              /c 7.30: Minimum area of Metal 1 >= 0.04
              /c  AREA M1S { } (101) ..................................... 1 violation found.
              /c 7.35: Minimum area of Metal 2 >= 0.06
              /c  AREA M2S { } (101) ..................................... 2 violations found.
              /c =============================
              /c 
[18:15:19.01] /j ::xt::hercules::vue::_private::registerConnection localhost:59616 tcp170 herculesVue_23 
[18:15:19.07] /j ::xt::hercules::vue::_private::isJobReady 
[18:15:19.07] /o false
[18:15:20.07] /j ::xt::hercules::vue::_private::isJobReady 
[18:15:20.07] /o false
[18:15:21.07] /m Information: Connection established with 'Hercules-VUE' running on 'localhost'.
[18:15:21.07] /j ::xt::hercules::vue::_private::isJobReady 
[18:15:21.07] /o true
[18:15:21.08] /j ::xt::hercules::vue::startFilter LAY 
[18:15:21.43] /j ::xt::hercules::vue::setInlibPath /root/Excercise/DFlipFlop/synopsys_custom/dff.hercules.drc/. 
[18:15:21.45] /j ::xt::hercules::vue::setTopLayLCV dff dff layout 
[18:15:21.47] /j ::xt::hercules::vue::openCell dff dff layout 
[18:15:22.91] /j ::xt::hercules::vue::clearAllHighlights dff layout 
[18:15:24.27] /j ::xt::hercules::vue::clearAllHighlights dff layout 
[18:15:24.29] /j ::xt::hercules::vue::clearAllHighlights dff layout 
[18:15:24.31] /j ::xt::hercules::vue::openCell dff dff layout 
[18:15:24.79] /j ::xt::hercules::vue::clearAllHighlights dff layout 
[18:15:24.82] /j ::xt::hercules::vue::clearAllHighlights dff layout 
[18:15:24.82] /j ::xt::hercules::vue::setHighlightProperty dff layout yellow brick 
[18:15:24.85] /j ::xt::hercules::vue::addPolygonBegin 4 
[18:15:24.88] /j ::xt::hercules::vue::addPolygonPoints {-7.815 -0.980 -7.815 -0.810 -7.715 -0.810 -7.715 -0.980 -7.815 -0.980} 
[18:15:24.88] /j ::xt::hercules::vue::addPolygonEnd 
[18:15:24.88] /j ::xt::hercules::vue::setViewPort extents {-7.828 -1.001 -7.703 -0.789} LAY 
[18:15:24.89] /j ::xt::hercules::vue::addErrorDescription {"Area: 0.017"} 
[18:15:24.91] /j ::xt::hercules::vue::drawHighlights dff layout all 
[18:15:27.80] /j ::xt::hercules::vue::clearAllHighlights dff layout 
[18:15:27.81] /j ::xt::hercules::vue::setHighlightProperty dff layout yellow brick 
[18:15:27.81] /j ::xt::hercules::vue::addPolygonBegin 4 
[18:15:27.86] /j ::xt::hercules::vue::addPolygonPoints {-7.815 -0.980 -7.815 -0.810 -7.715 -0.810 -7.715 -0.980 -7.815 -0.980} 
[18:15:27.86] /j ::xt::hercules::vue::addPolygonEnd 
[18:15:27.86] /j ::xt::hercules::vue::setViewPort extents {-7.828 -1.001 -7.703 -0.789} LAY 
[18:15:27.88] /j ::xt::hercules::vue::addErrorDescription {"Area: 0.017"} 
[18:15:27.90] /j ::xt::hercules::vue::drawHighlights dff layout all 
[18:15:29.42] /i gi::setActiveWindow 11
[18:15:29.42] /i gi::setActiveWindow 11 -raise true
[18:15:31.70] /i gi::setActiveWindow 7
[18:15:31.70] /i gi::setActiveWindow 7 -raise true
[18:15:32.60] /# gi::executeAction deCanvasZoomOutAtPoint -in [gi::getWindows 7]
[18:15:32.60] /i de::zoom -window [gi::getWindows 7] -factor 0.5 -center {-7.737 -0.846}
[18:15:32.61] /o {-8.247 -1.156} {-7.341 -0.732}
[18:15:32.72] /# gi::executeAction deCanvasZoomOutAtPoint -in [gi::getWindows 7]
[18:15:32.72] /i de::zoom -window [gi::getWindows 7] -factor 0.5 -center {-7.737 -0.846}
[18:15:32.72] /o {-8.756 -1.466} {-6.946 -0.618}
[18:15:35.12] /# gi::executeAction dePan -in [gi::getWindows 7]
[18:15:35.12] /i ide::pan [db::getNext [de::getContexts -window 7]]
[18:15:35.48] /# gi::executeAction deStartDrag -in [gi::getWindows 7]
[18:15:35.49] /i de::startDrag {-7.135 -0.855} -context [db::getNext [de::getContexts -window 7]]
[18:15:36.98] /# gi::executeAction deEndDrag -in [gi::getWindows 7]
[18:15:36.98] /i de::endDrag {-7.137 -0.854} -context [db::getNext [de::getContexts -window 7]]
[18:15:36.98] /r dePanToPoint {-7.455 -0.832}
[18:15:38.48] /# gi::executeAction deAbortCommand -in [gi::getWindows 7]
[18:15:38.48] /i de::abortCommand -context [db::getNext [de::getContexts -window 7]]
[18:15:38.79] /# gi::executeAction deSelectActive -in [gi::getWindows 7]
[18:15:38.79] /i de::deselectAll [db::getNext [de::getContexts -window 7]]
[18:15:38.79] /i de::select [de::getActiveFigure [gi::getWindows 7] -point {-7.721 -0.92} -index 0 -intent none]
[18:15:38.79] /o oa:0x2519db90
[18:15:47.09] /# gi::executeAction deSelectActive -in [gi::getWindows 7]
[18:15:47.09] /i de::deselectAll [db::getNext [de::getContexts -window 7]]
[18:15:47.10] /i de::deselectAllLogic -context [db::getNext [de::getContexts -window 7]]
[18:15:47.63] /# gi::executeAction deSelectActive -in [gi::getWindows 7]
[18:15:47.63] /i de::deselectAll [db::getNext [de::getContexts -window 7]]
[18:15:47.63] /i de::select [de::getActiveFigure [gi::getWindows 7] -point {-7.242 -1.018} -index 0 -intent none]
[18:15:47.63] /o oa:0x2138ef90
[18:15:50.16] /# gi::executeAction leDelete -in [gi::getWindows 7]
[18:15:50.17] /i ile::delete
[18:15:51.65] /# gi::executeAction deSelectActive -in [gi::getWindows 7]
[18:15:51.65] /i de::deselectAllLogic -context [db::getNext [de::getContexts -window 7]]
[18:15:52.26] /# gi::executeAction deCanvasZoomOutAtPoint -in [gi::getWindows 7]
[18:15:52.26] /i de::zoom -window [gi::getWindows 7] -factor 0.5 -center {-7.792 -0.759}
[18:15:52.26] /o {-8.927 -1.754} {-5.307 -0.058}
[18:15:53.02] /# gi::executeAction deCanvasZoomOutAtPoint -in [gi::getWindows 7]
[18:15:53.02] /i de::zoom -window [gi::getWindows 7] -factor 0.5 -center {-7.791 -0.758}
[18:15:53.02] /o {-10.064 -2.749} {-2.823 0.643}
[18:15:55.36] /# gi::executeAction deCanvasZoomInAtPoint -in [gi::getWindows 7]
[18:15:55.36] /i de::zoom -window [gi::getWindows 7] -factor 2.0 -center {-5.275 -0.247}
[18:15:55.36] /o {-7.669 -1.498} {-4.049 0.198}
[18:15:57.76] /# gi::executeAction deCanvasZoomOutAtPoint -in [gi::getWindows 7]
[18:15:57.76] /i de::zoom -window [gi::getWindows 7] -factor 0.5 -center {-5.252 -0.321}
[18:15:57.77] /o {-10.087 -2.675} {-2.846 0.717}
[18:16:26.80] /# gi::executeAction deCanvasZoomOutAtPoint -in [gi::getWindows 7]
[18:16:26.80] /i de::zoom -window [gi::getWindows 7] -factor 0.5 -center {-6.238 -0.426}
[18:16:26.80] /o {-13.935 -4.924} {0.545 1.86}
[18:16:27.82] /# gi::executeAction deCanvasZoomInAtPoint -in [gi::getWindows 7]
[18:16:27.82] /i de::zoom -window [gi::getWindows 7] -factor 2.0 -center {-6.239 -0.426}
[18:16:27.82] /o {-10.087 -2.675} {-2.847 0.717}
[18:16:36.50] /# gi::executeAction deCanvasZoomInAtPoint -in [gi::getWindows 7]
[18:16:36.50] /i de::zoom -window [gi::getWindows 7] -factor 2.0 -center {-6.958 -0.357}
[18:16:36.50] /o {-8.523 -1.516} {-4.902 0.18}
[18:16:38.64] /# gi::executeAction leVia -in [gi::getWindows 7]
[18:16:38.64] /i ile::createVia
[18:16:38.68] /o oa:0x233a0630
[18:16:45.54] /i gi::setField {viaDefName} -value {via12} -in [gi::getToolbars {deCommandOptions} -from [gi::getWindows 7]]
[18:16:52.22] /# gi::executeAction deAddPoint -in [gi::getWindows 7]
[18:16:52.22] /i de::addPoint {-7.119 -0.295} -context [db::getNext [de::getContexts -window 7]]
[18:16:54.48] /# gi::executeAction dePan -in [gi::getWindows 7]
[18:16:54.48] /i ide::pan [db::getNext [de::getContexts -window 7]]
[18:16:54.96] /# gi::executeAction deStartDrag -in [gi::getWindows 7]
[18:16:54.96] /i de::startDrag {-5.414 -0.617} -context [db::getNext [de::getContexts -window 7]]
[18:16:56.28] /# gi::executeAction deEndDrag -in [gi::getWindows 7]
[18:16:56.28] /i de::endDrag {-5.43 -0.617} -context [db::getNext [de::getContexts -window 7]]
[18:16:56.29] /r dePanToPoint {-4.399 -0.341}
[18:16:57.07] /# gi::executeAction deStartDrag -in [gi::getWindows 7]
[18:16:57.07] /i de::startDrag {-3.446 -0.484} -context [db::getNext [de::getContexts -window 7]]
[18:16:57.65] /# gi::executeAction deEndDrag -in [gi::getWindows 7]
[18:16:57.65] /i de::endDrag {-3.448 -0.484} -context [db::getNext [de::getContexts -window 7]]
[18:16:57.65] /r dePanToPoint {-4.012 -0.297}
[18:16:57.91] /# gi::executeAction deCanvasZoomOutAtPoint -in [gi::getWindows 7]
[18:16:57.91] /i de::zoom -window [gi::getWindows 7] -factor 0.5 -center {-3.448 -0.484}
[18:16:57.91] /o {-8.196 -1.806} {-0.956 1.586}
[18:17:01.73] /# gi::executeAction deCanvasZoomInAtPoint -in [gi::getWindows 7]
[18:17:01.73] /i de::zoom -window [gi::getWindows 7] -factor 2.0 -center {-3.412 -0.617}
[18:17:01.73] /o {-5.804 -1.212} {-2.184 0.484}
[18:17:02.45] /# gi::executeAction leVia -in [gi::getWindows 7]
[18:17:02.45] /i ile::createVia
[18:17:02.60] /o oa:0x1f7a5880
[18:17:12.36] /# gi::executeAction deAddPoint -in [gi::getWindows 7]
[18:17:12.36] /i de::addPoint {-3.493 -0.288} -context [db::getNext [de::getContexts -window 7]]
[18:17:13.71] /# gi::executeAction deAbortCommand -in [gi::getWindows 7]
[18:17:13.71] /i de::abortCommand -context [db::getNext [de::getContexts -window 7]]
[18:17:16.34] /i db::setAttr shown -of [gi::getAssistants dePropertyEditor -from [gi::getWindows 7]] -value false
[18:17:16.64] /i db::setAttr dockSize -of [gi::getAssistants leObjectLayerPanel -from [gi::getWindows 7]] -value 290x736
[18:17:21.13] /# gi::executeAction leRectangle -in [gi::getWindows 7]
[18:17:21.13] /i ile::createRectangle
[18:17:21.82] /# gi::executeAction deCanvasZoomInAtPoint -in [gi::getWindows 7]
[18:17:21.82] /i de::zoom -window [gi::getWindows 7] -factor 2.0 -center {-4.433 -0.184}
[18:17:21.82] /o {-5.118 -0.698} {-3.308 0.15}
[18:17:24.37] /# gi::executeAction deAddPoint -in [gi::getWindows 7]
[18:17:24.37] /i de::addPoint {-4.464 -0.177} -context [db::getNext [de::getContexts -window 7]]
[18:17:30.14] /# gi::executeAction deAddPoint -in [gi::getWindows 7]
[18:17:30.14] /i de::addPoint {-3.422 -0.374} -context [db::getNext [de::getContexts -window 7]]
[18:17:30.94] /# gi::executeAction deCanvasZoomOutAtPoint -in [gi::getWindows 7]
[18:17:30.94] /i de::zoom -window [gi::getWindows 7] -factor 0.5 -center {-3.898 -0.374}
[18:17:30.94] /o {-6.339 -1.022} {-2.719 0.674}
[18:17:32.97] /# gi::executeAction dePan -in [gi::getWindows 7]
[18:17:32.97] /i ide::pan [db::getNext [de::getContexts -window 7]]
[18:17:33.20] /# gi::executeAction deStartDrag -in [gi::getWindows 7]
[18:17:33.20] /i de::startDrag {-5.355 -0.628} -context [db::getNext [de::getContexts -window 7]]
[18:17:34.46] /# gi::executeAction deEndDrag -in [gi::getWindows 7]
[18:17:34.46] /i de::endDrag {-5.346 -0.628} -context [db::getNext [de::getContexts -window 7]]
[18:17:34.47] /r dePanToPoint {-6.236 -0.174}
[18:17:34.91] /# gi::executeAction deCanvasZoomInAtPoint -in [gi::getWindows 7]
[18:17:34.91] /i de::zoom -window [gi::getWindows 7] -factor 2.0 -center {-6.332 -0.625}
[18:17:34.91] /o {-7.189 -0.823} {-5.379 0.025}
[18:17:35.72] /# gi::executeAction deCanvasZoomOutAtPoint -in [gi::getWindows 7]
[18:17:35.72] /i de::zoom -window [gi::getWindows 7] -factor 0.5 -center {-6.332 -0.624}
[18:17:35.72] /o {-8.046 -1.023} {-4.426 0.673}
[18:17:37.92] /# gi::executeAction deCanvasZoomInAtPoint -in [gi::getWindows 7]
[18:17:37.92] /i de::zoom -window [gi::getWindows 7] -factor 2.0 -center {-6.325 -0.502}
[18:17:37.92] /o {-7.186 -0.762} {-5.376 0.086}
[18:17:39.41] /# gi::executeAction dePan -in [gi::getWindows 7]
[18:17:39.41] /i ide::pan [db::getNext [de::getContexts -window 7]]
[18:17:39.73] /# gi::executeAction deStartDrag -in [gi::getWindows 7]
[18:17:39.73] /i de::startDrag {-6.369 -0.402} -context [db::getNext [de::getContexts -window 7]]
[18:17:40.80] /# gi::executeAction deEndDrag -in [gi::getWindows 7]
[18:17:40.81] /i de::endDrag {-6.367 -0.402} -context [db::getNext [de::getContexts -window 7]]
[18:17:40.81] /r dePanToPoint {-6.427 -0.329}
[18:17:41.10] /# gi::executeAction leRectangle -in [gi::getWindows 7]
[18:17:41.10] /i ile::createRectangle
[18:17:45.82] /# gi::executeAction deAddPoint -in [gi::getWindows 7]
[18:17:45.82] /i de::addPoint {-7.195 -0.191} -context [db::getNext [de::getContexts -window 7]]
[18:17:52.59] /# gi::executeAction deAddPoint -in [gi::getWindows 7]
[18:17:52.59] /i de::addPoint {-5.89 -0.373} -context [db::getNext [de::getContexts -window 7]]
[18:17:55.24] /# gi::setCurrentIndex {lpps} -index {m1 drw} -in [gi::getAssistants leObjectLayerPanel -from [gi::getWindows 7]]
[18:17:55.24] /# gi::setItemSelection {lpps} -index {m1 drw} -in [gi::getAssistants leObjectLayerPanel -from [gi::getWindows 7]]
[18:17:55.32] /# gi::executeAction leOLPSetActiveLPP -in [gi::getAssistants leObjectLayerPanel -from [gi::getWindows 7]]
[18:17:55.32] /i de::setActiveLPP [de::getLPPs -from [oa::DesignFind dff dff layout] -filter {%lpp =="m1 drawing"}]
[18:18:00.58] /# gi::executeAction deAddPoint -in [gi::getWindows 7]
[18:18:00.58] /i de::addPoint {-7.196 -0.268} -context [db::getNext [de::getContexts -window 7]]
[18:18:04.64] /# gi::executeAction deAddPoint -in [gi::getWindows 7]
[18:18:04.64] /i de::addPoint {-7.046 -0.573} -context [db::getNext [de::getContexts -window 7]]
[18:18:05.81] /# gi::executeAction leRectangle -in [gi::getWindows 7]
[18:18:05.81] /i ile::createRectangle
[18:18:06.05] /# gi::executeAction deStartDrag -in [gi::getWindows 7]
[18:18:06.05] /i de::startDrag {-6.112 -0.474} -context [db::getNext [de::getContexts -window 7]]
[18:18:07.85] /# gi::executeAction deEndDrag -in [gi::getWindows 7]
[18:18:07.85] /i de::endDrag {-6.174 -0.479} -context [db::getNext [de::getContexts -window 7]]
[18:18:07.93] /# gi::executeAction deAbortCommand -in [gi::getWindows 7]
[18:18:07.93] /i de::abortCommand -context [db::getNext [de::getContexts -window 7]]
[18:18:09.88] /# gi::executeAction leDelete -in [gi::getWindows 7]
[18:18:09.88] /i ile::delete
[18:18:10.16] /# gi::executeAction deAddPoint -in [gi::getWindows 7]
[18:18:10.16] /i de::addPoint {-6.119 -0.479} -context [db::getNext [de::getContexts -window 7]]
[18:18:11.47] /# gi::executeAction dePan -in [gi::getWindows 7]
[18:18:11.47] /i ide::pan [db::getNext [de::getContexts -window 7]]
[18:18:11.65] /# gi::executeAction deStartDrag -in [gi::getWindows 7]
[18:18:11.65] /i de::startDrag {-6.024 -0.481} -context [db::getNext [de::getContexts -window 7]]
[18:18:12.04] /# gi::executeAction deEndDrag -in [gi::getWindows 7]
[18:18:12.04] /i de::endDrag {-6.047 -0.481} -context [db::getNext [de::getContexts -window 7]]
[18:18:12.04] /r dePanToPoint {-5.533 -0.329}
[18:18:12.52] /# gi::executeAction deStartDrag -in [gi::getWindows 7]
[18:18:12.52] /i de::startDrag {-4.93 -0.406} -context [db::getNext [de::getContexts -window 7]]
[18:18:13.06] /# gi::executeAction deEndDrag -in [gi::getWindows 7]
[18:18:13.06] /i de::endDrag {-4.938 -0.406} -context [db::getNext [de::getContexts -window 7]]
[18:18:13.06] /r dePanToPoint {-4.465 -0.277}
[18:18:13.99] /# gi::executeAction deStartDrag -in [gi::getWindows 7]
[18:18:13.99] /i de::startDrag {-3.92 -0.441} -context [db::getNext [de::getContexts -window 7]]
[18:18:15.20] /# gi::executeAction deEndDrag -in [gi::getWindows 7]
[18:18:15.20] /i de::endDrag {-3.926 -0.441} -context [db::getNext [de::getContexts -window 7]]
[18:18:15.20] /r dePanToPoint {-3.492 -0.3}
[18:18:15.51] /# gi::executeAction leRectangle -in [gi::getWindows 7]
[18:18:15.51] /i ile::createRectangle
[18:18:18.77] /# gi::executeAction deAddPoint -in [gi::getWindows 7]
[18:18:18.77] /i de::addPoint {-3.559 -0.269} -context [db::getNext [de::getContexts -window 7]]
[18:18:25.01] /# gi::executeAction deAddPoint -in [gi::getWindows 7]
[18:18:25.01] /i de::addPoint {-3.43 -0.533} -context [db::getNext [de::getContexts -window 7]]
[18:18:25.76] /# gi::executeAction deAbortCommand -in [gi::getWindows 7]
[18:18:25.76] /i de::abortCommand -context [db::getNext [de::getContexts -window 7]]
[18:18:26.12] /# gi::executeAction deCanvasZoomOutAtPoint -in [gi::getWindows 7]
[18:18:26.12] /i de::zoom -window [gi::getWindows 7] -factor 0.5 -center {-3.582 -0.452}
[18:18:26.12] /o {-5.213 -0.997} {-1.593 0.699}
[18:18:28.95] /i gi::executeAction deSaveDesign -in [gi::getWindows 7]
[18:18:28.95] /m Information: Saving design 'dff dff layout'. (DESIGN_WINDOW-004)
[18:18:31.08] /# gi::executeAction xtDRCRun -in [gi::getWindows 7]
[18:18:31.08] /i xt::physicalVerification::executeRun drc 7
[18:18:31.32] /# xt::physicalVerification::executePve drc 7
[18:18:35.12] /m Information: 
              /c =============================
              /c JobID: hercules_drc_60
              /c Completed with no errors.
              /c =============================
              /c 
[18:18:47.98] /j ::xt::hercules::vue::clearAllHighlights dff layout 
[18:18:48.00] /j ::xt::hercules::vue::clearAllHighlights dff layout 
[18:18:48.21] /m Information: Connection closed with 'Hercules-VUE' running on 'localhost'.
[18:18:52.71] /j ::xt::hercules::vue::clearAllHighlights dff layout 
[18:18:52.72] /j ::xt::hercules::vue::clearAllHighlights dff layout 
[18:18:52.92] /m Information: Connection closed with 'Hercules-VUE' running on 'localhost'.
[18:18:55.09] /i gi::setActiveWindow 7
[18:18:55.09] /i gi::setActiveWindow 7 -raise true
[18:18:56.19] /# gi::executeAction deCanvasZoomOutAtPoint -in [gi::getWindows 7]
[18:18:56.20] /i de::zoom -window [gi::getWindows 7] -factor 0.5 -center {-3.731 0.103}
[18:18:56.20] /o {-6.695 -2.096} {0.545 1.296}
[18:19:01.22] /# gi::executeAction dePan -in [gi::getWindows 7]
[18:19:01.22] /i ide::pan [db::getNext [de::getContexts -window 7]]
[18:19:01.59] /# gi::executeAction deStartDrag -in [gi::getWindows 7]
[18:19:01.59] /i de::startDrag {0.255 -0.451} -context [db::getNext [de::getContexts -window 7]]
[18:19:03.85] /# gi::executeAction deEndDrag -in [gi::getWindows 7]
[18:19:03.85] /i de::endDrag {0.255 -0.446} -context [db::getNext [de::getContexts -window 7]]
[18:19:03.85] /r dePanToPoint {-1.512 -0.4}
[18:19:04.24] /# gi::executeAction deCanvasZoomInAtPoint -in [gi::getWindows 7]
[18:19:04.24] /i de::zoom -window [gi::getWindows 7] -factor 2.0 -center {0.301 -0.589}
[18:19:04.24] /o {-2.416 -1.343} {1.204 0.353}
[18:19:05.23] /# gi::executeAction deStartDrag -in [gi::getWindows 7]
[18:19:05.23] /i de::startDrag {0.301 -0.672} -context [db::getNext [de::getContexts -window 7]]
[18:19:05.50] /# gi::executeAction deEndDrag -in [gi::getWindows 7]
[18:19:05.50] /i de::endDrag {0.301 -0.66} -context [db::getNext [de::getContexts -window 7]]
[18:19:05.50] /r dePanToPoint {-0.617 -0.614}
[18:19:07.40] /# gi::executeAction leInstance -in [gi::getWindows 7]
[18:19:07.40] /i ile::createInst
[18:19:07.53] /o 0
[18:19:07.69] /i gi::setActiveDialog [gi::getDialogs {leCreateInst} -parent [gi::getWindows 7]]
[18:19:07.89] /i db::setAttr geometry -of [gi::getDialogs {leCreateInst}] -value 612x532+1308+259
[18:19:10.75] /i gi::setActiveTab {tabWidget} -tabName {instParamTab} -in [gi::getDialogs {leCreateInst} -parent [gi::getWindows 7]]
[18:19:11.92] /i gi::setItemSelection {instParamExpand} -index {w,all} -in [gi::getDialogs {leCreateInst} -parent [gi::getWindows 7]]
[18:19:11.92] /i gi::setCurrentIndex {instParamExpand} -index {w,Value} -in [gi::getDialogs {leCreateInst} -parent [gi::getWindows 7]]
[18:19:15.57] /i gi::setField {instParamExpand} -value {0.36u} -index {w,Value} -in [gi::getDialogs {leCreateInst} -parent [gi::getWindows 7]]
[18:19:22.00] /# gi::executeAction deAddPoint -in [gi::getWindows 7]
[18:19:22.00] /i de::addPoint {-0.36 -1.041} -context [db::getNext [de::getContexts -window 7]]
[18:19:30.58] /# gi::executeAction deAddPoint -in [gi::getWindows 7]
[18:19:30.58] /i de::addPoint {-1.268 -1.036} -context [db::getNext [de::getContexts -window 7]]
[18:19:32.06] /# gi::executeAction deAbortCommand -in [gi::getWindows 7]
[18:19:32.06] /i de::abortCommand -context [db::getNext [de::getContexts -window 7]]
[18:19:34.16] /i gi::executeAction deSaveDesign -in [gi::getWindows 7]
[18:19:34.16] /m Information: Saving design 'dff dff layout'. (DESIGN_WINDOW-004)
[18:19:37.55] /# gi::executeAction xtDRCRun -in [gi::getWindows 7]
[18:19:37.55] /i xt::physicalVerification::executeRun drc 7
[18:19:37.69] /# xt::physicalVerification::executePve drc 7
[18:19:40.91] /m Information: 
              /c =============================
              /c JobID: hercules_drc_61
              /c --- ERROR SUMMARY -----------
              /c 7.30: Minimum area of Metal 1 >= 0.04
              /c  AREA M1S { } (101) ..................................... 1 violation found.
              /c =============================
              /c 
[18:19:41.41] /j ::xt::hercules::vue::_private::registerConnection localhost:36417 tcp179 herculesVue_24 
[18:19:41.47] /j ::xt::hercules::vue::_private::isJobReady 
[18:19:41.47] /o false
[18:19:42.49] /j ::xt::hercules::vue::_private::isJobReady 
[18:19:42.49] /o false
[18:19:43.49] /m Information: Connection established with 'Hercules-VUE' running on 'localhost'.
[18:19:43.49] /j ::xt::hercules::vue::_private::isJobReady 
[18:19:43.49] /o true
[18:19:43.52] /j ::xt::hercules::vue::startFilter LAY 
[18:19:43.88] /j ::xt::hercules::vue::setInlibPath /root/Excercise/DFlipFlop/synopsys_custom/dff.hercules.drc/. 
[18:19:43.90] /j ::xt::hercules::vue::setTopLayLCV dff dff layout 
[18:19:43.91] /j ::xt::hercules::vue::openCell dff dff layout 
[18:19:45.22] /j ::xt::hercules::vue::clearAllHighlights dff layout 
[18:21:10.56] /j ::xt::hercules::vue::clearAllHighlights dff layout 
[18:21:10.57] /j ::xt::hercules::vue::clearAllHighlights dff layout 
[18:21:10.71] /m Information: Connection closed with 'Hercules-VUE' running on 'localhost'.
[18:21:12.44] /i gi::setActiveWindow 4
[18:21:12.44] /i gi::setActiveWindow 4 -raise true
[18:21:13.97] /i gi::setActiveWindow 11
[18:21:13.98] /i gi::setActiveWindow 11 -raise true
[18:21:22.32] /i gi::setActiveWindow 7
[18:21:22.32] /i gi::setActiveWindow 7 -raise true
[18:21:29.96] /# gi::executeAction dePan -in [gi::getWindows 7]
[18:21:29.96] /i ide::pan [db::getNext [de::getContexts -window 7]]
[18:21:30.22] /# gi::executeAction deStartDrag -in [gi::getWindows 7]
[18:21:30.22] /i de::startDrag {-1.904 -0.953} -context [db::getNext [de::getContexts -window 7]]
[18:21:31.37] /# gi::executeAction deEndDrag -in [gi::getWindows 7]
[18:21:31.37] /i de::endDrag {-1.893 -0.951} -context [db::getNext [de::getContexts -window 7]]
[18:21:31.37] /r dePanToPoint {-2.58 -0.651}
[18:21:31.49] /# gi::executeAction deAddPoint -in [gi::getWindows 7]
[18:21:31.49] /i de::addPoint {-1.893 -0.955} -context [db::getNext [de::getContexts -window 7]]
[18:21:32.16] /# gi::executeAction deStartDrag -in [gi::getWindows 7]
[18:21:32.16] /i de::startDrag {-1.173 -1.259} -context [db::getNext [de::getContexts -window 7]]
[18:21:33.06] /# gi::executeAction deEndDrag -in [gi::getWindows 7]
[18:21:33.06] /i de::endDrag {-1.168 -1.259} -context [db::getNext [de::getContexts -window 7]]
[18:21:33.06] /r dePanToPoint {-2.529 -0.863}
[18:21:33.76] /# gi::executeAction deStartDrag -in [gi::getWindows 7]
[18:21:33.76] /i de::startDrag {-2.788 -1.259} -context [db::getNext [de::getContexts -window 7]]
[18:21:36.18] /# gi::executeAction deEndDrag -in [gi::getWindows 7]
[18:21:36.18] /i de::endDrag {-2.786 -1.259} -context [db::getNext [de::getContexts -window 7]]
[18:21:36.18] /r dePanToPoint {-2.856 -0.828}
[18:21:37.96] /# gi::executeAction leStretch -in [gi::getWindows 7]
[18:21:37.96] /i ile::stretch
[18:21:39.63] /# gi::executeAction deAddPoint -in [gi::getWindows 7]
[18:21:39.63] /i de::addPoint {-3.761 -0.851} -context [db::getNext [de::getContexts -window 7]]
[18:21:42.69] /# gi::executeAction deAddPoint -in [gi::getWindows 7]
[18:21:42.69] /i de::addPoint {-3.77 -0.881} -context [db::getNext [de::getContexts -window 7]]
[18:21:47.67] /# gi::executeAction leInstance -in [gi::getWindows 7]
[18:21:47.67] /i ile::createInst
[18:21:47.76] /o 0
[18:21:47.83] /i gi::setActiveDialog [gi::getDialogs {leCreateInst} -parent [gi::getWindows 7]]
[18:21:48.03] /i db::setAttr geometry -of [gi::getDialogs {leCreateInst}] -value 612x532+1308+222
[18:21:49.64] /i gi::setActiveTab {tabWidget} -tabName {instParamTab} -in [gi::getDialogs {leCreateInst} -parent [gi::getWindows 7]]
[18:21:50.78] /i gi::setItemSelection {instParamExpand} -index {w,all} -in [gi::getDialogs {leCreateInst} -parent [gi::getWindows 7]]
[18:21:50.78] /i gi::setCurrentIndex {instParamExpand} -index {w,Value} -in [gi::getDialogs {leCreateInst} -parent [gi::getWindows 7]]
[18:21:54.48] /i gi::setField {instParamExpand} -value {0.36u} -index {w,Value} -in [gi::getDialogs {leCreateInst} -parent [gi::getWindows 7]]
[18:22:01.11] /# gi::executeAction deAddPoint -in [gi::getWindows 7]
[18:22:01.11] /i de::addPoint {-2.178 -1.038} -context [db::getNext [de::getContexts -window 7]]
[18:22:07.19] /# gi::executeAction deAddPoint -in [gi::getWindows 7]
[18:22:07.19] /i de::addPoint {-3.092 -1.059} -context [db::getNext [de::getContexts -window 7]]
[18:22:14.59] /# gi::executeAction deAddPoint -in [gi::getWindows 7]
[18:22:14.59] /i de::addPoint {-4 -1.04} -context [db::getNext [de::getContexts -window 7]]
[18:22:15.51] /# gi::executeAction dePan -in [gi::getWindows 7]
[18:22:15.51] /i ide::pan [db::getNext [de::getContexts -window 7]]
[18:22:16.14] /# gi::executeAction deStartDrag -in [gi::getWindows 7]
[18:22:16.14] /i de::startDrag {-4.482 -1.043} -context [db::getNext [de::getContexts -window 7]]
[18:22:19.29] /# gi::executeAction deEndDrag -in [gi::getWindows 7]
[18:22:19.29] /i de::endDrag {-4.477 -1.043} -context [db::getNext [de::getContexts -window 7]]
[18:22:19.29] /r dePanToPoint {-5.647 -0.819}
[18:22:36.89] /# gi::executeAction leInstance -in [gi::getWindows 7]
[18:22:36.89] /i ile::createInst
[18:22:36.97] /i gi::setActiveDialog [gi::getDialogs {leCreateInst} -parent [gi::getWindows 7]]
[18:22:37.25] /i db::setAttr geometry -of [gi::getDialogs {leCreateInst}] -value 612x532+1308+259
[18:22:44.83] /# gi::executeAction deAddPoint -in [gi::getWindows 7]
[18:22:44.83] /i de::addPoint {-4.911 -1.079} -context [db::getNext [de::getContexts -window 7]]
[18:22:50.72] /# gi::executeAction deAddPoint -in [gi::getWindows 7]
[18:22:50.72] /i de::addPoint {-5.821 -1.077} -context [db::getNext [de::getContexts -window 7]]
[18:23:00.26] /# gi::executeAction deAddPoint -in [gi::getWindows 7]
[18:23:00.26] /i de::addPoint {-6.731 -1.066} -context [db::getNext [de::getContexts -window 7]]
[18:23:01.57] /# gi::executeAction dePan -in [gi::getWindows 7]
[18:23:01.57] /i ide::pan [db::getNext [de::getContexts -window 7]]
[18:23:02.27] /# gi::executeAction deStartDrag -in [gi::getWindows 7]
[18:23:02.27] /i de::startDrag {-7.203 -1.1} -context [db::getNext [de::getContexts -window 7]]
[18:23:04.35] /# gi::executeAction deEndDrag -in [gi::getWindows 7]
[18:23:04.35] /i de::endDrag {-7.208 -1.1} -context [db::getNext [de::getContexts -window 7]]
[18:23:04.35] /r dePanToPoint {-6.575 -0.715}
[18:23:05.38] /# gi::executeAction leInstance -in [gi::getWindows 7]
[18:23:05.38] /i ile::createInst
[18:23:05.48] /i gi::setActiveDialog [gi::getDialogs {leCreateInst} -parent [gi::getWindows 7]]
[18:23:05.71] /i db::setAttr geometry -of [gi::getDialogs {leCreateInst}] -value 612x532+1308+259
[18:23:14.82] /# gi::executeAction deAddPoint -in [gi::getWindows 7]
[18:23:14.82] /i de::addPoint {-7.639 -1.075} -context [db::getNext [de::getContexts -window 7]]
[18:23:15.86] /# gi::executeAction deAbortCommand -in [gi::getWindows 7]
[18:23:15.86] /i de::abortCommand -context [db::getNext [de::getContexts -window 7]]
[18:23:16.62] /# gi::executeAction deCanvasZoomOutAtPoint -in [gi::getWindows 7]
[18:23:16.62] /i de::zoom -window [gi::getWindows 7] -factor 0.5 -center {-6.134 -0.925}
[18:23:16.63] /o {-10.637 -2.202} {-3.397 1.19}
[18:23:23.21] /# gi::executeAction dePan -in [gi::getWindows 7]
[18:23:23.21] /i ide::pan [db::getNext [de::getContexts -window 7]]
[18:23:23.42] /# gi::executeAction deStartDrag -in [gi::getWindows 7]
[18:23:23.42] /i de::startDrag {-4.259 -1.819} -context [db::getNext [de::getContexts -window 7]]
[18:23:26.62] /# gi::executeAction deEndDrag -in [gi::getWindows 7]
[18:23:26.62] /i de::endDrag {-4.236 -1.815} -context [db::getNext [de::getContexts -window 7]]
[18:23:26.63] /r dePanToPoint {-6.325 -0.51}
[18:23:48.27] /# gi::executeAction deCanvasZoomInAtPoint -in [gi::getWindows 7]
[18:23:48.27] /i de::zoom -window [gi::getWindows 7] -factor 2.0 -center {-7.093 -0.496}
[18:23:48.27] /o {-8.519 -1.351} {-4.899 0.345}
[18:23:57.73] /# gi::executeAction leVia -in [gi::getWindows 7]
[18:23:57.73] /i ile::createVia
[18:23:57.78] /o oa:0x250cc8d0
[18:24:00.57] /i gi::setField {viaDefName} -value {poly_cust} -in [gi::getToolbars {deCommandOptions} -from [gi::getWindows 7]]
[18:24:09.09] /# gi::executeAction deAddPoint -in [gi::getWindows 7]
[18:24:09.09] /i de::addPoint {-7.137 -0.644} -context [db::getNext [de::getContexts -window 7]]
[18:24:12.93] /# gi::executeAction deAbortCommand -in [gi::getWindows 7]
[18:24:12.93] /i de::abortCommand -context [db::getNext [de::getContexts -window 7]]
[18:24:13.41] /# gi::executeAction deCanvasZoomInAtPoint -in [gi::getWindows 7]
[18:24:13.41] /i de::zoom -window [gi::getWindows 7] -factor 2.0 -center {-6.945 -0.531}
[18:24:13.41] /o {-7.732 -0.941} {-5.922 -0.093}
[18:24:15.34] /# gi::executeAction leStretch -in [gi::getWindows 7]
[18:24:15.34] /i ile::stretch
[18:24:16.73] /# gi::executeAction deAddPoint -in [gi::getWindows 7]
[18:24:16.73] /i de::addPoint {-7.11 -0.576} -context [db::getNext [de::getContexts -window 7]]
[18:24:19.72] /# gi::executeAction deAddPoint -in [gi::getWindows 7]
[18:24:19.72] /i de::addPoint {-7.113 -0.697} -context [db::getNext [de::getContexts -window 7]]
[18:24:20.96] /# gi::executeAction deAddPoint -in [gi::getWindows 7]
[18:24:20.96] /i de::addPoint {-7.044 -0.472} -context [db::getNext [de::getContexts -window 7]]
[18:24:22.46] /# gi::executeAction deAddPoint -in [gi::getWindows 7]
[18:24:22.46] /i de::addPoint {-7.048 -0.472} -context [db::getNext [de::getContexts -window 7]]
[18:24:29.83] /# gi::executeAction leRectangle -in [gi::getWindows 7]
[18:24:29.84] /i ile::createRectangle
[18:24:32.84] /# gi::executeAction deAddPoint -in [gi::getWindows 7]
[18:24:32.84] /i de::addPoint {-7.142 -0.594} -context [db::getNext [de::getContexts -window 7]]
[18:24:36.62] /# gi::executeAction deAddPoint -in [gi::getWindows 7]
[18:24:36.62] /i de::addPoint {-7.464 -0.697} -context [db::getNext [de::getContexts -window 7]]
[18:24:38.18] /# gi::setCurrentIndex {lpps} -index {poly drw} -in [gi::getAssistants leObjectLayerPanel -from [gi::getWindows 7]]
[18:24:38.18] /# gi::setItemSelection {lpps} -index {poly drw} -in [gi::getAssistants leObjectLayerPanel -from [gi::getWindows 7]]
[18:24:38.25] /# gi::executeAction leOLPSetActiveLPP -in [gi::getAssistants leObjectLayerPanel -from [gi::getWindows 7]]
[18:24:38.25] /i de::setActiveLPP [de::getLPPs -from [oa::DesignFind dff dff layout] -filter {%lpp =="poly drawing"}]
[18:24:40.77] /# gi::executeAction deAddPoint -in [gi::getWindows 7]
[18:24:40.77] /i de::addPoint {-6.63 -0.577} -context [db::getNext [de::getContexts -window 7]]
[18:24:46.97] /# gi::executeAction deAddPoint -in [gi::getWindows 7]
[18:24:46.97] /i de::addPoint {-7.105 -0.733} -context [db::getNext [de::getContexts -window 7]]
[18:24:47.64] /# gi::executeAction deCanvasZoomOutAtPoint -in [gi::getWindows 7]
[18:24:47.64] /i de::zoom -window [gi::getWindows 7] -factor 0.5 -center {-6.638 -0.635}
[18:24:47.64] /o {-8.826 -1.247} {-5.206 0.449}
[18:24:56.11] /# gi::executeAction dePan -in [gi::getWindows 7]
[18:24:56.11] /i ide::pan [db::getNext [de::getContexts -window 7]]
[18:24:56.42] /# gi::executeAction deStartDrag -in [gi::getWindows 7]
[18:24:56.42] /i de::startDrag {-6.144 -0.526} -context [db::getNext [de::getContexts -window 7]]
[18:24:57.12] /# gi::executeAction deEndDrag -in [gi::getWindows 7]
[18:24:57.12] /i de::endDrag {-6.146 -0.526} -context [db::getNext [de::getContexts -window 7]]
[18:24:57.12] /r dePanToPoint {-5.214 -0.397}
[18:24:57.99] /# gi::executeAction deStartDrag -in [gi::getWindows 7]
[18:24:57.99] /i de::startDrag {-4.379 -0.505} -context [db::getNext [de::getContexts -window 7]]
[18:24:58.57] /# gi::executeAction deEndDrag -in [gi::getWindows 7]
[18:24:58.57] /i de::endDrag {-4.384 -0.505} -context [db::getNext [de::getContexts -window 7]]
[18:24:58.57] /r dePanToPoint {-4.587 -0.443}
[18:24:59.14] /# gi::executeAction deCanvasZoomOutAtPoint -in [gi::getWindows 7]
[18:24:59.14] /i de::zoom -window [gi::getWindows 7] -factor 0.5 -center {-4.319 -0.551}
[18:24:59.15] /o {-8.476 -2.031} {-1.236 1.361}
[18:25:00.20] /# gi::executeAction deCanvasZoomInAtPoint -in [gi::getWindows 7]
[18:25:00.20] /i de::zoom -window [gi::getWindows 7] -factor 2.0 -center {-3.19 -0.763}
[18:25:00.20] /o {-5.833 -1.397} {-2.213 0.299}
[18:25:00.70] /# gi::executeAction deCanvasZoomOutAtPoint -in [gi::getWindows 7]
[18:25:00.70] /i de::zoom -window [gi::getWindows 7] -factor 0.5 -center {-3.13 -0.791}
[18:25:00.70] /o {-8.536 -2.003} {-1.296 1.389}
[18:25:18.02] /# gi::executeAction deCanvasZoomInAtPoint -in [gi::getWindows 7]
[18:25:18.02] /i de::zoom -window [gi::getWindows 7] -factor 2.0 -center {-3.195 -0.422}
[18:25:18.02] /o {-5.866 -1.212} {-2.245 0.484}
[18:25:35.01] /# gi::executeAction leVia -in [gi::getWindows 7]
[18:25:35.01] /i ile::createVia
[18:25:35.07] /o oa:0x247cd020
[18:25:42.46] /# gi::executeAction deAddPoint -in [gi::getWindows 7]
[18:25:42.46] /i de::addPoint {-4.416 -0.599} -context [db::getNext [de::getContexts -window 7]]
[18:25:51.64] /# gi::executeAction deAddPoint -in [gi::getWindows 7]
[18:25:51.64] /i de::addPoint {-3.497 -0.611} -context [db::getNext [de::getContexts -window 7]]
[18:25:53.21] /# gi::executeAction deAbortCommand -in [gi::getWindows 7]
[18:25:53.21] /i de::abortCommand -context [db::getNext [de::getContexts -window 7]]
[18:25:56.26] /# gi::executeAction leRectangle -in [gi::getWindows 7]
[18:25:56.26] /i ile::createRectangle
[18:25:58.73] /# gi::executeAction deAddPoint -in [gi::getWindows 7]
[18:25:58.73] /i de::addPoint {-2.997 -0.576} -context [db::getNext [de::getContexts -window 7]]
[18:26:02.70] /# gi::executeAction deAddPoint -in [gi::getWindows 7]
[18:26:02.70] /i de::addPoint {-3.494 -0.729} -context [db::getNext [de::getContexts -window 7]]
[18:26:05.71] /# gi::executeAction deAddPoint -in [gi::getWindows 7]
[18:26:05.71] /i de::addPoint {-3.898 -0.553} -context [db::getNext [de::getContexts -window 7]]
[18:26:10.01] /# gi::executeAction deAddPoint -in [gi::getWindows 7]
[18:26:10.01] /i de::addPoint {-4.414 -0.722} -context [db::getNext [de::getContexts -window 7]]
[18:26:11.48] /# gi::executeAction deCanvasZoomInAtPoint -in [gi::getWindows 7]
[18:26:11.48] /i de::zoom -window [gi::getWindows 7] -factor 2.0 -center {-4.386 -0.369}
[18:26:11.48] /o {-5.126 -0.791} {-3.316 0.057}
[18:26:12.80] /# gi::executeAction leStretch -in [gi::getWindows 7]
[18:26:12.80] /i ile::stretch
[18:26:14.29] /# gi::executeAction deAddPoint -in [gi::getWindows 7]
[18:26:14.29] /i de::addPoint {-3.491 -0.536} -context [db::getNext [de::getContexts -window 7]]
[18:26:17.65] /# gi::executeAction deAddPoint -in [gi::getWindows 7]
[18:26:17.65] /i de::addPoint {-3.484 -0.662} -context [db::getNext [de::getContexts -window 7]]
[18:26:20.19] /# gi::executeAction deAddPoint -in [gi::getWindows 7]
[18:26:20.19] /i de::addPoint {-4.411 -0.317} -context [db::getNext [de::getContexts -window 7]]
[18:26:23.53] /# gi::executeAction deAddPoint -in [gi::getWindows 7]
[18:26:23.53] /i de::addPoint {-4.402 -0.65} -context [db::getNext [de::getContexts -window 7]]
[18:26:25.10] /# gi::executeAction deAddPoint -in [gi::getWindows 7]
[18:26:25.10] /i de::addPoint {-4.317 -0.442} -context [db::getNext [de::getContexts -window 7]]
[18:26:27.79] /# gi::executeAction deAddPoint -in [gi::getWindows 7]
[18:26:27.79] /i de::addPoint {-4.332 -0.444} -context [db::getNext [de::getContexts -window 7]]
[18:26:28.23] /# gi::executeAction deCanvasZoomOutAtPoint -in [gi::getWindows 7]
[18:26:28.23] /i de::zoom -window [gi::getWindows 7] -factor 0.5 -center {-4.313 -0.444}
[18:26:28.23] /o {-5.939 -1.137} {-2.318 0.559}
[18:26:47.34] /# gi::executeAction deCanvasZoomOutAtPoint -in [gi::getWindows 7]
[18:26:47.34] /i de::zoom -window [gi::getWindows 7] -factor 0.5 -center {-2.577 -0.889}
[18:26:47.34] /o {-9.3 -1.386} {-2.06 2.006}
[18:26:50.65] /# gi::executeAction dePan -in [gi::getWindows 7]
[18:26:50.65] /i ide::pan [db::getNext [de::getContexts -window 7]]
[18:26:50.98] /# gi::executeAction deStartDrag -in [gi::getWindows 7]
[18:26:50.98] /i de::startDrag {-3.037 -0.349} -context [db::getNext [de::getContexts -window 7]]
[18:26:59.21] /# gi::executeAction deEndDrag -in [gi::getWindows 7]
[18:26:59.21] /i de::endDrag {-3.032 -0.349} -context [db::getNext [de::getContexts -window 7]]
[18:26:59.21] /r dePanToPoint {-4.376 -0.257}
[18:27:00.70] /# gi::executeAction deStartDrag -in [gi::getWindows 7]
[18:27:00.70] /i de::startDrag {-3.032 -0.349} -context [db::getNext [de::getContexts -window 7]]
[18:27:02.99] /# gi::executeAction deEndDrag -in [gi::getWindows 7]
[18:27:02.99] /i de::endDrag {-3.037 -0.349} -context [db::getNext [de::getContexts -window 7]]
[18:27:02.99] /r dePanToPoint {-4.749 -0.211}
[18:27:03.40] /# gi::executeAction deCanvasZoomInAtPoint -in [gi::getWindows 7]
[18:27:03.40] /i de::zoom -window [gi::getWindows 7] -factor 2.0 -center {-3.014 -0.349}
[18:27:03.40] /o {-5.692 -1.128} {-2.071 0.568}
[18:27:03.99] /# gi::executeAction deCanvasZoomOutAtPoint -in [gi::getWindows 7]
[18:27:03.99] /i de::zoom -window [gi::getWindows 7] -factor 0.5 -center {-3.014 -0.349}
[18:27:03.99] /o {-8.369 -1.907} {-1.129 1.485}
[18:27:06.14] /# gi::executeAction deCanvasZoomInAtPoint -in [gi::getWindows 7]
[18:27:06.14] /i de::zoom -window [gi::getWindows 7] -factor 2.0 -center {-3.166 -0.372}
[18:27:06.14] /o {-5.768 -1.139} {-2.147 0.557}
[18:27:07.07] /# gi::executeAction deStartDrag -in [gi::getWindows 7]
[18:27:07.07] /i de::startDrag {-3.039 -0.402} -context [db::getNext [de::getContexts -window 7]]
[18:27:07.61] /# gi::executeAction deEndDrag -in [gi::getWindows 7]
[18:27:07.61] /i de::endDrag {-3.042 -0.402} -context [db::getNext [de::getContexts -window 7]]
[18:27:07.61] /r dePanToPoint {-3.778 -0.432}
[18:27:09.56] /# gi::executeAction deStartDrag -in [gi::getWindows 7]
[18:27:09.56] /i de::startDrag {-3.357 -0.446} -context [db::getNext [de::getContexts -window 7]]
[18:27:11.51] /# gi::executeAction deEndDrag -in [gi::getWindows 7]
[18:27:11.51] /i de::endDrag {-3.357 -0.448} -context [db::getNext [de::getContexts -window 7]]
[18:27:11.51] /r dePanToPoint {-4.057 -0.471}
[18:27:12.05] /# gi::executeAction deCanvasZoomInAtPoint -in [gi::getWindows 7]
[18:27:12.05] /i de::zoom -window [gi::getWindows 7] -factor 2.0 -center {-3.334 -0.42}
[18:27:12.06] /o {-4.6 -0.87} {-2.79 -0.022}
[18:27:14.11] /# gi::executeAction deAbortCommand -in [gi::getWindows 7]
[18:27:14.11] /i de::abortCommand -context [db::getNext [de::getContexts -window 7]]
[18:27:14.48] /# gi::executeAction deAddPoint -in [gi::getWindows 7]
[18:27:14.48] /i de::addPoint {-3.328 -0.406} -context [db::getNext [de::getContexts -window 7]]
[18:27:15.74] /# gi::executeAction deAddPoint -in [gi::getWindows 7]
[18:27:15.74] /i de::addPoint {-3.475 -0.389} -context [db::getNext [de::getContexts -window 7]]
[18:27:16.61] /# gi::executeAction leMove -in [gi::getWindows 7]
[18:27:16.61] /i ile::move
[18:27:17.66] /# gi::executeAction deAddPoint -in [gi::getWindows 7]
[18:27:17.66] /i de::addPoint {-3.478 -0.38} -context [db::getNext [de::getContexts -window 7]]
[18:27:19.83] /# gi::executeAction deAbortCommand -in [gi::getWindows 7]
[18:27:19.83] /i de::abortCommand -context [db::getNext [de::getContexts -window 7]]
[18:27:21.05] /# gi::executeAction deSelectActive -in [gi::getWindows 7]
[18:27:21.05] /i de::deselectAll [db::getNext [de::getContexts -window 7]]
[18:27:21.05] /i de::select [de::getActiveFigure [gi::getWindows 7] -point {-3.456 -0.391} -index 0 -intent none]
[18:27:21.05] /o oa:0x1e788e70
[18:27:22.08] /# gi::executeAction leMove -in [gi::getWindows 7]
[18:27:22.08] /i ile::move
[18:27:22.86] /# gi::executeAction deAddPoint -in [gi::getWindows 7]
[18:27:22.86] /i de::addPoint {-3.406 -0.389} -context [db::getNext [de::getContexts -window 7]]
[18:27:24.64] /# gi::executeAction deAddPoint -in [gi::getWindows 7]
[18:27:24.64] /i de::addPoint {-3.403 -0.372} -context [db::getNext [de::getContexts -window 7]]
[18:27:25.83] /# gi::executeAction leRuler -in [gi::getWindows 7]
[18:27:25.83] /i ile::createRuler
[18:27:27.74] /# gi::executeAction deAddPoint -in [gi::getWindows 7]
[18:27:27.74] /i de::addPoint {-3.858 -0.376} -context [db::getNext [de::getContexts -window 7]]
[18:27:31.99] /# gi::executeAction deAddPoint -in [gi::getWindows 7]
[18:27:31.99] /i de::addPoint {-3.838 -0.526} -context [db::getNext [de::getContexts -window 7]]
[18:27:32.40] /# gi::executeAction deCanvasZoomOutAtPoint -in [gi::getWindows 7]
[18:27:32.41] /i de::zoom -window [gi::getWindows 7] -factor 0.5 -center {-3.694 -0.477}
[18:27:32.41] /o {-5.507 -1.262} {-1.887 0.434}
[18:27:33.88] /# gi::executeAction deAbortCommand -in [gi::getWindows 7]
[18:27:33.88] /i de::abortCommand -context [db::getNext [de::getContexts -window 7]]
[18:27:36.33] /# gi::executeAction dePan -in [gi::getWindows 7]
[18:27:36.33] /i ide::pan [db::getNext [de::getContexts -window 7]]
[18:27:36.63] /# gi::executeAction deStartDrag -in [gi::getWindows 7]
[18:27:36.63] /i de::startDrag {-2.594 -0.419} -context [db::getNext [de::getContexts -window 7]]
[18:27:37.90] /# gi::executeAction deEndDrag -in [gi::getWindows 7]
[18:27:37.90] /i de::endDrag {-2.601 -0.419} -context [db::getNext [de::getContexts -window 7]]
[18:27:37.90] /r dePanToPoint {-2.113 -0.416}
[18:27:38.63] /# gi::executeAction deStartDrag -in [gi::getWindows 7]
[18:27:38.63] /i de::startDrag {-2.237 -0.419} -context [db::getNext [de::getContexts -window 7]]
[18:27:39.08] /# gi::executeAction deEndDrag -in [gi::getWindows 7]
[18:27:39.08] /i de::endDrag {-2.244 -0.419} -context [db::getNext [de::getContexts -window 7]]
[18:27:39.08] /r dePanToPoint {-1.623 -0.483}
[18:27:40.62] /# gi::executeAction deStartDrag -in [gi::getWindows 7]
[18:27:40.62] /i de::startDrag {-0.67 -0.379} -context [db::getNext [de::getContexts -window 7]]
[18:27:42.24] /# gi::executeAction deEndDrag -in [gi::getWindows 7]
[18:27:42.24] /i de::endDrag {-0.661 -0.377} -context [db::getNext [de::getContexts -window 7]]
[18:27:42.24] /r dePanToPoint {-2.346 -0.529}
[18:27:43.09] /# gi::executeAction deStartDrag -in [gi::getWindows 7]
[18:27:43.09] /i de::startDrag {-1.626 -0.449} -context [db::getNext [de::getContexts -window 7]]
[18:27:47.58] /# gi::executeAction deEndDrag -in [gi::getWindows 7]
[18:27:47.58] /i de::endDrag {-1.608 -0.449} -context [db::getNext [de::getContexts -window 7]]
[18:27:47.58] /r dePanToPoint {-3.077 -0.674}
[18:27:48.49] /# gi::executeAction deStartDrag -in [gi::getWindows 7]
[18:27:48.49] /i de::startDrag {-3.115 -0.451} -context [db::getNext [de::getContexts -window 7]]
[18:27:50.68] /# gi::executeAction deEndDrag -in [gi::getWindows 7]
[18:27:50.68] /i de::endDrag {-3.119 -0.451} -context [db::getNext [de::getContexts -window 7]]
[18:27:50.68] /r dePanToPoint {-2.279 -0.52}
[18:27:51.39] /# gi::executeAction deStartDrag -in [gi::getWindows 7]
[18:27:51.39] /i de::startDrag {-1.562 -0.412} -context [db::getNext [de::getContexts -window 7]]
[18:27:52.69] /# gi::executeAction deEndDrag -in [gi::getWindows 7]
[18:27:52.69] /i de::endDrag {-1.564 -0.412} -context [db::getNext [de::getContexts -window 7]]
[18:27:52.69] /r dePanToPoint {-0.964 -0.534}
[18:28:04.32] /# gi::executeAction deCanvasZoomInAtPoint -in [gi::getWindows 7]
[18:28:04.32] /i de::zoom -window [gi::getWindows 7] -factor 2.0 -center {0.141 -0.58}
[18:28:04.32] /o {-1.316 -0.981} {0.494 -0.133}
[18:28:11.64] /# gi::executeAction leVia -in [gi::getWindows 7]
[18:28:11.64] /i ile::createVia
[18:28:11.68] /o oa:0x232f70b0
[18:28:24.70] /# gi::executeAction deCanvasZoomOutAtPoint -in [gi::getWindows 7]
[18:28:24.70] /i de::zoom -window [gi::getWindows 7] -factor 0.5 -center {-0.77 -0.643}
[18:28:24.70] /o {-1.863 -1.319} {1.757 0.377}
[18:28:28.43] /# gi::executeAction deAbortCommand -in [gi::getWindows 7]
[18:28:28.43] /i de::abortCommand -context [db::getNext [de::getContexts -window 7]]
[18:28:29.58] /# gi::executeAction deCanvasZoomInAtPoint -in [gi::getWindows 7]
[18:28:29.58] /i de::zoom -window [gi::getWindows 7] -factor 2.0 -center {-0.773 -1.132}
[18:28:29.58] /o {-1.318 -1.225} {0.492 -0.377}
[18:28:31.22] /# gi::executeAction leVia -in [gi::getWindows 7]
[18:28:31.22] /i ile::createVia
[18:28:31.26] /o oa:0x24829ba0
[18:28:37.17] /# gi::executeAction deAddPoint -in [gi::getWindows 7]
[18:28:37.17] /i de::addPoint {-0.772 -1.051} -context [db::getNext [de::getContexts -window 7]]
[18:28:42.93] /i gi::setField {viaDefName} -value {via12} -in [gi::getToolbars {deCommandOptions} -from [gi::getWindows 7]]
[18:28:53.57] /# gi::executeAction deAddPoint -in [gi::getWindows 7]
[18:28:53.57] /i de::addPoint {-0.766 -0.618} -context [db::getNext [de::getContexts -window 7]]
[18:28:55.67] /# gi::executeAction leRotate90 -in [gi::getWindows 7]
[18:28:55.67] /i de::commandOption R90 -point {-0.549 -1.001}
[18:28:56.94] /# gi::executeAction deAbortCommand -in [gi::getWindows 7]
[18:28:56.94] /i de::abortCommand -context [db::getNext [de::getContexts -window 7]]
[18:28:57.37] /# gi::executeAction leRectangle -in [gi::getWindows 7]
[18:28:57.37] /i ile::createRectangle
[18:29:00.39] /# gi::executeAction deAddPoint -in [gi::getWindows 7]
[18:29:00.39] /i de::addPoint {-0.258 -1.168} -context [db::getNext [de::getContexts -window 7]]
[18:29:04.77] /# gi::executeAction deAddPoint -in [gi::getWindows 7]
[18:29:04.77] /i de::addPoint {-0.714 -1.017} -context [db::getNext [de::getContexts -window 7]]
[18:29:06.10] /# gi::executeAction leMove -in [gi::getWindows 7]
[18:29:06.10] /i ile::move
[18:29:06.82] /# gi::executeAction deAddPoint -in [gi::getWindows 7]
[18:29:06.82] /i de::addPoint {-0.759 -1.147} -context [db::getNext [de::getContexts -window 7]]
[18:29:08.66] /# gi::executeAction deAddPoint -in [gi::getWindows 7]
[18:29:08.66] /i de::addPoint {-0.76 -1.144} -context [db::getNext [de::getContexts -window 7]]
[18:29:11.51] /# gi::executeAction deSelectActive -in [gi::getWindows 7]
[18:29:11.51] /i de::deselectAll [db::getNext [de::getContexts -window 7]]
[18:29:11.51] /i de::select [de::getActiveFigure [gi::getWindows 7] -point {-0.761 -1.144} -index 0 -intent none]
[18:29:11.51] /o oa:0x1dbf5030
[18:29:12.29] /# gi::executeAction leMove -in [gi::getWindows 7]
[18:29:12.29] /i ile::move
[18:29:12.53] /# gi::executeAction deAddPoint -in [gi::getWindows 7]
[18:29:12.53] /i de::addPoint {-0.761 -1.144} -context [db::getNext [de::getContexts -window 7]]
[18:29:15.36] /# gi::executeAction deAddPoint -in [gi::getWindows 7]
[18:29:15.36] /i de::addPoint {-0.763 -1.151} -context [db::getNext [de::getContexts -window 7]]
[18:29:17.33] /# gi::setCurrentIndex {lpps} -index {m1 drw} -in [gi::getAssistants leObjectLayerPanel -from [gi::getWindows 7]]
[18:29:17.33] /# gi::setItemSelection {lpps} -index {m1 drw} -in [gi::getAssistants leObjectLayerPanel -from [gi::getWindows 7]]
[18:29:17.41] /# gi::executeAction leOLPSetActiveLPP -in [gi::getAssistants leObjectLayerPanel -from [gi::getWindows 7]]
[18:29:17.41] /i de::setActiveLPP [de::getLPPs -from [oa::DesignFind dff dff layout] -filter {%lpp =="m1 drawing"}]
[18:29:18.50] /# gi::executeAction leRectangle -in [gi::getWindows 7]
[18:29:18.50] /i ile::createRectangle
[18:29:20.66] /# gi::executeAction deAddPoint -in [gi::getWindows 7]
[18:29:20.66] /i de::addPoint {-0.829 -1.104} -context [db::getNext [de::getContexts -window 7]]
[18:29:26.78] /# gi::executeAction deAddPoint -in [gi::getWindows 7]
[18:29:26.78] /i de::addPoint {-0.715 -0.585} -context [db::getNext [de::getContexts -window 7]]
[18:29:27.41] /# gi::executeAction deCanvasZoomOutAtPoint -in [gi::getWindows 7]
[18:29:27.41] /i de::zoom -window [gi::getWindows 7] -factor 0.5 -center {-0.707 -0.608}
[18:29:27.41] /o {-1.929 -1.843} {1.691 -0.147}
[18:29:28.58] /# gi::executeAction dePan -in [gi::getWindows 7]
[18:29:28.58] /i ide::pan [db::getNext [de::getContexts -window 7]]
[18:29:28.97] /# gi::executeAction deStartDrag -in [gi::getWindows 7]
[18:29:28.97] /i de::startDrag {-1.251 -1.599} -context [db::getNext [de::getContexts -window 7]]
[18:29:30.61] /# gi::executeAction deEndDrag -in [gi::getWindows 7]
[18:29:30.61] /i de::endDrag {-1.249 -1.599} -context [db::getNext [de::getContexts -window 7]]
[18:29:30.61] /r dePanToPoint {-2.552 -0.695}
[18:29:31.33] /# gi::executeAction deStartDrag -in [gi::getWindows 7]
[18:29:31.33] /i de::startDrag {-3.217 -1.301} -context [db::getNext [de::getContexts -window 7]]
[18:29:36.64] /# gi::executeAction deEndDrag -in [gi::getWindows 7]
[18:29:36.64] /i de::endDrag {-3.219 -1.301} -context [db::getNext [de::getContexts -window 7]]
[18:29:36.64] /r dePanToPoint {-1.884 -0.73}
[18:29:38.39] /# gi::setCurrentIndex {lpps} -index {m2 drw} -in [gi::getAssistants leObjectLayerPanel -from [gi::getWindows 7]]
[18:29:38.39] /# gi::setItemSelection {lpps} -index {m2 drw} -in [gi::getAssistants leObjectLayerPanel -from [gi::getWindows 7]]
[18:29:38.44] /# gi::executeAction leOLPSetActiveLPP -in [gi::getAssistants leObjectLayerPanel -from [gi::getWindows 7]]
[18:29:38.44] /i de::setActiveLPP [de::getLPPs -from [oa::DesignFind dff dff layout] -filter {%lpp =="m2 drawing"}]
[18:29:39.88] /# gi::executeAction leRectangle -in [gi::getWindows 7]
[18:29:39.88] /i ile::createRectangle
[18:29:43.57] /# gi::executeAction deAddPoint -in [gi::getWindows 7]
[18:29:43.57] /i de::addPoint {-0.689 -0.527} -context [db::getNext [de::getContexts -window 7]]
[18:29:51.73] /# gi::executeAction deAddPoint -in [gi::getWindows 7]
[18:29:51.73] /i de::addPoint {-2.763 -0.723} -context [db::getNext [de::getContexts -window 7]]
[18:29:52.92] /# gi::executeAction dePan -in [gi::getWindows 7]
[18:29:52.92] /i ide::pan [db::getNext [de::getContexts -window 7]]
[18:29:53.48] /# gi::executeAction deStartDrag -in [gi::getWindows 7]
[18:29:53.48] /i de::startDrag {-2.984 -1.322} -context [db::getNext [de::getContexts -window 7]]
[18:29:56.33] /# gi::executeAction deEndDrag -in [gi::getWindows 7]
[18:29:56.33] /i de::endDrag {-2.973 -1.322} -context [db::getNext [de::getContexts -window 7]]
[18:29:56.34] /r dePanToPoint {-4.338 -0.711}
[18:29:57.42] /# gi::executeAction leStretch -in [gi::getWindows 7]
[18:29:57.42] /i ile::stretch
[18:29:58.76] /# gi::executeAction deAbortCommand -in [gi::getWindows 7]
[18:29:58.76] /i de::abortCommand -context [db::getNext [de::getContexts -window 7]]
[18:29:59.24] /# gi::executeAction deSelectActive -in [gi::getWindows 7]
[18:29:59.24] /i de::deselectAll [db::getNext [de::getContexts -window 7]]
[18:29:59.24] /i de::deselectAllLogic -context [db::getNext [de::getContexts -window 7]]
[18:29:59.68] /# gi::executeAction deSelectActive -in [gi::getWindows 7]
[18:29:59.68] /i de::deselectAllLogic -context [db::getNext [de::getContexts -window 7]]
[18:29:59.86] /# gi::executeAction deSelectActive -in [gi::getWindows 7]
[18:29:59.86] /i de::deselectAllLogic -context [db::getNext [de::getContexts -window 7]]
[18:30:00.69] /# gi::executeAction leStretch -in [gi::getWindows 7]
[18:30:00.69] /i ile::stretch
[18:30:02.00] /# gi::executeAction deAddPoint -in [gi::getWindows 7]
[18:30:02.00] /i de::addPoint {-2.767 -0.67} -context [db::getNext [de::getContexts -window 7]]
[18:30:11.76] /# gi::executeAction deAddPoint -in [gi::getWindows 7]
[18:30:11.76] /i de::addPoint {-6.044 -0.67} -context [db::getNext [de::getContexts -window 7]]
[18:30:15.20] /# gi::executeAction dePan -in [gi::getWindows 7]
[18:30:15.20] /i ide::pan [db::getNext [de::getContexts -window 7]]
[18:30:15.49] /# gi::executeAction deStartDrag -in [gi::getWindows 7]
[18:30:15.49] /i de::startDrag {-5.438 -0.407} -context [db::getNext [de::getContexts -window 7]]
[18:30:17.25] /# gi::executeAction deEndDrag -in [gi::getWindows 7]
[18:30:17.25] /i de::endDrag {-5.436 -0.407} -context [db::getNext [de::getContexts -window 7]]
[18:30:17.25] /r dePanToPoint {-5.428 -0.476}
[18:30:17.66] /# gi::executeAction deCanvasZoomInAtPoint -in [gi::getWindows 7]
[18:30:17.66] /i de::zoom -window [gi::getWindows 7] -factor 2.0 -center {-5.752 -0.373}
[18:30:17.66] /o {-6.495 -0.849} {-4.685 -0.001}
[18:30:19.99] /# gi::executeAction leRectangle -in [gi::getWindows 7]
[18:30:19.99] /i ile::createRectangle
[18:30:22.85] /# gi::executeAction deAddPoint -in [gi::getWindows 7]
[18:30:22.85] /i de::addPoint {-6.042 -0.258} -context [db::getNext [de::getContexts -window 7]]
[18:30:29.74] /# gi::executeAction deAddPoint -in [gi::getWindows 7]
[18:30:29.74] /i de::addPoint {-5.892 -0.727} -context [db::getNext [de::getContexts -window 7]]
[18:30:31.21] /# gi::executeAction deAbortCommand -in [gi::getWindows 7]
[18:30:31.21] /i de::abortCommand -context [db::getNext [de::getContexts -window 7]]
[18:30:31.97] /# gi::executeAction deSelectActive -in [gi::getWindows 7]
[18:30:31.97] /i de::deselectAllLogic -context [db::getNext [de::getContexts -window 7]]
[18:30:32.51] /# gi::executeAction leStretch -in [gi::getWindows 7]
[18:30:32.51] /i ile::stretch
[18:30:33.76] /# gi::executeAction deAddPoint -in [gi::getWindows 7]
[18:30:33.76] /i de::addPoint {-6.049 -0.565} -context [db::getNext [de::getContexts -window 7]]
[18:30:35.00] /# gi::executeAction deAddPoint -in [gi::getWindows 7]
[18:30:35.00] /i de::addPoint {-6.047 -0.564} -context [db::getNext [de::getContexts -window 7]]
[18:30:35.64] /# gi::executeAction deCanvasZoomOutAtPoint -in [gi::getWindows 7]
[18:30:35.64] /i de::zoom -window [gi::getWindows 7] -factor 0.5 -center {-6.11 -0.485}
[18:30:35.64] /o {-6.88 -1.212} {-3.26 0.484}
[18:30:38.08] /# gi::executeAction leMove -in [gi::getWindows 7]
[18:30:38.08] /i ile::move
[18:30:39.36] /# gi::executeAction deAddPoint -in [gi::getWindows 7]
[18:30:39.36] /i de::addPoint {-5.112 -0.415} -context [db::getNext [de::getContexts -window 7]]
[18:30:39.98] /# gi::executeAction dePan -in [gi::getWindows 7]
[18:30:39.98] /i ide::pan [db::getNext [de::getContexts -window 7]]
[18:30:40.24] /# gi::executeAction deStartDrag -in [gi::getWindows 7]
[18:30:40.24] /i de::startDrag {-5.133 -0.404} -context [db::getNext [de::getContexts -window 7]]
[18:30:40.70] /# gi::executeAction deEndDrag -in [gi::getWindows 7]
[18:30:40.70] /i de::endDrag {-5.149 -0.404} -context [db::getNext [de::getContexts -window 7]]
[18:30:40.70] /r dePanToPoint {-4.107 -0.404}
[18:30:41.72] /# gi::executeAction deStartDrag -in [gi::getWindows 7]
[18:30:41.72] /i de::startDrag {-2.61 -0.351} -context [db::getNext [de::getContexts -window 7]]
[18:30:43.72] /# gi::executeAction deEndDrag -in [gi::getWindows 7]
[18:30:43.72] /i de::endDrag {-2.596 -0.353} -context [db::getNext [de::getContexts -window 7]]
[18:30:43.72] /r dePanToPoint {-3.646 -0.427}
[18:30:44.13] /# gi::executeAction deCanvasZoomOutAtPoint -in [gi::getWindows 7]
[18:30:44.13] /i de::zoom -window [gi::getWindows 7] -factor 0.5 -center {-3.154 -0.318}
[18:30:44.13] /o {-7.758 -2.231} {-0.517 1.161}
[18:30:45.38] /# gi::executeAction deStartDrag -in [gi::getWindows 7]
[18:30:45.38] /i de::startDrag {-2.352 -0.13} -context [db::getNext [de::getContexts -window 7]]
[18:30:49.63] /# gi::executeAction deEndDrag -in [gi::getWindows 7]
[18:30:49.63] /i de::endDrag {-2.338 -0.13} -context [db::getNext [de::getContexts -window 7]]
[18:30:49.63] /r dePanToPoint {-4.999 -0.268}
[18:30:50.47] /# gi::executeAction deStartDrag -in [gi::getWindows 7]
[18:30:50.47] /i de::startDrag {-5.352 -1.591} -context [db::getNext [de::getContexts -window 7]]
[18:30:56.74] /# gi::executeAction deEndDrag -in [gi::getWindows 7]
[18:30:56.74] /i de::endDrag {-5.361 -1.591} -context [db::getNext [de::getContexts -window 7]]
[18:30:56.74] /r dePanToPoint {-4.525 0.092}
[18:30:58.15] /# gi::executeAction deStartDrag -in [gi::getWindows 7]
[18:30:58.15] /i de::startDrag {-2.319 0.589} -context [db::getNext [de::getContexts -window 7]]
[18:31:13.56] /# gi::executeAction deEndDrag -in [gi::getWindows 7]
[18:31:13.56] /i de::endDrag {-2.301 0.594} -context [db::getNext [de::getContexts -window 7]]
[18:31:13.56] /r dePanToPoint {-4.843 -0.609}
[18:31:14.37] /# gi::executeAction deStartDrag -in [gi::getWindows 7]
[18:31:14.37] /i de::startDrag {-6.578 -1.498} -context [db::getNext [de::getContexts -window 7]]
[18:31:15.40] /# gi::executeAction deEndDrag -in [gi::getWindows 7]
[18:31:15.40] /i de::endDrag {-6.578 -1.489} -context [db::getNext [de::getContexts -window 7]]
[18:31:15.40] /r dePanToPoint {-6.368 -0.48}
[18:31:18.01] /# gi::executeAction deCanvasZoomInAtPoint -in [gi::getWindows 7]
[18:31:18.01] /i de::zoom -window [gi::getWindows 7] -factor 2.0 -center {-7.504 -1.614}
[18:31:18.02] /o {-8.746 -1.895} {-5.126 -0.199}
[18:31:19.45] /# gi::executeAction deStartDrag -in [gi::getWindows 7]
[18:31:19.45] /i de::startDrag {-7.241 -1.535} -context [db::getNext [de::getContexts -window 7]]
[18:31:20.26] /# gi::executeAction deEndDrag -in [gi::getWindows 7]
[18:31:20.26] /i de::endDrag {-7.241 -1.533} -context [db::getNext [de::getContexts -window 7]]
[18:31:20.26] /r dePanToPoint {-6.973 -1.141}
[18:31:21.77] /# gi::executeAction deCanvasZoomInAtPoint -in [gi::getWindows 7]
[18:31:21.77] /i de::zoom -window [gi::getWindows 7] -factor 2.0 -center {-7.615 -1.536}
[18:31:21.77] /o {-8.199 -1.763} {-6.389 -0.915}
[18:31:22.36] /# gi::executeAction deCanvasZoomOutAtPoint -in [gi::getWindows 7]
[18:31:22.36] /i de::zoom -window [gi::getWindows 7] -factor 0.5 -center {-7.615 -1.536}
[18:31:22.36] /o {-8.783 -1.989} {-5.163 -0.293}
[18:31:23.27] /# gi::executeAction deStartDrag -in [gi::getWindows 7]
[18:31:23.27] /i de::startDrag {-7.612 -1.457} -context [db::getNext [de::getContexts -window 7]]
[18:31:23.68] /# gi::executeAction deEndDrag -in [gi::getWindows 7]
[18:31:23.68] /i de::endDrag {-7.61 -1.457} -context [db::getNext [de::getContexts -window 7]]
[18:31:23.68] /r dePanToPoint {-7.245 -1.169}
[18:31:23.91] /# gi::executeAction deCanvasZoomInAtPoint -in [gi::getWindows 7]
[18:31:23.91] /i de::zoom -window [gi::getWindows 7] -factor 2.0 -center {-7.61 -1.457}
[18:31:23.92] /o {-8.332 -1.737} {-6.522 -0.889}
[18:31:24.65] /# gi::executeAction deStartDrag -in [gi::getWindows 7]
[18:31:24.65] /i de::startDrag {-7.517 -1.394} -context [db::getNext [de::getContexts -window 7]]
[18:31:25.86] /# gi::executeAction deEndDrag -in [gi::getWindows 7]
[18:31:25.86] /i de::endDrag {-7.516 -1.394} -context [db::getNext [de::getContexts -window 7]]
[18:31:25.86] /r dePanToPoint {-7.516 -1.25}
[18:31:27.06] /# gi::executeAction leVia -in [gi::getWindows 7]
[18:31:27.06] /i ile::createVia
[18:31:27.13] /o oa:0x23b567f0
[18:31:32.72] /# gi::executeAction deAddPoint -in [gi::getWindows 7]
[18:31:32.72] /i de::addPoint {-7.76 -1.353} -context [db::getNext [de::getContexts -window 7]]
[18:31:33.71] /# gi::executeAction leRuler -in [gi::getWindows 7]
[18:31:33.71] /i ile::createRuler
[18:31:37.47] /# gi::executeAction deAddPoint -in [gi::getWindows 7]
[18:31:37.47] /i de::addPoint {-7.745 -1.461} -context [db::getNext [de::getContexts -window 7]]
[18:31:41.23] /# gi::executeAction deAddPoint -in [gi::getWindows 7]
[18:31:41.23] /i de::addPoint {-7.718 -1.61} -context [db::getNext [de::getContexts -window 7]]
[18:31:43.29] /# gi::executeAction deAbortCommand -in [gi::getWindows 7]
[18:31:43.29] /i de::abortCommand -context [db::getNext [de::getContexts -window 7]]
[18:31:43.99] /# gi::executeAction dePan -in [gi::getWindows 7]
[18:31:43.99] /i ide::pan [db::getNext [de::getContexts -window 7]]
[18:31:44.29] /# gi::executeAction deStartDrag -in [gi::getWindows 7]
[18:31:44.29] /i de::startDrag {-7.529 -1.569} -context [db::getNext [de::getContexts -window 7]]
[18:31:46.02] /# gi::executeAction deEndDrag -in [gi::getWindows 7]
[18:31:46.02] /i de::endDrag {-7.529 -1.568} -context [db::getNext [de::getContexts -window 7]]
[18:31:46.02] /r dePanToPoint {-7.51 -1.794}
[18:31:46.79] /# gi::executeAction leVia -in [gi::getWindows 7]
[18:31:46.79] /i ile::createVia
[18:31:46.90] /o oa:0x1d47d250
[18:31:53.59] /# gi::executeAction deAddPoint -in [gi::getWindows 7]
[18:31:53.59] /i de::addPoint {-7.76 -1.715} -context [db::getNext [de::getContexts -window 7]]
[18:31:54.67] /# gi::executeAction leRuler -in [gi::getWindows 7]
[18:31:54.67] /i ile::createRuler
[18:31:56.86] /# gi::executeAction deAddPoint -in [gi::getWindows 7]
[18:31:56.86] /i de::addPoint {-7.754 -1.82} -context [db::getNext [de::getContexts -window 7]]
[18:31:58.77] /# gi::executeAction deAddPoint -in [gi::getWindows 7]
[18:31:58.77] /i de::addPoint {-7.709 -1.97} -context [db::getNext [de::getContexts -window 7]]
[18:32:00.01] /# gi::executeAction leVia -in [gi::getWindows 7]
[18:32:00.01] /i ile::createVia
[18:32:09.02] /# gi::executeAction deAddPoint -in [gi::getWindows 7]
[18:32:09.02] /i de::addPoint {-7.755 -2.076} -context [db::getNext [de::getContexts -window 7]]
[18:32:09.63] /# gi::executeAction deCanvasZoomOutAtPoint -in [gi::getWindows 7]
[18:32:09.63] /i de::zoom -window [gi::getWindows 7] -factor 0.5 -center {-7.328 -1.779}
[18:32:09.64] /o {-9.503 -2.656} {-5.883 -0.96}
[18:32:12.03] /# gi::executeAction dePan -in [gi::getWindows 7]
[18:32:12.03] /i ide::pan [db::getNext [de::getContexts -window 7]]
[18:32:12.46] /# gi::executeAction deStartDrag -in [gi::getWindows 7]
[18:32:12.46] /i de::startDrag {-6.629 -1.64} -context [db::getNext [de::getContexts -window 7]]
[18:32:13.73] /# gi::executeAction deEndDrag -in [gi::getWindows 7]
[18:32:13.74] /i de::endDrag {-6.671 -1.64} -context [db::getNext [de::getContexts -window 7]]
[18:32:13.74] /r dePanToPoint {-5.688 -1.202}
[18:32:15.31] /# gi::executeAction deStartDrag -in [gi::getWindows 7]
[18:32:15.31] /i de::startDrag {-5.65 -1.421} -context [db::getNext [de::getContexts -window 7]]
[18:32:15.96] /# gi::executeAction deEndDrag -in [gi::getWindows 7]
[18:32:15.96] /i de::endDrag {-5.645 -1.421} -context [db::getNext [de::getContexts -window 7]]
[18:32:15.96] /r dePanToPoint {-5.531 -1.278}
[18:32:16.84] /# gi::executeAction deStartDrag -in [gi::getWindows 7]
[18:32:16.84] /i de::startDrag {-5.788 -1.375} -context [db::getNext [de::getContexts -window 7]]
[18:32:18.08] /# gi::executeAction deEndDrag -in [gi::getWindows 7]
[18:32:18.08] /i de::endDrag {-5.781 -1.375} -context [db::getNext [de::getContexts -window 7]]
[18:32:18.08] /r dePanToPoint {-6.985 -1.264}
[18:32:19.95] /# gi::setCurrentIndex {lpps} -index {m1 drw} -in [gi::getAssistants leObjectLayerPanel -from [gi::getWindows 7]]
[18:32:19.95] /# gi::setItemSelection {lpps} -index {m1 drw} -in [gi::getAssistants leObjectLayerPanel -from [gi::getWindows 7]]
[18:32:20.02] /# gi::executeAction leOLPSetActiveLPP -in [gi::getAssistants leObjectLayerPanel -from [gi::getWindows 7]]
[18:32:20.02] /i de::setActiveLPP [de::getLPPs -from [oa::DesignFind dff dff layout] -filter {%lpp =="m1 drawing"}]
[18:32:22.44] /# gi::executeAction leRectangle -in [gi::getWindows 7]
[18:32:22.44] /i ile::createRectangle
[18:32:25.37] /# gi::executeAction deCanvasZoomInAtPoint -in [gi::getWindows 7]
[18:32:25.37] /i de::zoom -window [gi::getWindows 7] -factor 2.0 -center {-7.811 -0.9}
[18:32:25.37] /o {-8.303 -1.506} {-6.493 -0.658}
[18:32:27.65] /# gi::executeAction deCanvasZoomOutAtPoint -in [gi::getWindows 7]
[18:32:27.65] /i de::zoom -window [gi::getWindows 7] -factor 0.5 -center {-7.815 -0.9}
[18:32:27.66] /o {-8.791 -2.112} {-5.171 -0.416}
[18:32:30.16] /# gi::executeAction deAddPoint -in [gi::getWindows 7]
[18:32:30.16] /i de::addPoint {-7.814 -0.9} -context [db::getNext [de::getContexts -window 7]]
[18:32:38.10] /# gi::executeAction deAddPoint -in [gi::getWindows 7]
[18:32:38.10] /i de::addPoint {-7.715 -2.11} -context [db::getNext [de::getContexts -window 7]]
[18:32:39.45] /# gi::executeAction deAbortCommand -in [gi::getWindows 7]
[18:32:39.45] /i de::abortCommand -context [db::getNext [de::getContexts -window 7]]
[18:32:40.58] /# gi::executeAction leMove -in [gi::getWindows 7]
[18:32:40.59] /i ile::move
[18:32:40.96] /# gi::executeAction deStartDrag -in [gi::getWindows 7]
[18:32:40.96] /i de::startDrag {-7.033 -1.863} -context [db::getNext [de::getContexts -window 7]]
[18:32:41.49] /# gi::executeAction deEndDrag -in [gi::getWindows 7]
[18:32:41.49] /i de::endDrag {-7.042 -1.762} -context [db::getNext [de::getContexts -window 7]]
[18:32:43.19] /# gi::executeAction dePan -in [gi::getWindows 7]
[18:32:43.19] /i ide::pan [db::getNext [de::getContexts -window 7]]
[18:32:43.49] /# gi::executeAction deStartDrag -in [gi::getWindows 7]
[18:32:43.49] /i de::startDrag {-6.489 -1.58} -context [db::getNext [de::getContexts -window 7]]
[18:32:51.69] /# gi::executeAction deEndDrag -in [gi::getWindows 7]
[18:32:51.69] /i de::endDrag {-6.494 -1.58} -context [db::getNext [de::getContexts -window 7]]
[18:32:51.69] /r dePanToPoint {-5.93 -1.322}
[18:32:55.40] /# gi::executeAction leVia -in [gi::getWindows 7]
[18:32:55.40] /i ile::createVia
[18:32:55.43] /o oa:0x2475e5b0
[18:32:58.85] /# gi::executeAction deAddPoint -in [gi::getWindows 7]
[18:32:58.85] /i de::addPoint {-5.943 -1.349} -context [db::getNext [de::getContexts -window 7]]
[18:32:59.16] /# gi::executeAction deCanvasZoomInAtPoint -in [gi::getWindows 7]
[18:32:59.16] /i de::zoom -window [gi::getWindows 7] -factor 2.0 -center {-5.888 -1.352}
[18:32:59.16] /o {-6.814 -1.761} {-5.004 -0.913}
[18:33:00.44] /# gi::executeAction dePan -in [gi::getWindows 7]
[18:33:00.44] /i ide::pan [db::getNext [de::getContexts -window 7]]
[18:33:00.75] /# gi::executeAction deStartDrag -in [gi::getWindows 7]
[18:33:00.75] /i de::startDrag {-5.807 -1.541} -context [db::getNext [de::getContexts -window 7]]
[18:33:02.53] /# gi::executeAction deEndDrag -in [gi::getWindows 7]
[18:33:02.53] /i de::endDrag {-5.808 -1.541} -context [db::getNext [de::getContexts -window 7]]
[18:33:02.53] /r dePanToPoint {-5.874 -1.802}
[18:33:03.08] /# gi::executeAction leRuler -in [gi::getWindows 7]
[18:33:03.08] /i ile::createRuler
[18:33:05.09] /# gi::executeAction deAddPoint -in [gi::getWindows 7]
[18:33:05.09] /i de::addPoint {-5.944 -1.459} -context [db::getNext [de::getContexts -window 7]]
[18:33:06.61] /# gi::executeAction deAbortCommand -in [gi::getWindows 7]
[18:33:06.61] /i de::abortCommand -context [db::getNext [de::getContexts -window 7]]
[18:33:07.80] /# gi::executeAction deAbortCommand -in [gi::getWindows 7]
[18:33:07.80] /i de::abortCommand -context [db::getNext [de::getContexts -window 7]]
[18:33:08.55] /# gi::executeAction leRuler -in [gi::getWindows 7]
[18:33:08.55] /i ile::createRuler
[18:33:10.71] /# gi::executeAction deAddPoint -in [gi::getWindows 7]
[18:33:10.71] /i de::addPoint {-5.946 -1.453} -context [db::getNext [de::getContexts -window 7]]
[18:33:13.44] /# gi::executeAction deAddPoint -in [gi::getWindows 7]
[18:33:13.44] /i de::addPoint {-5.895 -1.603} -context [db::getNext [de::getContexts -window 7]]
[18:33:14.34] /# gi::executeAction leVia -in [gi::getWindows 7]
[18:33:14.34] /i ile::createVia
[18:33:14.38] /o oa:0x23a1e5c0
[18:33:22.95] /# gi::executeAction deAddPoint -in [gi::getWindows 7]
[18:33:22.95] /i de::addPoint {-5.94 -1.711} -context [db::getNext [de::getContexts -window 7]]
[18:33:24.48] /# gi::executeAction leRuler -in [gi::getWindows 7]
[18:33:24.48] /i ile::createRuler
[18:33:27.11] /# gi::executeAction deAddPoint -in [gi::getWindows 7]
[18:33:27.11] /i de::addPoint {-5.938 -1.816} -context [db::getNext [de::getContexts -window 7]]
[18:33:28.60] /# gi::executeAction deAddPoint -in [gi::getWindows 7]
[18:33:28.60] /i de::addPoint {-5.909 -1.965} -context [db::getNext [de::getContexts -window 7]]
[18:33:33.92] /# gi::executeAction deAddPoint -in [gi::getWindows 7]
[18:33:33.92] /i de::addPoint {-5.933 -2.07} -context [db::getNext [de::getContexts -window 7]]
[18:33:34.73] /# gi::executeAction deCanvasZoomOutAtPoint -in [gi::getWindows 7]
[18:33:34.73] /i de::zoom -window [gi::getWindows 7] -factor 0.5 -center {-5.553 -1.857}
[18:33:34.74] /o {-8.004 -2.596} {-4.384 -0.9}
[18:33:35.57] /# gi::executeAction deCanvasZoomInAtPoint -in [gi::getWindows 7]
[18:33:35.57] /i de::zoom -window [gi::getWindows 7] -factor 2.0 -center {-5.552 -1.856}
[18:33:35.57] /o {-6.778 -2.226} {-4.968 -1.378}
[18:33:36.67] /# gi::executeAction deCanvasZoomOutAtPoint -in [gi::getWindows 7]
[18:33:36.67] /i de::zoom -window [gi::getWindows 7] -factor 0.5 -center {-5.546 -1.756}
[18:33:36.67] /o {-8.01 -2.696} {-4.39 -1.0}
[18:33:37.15] /# gi::executeAction dePan -in [gi::getWindows 7]
[18:33:37.15] /i ide::pan [db::getNext [de::getContexts -window 7]]
[18:33:37.80] /# gi::executeAction deStartDrag -in [gi::getWindows 7]
[18:33:37.80] /i de::startDrag {-5.494 -1.497} -context [db::getNext [de::getContexts -window 7]]
[18:33:38.62] /# gi::executeAction deEndDrag -in [gi::getWindows 7]
[18:33:38.62] /i de::endDrag {-5.496 -1.5} -context [db::getNext [de::getContexts -window 7]]
[18:33:38.62] /r dePanToPoint {-6.053 -1.548}
[18:33:40.59] /# gi::executeAction leRectangle -in [gi::getWindows 7]
[18:33:40.59] /i ile::createRectangle
[18:33:45.73] /# gi::executeAction deAddPoint -in [gi::getWindows 7]
[18:33:45.73] /i de::addPoint {-5.996 -0.905} -context [db::getNext [de::getContexts -window 7]]
[18:33:50.91] /# gi::executeAction deAddPoint -in [gi::getWindows 7]
[18:33:50.91] /i de::addPoint {-5.895 -2.057} -context [db::getNext [de::getContexts -window 7]]
[18:33:52.73] /# gi::executeAction leStretch -in [gi::getWindows 7]
[18:33:52.73] /i ile::stretch
[18:33:53.60] /# gi::executeAction deAbortCommand -in [gi::getWindows 7]
[18:33:53.60] /i de::abortCommand -context [db::getNext [de::getContexts -window 7]]
[18:33:54.27] /# gi::executeAction deSelectActive -in [gi::getWindows 7]
[18:33:54.27] /i de::deselectAllLogic -context [db::getNext [de::getContexts -window 7]]
[18:33:55.44] /# gi::executeAction leStretch -in [gi::getWindows 7]
[18:33:55.44] /i ile::stretch
[18:33:56.46] /# gi::executeAction deAddPoint -in [gi::getWindows 7]
[18:33:56.46] /i de::addPoint {-5.941 -2.057} -context [db::getNext [de::getContexts -window 7]]
[18:33:57.94] /# gi::executeAction deAddPoint -in [gi::getWindows 7]
[18:33:57.94] /i de::addPoint {-5.941 -2.106} -context [db::getNext [de::getContexts -window 7]]
[18:33:59.76] /# gi::executeAction leMove -in [gi::getWindows 7]
[18:33:59.76] /i ile::move
[18:34:00.14] /# gi::executeAction deStartDrag -in [gi::getWindows 7]
[18:34:00.14] /i de::startDrag {-4.881 -1.61} -context [db::getNext [de::getContexts -window 7]]
[18:34:01.11] /# gi::executeAction deEndDrag -in [gi::getWindows 7]
[18:34:01.11] /i de::endDrag {-4.987 -1.668} -context [db::getNext [de::getContexts -window 7]]
[18:34:01.59] /# gi::executeAction dePan -in [gi::getWindows 7]
[18:34:01.59] /i ide::pan [db::getNext [de::getContexts -window 7]]
[18:34:01.88] /# gi::executeAction deStartDrag -in [gi::getWindows 7]
[18:34:01.88] /i de::startDrag {-4.487 -1.564} -context [db::getNext [de::getContexts -window 7]]
[18:34:03.14] /# gi::executeAction deEndDrag -in [gi::getWindows 7]
[18:34:03.14] /i de::endDrag {-4.491 -1.562} -context [db::getNext [de::getContexts -window 7]]
[18:34:03.14] /r dePanToPoint {-5.156 -1.428}
[18:34:04.34] /# gi::executeAction leVia -in [gi::getWindows 7]
[18:34:04.34] /i ile::createVia
[18:34:04.42] /o oa:0x1fb59b50
[18:34:09.78] /# gi::executeAction deAddPoint -in [gi::getWindows 7]
[18:34:09.78] /i de::addPoint {-5.038 -1.343} -context [db::getNext [de::getContexts -window 7]]
[18:34:10.84] /# gi::executeAction deCanvasZoomInAtPoint -in [gi::getWindows 7]
[18:34:10.84] /i de::zoom -window [gi::getWindows 7] -factor 2.0 -center {-4.978 -1.698}
[18:34:10.84] /o {-5.972 -1.987} {-4.162 -1.139}
[18:34:12.32] /# gi::executeAction dePan -in [gi::getWindows 7]
[18:34:12.32] /i ide::pan [db::getNext [de::getContexts -window 7]]
[18:34:12.66] /# gi::executeAction deStartDrag -in [gi::getWindows 7]
[18:34:12.66] /i de::startDrag {-4.978 -1.698} -context [db::getNext [de::getContexts -window 7]]
[18:34:13.42] /# gi::executeAction deEndDrag -in [gi::getWindows 7]
[18:34:13.42] /i de::endDrag {-4.978 -1.697} -context [db::getNext [de::getContexts -window 7]]
[18:34:13.42] /r dePanToPoint {-5.056 -1.783}
[18:34:14.67] /# gi::executeAction leVia -in [gi::getWindows 7]
[18:34:14.67] /i ile::createVia
[18:34:14.71] /o oa:0x24711a80
[18:34:14.93] /# gi::executeAction leRuler -in [gi::getWindows 7]
[18:34:14.93] /i ile::createRuler
[18:34:16.74] /# gi::executeAction deAddPoint -in [gi::getWindows 7]
[18:34:16.74] /i de::addPoint {-5.04 -1.451} -context [db::getNext [de::getContexts -window 7]]
[18:34:18.89] /# gi::executeAction deAddPoint -in [gi::getWindows 7]
[18:34:18.89] /i de::addPoint {-5.004 -1.601} -context [db::getNext [de::getContexts -window 7]]
[18:34:24.89] /# gi::executeAction deAddPoint -in [gi::getWindows 7]
[18:34:24.89] /i de::addPoint {-5.033 -1.705} -context [db::getNext [de::getContexts -window 7]]
[18:34:26.16] /# gi::executeAction leRuler -in [gi::getWindows 7]
[18:34:26.16] /i ile::createRuler
[18:34:29.09] /# gi::executeAction deAddPoint -in [gi::getWindows 7]
[18:34:29.09] /i de::addPoint {-5.033 -1.809} -context [db::getNext [de::getContexts -window 7]]
[18:34:32.98] /# gi::executeAction deAddPoint -in [gi::getWindows 7]
[18:34:32.98] /i de::addPoint {-4.996 -1.958} -context [db::getNext [de::getContexts -window 7]]
[18:34:37.03] /# gi::executeAction deAddPoint -in [gi::getWindows 7]
[18:34:37.03] /i de::addPoint {-5.023 -2.066} -context [db::getNext [de::getContexts -window 7]]
[18:34:37.77] /# gi::executeAction deCanvasZoomOutAtPoint -in [gi::getWindows 7]
[18:34:37.77] /i de::zoom -window [gi::getWindows 7] -factor 0.5 -center {-4.757 -1.708}
[18:34:37.77] /o {-7.164 -2.706} {-3.544 -1.01}
[18:34:39.78] /# gi::executeAction dePan -in [gi::getWindows 7]
[18:34:39.78] /i ide::pan [db::getNext [de::getContexts -window 7]]
[18:34:40.16] /# gi::executeAction deStartDrag -in [gi::getWindows 7]
[18:34:40.16] /i de::startDrag {-4.549 -1.607} -context [db::getNext [de::getContexts -window 7]]
[18:34:40.85] /# gi::executeAction deEndDrag -in [gi::getWindows 7]
[18:34:40.85] /i de::endDrag {-4.549 -1.61} -context [db::getNext [de::getContexts -window 7]]
[18:34:40.85] /r dePanToPoint {-5.191 -1.545}
[18:34:41.79] /# gi::executeAction leRectangle -in [gi::getWindows 7]
[18:34:41.79] /i ile::createRectangle
[18:34:44.77] /# gi::executeAction deAddPoint -in [gi::getWindows 7]
[18:34:44.77] /i de::addPoint {-5.083 -0.916} -context [db::getNext [de::getContexts -window 7]]
[18:34:48.46] /# gi::executeAction deAddPoint -in [gi::getWindows 7]
[18:34:48.46] /i de::addPoint {-4.987 -2.126} -context [db::getNext [de::getContexts -window 7]]
[18:34:50.81] /# gi::executeAction dePan -in [gi::getWindows 7]
[18:34:50.81] /i ide::pan [db::getNext [de::getContexts -window 7]]
[18:34:51.19] /# gi::executeAction deStartDrag -in [gi::getWindows 7]
[18:34:51.19] /i de::startDrag {-3.897 -1.513} -context [db::getNext [de::getContexts -window 7]]
[18:34:52.02] /# gi::executeAction deEndDrag -in [gi::getWindows 7]
[18:34:52.02] /i de::endDrag {-3.901 -1.513} -context [db::getNext [de::getContexts -window 7]]
[18:34:52.02] /r dePanToPoint {-3.803 -1.554}
[18:34:52.51] /# gi::executeAction deStartDrag -in [gi::getWindows 7]
[18:34:52.51] /i de::startDrag {-2.682 -1.513} -context [db::getNext [de::getContexts -window 7]]
[18:34:54.22] /# gi::executeAction deEndDrag -in [gi::getWindows 7]
[18:34:54.22] /i de::endDrag {-2.675 -1.513} -context [db::getNext [de::getContexts -window 7]]
[18:34:54.22] /r dePanToPoint {-4.124 -1.105}
[18:34:54.74] /# gi::executeAction deStartDrag -in [gi::getWindows 7]
[18:34:54.74] /i de::startDrag {-2.807 -1.499} -context [db::getNext [de::getContexts -window 7]]
[18:34:55.86] /# gi::executeAction deEndDrag -in [gi::getWindows 7]
[18:34:55.86] /i de::endDrag {-2.818 -1.499} -context [db::getNext [de::getContexts -window 7]]
[18:34:55.86] /r dePanToPoint {-2.803 -1.264}
[18:34:56.38] /# gi::executeAction deStartDrag -in [gi::getWindows 7]
[18:34:56.38] /i de::startDrag {-1.426 -1.541} -context [db::getNext [de::getContexts -window 7]]
[18:34:59.57] /# gi::executeAction deEndDrag -in [gi::getWindows 7]
[18:34:59.57] /i de::endDrag {-1.406 -1.529} -context [db::getNext [de::getContexts -window 7]]
[18:34:59.57] /r dePanToPoint {-1.785 -1.444}
[18:35:11.83] /# gi::executeAction leVia -in [gi::getWindows 7]
[18:35:11.83] /i ile::createVia
[18:35:11.88] /o oa:0x22f8e230
[18:35:17.15] /# gi::executeAction deAddPoint -in [gi::getWindows 7]
[18:35:17.16] /i de::addPoint {-2.309 -1.345} -context [db::getNext [de::getContexts -window 7]]
[18:35:18.29] /# gi::executeAction deCanvasZoomInAtPoint -in [gi::getWindows 7]
[18:35:18.29] /i de::zoom -window [gi::getWindows 7] -factor 2.0 -center {-2.249 -1.806}
[18:35:18.29] /o {-2.922 -2.049} {-1.112 -1.201}
[18:35:19.65] /# gi::executeAction deCanvasZoomOutAtPoint -in [gi::getWindows 7]
[18:35:19.65] /i de::zoom -window [gi::getWindows 7] -factor 0.5 -center {-2.251 -1.793}
[18:35:19.65] /o {-3.593 -2.305} {0.027 -0.609}
[18:35:20.69] /# gi::executeAction deCanvasZoomInAtPoint -in [gi::getWindows 7]
[18:35:20.69] /i de::zoom -window [gi::getWindows 7] -factor 2.0 -center {-2.252 -1.793}
[18:35:20.69] /o {-2.922 -2.049} {-1.112 -1.201}
[18:35:21.03] /# gi::executeAction dePan -in [gi::getWindows 7]
[18:35:21.03] /i ide::pan [db::getNext [de::getContexts -window 7]]
[18:35:21.43] /# gi::executeAction deStartDrag -in [gi::getWindows 7]
[18:35:21.43] /i de::startDrag {-2.277 -1.799} -context [db::getNext [de::getContexts -window 7]]
[18:35:23.52] /# gi::executeAction deEndDrag -in [gi::getWindows 7]
[18:35:23.52] /i de::endDrag {-2.276 -1.799} -context [db::getNext [de::getContexts -window 7]]
[18:35:23.52] /r dePanToPoint {-2.065 -1.801}
[18:35:24.07] /# gi::executeAction leVia -in [gi::getWindows 7]
[18:35:24.07] /i ile::createVia
[18:35:24.10] /o oa:0x21fff4e0
[18:35:24.29] /# gi::executeAction leRuler -in [gi::getWindows 7]
[18:35:24.29] /i ile::createRuler
[18:35:26.79] /# gi::executeAction deAddPoint -in [gi::getWindows 7]
[18:35:26.79] /i de::addPoint {-2.313 -1.452} -context [db::getNext [de::getContexts -window 7]]
[18:35:29.58] /# gi::executeAction deAddPoint -in [gi::getWindows 7]
[18:35:29.58] /i de::addPoint {-2.296 -1.602} -context [db::getNext [de::getContexts -window 7]]
[18:35:33.40] /# gi::executeAction deAddPoint -in [gi::getWindows 7]
[18:35:33.40] /i de::addPoint {-2.314 -1.706} -context [db::getNext [de::getContexts -window 7]]
[18:35:34.65] /# gi::executeAction leRuler -in [gi::getWindows 7]
[18:35:34.65] /i ile::createRuler
[18:35:36.04] /# gi::executeAction deAddPoint -in [gi::getWindows 7]
[18:35:36.05] /i de::addPoint {-2.309 -1.809} -context [db::getNext [de::getContexts -window 7]]
[18:35:41.33] /# gi::executeAction deAddPoint -in [gi::getWindows 7]
[18:35:41.33] /i de::addPoint {-2.278 -1.959} -context [db::getNext [de::getContexts -window 7]]
[18:35:46.66] /# gi::executeAction deAddPoint -in [gi::getWindows 7]
[18:35:46.66] /i de::addPoint {-2.311 -2.064} -context [db::getNext [de::getContexts -window 7]]
[18:35:47.66] /# gi::executeAction deCanvasZoomOutAtPoint -in [gi::getWindows 7]
[18:35:47.66] /i de::zoom -window [gi::getWindows 7] -factor 0.5 -center {-1.963 -1.841}
[18:35:47.67] /o {-3.976 -2.609} {-0.356 -0.913}
[18:35:50.43] /# gi::executeAction dePan -in [gi::getWindows 7]
[18:35:50.43] /i ide::pan [db::getNext [de::getContexts -window 7]]
[18:35:50.82] /# gi::executeAction deStartDrag -in [gi::getWindows 7]
[18:35:50.82] /i de::startDrag {-1.861 -1.526} -context [db::getNext [de::getContexts -window 7]]
[18:35:51.88] /# gi::executeAction deEndDrag -in [gi::getWindows 7]
[18:35:51.88] /i de::endDrag {-1.861 -1.533} -context [db::getNext [de::getContexts -window 7]]
[18:35:51.89] /r dePanToPoint {-2.134 -1.577}
[18:35:52.31] /# gi::executeAction leRectangle -in [gi::getWindows 7]
[18:35:52.31] /i ile::createRectangle
[18:35:55.06] /# gi::executeAction deAddPoint -in [gi::getWindows 7]
[18:35:55.06] /i de::addPoint {-2.356 -0.89} -context [db::getNext [de::getContexts -window 7]]
[18:35:59.12] /# gi::executeAction deAddPoint -in [gi::getWindows 7]
[18:35:59.12] /i de::addPoint {-2.255 -2.109} -context [db::getNext [de::getContexts -window 7]]
[18:36:01.87] /# gi::executeAction leVia -in [gi::getWindows 7]
[18:36:01.87] /i ile::createVia
[18:36:01.95] /o oa:0x23712540
[18:36:07.90] /# gi::executeAction deAddPoint -in [gi::getWindows 7]
[18:36:07.90] /i de::addPoint {-1.4 -1.351} -context [db::getNext [de::getContexts -window 7]]
[18:36:10.70] /# gi::executeAction deCanvasZoomInAtPoint -in [gi::getWindows 7]
[18:36:10.70] /i de::zoom -window [gi::getWindows 7] -factor 2.0 -center {-1.041 -2.178}
[18:36:10.70] /o {-2.493 -2.301} {-0.682 -1.453}
[18:36:11.58] /# gi::executeAction deCanvasZoomOutAtPoint -in [gi::getWindows 7]
[18:36:11.58] /i de::zoom -window [gi::getWindows 7] -factor 0.5 -center {-1.164 -1.914}
[18:36:11.58] /o {-3.821 -2.689} {-0.201 -0.993}
[18:36:12.47] /# gi::executeAction deCanvasZoomInAtPoint -in [gi::getWindows 7]
[18:36:12.47] /i de::zoom -window [gi::getWindows 7] -factor 2.0 -center {-0.977 -1.776}
[18:36:12.47] /o {-2.399 -2.232} {-0.589 -1.384}
[18:36:13.93] /# gi::executeAction leRuler -in [gi::getWindows 7]
[18:36:13.93] /i ile::createRuler
[18:36:16.54] /# gi::executeAction deAddPoint -in [gi::getWindows 7]
[18:36:16.54] /i de::addPoint {-1.399 -1.455} -context [db::getNext [de::getContexts -window 7]]
[18:36:18.87] /# gi::executeAction deAddPoint -in [gi::getWindows 7]
[18:36:18.87] /i de::addPoint {-1.353 -1.605} -context [db::getNext [de::getContexts -window 7]]
[18:36:24.88] /# gi::executeAction deAddPoint -in [gi::getWindows 7]
[18:36:24.88] /i de::addPoint {-1.398 -1.711} -context [db::getNext [de::getContexts -window 7]]
[18:36:25.95] /# gi::executeAction leRuler -in [gi::getWindows 7]
[18:36:25.95] /i ile::createRuler
[18:36:27.92] /# gi::executeAction deAddPoint -in [gi::getWindows 7]
[18:36:27.92] /i de::addPoint {-1.393 -1.817} -context [db::getNext [de::getContexts -window 7]]
[18:36:30.71] /# gi::executeAction deAddPoint -in [gi::getWindows 7]
[18:36:30.71] /i de::addPoint {-1.351 -1.967} -context [db::getNext [de::getContexts -window 7]]
[18:36:35.28] /# gi::executeAction deAddPoint -in [gi::getWindows 7]
[18:36:35.28] /i de::addPoint {-1.393 -2.069} -context [db::getNext [de::getContexts -window 7]]
[18:36:35.89] /# gi::executeAction deCanvasZoomOutAtPoint -in [gi::getWindows 7]
[18:36:35.89] /i de::zoom -window [gi::getWindows 7] -factor 0.5 -center {-1.087 -1.753}
[18:36:35.89] /o {-3.711 -2.712} {-0.091 -1.016}
[18:36:37.96] /# gi::executeAction dePan -in [gi::getWindows 7]
[18:36:37.96] /i ide::pan [db::getNext [de::getContexts -window 7]]
[18:36:38.42] /# gi::executeAction deStartDrag -in [gi::getWindows 7]
[18:36:38.42] /i de::startDrag {-0.877 -1.627} -context [db::getNext [de::getContexts -window 7]]
[18:36:39.49] /# gi::executeAction deEndDrag -in [gi::getWindows 7]
[18:36:39.49] /i de::endDrag {-0.877 -1.631} -context [db::getNext [de::getContexts -window 7]]
[18:36:39.49] /r dePanToPoint {-1.71 -1.553}
[18:36:40.92] /# gi::executeAction leRectangle -in [gi::getWindows 7]
[18:36:40.92] /i ile::createRectangle
[18:36:46.28] /# gi::executeAction deCanvasZoomInAtPoint -in [gi::getWindows 7]
[18:36:46.28] /i de::zoom -window [gi::getWindows 7] -factor 2.0 -center {-1.448 -0.887}
[18:36:46.28] /o {-2.484 -1.644} {-0.674 -0.796}
[18:36:48.66] /# gi::executeAction deAddPoint -in [gi::getWindows 7]
[18:36:48.66] /i de::addPoint {-1.447 -0.887} -context [db::getNext [de::getContexts -window 7]]
[18:36:49.35] /# gi::executeAction deCanvasZoomOutAtPoint -in [gi::getWindows 7]
[18:36:49.35] /i de::zoom -window [gi::getWindows 7] -factor 0.5 -center {-1.447 -0.888}
[18:36:49.35] /o {-3.521 -2.4} {0.099 -0.704}
[18:36:55.74] /# gi::executeAction deAddPoint -in [gi::getWindows 7]
[18:36:55.74] /i de::addPoint {-1.343 -2.123} -context [db::getNext [de::getContexts -window 7]]
[18:36:57.66] /# gi::executeAction deCanvasZoomOutAtPoint -in [gi::getWindows 7]
[18:36:57.66] /i de::zoom -window [gi::getWindows 7] -factor 0.5 -center {-0.762 -1.725}
[18:36:57.66] /o {-6.28 -3.075} {0.961 0.317}
[18:36:59.59] /# gi::executeAction dePan -in [gi::getWindows 7]
[18:36:59.59] /i ide::pan [db::getNext [de::getContexts -window 7]]
[18:37:00.10] /# gi::executeAction deStartDrag -in [gi::getWindows 7]
[18:37:00.10] /i de::startDrag {-3.657 -2.397} -context [db::getNext [de::getContexts -window 7]]
[18:37:03.17] /# gi::executeAction deEndDrag -in [gi::getWindows 7]
[18:37:03.17] /i de::endDrag {-3.662 -2.397} -context [db::getNext [de::getContexts -window 7]]
[18:37:03.17] /r dePanToPoint {-3.567 -1.581}
[18:37:03.82] /# gi::executeAction deCanvasZoomOutAtPoint -in [gi::getWindows 7]
[18:37:03.82] /i de::zoom -window [gi::getWindows 7] -factor 0.5 -center {-3.662 -2.397}
[18:37:03.82] /o {-10.713 -4.158} {3.767 2.626}
[18:37:05.45] /# gi::executeAction deCanvasZoomInAtPoint -in [gi::getWindows 7]
[18:37:05.45] /i de::zoom -window [gi::getWindows 7] -factor 2.0 -center {-3.579 -2.517}
[18:37:05.45] /o {-7.146 -3.337} {0.094 0.055}
[18:37:05.99] /# gi::executeAction deCanvasZoomOutAtPoint -in [gi::getWindows 7]
[18:37:05.99] /i de::zoom -window [gi::getWindows 7] -factor 0.5 -center {-3.579 -2.517}
[18:37:06.00] /o {-10.713 -4.158} {3.767 2.626}
[18:37:07.38] /# gi::setCurrentIndex {lpps} -index {m2 drw} -in [gi::getAssistants leObjectLayerPanel -from [gi::getWindows 7]]
[18:37:07.38] /# gi::setItemSelection {lpps} -index {m2 drw} -in [gi::getAssistants leObjectLayerPanel -from [gi::getWindows 7]]
[18:37:07.45] /# gi::executeAction leOLPSetActiveLPP -in [gi::getAssistants leObjectLayerPanel -from [gi::getWindows 7]]
[18:37:07.45] /i de::setActiveLPP [de::getLPPs -from [oa::DesignFind dff dff layout] -filter {%lpp =="m2 drawing"}]
[18:37:09.57] /# gi::executeAction deCanvasZoomInAtPoint -in [gi::getWindows 7]
[18:37:09.57] /i de::zoom -window [gi::getWindows 7] -factor 2.0 -center {-6.27 -1.798}
[18:37:09.57] /o {-8.492 -2.978} {-1.251 0.414}
[18:37:16.66] /# gi::executeAction deAddPoint -in [gi::getWindows 7]
[18:37:16.67] /i de::addPoint {-7.985 -1.25} -context [db::getNext [de::getContexts -window 7]]
[18:37:19.02] /# gi::executeAction deStartDrag -in [gi::getWindows 7]
[18:37:19.02] /i de::startDrag {-6.771 -1.785} -context [db::getNext [de::getContexts -window 7]]
[18:37:21.03] /# gi::executeAction deEndDrag -in [gi::getWindows 7]
[18:37:21.03] /i de::endDrag {-6.784 -1.785} -context [db::getNext [de::getContexts -window 7]]
[18:37:21.03] /r dePanToPoint {-4.45 -1.324}
[18:37:22.91] /# gi::executeAction leRectangle -in [gi::getWindows 7]
[18:37:22.91] /i ile::createRectangle
[18:37:27.39] /# gi::executeAction deAddPoint -in [gi::getWindows 7]
[18:37:27.39] /i de::addPoint {-7.983 -1.255} -context [db::getNext [de::getContexts -window 7]]
[18:37:29.96] /# gi::executeAction deCanvasZoomOutAtPoint -in [gi::getWindows 7]
[18:37:29.96] /i de::zoom -window [gi::getWindows 7] -factor 0.5 -center {-1.213 -1.909}
[18:37:29.96] /o {-14.928 -4.13} {-0.447 2.654}
[18:37:35.06] /# gi::executeAction deCanvasZoomOutAtPoint -in [gi::getWindows 7]
[18:37:35.07] /i de::zoom -window [gi::getWindows 7] -factor 0.5 -center {-9.084 -1.992}
[18:37:35.07] /o {-20.771 -6.269} {8.19 7.299}
[18:37:37.10] /# gi::executeAction deCanvasZoomInAtPoint -in [gi::getWindows 7]
[18:37:37.10] /i de::zoom -window [gi::getWindows 7] -factor 2.0 -center {0.226 -2.029}
[18:37:37.10] /o {-10.273 -4.149} {4.208 2.635}
[18:37:46.34] /# gi::executeAction deAddPoint -in [gi::getWindows 7]
[18:37:46.34] /i de::addPoint {0.097 -2.232} -context [db::getNext [de::getContexts -window 7]]
[18:38:01.02] /i gi::executeAction deSaveDesign -in [gi::getWindows 7]
[18:38:01.02] /m Information: Saving design 'dff dff layout'. (DESIGN_WINDOW-004)
[18:38:04.29] /i gi::executeAction deSaveDesign -in [gi::getWindows 7]
[18:38:04.29] /m Information: Saving design 'dff dff layout'. (DESIGN_WINDOW-004)
[18:38:04.52] /i gi::executeAction deSaveDesign -in [gi::getWindows 7]
[18:38:04.52] /m Information: Saving design 'dff dff layout'. (DESIGN_WINDOW-004)
[18:38:04.78] /i gi::executeAction deSaveDesign -in [gi::getWindows 7]
[18:38:04.78] /m Information: Saving design 'dff dff layout'. (DESIGN_WINDOW-004)
[18:38:08.16] /# gi::executeAction xtDRCRun -in [gi::getWindows 7]
[18:38:08.16] /i xt::physicalVerification::executeRun drc 7
[18:38:08.32] /# xt::physicalVerification::executePve drc 7
[18:38:11.32] /m Information: 
              /c =============================
              /c JobID: hercules_drc_62
              /c --- ERROR SUMMARY -----------
              /c 7.62: Minimum enclosure of Diffusion within Polysilicon >= 0.13
              /c  ENCLOSE plain_diff BY POLS { } (102) ................... 2 violations found.
              /c =============================
              /c 
[18:38:11.72] /j ::xt::hercules::vue::_private::registerConnection localhost:51399 tcp185 herculesVue_25 
[18:38:11.76] /j ::xt::hercules::vue::_private::isJobReady 
[18:38:11.76] /o false
[18:38:12.76] /j ::xt::hercules::vue::_private::isJobReady 
[18:38:12.76] /o false
[18:38:13.77] /m Information: Connection established with 'Hercules-VUE' running on 'localhost'.
[18:38:13.77] /j ::xt::hercules::vue::_private::isJobReady 
[18:38:13.77] /o true
[18:38:13.78] /j ::xt::hercules::vue::startFilter LAY 
[18:38:14.28] /j ::xt::hercules::vue::setInlibPath /root/Excercise/DFlipFlop/synopsys_custom/dff.hercules.drc/. 
[18:38:14.30] /j ::xt::hercules::vue::setTopLayLCV dff dff layout 
[18:38:14.31] /j ::xt::hercules::vue::openCell dff dff layout 
[18:38:16.63] /j ::xt::hercules::vue::clearAllHighlights dff layout 
[18:38:17.78] /j ::xt::hercules::vue::clearAllHighlights dff layout 
[18:38:17.81] /j ::xt::hercules::vue::clearAllHighlights dff layout 
[18:38:17.81] /j ::xt::hercules::vue::openCell dff dff layout 
[18:38:18.21] /j ::xt::hercules::vue::clearAllHighlights dff layout 
[18:38:18.22] /j ::xt::hercules::vue::clearAllHighlights dff layout 
[18:38:18.23] /j ::xt::hercules::vue::setHighlightProperty dff layout yellow brick 
[18:38:18.25] /j ::xt::hercules::vue::addPolygonBegin 4 
[18:38:18.28] /j ::xt::hercules::vue::addPolygonPoints {-4.220 -0.680 -4.220 -0.555 -4.000 -0.555 -4.000 -0.680 -4.220 -0.680} 
[18:38:18.28] /j ::xt::hercules::vue::addPolygonEnd 
[18:38:18.28] /j ::xt::hercules::vue::setViewPort extents {-4.247 -0.696 -3.972 -0.539} LAY 
[18:38:18.30] /j ::xt::hercules::vue::addErrorDescription {"Distance: 0.125"} 
[18:38:18.31] /j ::xt::hercules::vue::drawHighlights dff layout all 
[18:38:22.28] /j ::xt::hercules::vue::clearAllHighlights dff layout 
[18:38:22.31] /j ::xt::hercules::vue::setHighlightProperty dff layout yellow brick 
[18:38:22.32] /j ::xt::hercules::vue::addPolygonBegin 4 
[18:38:22.36] /j ::xt::hercules::vue::addPolygonPoints {-4.220 -0.680 -4.220 -0.555 -4.000 -0.555 -4.000 -0.680 -4.220 -0.680} 
[18:38:22.36] /j ::xt::hercules::vue::addPolygonEnd 
[18:38:22.36] /j ::xt::hercules::vue::setViewPort extents {-4.247 -0.696 -3.972 -0.539} LAY 
[18:38:22.38] /j ::xt::hercules::vue::addErrorDescription {"Distance: 0.125"} 
[18:38:22.40] /j ::xt::hercules::vue::drawHighlights dff layout all 
[18:38:24.43] /i gi::setActiveWindow 11
[18:38:24.43] /i gi::setActiveWindow 11 -raise true
[18:38:25.50] /i gi::setActiveWindow 7
[18:38:25.50] /i gi::setActiveWindow 7 -raise true
[18:38:26.56] /# gi::executeAction deCanvasZoomOutAtPoint -in [gi::getWindows 7]
[18:38:26.56] /i de::zoom -window [gi::getWindows 7] -factor 0.5 -center {-3.964 -0.592}
[18:38:26.56] /o {-4.59 -0.8} {-3.92 -0.486}
[18:38:28.04] /# gi::executeAction deCanvasZoomOutAtPoint -in [gi::getWindows 7]
[18:38:28.04] /i de::zoom -window [gi::getWindows 7] -factor 0.5 -center {-3.968 -0.593}
[18:38:28.04] /o {-5.212 -1.007} {-3.872 -0.379}
[18:38:29.11] /# gi::executeAction deCanvasZoomInAtPoint -in [gi::getWindows 7]
[18:38:29.11] /i de::zoom -window [gi::getWindows 7] -factor 2.0 -center {-3.976 -0.612}
[18:38:29.11] /o {-4.594 -0.809} {-3.924 -0.495}
[18:38:33.41] /# gi::executeAction deAddPoint -in [gi::getWindows 7]
[18:38:33.41] /i de::addPoint {-4.037 -0.507} -context [db::getNext [de::getContexts -window 7]]
[18:38:33.96] /# gi::executeAction leStretch -in [gi::getWindows 7]
[18:38:33.96] /i ile::stretch
[18:38:35.45] /# gi::executeAction deAbortCommand -in [gi::getWindows 7]
[18:38:35.45] /i de::abortCommand -context [db::getNext [de::getContexts -window 7]]
[18:38:35.69] /i gi::executeAction deCanvasDragCancel -in [gi::getWindows 7]
[18:38:36.02] /i gi::executeAction deCanvasDragCancel -in [gi::getWindows 7]
[18:38:36.24] /i gi::executeAction deCanvasDragCancel -in [gi::getWindows 7]
[18:38:36.35] /i gi::executeAction deCanvasDragCancel -in [gi::getWindows 7]
[18:38:36.86] /# gi::executeAction deSelectActive -in [gi::getWindows 7]
[18:38:36.86] /i de::deselectAllLogic -context [db::getNext [de::getContexts -window 7]]
[18:38:37.94] /# gi::executeAction leStretch -in [gi::getWindows 7]
[18:38:37.95] /i ile::stretch
[18:38:39.26] /# gi::executeAction deAddPoint -in [gi::getWindows 7]
[18:38:39.26] /i de::addPoint {-4.241 -0.556} -context [db::getNext [de::getContexts -window 7]]
[18:38:40.79] /# gi::executeAction deAddPoint -in [gi::getWindows 7]
[18:38:40.79] /i de::addPoint {-4.242 -0.548} -context [db::getNext [de::getContexts -window 7]]
[18:38:41.54] /# gi::executeAction deCanvasZoomOutAtPoint -in [gi::getWindows 7]
[18:38:41.54] /i de::zoom -window [gi::getWindows 7] -factor 0.5 -center {-4.156 -0.585}
[18:38:41.54] /o {-5.032 -1.034} {-3.692 -0.406}
[18:38:43.27] /# gi::executeAction deAbortCommand -in [gi::getWindows 7]
[18:38:43.27] /i de::abortCommand -context [db::getNext [de::getContexts -window 7]]
[18:38:46.28] /j ::xt::hercules::vue::clearAllHighlights dff layout 
[18:38:46.30] /j ::xt::hercules::vue::setHighlightProperty dff layout yellow brick 
[18:38:46.32] /j ::xt::hercules::vue::addPolygonBegin 4 
[18:38:46.36] /j ::xt::hercules::vue::addPolygonPoints {-3.310 -0.700 -3.310 -0.575 -3.090 -0.575 -3.090 -0.700 -3.310 -0.700} 
[18:38:46.36] /j ::xt::hercules::vue::addPolygonEnd 
[18:38:46.36] /j ::xt::hercules::vue::setViewPort extents {-3.338 -0.716 -3.062 -0.559} LAY 
[18:38:46.38] /j ::xt::hercules::vue::addErrorDescription {"Distance: 0.125"} 
[18:38:46.40] /j ::xt::hercules::vue::drawHighlights dff layout all 
[18:38:49.54] /# gi::executeAction deCanvasZoomOutAtPoint -in [gi::getWindows 7]
[18:38:49.54] /i de::zoom -window [gi::getWindows 7] -factor 0.5 -center {-3.161 -0.617}
[18:38:49.54] /o {-3.574 -0.815} {-2.904 -0.501}
[18:38:50.67] /# gi::executeAction deSelectActive -in [gi::getWindows 7]
[18:38:50.67] /i de::deselectAllLogic -context [db::getNext [de::getContexts -window 7]]
[18:38:50.92] /# gi::executeAction deSelectActive -in [gi::getWindows 7]
[18:38:50.92] /i de::deselectAllLogic -context [db::getNext [de::getContexts -window 7]]
[18:38:51.12] /# gi::executeAction deSelectActive -in [gi::getWindows 7]
[18:38:51.12] /i de::deselectAllLogic -context [db::getNext [de::getContexts -window 7]]
[18:38:51.31] /# gi::executeAction deSelectActive -in [gi::getWindows 7]
[18:38:51.31] /i de::deselectAllLogic -context [db::getNext [de::getContexts -window 7]]
[18:38:51.48] /# gi::executeAction deSelectActive -in [gi::getWindows 7]
[18:38:51.48] /i de::deselectAllLogic -context [db::getNext [de::getContexts -window 7]]
[18:38:51.86] /# gi::executeAction leStretch -in [gi::getWindows 7]
[18:38:51.86] /i ile::stretch
[18:38:53.26] /# gi::executeAction deAddPoint -in [gi::getWindows 7]
[18:38:53.26] /i de::addPoint {-3.119 -0.575} -context [db::getNext [de::getContexts -window 7]]
[18:38:55.74] /# gi::executeAction deAddPoint -in [gi::getWindows 7]
[18:38:55.74] /i de::addPoint {-3.117 -0.569} -context [db::getNext [de::getContexts -window 7]]
[18:38:59.18] /# gi::executeAction deAddPoint -in [gi::getWindows 7]
[18:38:59.18] /i de::addPoint {-3.291 -0.731} -context [db::getNext [de::getContexts -window 7]]
[18:39:00.53] /# gi::executeAction deAddPoint -in [gi::getWindows 7]
[18:39:00.53] /i de::addPoint {-3.292 -0.727} -context [db::getNext [de::getContexts -window 7]]
[18:39:01.21] /# gi::executeAction deCanvasZoomOutAtPoint -in [gi::getWindows 7]
[18:39:01.21] /i de::zoom -window [gi::getWindows 7] -factor 0.5 -center {-3.265 -0.728}
[18:39:01.21] /o {-3.883 -0.902} {-2.543 -0.274}
[18:39:03.25] /# gi::executeAction deCanvasZoomInAtPoint -in [gi::getWindows 7]
[18:39:03.25] /i de::zoom -window [gi::getWindows 7] -factor 2.0 -center {-3.005 -0.609}
[18:39:03.25] /o {-3.444 -0.755} {-2.774 -0.441}
[18:39:04.66] /# gi::executeAction deAddPoint -in [gi::getWindows 7]
[18:39:04.66] /i de::addPoint {-2.995 -0.623} -context [db::getNext [de::getContexts -window 7]]
[18:39:05.58] /# gi::executeAction deAddPoint -in [gi::getWindows 7]
[18:39:05.58] /i de::addPoint {-2.991 -0.623} -context [db::getNext [de::getContexts -window 7]]
[18:39:05.96] /# gi::executeAction deCanvasZoomOutAtPoint -in [gi::getWindows 7]
[18:39:05.96] /i de::zoom -window [gi::getWindows 7] -factor 0.5 -center {-2.992 -0.621}
[18:39:05.96] /o {-3.896 -0.89} {-2.556 -0.262}
[18:39:09.92] /i gi::executeAction deSaveDesign -in [gi::getWindows 7]
[18:39:09.92] /m Information: Saving design 'dff dff layout'. (DESIGN_WINDOW-004)
[18:39:11.78] /i gi::executeAction deSaveDesign -in [gi::getWindows 7]
[18:39:11.78] /m Information: Saving design 'dff dff layout'. (DESIGN_WINDOW-004)
[18:39:13.91] /# gi::executeAction xtDRCRun -in [gi::getWindows 7]
[18:39:13.91] /i xt::physicalVerification::executeRun drc 7
[18:39:14.12] /# xt::physicalVerification::executePve drc 7
[18:39:17.53] /m Information: 
              /c =============================
              /c JobID: hercules_drc_63
              /c Completed with no errors.
              /c =============================
              /c 
[18:42:58.72] /i gi::setActiveWindow 7
[18:42:58.72] /i gi::setActiveWindow 7 -raise true
[18:43:01.82] /# gi::executeAction deCanvasZoomOutAtPoint -in [gi::getWindows 7]
[18:43:01.82] /i de::zoom -window [gi::getWindows 7] -factor 0.5 -center {-3.334 -0.608}
[18:43:01.82] /o {-4.458 -1.172} {-1.778 0.084}
[18:43:02.59] /# gi::executeAction deCanvasZoomOutAtPoint -in [gi::getWindows 7]
[18:43:02.59] /i de::zoom -window [gi::getWindows 7] -factor 0.5 -center {-3.397 -0.684}
[18:43:02.59] /o {-5.52 -1.66} {-0.158 0.852}
[18:43:02.63] /# gi::executeAction deCanvasZoomOutAtPoint -in [gi::getWindows 7]
[18:43:02.63] /i de::zoom -window [gi::getWindows 7] -factor 0.5 -center {-3.404 -0.698}
[18:43:02.63] /o {-7.636 -2.622} {3.088 2.402}
[18:43:06.10] /# gi::executeAction deCanvasZoomInAtPoint -in [gi::getWindows 7]
[18:43:06.10] /i de::zoom -window [gi::getWindows 7] -factor 2.0 -center {-1.916 1.207}
[18:43:06.10] /o {-4.776 -0.707} {0.586 1.805}
[18:43:06.88] /# gi::executeAction deCanvasZoomOutAtPoint -in [gi::getWindows 7]
[18:43:06.88] /i de::zoom -window [gi::getWindows 7] -factor 0.5 -center {-1.503 1.289}
[18:43:06.88] /o {-8.049 -2.704} {2.675 2.32}
[18:43:12.58] /# gi::setCurrentIndex {lpps} -index {m2 pin} -in [gi::getAssistants leObjectLayerPanel -from [gi::getWindows 7]]
[18:43:12.58] /# gi::setItemSelection {lpps} -index {m2 pin} -in [gi::getAssistants leObjectLayerPanel -from [gi::getWindows 7]]
[18:43:12.67] /# gi::executeAction leOLPSetActiveLPP -in [gi::getAssistants leObjectLayerPanel -from [gi::getWindows 7]]
[18:43:12.67] /i de::setActiveLPP [de::getLPPs -from [oa::DesignFind dff dff layout] -filter {%lpp =="m2 pin"}]
[18:43:16.39] /# gi::executeAction lePin -in [gi::getWindows 7]
[18:43:16.39] /i ile::createPin
[18:43:22.13] /i gi::setField {termName} -value {gnd!} -in [gi::getToolbars {deCommandOptions} -from [gi::getWindows 7]]
[18:43:23.57] /# gi::executeAction deStartDrag -in [gi::getWindows 7]
[18:43:23.57] /i de::startDrag {-3.994 -1.605} -context [db::getNext [de::getContexts -window 7]]
[18:43:24.14] /# gi::executeAction deEndDrag -in [gi::getWindows 7]
[18:43:24.14] /i de::endDrag {-3.38 -1.851} -context [db::getNext [de::getContexts -window 7]]
[18:43:27.34] /i gi::executeAction deSaveDesign -in [gi::getWindows 7]
[18:43:27.34] /m Information: Saving design 'dff dff layout'. (DESIGN_WINDOW-004)
[18:43:27.99] /i gi::executeAction deSaveDesign -in [gi::getWindows 7]
[18:43:27.99] /m Information: Saving design 'dff dff layout'. (DESIGN_WINDOW-004)
[20:15:42.53] /# gi::executeAction dePan -in [gi::getWindows 7]
[20:15:42.53] /i ide::pan [db::getNext [de::getContexts -window 7]]
[20:15:43.49] /# gi::executeAction deStartDrag -in [gi::getWindows 7]
[20:15:43.49] /i de::startDrag {-5.189 0.613} -context [db::getNext [de::getContexts -window 7]]
[20:15:49.26] /# gi::executeAction deEndDrag -in [gi::getWindows 7]
[20:15:49.26] /i de::endDrag {-5.127 0.613} -context [db::getNext [de::getContexts -window 7]]
[20:15:49.26] /r dePanToPoint {-6.189 1.501}
[20:15:49.70] /# gi::executeAction deCanvasZoomInAtPoint -in [gi::getWindows 7]
[20:15:49.70] /i de::zoom -window [gi::getWindows 7] -factor 2.0 -center {-6.882 1.835}
[20:15:49.71] /o {-9.216 0.412} {-3.854 2.924}
[20:15:50.95] /# gi::executeAction deStartDrag -in [gi::getWindows 7]
[20:15:50.95] /i de::startDrag {-6.933 2.497} -context [db::getNext [de::getContexts -window 7]]
[20:15:53.12] /# gi::executeAction deEndDrag -in [gi::getWindows 7]
[20:15:53.12] /i de::endDrag {-6.93 2.497} -context [db::getNext [de::getContexts -window 7]]
[20:15:53.12] /r dePanToPoint {-6.843 2.026}
[20:15:54.87] /# gi::executeAction deStartDrag -in [gi::getWindows 7]
[20:15:54.87] /i de::startDrag {-6.486 2.651} -context [db::getNext [de::getContexts -window 7]]
[20:15:58.08] /# gi::executeAction deEndDrag -in [gi::getWindows 7]
[20:15:58.08] /i de::endDrag {-6.486 2.661} -context [db::getNext [de::getContexts -window 7]]
[20:15:58.09] /r dePanToPoint {-7.078 2.426}
[20:15:58.98] /# gi::executeAction leVia -in [gi::getWindows 7]
[20:15:58.98] /i ile::createVia
[20:15:59.23] /o oa:0x213c1ec0
[20:16:06.30] /# gi::executeAction deAddPoint -in [gi::getWindows 7]
[20:16:06.30] /i de::addPoint {-7.749 2.456} -context [db::getNext [de::getContexts -window 7]]
[20:16:06.77] /# gi::executeAction deCanvasZoomInAtPoint -in [gi::getWindows 7]
[20:16:06.78] /i de::zoom -window [gi::getWindows 7] -factor 2.0 -center {-7.68 2.528}
[20:16:06.78] /o {-8.72 1.849} {-6.039 3.105}
[20:16:09.21] /# gi::executeAction dePan -in [gi::getWindows 7]
[20:16:09.21] /i ide::pan [db::getNext [de::getContexts -window 7]]
[20:16:09.67] /# gi::executeAction deStartDrag -in [gi::getWindows 7]
[20:16:09.68] /i de::startDrag {-7.508 2.84} -context [db::getNext [de::getContexts -window 7]]
[20:16:12.82] /# gi::executeAction deEndDrag -in [gi::getWindows 7]
[20:16:12.82] /i de::endDrag {-7.504 2.84} -context [db::getNext [de::getContexts -window 7]]
[20:16:12.83] /r dePanToPoint {-7.423 2.861}
[20:16:13.48] /# gi::executeAction leRuler -in [gi::getWindows 7]
[20:16:13.48] /i ile::createRuler
[20:16:15.93] /# gi::executeAction deAddPoint -in [gi::getWindows 7]
[20:16:15.93] /i de::addPoint {-7.748 2.56} -context [db::getNext [de::getContexts -window 7]]
[20:16:18.50] /# gi::executeAction deAddPoint -in [gi::getWindows 7]
[20:16:18.50] /i de::addPoint {-7.74 2.711} -context [db::getNext [de::getContexts -window 7]]
[20:16:24.21] /# gi::executeAction deAddPoint -in [gi::getWindows 7]
[20:16:24.21] /i de::addPoint {-7.748 2.813} -context [db::getNext [de::getContexts -window 7]]
[20:16:25.55] /# gi::executeAction leRuler -in [gi::getWindows 7]
[20:16:25.56] /i ile::createRuler
[20:16:28.01] /# gi::executeAction deAddPoint -in [gi::getWindows 7]
[20:16:28.01] /i de::addPoint {-7.75 2.921} -context [db::getNext [de::getContexts -window 7]]
[20:16:30.55] /# gi::executeAction deAddPoint -in [gi::getWindows 7]
[20:16:30.55] /i de::addPoint {-7.75 3.071} -context [db::getNext [de::getContexts -window 7]]
[20:16:34.22] /# gi::executeAction deAddPoint -in [gi::getWindows 7]
[20:16:34.22] /i de::addPoint {-7.752 3.182} -context [db::getNext [de::getContexts -window 7]]
[20:16:36.05] /# gi::executeAction deAbortCommand -in [gi::getWindows 7]
[20:16:36.05] /i de::abortCommand -context [db::getNext [de::getContexts -window 7]]
[20:16:36.47] /# gi::executeAction deCanvasZoomOutAtPoint -in [gi::getWindows 7]
[20:16:36.47] /i de::zoom -window [gi::getWindows 7] -factor 0.5 -center {-7.242 2.738}
[20:16:36.47] /o {-10.286 1.728} {-4.924 4.24}
[20:16:39.52] /# gi::executeAction dePan -in [gi::getWindows 7]
[20:16:39.52] /i ide::pan [db::getNext [de::getContexts -window 7]]
[20:16:39.95] /# gi::executeAction deStartDrag -in [gi::getWindows 7]
[20:16:39.95] /i de::startDrag {-7.187 2.482} -context [db::getNext [de::getContexts -window 7]]
[20:16:40.85] /# gi::executeAction deEndDrag -in [gi::getWindows 7]
[20:16:40.85] /i de::endDrag {-7.187 2.489} -context [db::getNext [de::getContexts -window 7]]
[20:16:40.85] /r dePanToPoint {-7.455 2.707}
[20:16:42.75] /# gi::setCurrentIndex {lpps} -index {m1 drw} -in [gi::getAssistants leObjectLayerPanel -from [gi::getWindows 7]]
[20:16:42.76] /# gi::setItemSelection {lpps} -index {m1 drw} -in [gi::getAssistants leObjectLayerPanel -from [gi::getWindows 7]]
[20:16:42.83] /# gi::executeAction leOLPSetActiveLPP -in [gi::getAssistants leObjectLayerPanel -from [gi::getWindows 7]]
[20:16:42.83] /i de::setActiveLPP [de::getLPPs -from [oa::DesignFind dff dff layout] -filter {%lpp =="m1 drawing"}]
[20:16:43.93] /# gi::executeAction leRectangle -in [gi::getWindows 7]
[20:16:43.95] /i ile::createRectangle
[20:16:46.23] /# gi::executeAction deAddPoint -in [gi::getWindows 7]
[20:16:46.23] /i de::addPoint {-7.716 1.751} -context [db::getNext [de::getContexts -window 7]]
[20:16:54.33] /# gi::executeAction deAddPoint -in [gi::getWindows 7]
[20:16:54.33] /i de::addPoint {-7.815 3.229} -context [db::getNext [de::getContexts -window 7]]
[20:16:56.17] /# gi::executeAction dePan -in [gi::getWindows 7]
[20:16:56.17] /i ide::pan [db::getNext [de::getContexts -window 7]]
[20:16:56.76] /# gi::executeAction deStartDrag -in [gi::getWindows 7]
[20:16:56.76] /i de::startDrag {-6.46 2.84} -context [db::getNext [de::getContexts -window 7]]
[20:16:59.04] /# gi::executeAction deEndDrag -in [gi::getWindows 7]
[20:16:59.04] /i de::endDrag {-6.463 2.833} -context [db::getNext [de::getContexts -window 7]]
[20:16:59.04] /r dePanToPoint {-6.059 2.676}
[20:17:02.37] /# gi::executeAction leVia -in [gi::getWindows 7]
[20:17:02.37] /i ile::createVia
[20:17:02.47] /o oa:0x2472b0a0
[20:17:07.65] /# gi::executeAction deAddPoint -in [gi::getWindows 7]
[20:17:07.65] /i de::addPoint {-5.958 2.431} -context [db::getNext [de::getContexts -window 7]]
[20:17:08.74] /# gi::executeAction deCanvasZoomInAtPoint -in [gi::getWindows 7]
[20:17:08.74] /i de::zoom -window [gi::getWindows 7] -factor 2.0 -center {-5.839 2.567}
[20:17:08.74] /o {-7.289 1.994} {-4.608 3.25}
[20:17:08.75] /# gi::executeAction deCanvasZoomOutAtPoint -in [gi::getWindows 7]
[20:17:08.75] /i de::zoom -window [gi::getWindows 7] -factor 0.5 -center {-5.839 2.567}
[20:17:08.76] /o {-8.74 1.42} {-3.378 3.932}
[20:17:09.76] /# gi::executeAction deCanvasZoomInAtPoint -in [gi::getWindows 7]
[20:17:09.76] /i de::zoom -window [gi::getWindows 7] -factor 2.0 -center {-5.695 2.704}
[20:17:09.77] /o {-7.217 2.062} {-4.536 3.318}
[20:17:11.32] /# gi::executeAction leRuler -in [gi::getWindows 7]
[20:17:11.33] /i ile::createRuler
[20:17:13.13] /# gi::executeAction deAddPoint -in [gi::getWindows 7]
[20:17:13.13] /i de::addPoint {-5.963 2.537} -context [db::getNext [de::getContexts -window 7]]
[20:17:15.73] /# gi::executeAction deAddPoint -in [gi::getWindows 7]
[20:17:15.73] /i de::addPoint {-5.934 2.687} -context [db::getNext [de::getContexts -window 7]]
[20:17:23.47] /# gi::executeAction deAddPoint -in [gi::getWindows 7]
[20:17:23.47] /i de::addPoint {-5.958 2.789} -context [db::getNext [de::getContexts -window 7]]
[20:17:24.70] /# gi::executeAction leRuler -in [gi::getWindows 7]
[20:17:24.70] /i ile::createRuler
[20:17:27.80] /# gi::executeAction deAddPoint -in [gi::getWindows 7]
[20:17:27.81] /i de::addPoint {-5.966 2.895} -context [db::getNext [de::getContexts -window 7]]
[20:17:29.76] /# gi::executeAction deAddPoint -in [gi::getWindows 7]
[20:17:29.76] /i de::addPoint {-5.941 3.045} -context [db::getNext [de::getContexts -window 7]]
[20:17:33.85] /# gi::executeAction deAddPoint -in [gi::getWindows 7]
[20:17:33.85] /i de::addPoint {-5.96 3.148} -context [db::getNext [de::getContexts -window 7]]
[20:17:35.37] /# gi::executeAction deCanvasZoomOutAtPoint -in [gi::getWindows 7]
[20:17:35.37] /i de::zoom -window [gi::getWindows 7] -factor 0.5 -center {-5.545 2.747}
[20:17:35.37] /o {-8.89 1.377} {-3.528 3.889}
[20:17:38.56] /# gi::executeAction leRotate90 -in [gi::getWindows 7]
[20:17:38.56] /i de::commandOption R90 -point {-5.63 2.299}
[20:17:41.34] /# gi::executeAction deAbortCommand -in [gi::getWindows 7]
[20:17:41.34] /i de::abortCommand -context [db::getNext [de::getContexts -window 7]]
[20:17:41.86] /# gi::executeAction leRectangle -in [gi::getWindows 7]
[20:17:41.86] /i ile::createRectangle
[20:17:45.46] /# gi::executeAction deAddPoint -in [gi::getWindows 7]
[20:17:45.46] /i de::addPoint {-5.893 1.763} -context [db::getNext [de::getContexts -window 7]]
[20:17:50.37] /# gi::executeAction deAddPoint -in [gi::getWindows 7]
[20:17:50.38] /i de::addPoint {-5.995 3.21} -context [db::getNext [de::getContexts -window 7]]
[20:17:55.87] /# gi::executeAction dePan -in [gi::getWindows 7]
[20:17:55.88] /i ide::pan [db::getNext [de::getContexts -window 7]]
[20:17:56.31] /# gi::executeAction deStartDrag -in [gi::getWindows 7]
[20:17:56.31] /i de::startDrag {-4.804 2.685} -context [db::getNext [de::getContexts -window 7]]
[20:18:00.15] /# gi::executeAction deEndDrag -in [gi::getWindows 7]
[20:18:00.15] /i de::endDrag {-4.818 2.685} -context [db::getNext [de::getContexts -window 7]]
[20:18:00.15] /r dePanToPoint {-5.062 2.354}
[20:18:01.21] /# gi::executeAction leVia -in [gi::getWindows 7]
[20:18:01.21] /i ile::createVia
[20:18:01.42] /o oa:0x22ea6c30
[20:18:10.93] /# gi::executeAction deAbortCommand -in [gi::getWindows 7]
[20:18:10.93] /i de::abortCommand -context [db::getNext [de::getContexts -window 7]]
[20:18:11.62] /# gi::executeAction deCanvasZoomInAtPoint -in [gi::getWindows 7]
[20:18:11.62] /i de::zoom -window [gi::getWindows 7] -factor 2.0 -center {-5.552 2.538}
[20:18:11.62] /o {-6.647 1.818} {-3.966 3.074}
[20:18:13.16] /# gi::executeAction leRuler -in [gi::getWindows 7]
[20:18:13.16] /i ile::createRuler
[20:18:14.80] /# gi::executeAction deAddPoint -in [gi::getWindows 7]
[20:18:14.80] /i de::addPoint {-5.871 2.265} -context [db::getNext [de::getContexts -window 7]]
[20:18:22.01] /# gi::executeAction deAddPoint -in [gi::getWindows 7]
[20:18:22.01] /i de::addPoint {-5.832 2.417} -context [db::getNext [de::getContexts -window 7]]
[20:18:28.20] /# gi::executeAction leMove -in [gi::getWindows 7]
[20:18:28.20] /i ile::move
[20:18:29.85] /# gi::executeAction deAbortCommand -in [gi::getWindows 7]
[20:18:29.85] /i de::abortCommand -context [db::getNext [de::getContexts -window 7]]
[20:18:30.55] /# gi::executeAction deSelectActive -in [gi::getWindows 7]
[20:18:30.55] /i de::deselectAllLogic -context [db::getNext [de::getContexts -window 7]]
[20:18:31.22] /# gi::executeAction deSelectActive -in [gi::getWindows 7]
[20:18:31.22] /i de::deselectAll [db::getNext [de::getContexts -window 7]]
[20:18:31.22] /i de::select [de::getActiveFigure [gi::getWindows 7] -point {-6.042 2.424} -index 0 -intent none]
[20:18:31.22] /o oa:0x22066850
[20:18:32.13] /# gi::executeAction leMove -in [gi::getWindows 7]
[20:18:32.13] /i ile::move
[20:18:32.46] /# gi::executeAction deAddPoint -in [gi::getWindows 7]
[20:18:32.46] /i de::addPoint {-6.042 2.424} -context [db::getNext [de::getContexts -window 7]]
[20:18:39.42] /# gi::executeAction deAddPoint -in [gi::getWindows 7]
[20:18:39.42] /i de::addPoint {-6.036 2.514} -context [db::getNext [de::getContexts -window 7]]
[20:18:40.87] /i gi::executeAction deCanvasDragCancel -in [gi::getWindows 7]
[20:18:41.70] /# gi::executeAction deSelectActive -in [gi::getWindows 7]
[20:18:41.70] /i de::deselectAll [db::getNext [de::getContexts -window 7]]
[20:18:41.71] /i de::select [de::getActiveFigure [gi::getWindows 7] -point {-5.958 2.645} -index 0 -intent none]
[20:18:41.71] /o oa:0x238c4ef0
[20:18:42.83] /# gi::executeAction leMove -in [gi::getWindows 7]
[20:18:42.83] /i ile::move
[20:18:43.92] /# gi::executeAction deAddPoint -in [gi::getWindows 7]
[20:18:43.92] /i de::addPoint {-5.958 2.645} -context [db::getNext [de::getContexts -window 7]]
[20:18:47.80] /# gi::executeAction deAddPoint -in [gi::getWindows 7]
[20:18:47.80] /i de::addPoint {-5.941 2.736} -context [db::getNext [de::getContexts -window 7]]
[20:18:49.60] /# gi::executeAction dePan -in [gi::getWindows 7]
[20:18:49.60] /i ide::pan [db::getNext [de::getContexts -window 7]]
[20:18:50.09] /# gi::executeAction deStartDrag -in [gi::getWindows 7]
[20:18:50.09] /i de::startDrag {-5.709 2.859} -context [db::getNext [de::getContexts -window 7]]
[20:18:51.60] /# gi::executeAction deEndDrag -in [gi::getWindows 7]
[20:18:51.62] /i de::endDrag {-5.709 2.85} -context [db::getNext [de::getContexts -window 7]]
[20:18:51.62] /r dePanToPoint {-5.347 2.821}
[20:18:52.78] /# gi::executeAction deAddPoint -in [gi::getWindows 7]
[20:18:52.78] /i de::addPoint {-6.036 2.809} -context [db::getNext [de::getContexts -window 7]]
[20:18:54.24] /# gi::executeAction deStartDrag -in [gi::getWindows 7]
[20:18:54.24] /i de::startDrag {-5.648 2.782} -context [db::getNext [de::getContexts -window 7]]
[20:18:54.62] /# gi::executeAction deEndDrag -in [gi::getWindows 7]
[20:18:54.62] /i de::endDrag {-5.653 2.782} -context [db::getNext [de::getContexts -window 7]]
[20:18:54.62] /r dePanToPoint {-6.024 2.809}
[20:18:55.16] /i gi::executeAction leFocusCanvasToolbar -in [gi::getWindows 7]
[20:18:56.04] /# gi::executeAction deAbortCommand -in [gi::getWindows 7]
[20:18:56.04] /i de::abortCommand -context [db::getNext [de::getContexts -window 7]]
[20:18:56.34] /i gi::executeAction deCanvasDragCancel -in [gi::getWindows 7]
[20:18:56.56] /i gi::executeAction deCanvasDragCancel -in [gi::getWindows 7]
[20:18:56.86] /# gi::executeAction deSelectActive -in [gi::getWindows 7]
[20:18:56.86] /i de::deselectAll [db::getNext [de::getContexts -window 7]]
[20:18:56.86] /i de::deselectAllLogic -context [db::getNext [de::getContexts -window 7]]
[20:18:58.22] /# gi::executeAction deSelectActive -in [gi::getWindows 7]
[20:18:58.22] /i de::deselectAll [db::getNext [de::getContexts -window 7]]
[20:18:58.22] /i de::select [de::getActiveFigure [gi::getWindows 7] -point {-6.051 2.773} -index 0 -intent none]
[20:18:58.22] /o oa:0x254563a0
[20:18:59.25] /# gi::executeAction leMove -in [gi::getWindows 7]
[20:18:59.25] /i ile::move
[20:18:59.60] /# gi::executeAction deAddPoint -in [gi::getWindows 7]
[20:18:59.61] /i de::addPoint {-6.051 2.773} -context [db::getNext [de::getContexts -window 7]]
[20:19:05.48] /# gi::executeAction deAddPoint -in [gi::getWindows 7]
[20:19:05.48] /i de::addPoint {-6.047 2.865} -context [db::getNext [de::getContexts -window 7]]
[20:19:06.53] /# gi::executeAction deSelectActive -in [gi::getWindows 7]
[20:19:06.53] /i de::deselectAll [db::getNext [de::getContexts -window 7]]
[20:19:06.54] /i de::deselectAllLogic -context [db::getNext [de::getContexts -window 7]]
[20:19:07.05] /i gi::executeAction deCanvasDragCancel -in [gi::getWindows 7]
[20:19:08.91] /# gi::executeAction deSelectActive -in [gi::getWindows 7]
[20:19:08.91] /i de::deselectAll [db::getNext [de::getContexts -window 7]]
[20:19:08.91] /i de::select [de::getActiveFigure [gi::getWindows 7] -point {-5.967 3.009} -index 0 -intent none]
[20:19:08.91] /o oa:0x1e5172a0
[20:19:09.82] /# gi::executeAction leMove -in [gi::getWindows 7]
[20:19:09.82] /i ile::move
[20:19:10.18] /# gi::executeAction deAddPoint -in [gi::getWindows 7]
[20:19:10.18] /i de::addPoint {-5.967 3.009} -context [db::getNext [de::getContexts -window 7]]
[20:19:13.91] /# gi::executeAction deAddPoint -in [gi::getWindows 7]
[20:19:13.91] /i de::addPoint {-5.95 3.099} -context [db::getNext [de::getContexts -window 7]]
[20:19:16.90] /# gi::executeAction dePan -in [gi::getWindows 7]
[20:19:16.90] /i ide::pan [db::getNext [de::getContexts -window 7]]
[20:19:17.43] /# gi::executeAction deStartDrag -in [gi::getWindows 7]
[20:19:17.44] /i de::startDrag {-5.813 3.268} -context [db::getNext [de::getContexts -window 7]]
[20:19:18.48] /# gi::executeAction deEndDrag -in [gi::getWindows 7]
[20:19:18.48] /i de::endDrag {-5.82 3.266} -context [db::getNext [de::getContexts -window 7]]
[20:19:18.48] /r dePanToPoint {-5.95 2.898}
[20:19:21.85] /# gi::executeAction deAbortCommand -in [gi::getWindows 7]
[20:19:21.85] /i de::abortCommand -context [db::getNext [de::getContexts -window 7]]
[20:19:22.22] /# gi::executeAction deSelectActive -in [gi::getWindows 7]
[20:19:22.25] /i de::deselectAll [db::getNext [de::getContexts -window 7]]
[20:19:22.25] /i de::select [de::getActiveFigure [gi::getWindows 7] -point {-6.056 3.143} -index 0 -intent none]
[20:19:22.25] /o oa:0x21e93720
[20:19:23.47] /# gi::executeAction leMove -in [gi::getWindows 7]
[20:19:23.47] /i ile::move
[20:19:23.74] /# gi::executeAction deAddPoint -in [gi::getWindows 7]
[20:19:23.74] /i de::addPoint {-6.056 3.143} -context [db::getNext [de::getContexts -window 7]]
[20:19:33.27] /# gi::executeAction deAddPoint -in [gi::getWindows 7]
[20:19:33.27] /i de::addPoint {-6.049 3.236} -context [db::getNext [de::getContexts -window 7]]
[20:19:34.92] /# gi::executeAction deSelectActive -in [gi::getWindows 7]
[20:19:34.92] /i de::deselectAll [db::getNext [de::getContexts -window 7]]
[20:19:34.92] /i de::deselectAllLogic -context [db::getNext [de::getContexts -window 7]]
[20:19:36.04] /# gi::executeAction deViewportPrevious -in [gi::getWindows 7]
[20:19:36.05] /i de::gotoViewport -window 7 -dir -1
[20:19:36.06] /o {-7.291 2.268} {-4.61 3.524}
[20:19:36.88] /# gi::executeAction leStretch -in [gi::getWindows 7]
[20:19:36.88] /i ile::stretch
[20:19:38.76] /# gi::executeAction deAddPoint -in [gi::getWindows 7]
[20:19:38.76] /i de::addPoint {-5.945 3.207} -context [db::getNext [de::getContexts -window 7]]
[20:19:40.96] /# gi::executeAction deAddPoint -in [gi::getWindows 7]
[20:19:40.96] /i de::addPoint {-5.945 3.242} -context [db::getNext [de::getContexts -window 7]]
[20:19:41.53] /# gi::executeAction deAbortCommand -in [gi::getWindows 7]
[20:19:41.53] /i de::abortCommand -context [db::getNext [de::getContexts -window 7]]
[20:19:43.56] /# gi::executeAction dePan -in [gi::getWindows 7]
[20:19:43.56] /i ide::pan [db::getNext [de::getContexts -window 7]]
[20:19:43.94] /# gi::executeAction deStartDrag -in [gi::getWindows 7]
[20:19:43.94] /i de::startDrag {-5.424 2.664} -context [db::getNext [de::getContexts -window 7]]
[20:19:47.91] /# gi::executeAction deEndDrag -in [gi::getWindows 7]
[20:19:47.91] /i de::endDrag {-5.453 2.672} -context [db::getNext [de::getContexts -window 7]]
[20:19:47.92] /r dePanToPoint {-5.058 2.002}
[20:19:48.30] /# gi::executeAction deCanvasZoomOutAtPoint -in [gi::getWindows 7]
[20:19:48.30] /i de::zoom -window [gi::getWindows 7] -factor 0.5 -center {-4.933 2.391}
[20:19:48.30] /o {-7.864 0.357} {-2.502 2.869}
[20:19:49.37] /# gi::executeAction deCanvasZoomInAtPoint -in [gi::getWindows 7]
[20:19:49.37] /i de::zoom -window [gi::getWindows 7] -factor 2.0 -center {-4.578 2.459}
[20:19:49.37] /o {-6.221 1.408} {-3.54 2.664}
[20:19:50.15] /# gi::executeAction deStartDrag -in [gi::getWindows 7]
[20:19:50.16] /i de::startDrag {-4.668 2.493} -context [db::getNext [de::getContexts -window 7]]
[20:19:51.52] /# gi::executeAction deEndDrag -in [gi::getWindows 7]
[20:19:51.52] /i de::endDrag {-4.668 2.49} -context [db::getNext [de::getContexts -window 7]]
[20:19:51.52] /r dePanToPoint {-4.931 2.215}
[20:19:52.14] /# gi::executeAction leRuler -in [gi::getWindows 7]
[20:19:52.14] /i ile::createRuler
[20:19:56.44] /# gi::executeAction deAddPoint -in [gi::getWindows 7]
[20:19:56.44] /i de::addPoint {-5.035 2.263} -context [db::getNext [de::getContexts -window 7]]
[20:19:58.27] /# gi::executeAction deAddPoint -in [gi::getWindows 7]
[20:19:58.27] /i de::addPoint {-5.02 2.416} -context [db::getNext [de::getContexts -window 7]]
[20:20:00.22] /# gi::executeAction leVia -in [gi::getWindows 7]
[20:20:00.22] /i ile::createVia
[20:20:00.33] /o oa:0x23aea950
[20:20:06.14] /# gi::executeAction deAddPoint -in [gi::getWindows 7]
[20:20:06.14] /i de::addPoint {-5.037 2.519} -context [db::getNext [de::getContexts -window 7]]
[20:20:08.52] /# gi::executeAction dePan -in [gi::getWindows 7]
[20:20:08.52] /i ide::pan [db::getNext [de::getContexts -window 7]]
[20:20:09.07] /# gi::executeAction deStartDrag -in [gi::getWindows 7]
[20:20:09.07] /i de::startDrag {-4.789 2.689} -context [db::getNext [de::getContexts -window 7]]
[20:20:11.35] /# gi::executeAction deEndDrag -in [gi::getWindows 7]
[20:20:11.35] /i de::endDrag {-4.789 2.686} -context [db::getNext [de::getContexts -window 7]]
[20:20:11.35] /r dePanToPoint {-4.945 2.875}
[20:20:12.08] /# gi::executeAction leVia -in [gi::getWindows 7]
[20:20:12.08] /i ile::createVia
[20:20:12.13] /o oa:0x2390b600
[20:20:13.25] /# gi::executeAction leRuler -in [gi::getWindows 7]
[20:20:13.25] /i ile::createRuler
[20:20:15.62] /# gi::executeAction deAddPoint -in [gi::getWindows 7]
[20:20:15.62] /i de::addPoint {-5.033 2.625} -context [db::getNext [de::getContexts -window 7]]
[20:20:20.48] /# gi::executeAction deAddPoint -in [gi::getWindows 7]
[20:20:20.48] /i de::addPoint {-5.016 2.776} -context [db::getNext [de::getContexts -window 7]]
[20:20:26.91] /# gi::executeAction deAddPoint -in [gi::getWindows 7]
[20:20:26.91] /i de::addPoint {-5.028 2.879} -context [db::getNext [de::getContexts -window 7]]
[20:20:29.21] /# gi::executeAction deCanvasZoomInAtPoint -in [gi::getWindows 7]
[20:20:29.21] /i de::zoom -window [gi::getWindows 7] -factor 2.0 -center {-4.994 2.923}
[20:20:29.21] /o {-5.64 2.585} {-4.3 3.213}
[20:20:29.89] /# gi::executeAction deCanvasZoomInAtPoint -in [gi::getWindows 7]
[20:20:29.89] /i de::zoom -window [gi::getWindows 7] -factor 2.0 -center {-4.987 2.911}
[20:20:29.89] /o {-5.313 2.748} {-4.643 3.062}
[20:20:29.97] /# gi::executeAction deCanvasZoomInAtPoint -in [gi::getWindows 7]
[20:20:29.97] /i de::zoom -window [gi::getWindows 7] -factor 2.0 -center {-4.987 2.911}
[20:20:29.98] /o {-5.15 2.83} {-4.815 2.987}
[20:20:31.11] /# gi::executeAction deCanvasZoomOutAtPoint -in [gi::getWindows 7]
[20:20:31.11] /i de::zoom -window [gi::getWindows 7] -factor 0.5 -center {-4.987 2.906}
[20:20:31.11] /o {-5.313 2.753} {-4.643 3.067}
[20:20:32.40] /# gi::executeAction deCanvasZoomOutAtPoint -in [gi::getWindows 7]
[20:20:32.40] /i de::zoom -window [gi::getWindows 7] -factor 0.5 -center {-4.987 2.869}
[20:20:32.40] /o {-5.64 2.637} {-4.3 3.265}
[20:20:32.50] /# gi::executeAction deCanvasZoomOutAtPoint -in [gi::getWindows 7]
[20:20:32.50] /i de::zoom -window [gi::getWindows 7] -factor 0.5 -center {-4.987 2.869}
[20:20:32.50] /o {-6.293 2.405} {-3.612 3.661}
[20:20:34.07] /# gi::executeAction leRuler -in [gi::getWindows 7]
[20:20:34.07] /i ile::createRuler
[20:20:36.18] /# gi::executeAction deAddPoint -in [gi::getWindows 7]
[20:20:36.19] /i de::addPoint {-5.03 2.987} -context [db::getNext [de::getContexts -window 7]]
[20:20:40.74] /# gi::executeAction deAddPoint -in [gi::getWindows 7]
[20:20:40.74] /i de::addPoint {-4.998 3.136} -context [db::getNext [de::getContexts -window 7]]
[20:20:50.50] /# gi::executeAction deAddPoint -in [gi::getWindows 7]
[20:20:50.50] /i de::addPoint {-5.027 3.242} -context [db::getNext [de::getContexts -window 7]]
[20:20:51.54] /# gi::executeAction deCanvasZoomOutAtPoint -in [gi::getWindows 7]
[20:20:51.54] /i de::zoom -window [gi::getWindows 7] -factor 0.5 -center {-4.65 3.088}
[20:20:51.55] /o {-7.936 1.723} {-2.574 4.235}
[20:20:55.18] /# gi::executeAction leRotate90 -in [gi::getWindows 7]
[20:20:55.18] /i de::commandOption R90 -point {-5.021 1.948}
[20:20:57.75] /# gi::executeAction deAbortCommand -in [gi::getWindows 7]
[20:20:57.75] /i de::abortCommand -context [db::getNext [de::getContexts -window 7]]
[20:20:58.03] /# gi::executeAction leRectangle -in [gi::getWindows 7]
[20:20:58.03] /i ile::createRectangle
[20:21:01.41] /# gi::executeAction deAddPoint -in [gi::getWindows 7]
[20:21:01.41] /i de::addPoint {-4.991 1.777} -context [db::getNext [de::getContexts -window 7]]
[20:21:09.55] /# gi::executeAction deAddPoint -in [gi::getWindows 7]
[20:21:09.55] /i de::addPoint {-5.086 3.303} -context [db::getNext [de::getContexts -window 7]]
[20:21:11.09] /# gi::executeAction deCanvasZoomInAtPoint -in [gi::getWindows 7]
[20:21:11.09] /i de::zoom -window [gi::getWindows 7] -factor 2.0 -center {-4.612 2.562}
[20:21:11.09] /o {-6.274 2.142} {-3.593 3.398}
[20:21:13.04] /# gi::executeAction leStretch -in [gi::getWindows 7]
[20:21:13.04] /i ile::stretch
[20:21:13.75] /# gi::executeAction deAbortCommand -in [gi::getWindows 7]
[20:21:13.75] /i de::abortCommand -context [db::getNext [de::getContexts -window 7]]
[20:21:14.24] /# gi::executeAction deSelectActive -in [gi::getWindows 7]
[20:21:14.24] /i de::deselectAllLogic -context [db::getNext [de::getContexts -window 7]]
[20:21:15.05] /# gi::executeAction leStretch -in [gi::getWindows 7]
[20:21:15.05] /i ile::stretch
[20:21:16.28] /# gi::executeAction deAddPoint -in [gi::getWindows 7]
[20:21:16.28] /i de::addPoint {-4.989 2.323} -context [db::getNext [de::getContexts -window 7]]
[20:21:18.25] /# gi::executeAction deAddPoint -in [gi::getWindows 7]
[20:21:18.25] /i de::addPoint {-4.987 2.323} -context [db::getNext [de::getContexts -window 7]]
[20:21:20.77] /# gi::executeAction deAddPoint -in [gi::getWindows 7]
[20:21:20.77] /i de::addPoint {-5.996 2.323} -context [db::getNext [de::getContexts -window 7]]
[20:21:22.10] /# gi::executeAction deAbortCommand -in [gi::getWindows 7]
[20:21:22.10] /i de::abortCommand -context [db::getNext [de::getContexts -window 7]]
[20:21:22.95] /# gi::executeAction deSelectActive -in [gi::getWindows 7]
[20:21:22.95] /i de::deselectAllLogic -context [db::getNext [de::getContexts -window 7]]
[20:21:24.13] /# gi::executeAction dePan -in [gi::getWindows 7]
[20:21:24.13] /i ide::pan [db::getNext [de::getContexts -window 7]]
[20:21:24.48] /# gi::executeAction deStartDrag -in [gi::getWindows 7]
[20:21:24.48] /i de::startDrag {-4.706 2.492} -context [db::getNext [de::getContexts -window 7]]
[20:21:27.06] /# gi::executeAction deEndDrag -in [gi::getWindows 7]
[20:21:27.06] /i de::endDrag {-4.721 2.491} -context [db::getNext [de::getContexts -window 7]]
[20:21:27.06] /r dePanToPoint {-4.192 2.209}
[20:21:28.35] /# gi::executeAction deCanvasZoomOutAtPoint -in [gi::getWindows 7]
[20:21:28.35] /i de::zoom -window [gi::getWindows 7] -factor 0.5 -center {-3.463 2.386}
[20:21:28.36] /o {-7.604 0.776} {-2.242 3.288}
[20:21:28.60] /# gi::executeAction deCanvasZoomOutAtPoint -in [gi::getWindows 7]
[20:21:28.60] /i de::zoom -window [gi::getWindows 7] -factor 0.5 -center {-3.464 2.387}
[20:21:28.60] /o {-11.743 -0.835} {-1.02 4.189}
[20:21:29.37] /# gi::executeAction deCanvasZoomInAtPoint -in [gi::getWindows 7]
[20:21:29.37] /i de::zoom -window [gi::getWindows 7] -factor 2.0 -center {-2.835 2.38}
[20:21:29.37] /o {-7.289 0.772} {-1.927 3.284}
[20:21:29.40] /# gi::executeAction deCanvasZoomOutAtPoint -in [gi::getWindows 7]
[20:21:29.40] /i de::zoom -window [gi::getWindows 7] -factor 0.5 -center {-2.835 2.38}
[20:21:29.40] /o {-11.743 -0.835} {-1.02 4.189}
[20:21:30.42] /# gi::executeAction deCanvasZoomInAtPoint -in [gi::getWindows 7]
[20:21:30.42] /i de::zoom -window [gi::getWindows 7] -factor 2.0 -center {-2.166 2.243}
[20:21:30.42] /o {-6.955 0.704} {-1.593 3.216}
[20:21:31.19] /# gi::executeAction deStartDrag -in [gi::getWindows 7]
[20:21:31.19] /i de::startDrag {-2.166 2.243} -context [db::getNext [de::getContexts -window 7]]
[20:21:35.87] /# gi::executeAction deEndDrag -in [gi::getWindows 7]
[20:21:35.87] /i de::endDrag {-2.18 2.243} -context [db::getNext [de::getContexts -window 7]]
[20:21:35.87] /r dePanToPoint {-2.25 2.056}
[20:21:39.84] /# gi::executeAction leVia -in [gi::getWindows 7]
[20:21:39.84] /i ile::createVia
[20:21:40.02] /o oa:0x24dc4740
[20:21:44.50] /# gi::executeAction deAddPoint -in [gi::getWindows 7]
[20:21:44.50] /i de::addPoint {-2.306 2.472} -context [db::getNext [de::getContexts -window 7]]
[20:21:45.48] /# gi::executeAction deCanvasZoomInAtPoint -in [gi::getWindows 7]
[20:21:45.48] /i de::zoom -window [gi::getWindows 7] -factor 2.0 -center {-2.187 2.711}
[20:21:45.48] /o {-3.559 1.755} {-0.878 3.011}
[20:21:46.55] /# gi::executeAction deCanvasZoomOutAtPoint -in [gi::getWindows 7]
[20:21:46.55] /i de::zoom -window [gi::getWindows 7] -factor 0.5 -center {-2.067 2.721}
[20:21:46.55] /o {-5.051 0.79} {0.311 3.302}
[20:21:46.70] /# gi::executeAction deCanvasZoomOutAtPoint -in [gi::getWindows 7]
[20:21:46.70] /i de::zoom -window [gi::getWindows 7] -factor 0.5 -center {-2.068 2.721}
[20:21:46.70] /o {-8.034 -1.142} {2.69 3.882}
[20:21:47.54] /# gi::executeAction deCanvasZoomInAtPoint -in [gi::getWindows 7]
[20:21:47.54] /i de::zoom -window [gi::getWindows 7] -factor 2.0 -center {-1.801 3.199}
[20:21:47.54] /o {-4.917 1.029} {0.445 3.541}
[20:21:48.77] /# gi::executeAction deCanvasZoomInAtPoint -in [gi::getWindows 7]
[20:21:48.77] /i de::zoom -window [gi::getWindows 7] -factor 2.0 -center {-2.194 2.994}
[20:21:48.77] /o {-3.556 2.011} {-0.875 3.267}
[20:21:50.15] /# gi::executeAction leRuler -in [gi::getWindows 7]
[20:21:50.15] /i ile::createRuler
[20:21:54.32] /# gi::executeAction deAddPoint -in [gi::getWindows 7]
[20:21:54.32] /i de::addPoint {-2.312 2.574} -context [db::getNext [de::getContexts -window 7]]
[20:22:00.68] /# gi::executeAction deAddPoint -in [gi::getWindows 7]
[20:22:00.68] /i de::addPoint {-2.284 2.725} -context [db::getNext [de::getContexts -window 7]]
[20:22:08.34] /# gi::executeAction deAddPoint -in [gi::getWindows 7]
[20:22:08.35] /i de::addPoint {-2.303 2.83} -context [db::getNext [de::getContexts -window 7]]
[20:22:09.73] /# gi::executeAction leRuler -in [gi::getWindows 7]
[20:22:09.73] /i ile::createRuler
[20:22:10.99] /# gi::executeAction deAddPoint -in [gi::getWindows 7]
[20:22:10.99] /i de::addPoint {-2.303 2.934} -context [db::getNext [de::getContexts -window 7]]
[20:22:14.43] /# gi::executeAction deAddPoint -in [gi::getWindows 7]
[20:22:14.43] /i de::addPoint {-2.277 3.083} -context [db::getNext [de::getContexts -window 7]]
[20:22:18.80] /# gi::executeAction deAddPoint -in [gi::getWindows 7]
[20:22:18.80] /i de::addPoint {-2.31 3.19} -context [db::getNext [de::getContexts -window 7]]
[20:22:19.64] /# gi::executeAction deCanvasZoomOutAtPoint -in [gi::getWindows 7]
[20:22:19.64] /i de::zoom -window [gi::getWindows 7] -factor 0.5 -center {-1.955 2.813}
[20:22:19.65] /o {-5.156 1.21} {0.206 3.722}
[20:22:22.75] /# gi::executeAction deAbortCommand -in [gi::getWindows 7]
[20:22:22.75] /i de::abortCommand -context [db::getNext [de::getContexts -window 7]]
[20:22:23.28] /# gi::executeAction leRectangle -in [gi::getWindows 7]
[20:22:23.29] /i ile::createRectangle
[20:22:28.73] /# gi::executeAction deAddPoint -in [gi::getWindows 7]
[20:22:28.73] /i de::addPoint {-2.259 1.773} -context [db::getNext [de::getContexts -window 7]]
[20:22:38.74] /# gi::executeAction deAddPoint -in [gi::getWindows 7]
[20:22:38.74] /i de::addPoint {-2.351 3.24} -context [db::getNext [de::getContexts -window 7]]
[20:22:43.88] /# gi::executeAction deAddPoint -in [gi::getWindows 7]
[20:22:43.88] /i de::addPoint {-1.344 1.762} -context [db::getNext [de::getContexts -window 7]]
[20:22:53.23] /# gi::executeAction deAddPoint -in [gi::getWindows 7]
[20:22:53.23] /i de::addPoint {-1.443 3.223} -context [db::getNext [de::getContexts -window 7]]
[20:22:55.04] /# gi::executeAction leVia -in [gi::getWindows 7]
[20:22:55.05] /i ile::createVia
[20:22:55.15] /o oa:0x1fc31a60
[20:23:02.48] /# gi::executeAction deAddPoint -in [gi::getWindows 7]
[20:23:02.48] /i de::addPoint {-1.402 2.483} -context [db::getNext [de::getContexts -window 7]]
[20:23:03.06] /# gi::executeAction deCanvasZoomInAtPoint -in [gi::getWindows 7]
[20:23:03.06] /i de::zoom -window [gi::getWindows 7] -factor 2.0 -center {-1.3 2.483}
[20:23:03.06] /o {-3.228 1.846} {-0.547 3.102}
[20:23:03.17] /# gi::executeAction deCanvasZoomInAtPoint -in [gi::getWindows 7]
[20:23:03.17] /i de::zoom -window [gi::getWindows 7] -factor 2.0 -center {-1.3 2.483}
[20:23:03.17] /o {-2.264 2.165} {-0.924 2.793}
[20:23:04.62] /# gi::executeAction deCanvasZoomOutAtPoint -in [gi::getWindows 7]
[20:23:04.62] /i de::zoom -window [gi::getWindows 7] -factor 0.5 -center {-1.203 2.52}
[20:23:04.62] /o {-3.325 1.809} {-0.644 3.065}
[20:23:06.08] /# gi::executeAction leRuler -in [gi::getWindows 7]
[20:23:06.08] /i ile::createRuler
[20:23:08.26] /# gi::executeAction deAddPoint -in [gi::getWindows 7]
[20:23:08.26] /i de::addPoint {-1.405 2.596} -context [db::getNext [de::getContexts -window 7]]
[20:23:12.66] /# gi::executeAction deAddPoint -in [gi::getWindows 7]
[20:23:12.66] /i de::addPoint {-1.381 2.743} -context [db::getNext [de::getContexts -window 7]]
[20:23:16.98] /# gi::executeAction deAddPoint -in [gi::getWindows 7]
[20:23:16.98] /i de::addPoint {-1.41 2.854} -context [db::getNext [de::getContexts -window 7]]
[20:23:18.17] /# gi::executeAction dePan -in [gi::getWindows 7]
[20:23:18.17] /i ide::pan [db::getNext [de::getContexts -window 7]]
[20:23:18.99] /# gi::executeAction deStartDrag -in [gi::getWindows 7]
[20:23:18.99] /i de::startDrag {-1.158 2.86} -context [db::getNext [de::getContexts -window 7]]
[20:23:20.95] /# gi::executeAction deEndDrag -in [gi::getWindows 7]
[20:23:20.95] /i de::endDrag {-1.158 2.862} -context [db::getNext [de::getContexts -window 7]]
[20:23:20.95] /r dePanToPoint {-1.856 3.007}
[20:23:21.63] /# gi::executeAction leRuler -in [gi::getWindows 7]
[20:23:21.63] /i ile::createRuler
[20:23:24.27] /# gi::executeAction deAddPoint -in [gi::getWindows 7]
[20:23:24.27] /i de::addPoint {-1.41 2.963} -context [db::getNext [de::getContexts -window 7]]
[20:23:27.83] /# gi::executeAction deAddPoint -in [gi::getWindows 7]
[20:23:27.83] /i de::addPoint {-1.38 3.115} -context [db::getNext [de::getContexts -window 7]]
[20:23:32.10] /# gi::executeAction deAddPoint -in [gi::getWindows 7]
[20:23:32.10] /i de::addPoint {-1.407 3.226} -context [db::getNext [de::getContexts -window 7]]
[20:23:32.91] /# gi::executeAction deCanvasZoomOutAtPoint -in [gi::getWindows 7]
[20:23:32.91] /i de::zoom -window [gi::getWindows 7] -factor 0.5 -center {-1.226 3.132}
[20:23:32.92] /o {-5.168 1.626} {0.194 4.138}
[20:23:34.16] /# gi::executeAction deCanvasZoomOutAtPoint -in [gi::getWindows 7]
[20:23:34.16] /i de::zoom -window [gi::getWindows 7] -factor 0.5 -center {-2.12 2.828}
[20:23:34.16] /o {-8.217 0.425} {2.507 5.449}
[20:23:39.87] /# gi::executeAction deCanvasZoomInAtPoint -in [gi::getWindows 7]
[20:23:39.87] /i de::zoom -window [gi::getWindows 7] -factor 2.0 -center {-5.459 2.48}
[20:23:39.87] /o {-6.838 1.452} {-1.476 3.964}
[20:23:40.49] /# gi::executeAction deCanvasZoomInAtPoint -in [gi::getWindows 7]
[20:23:40.49] /i de::zoom -window [gi::getWindows 7] -factor 2.0 -center {-5.459 2.48}
[20:23:40.49] /o {-6.148 1.966} {-3.467 3.222}
[20:23:45.33] /# gi::setCurrentIndex {lpps} -index {m2 drw} -in [gi::getAssistants leObjectLayerPanel -from [gi::getWindows 7]]
[20:23:45.33] /# gi::setItemSelection {lpps} -index {m2 drw} -in [gi::getAssistants leObjectLayerPanel -from [gi::getWindows 7]]
[20:23:45.48] /# gi::executeAction leOLPSetActiveLPP -in [gi::getAssistants leObjectLayerPanel -from [gi::getWindows 7]]
[20:23:45.48] /i de::setActiveLPP [de::getLPPs -from [oa::DesignFind dff dff layout] -filter {%lpp =="m2 drawing"}]
[20:23:48.68] /# gi::executeAction leRotate90 -in [gi::getWindows 7]
[20:23:48.68] /i de::commandOption R90 -point {-4.299 2.555}
[20:23:49.96] /# gi::executeAction deAbortCommand -in [gi::getWindows 7]
[20:23:49.96] /i de::abortCommand -context [db::getNext [de::getContexts -window 7]]
[20:23:51.11] /# gi::executeAction leRectangle -in [gi::getWindows 7]
[20:23:51.11] /i ile::createRectangle
[20:23:53.25] /# gi::executeAction deAddPoint -in [gi::getWindows 7]
[20:23:53.25] /i de::addPoint {-5.036 2.413} -context [db::getNext [de::getContexts -window 7]]
[20:23:54.42] /# gi::executeAction deCanvasZoomOutAtPoint -in [gi::getWindows 7]
[20:23:54.43] /i de::zoom -window [gi::getWindows 7] -factor 0.5 -center {-4.211 2.9}
[20:23:54.43] /o {-8.086 1.032} {-2.724 3.544}
[20:23:55.28] /# gi::executeAction deCanvasZoomOutAtPoint -in [gi::getWindows 7]
[20:23:55.28] /i de::zoom -window [gi::getWindows 7] -factor 0.5 -center {-4.045 2.852}
[20:23:55.28] /o {-12.127 -0.787} {-1.403 4.237}
[20:23:59.40] /# gi::executeAction deCanvasZoomOutAtPoint -in [gi::getWindows 7]
[20:23:59.40] /i de::zoom -window [gi::getWindows 7] -factor 0.5 -center {-1.512 2.817}
[20:23:59.40] /o {-22.741 -4.391} {-1.294 5.657}
[20:23:59.42] /# gi::executeAction deCanvasZoomInAtPoint -in [gi::getWindows 7]
[20:23:59.42] /i de::zoom -window [gi::getWindows 7] -factor 2.0 -center {-1.512 2.817}
[20:23:59.42] /o {-12.127 -0.787} {-1.403 4.237}
[20:24:00.24] /# gi::executeAction deCanvasZoomInAtPoint -in [gi::getWindows 7]
[20:24:00.24] /i de::zoom -window [gi::getWindows 7] -factor 2.0 -center {-1.724 2.783}
[20:24:00.24] /o {-6.925 0.998} {-1.563 3.51}
[20:24:02.56] /# gi::executeAction deCanvasZoomOutAtPoint -in [gi::getWindows 7]
[20:24:02.56] /i de::zoom -window [gi::getWindows 7] -factor 0.5 -center {-1.86 2.848}
[20:24:02.57] /o {-11.991 -0.852} {-1.267 4.172}
[20:24:04.50] /# gi::executeAction deCanvasZoomInAtPoint -in [gi::getWindows 7]
[20:24:04.50] /i de::zoom -window [gi::getWindows 7] -factor 2.0 -center {-1.492 2.95}
[20:24:04.51] /o {-6.741 1.049} {-1.379 3.561}
[20:24:05.68] /# gi::executeAction deCanvasZoomOutAtPoint -in [gi::getWindows 7]
[20:24:05.68] /i de::zoom -window [gi::getWindows 7] -factor 0.5 -center {-5.687 2.049}
[20:24:05.68] /o {-7.796 0.049} {2.928 5.073}
[20:24:12.65] /# gi::executeAction deAddPoint -in [gi::getWindows 7]
[20:24:12.65] /i de::addPoint {0.211 3.394} -context [db::getNext [de::getContexts -window 7]]
[20:24:15.73] /# gi::executeAction deAbortCommand -in [gi::getWindows 7]
[20:24:15.73] /i de::abortCommand -context [db::getNext [de::getContexts -window 7]]
[20:24:16.45] /# gi::executeAction deSelectActive -in [gi::getWindows 7]
[20:24:16.45] /i de::deselectAllLogic -context [db::getNext [de::getContexts -window 7]]
[20:24:20.26] /# gi::executeAction dePan -in [gi::getWindows 7]
[20:24:20.26] /i ide::pan [db::getNext [de::getContexts -window 7]]
[20:24:20.85] /# gi::executeAction deStartDrag -in [gi::getWindows 7]
[20:24:20.85] /i de::startDrag {-5.379 3.168} -context [db::getNext [de::getContexts -window 7]]
[20:24:22.33] /# gi::executeAction deEndDrag -in [gi::getWindows 7]
[20:24:22.33] /i de::endDrag {-5.318 3.182} -context [db::getNext [de::getContexts -window 7]]
[20:24:22.34] /r dePanToPoint {-4.987 2.581}
[20:24:22.63] /# gi::executeAction deCanvasZoomInAtPoint -in [gi::getWindows 7]
[20:24:22.64] /i de::zoom -window [gi::getWindows 7] -factor 2.0 -center {-5.372 3.155}
[20:24:22.64] /o {-7.86 1.612} {-2.498 4.124}
[20:24:24.14] /# gi::executeAction deStartDrag -in [gi::getWindows 7]
[20:24:24.14] /i de::startDrag {-5.43 3.124} -context [db::getNext [de::getContexts -window 7]]
[20:24:26.23] /# gi::executeAction deEndDrag -in [gi::getWindows 7]
[20:24:26.23] /i de::endDrag {-5.41 3.117} -context [db::getNext [de::getContexts -window 7]]
[20:24:26.23] /r dePanToPoint {-5.722 2.858}
[20:24:27.00] /# gi::executeAction deAbortCommand -in [gi::getWindows 7]
[20:24:27.00] /i de::abortCommand -context [db::getNext [de::getContexts -window 7]]
[20:24:27.62] /# gi::executeAction deSelectActive -in [gi::getWindows 7]
[20:24:27.62] /i de::deselectAllLogic -context [db::getNext [de::getContexts -window 7]]
[20:24:28.63] /# gi::executeAction leStretch -in [gi::getWindows 7]
[20:24:28.63] /i ile::stretch
[20:24:31.80] /# gi::executeAction deAddPoint -in [gi::getWindows 7]
[20:24:31.81] /i de::addPoint {-5.045 3.042} -context [db::getNext [de::getContexts -window 7]]
[20:24:38.70] /# gi::executeAction deAddPoint -in [gi::getWindows 7]
[20:24:38.70] /i de::addPoint {-8.106 2.954} -context [db::getNext [de::getContexts -window 7]]
[20:24:40.16] /# gi::executeAction deCanvasZoomOutAtPoint -in [gi::getWindows 7]
[20:24:40.16] /i de::zoom -window [gi::getWindows 7] -factor 0.5 -center {-4.98 3.428}
[20:24:40.17] /o {-11.826 -0.224} {-1.102 4.8}
[20:24:44.52] /# gi::setCurrentIndex {lpps} -index {m2 pin} -in [gi::getAssistants leObjectLayerPanel -from [gi::getWindows 7]]
[20:24:44.52] /# gi::setItemSelection {lpps} -index {m2 pin} -in [gi::getAssistants leObjectLayerPanel -from [gi::getWindows 7]]
[20:24:44.60] /# gi::executeAction leOLPSetActiveLPP -in [gi::getAssistants leObjectLayerPanel -from [gi::getWindows 7]]
[20:24:44.60] /i de::setActiveLPP [de::getLPPs -from [oa::DesignFind dff dff layout] -filter {%lpp =="m2 pin"}]
[20:24:46.67] /# gi::executeAction lePin -in [gi::getWindows 7]
[20:24:46.67] /i ile::createPin
[20:24:49.60] /# gi::executeAction dbPrint -in [gi::getWindows 7]
[20:24:49.60] /i db::showPrint -parent 7
[20:24:49.79] /o oa:0x1e387210
[20:24:49.87] /# gi::executeAction leDistance -in [gi::getWindows 7]
[20:24:49.87] /i ile::measureDistance
[20:24:50.28] /i db::setAttr geometry -of [gi::getDialogs {dbPrint} -parent [gi::getWindows 7]] -value 638x650+631+141
[20:24:50.32] /# gi::executeAction leDistance -in [gi::getWindows 7]
[20:24:50.32] /i ile::measureDistance
[20:24:50.33] /i gi::setActiveDialog [gi::getDialogs {dbPrint} -parent [gi::getWindows 7]]
[20:24:52.08] /i gi::closeWindows [gi::getDialogs {dbPrint} -parent [gi::getWindows 7]]
[20:24:55.02] /# gi::executeAction lePin -in [gi::getWindows 7]
[20:24:55.02] /i ile::createPin
[20:24:59.59] /i gi::setField {termName} -value {vdd!} -in [gi::getToolbars {deCommandOptions} -from [gi::getWindows 7]]
[20:25:03.16] /# gi::executeAction deStartDrag -in [gi::getWindows 7]
[20:25:03.16] /i de::startDrag {-4.051 3.209} -context [db::getNext [de::getContexts -window 7]]
[20:25:04.41] /# gi::executeAction deEndDrag -in [gi::getWindows 7]
[20:25:04.41] /i de::endDrag {-3.484 2.957} -context [db::getNext [de::getContexts -window 7]]
[20:25:06.69] /# gi::executeAction deAbortCommand -in [gi::getWindows 7]
[20:25:06.69] /i de::abortCommand -context [db::getNext [de::getContexts -window 7]]
[20:25:08.72] /# gi::executeAction dePan -in [gi::getWindows 7]
[20:25:08.72] /i ide::pan [db::getNext [de::getContexts -window 7]]
[20:25:09.07] /# gi::executeAction deStartDrag -in [gi::getWindows 7]
[20:25:09.10] /i de::startDrag {-3.068 3.715} -context [db::getNext [de::getContexts -window 7]]
[20:25:11.13] /# gi::executeAction deEndDrag -in [gi::getWindows 7]
[20:25:11.13] /i de::endDrag {-3.048 3.749} -context [db::getNext [de::getContexts -window 7]]
[20:25:11.13] /r dePanToPoint {-4.02 1.544}
[20:25:13.87] /i gi::executeAction deSaveDesign -in [gi::getWindows 7]
[20:25:13.87] /m Information: Saving design 'dff dff layout'. (DESIGN_WINDOW-004)
[20:25:17.51] /# gi::executeAction xtDRCRun -in [gi::getWindows 7]
[20:25:17.51] /i xt::physicalVerification::executeRun drc 7
[20:25:18.04] /# xt::physicalVerification::executePve drc 7
[20:25:24.82] /m Information: 
              /c =============================
              /c JobID: hercules_drc_64
              /c --- ERROR SUMMARY -----------
              /c 7.27: Minimum width for Metal 1 >= 0.1
              /c  INTERNAL M1S { } (101) ................................. 3 violations found.
              /c =============================
              /c 
[20:25:25.80] /j ::xt::hercules::vue::_private::registerConnection localhost:60428 tcp194 herculesVue_26 
[20:25:25.82] /m Information: Connection established with 'Hercules-VUE' running on 'localhost'.
[20:25:25.86] /j ::xt::hercules::vue::_private::isJobReady 
[20:25:25.86] /o true
[20:25:25.88] /j ::xt::hercules::vue::startFilter LAY 
[20:25:26.43] /j ::xt::hercules::vue::setInlibPath /root/Excercise/DFlipFlop/synopsys_custom/dff.hercules.drc/. 
[20:25:26.47] /j ::xt::hercules::vue::setTopLayLCV dff dff layout 
[20:25:26.51] /j ::xt::hercules::vue::openCell dff dff layout 
[20:25:28.21] /j ::xt::hercules::vue::clearAllHighlights dff layout 
[20:25:29.68] /j ::xt::hercules::vue::clearAllHighlights dff layout 
[20:25:29.70] /j ::xt::hercules::vue::clearAllHighlights dff layout 
[20:25:29.73] /j ::xt::hercules::vue::openCell dff dff layout 
[20:25:30.28] /j ::xt::hercules::vue::clearAllHighlights dff layout 
[20:25:30.31] /j ::xt::hercules::vue::clearAllHighlights dff layout 
[20:25:30.32] /j ::xt::hercules::vue::setHighlightProperty dff layout yellow brick 
[20:25:30.33] /j ::xt::hercules::vue::addPolygonBegin 4 
[20:25:30.39] /j ::xt::hercules::vue::addPolygonPoints {-2.350 2.545 -2.350 2.755 -2.260 2.755 -2.260 2.545 -2.350 2.545} 
[20:25:30.39] /j ::xt::hercules::vue::addPolygonEnd 
[20:25:30.39] /j ::xt::hercules::vue::setViewPort extents {-2.361 2.519 -2.249 2.781} LAY 
[20:25:30.40] /j ::xt::hercules::vue::addErrorDescription {"Distance: 0.090"} 
[20:25:30.41] /j ::xt::hercules::vue::drawHighlights dff layout all 
[20:25:33.18] /j ::xt::hercules::vue::clearAllHighlights dff layout 
[20:25:33.20] /j ::xt::hercules::vue::setHighlightProperty dff layout yellow brick 
[20:25:33.21] /j ::xt::hercules::vue::addPolygonBegin 4 
[20:25:33.25] /j ::xt::hercules::vue::addPolygonPoints {-2.350 2.545 -2.350 2.755 -2.260 2.755 -2.260 2.545 -2.350 2.545} 
[20:25:33.26] /j ::xt::hercules::vue::addPolygonEnd 
[20:25:33.26] /j ::xt::hercules::vue::setViewPort extents {-2.361 2.519 -2.249 2.781} LAY 
[20:25:33.30] /j ::xt::hercules::vue::addErrorDescription {"Distance: 0.090"} 
[20:25:33.32] /j ::xt::hercules::vue::drawHighlights dff layout all 
[20:25:41.13] /j ::xt::hercules::vue::clearAllHighlights dff layout 
[20:25:41.15] /j ::xt::hercules::vue::clearAllHighlights dff layout 
[20:25:41.44] /m Information: Connection closed with 'Hercules-VUE' running on 'localhost'.
[20:25:42.28] /i gi::setActiveWindow 11
[20:25:42.29] /i gi::setActiveWindow 11 -raise true
[20:25:43.72] /i gi::setActiveWindow 7
[20:25:43.72] /i gi::setActiveWindow 7 -raise true
[20:25:45.26] /# gi::executeAction deCanvasZoomOutAtPoint -in [gi::getWindows 7]
[20:25:45.26] /i de::zoom -window [gi::getWindows 7] -factor 0.5 -center {-2.195 2.704}
[20:25:45.27] /o {-2.974 2.334} {-1.856 2.858}
[20:25:45.81] /# gi::executeAction deCanvasZoomOutAtPoint -in [gi::getWindows 7]
[20:25:45.81] /i de::zoom -window [gi::getWindows 7] -factor 0.5 -center {-2.195 2.705}
[20:25:45.81] /o {-3.753 1.963} {-1.517 3.011}
[20:25:46.54] /# gi::executeAction deCanvasZoomInAtPoint -in [gi::getWindows 7]
[20:25:46.54] /i de::zoom -window [gi::getWindows 7] -factor 2.0 -center {-2.174 2.686}
[20:25:46.54] /o {-2.964 2.325} {-1.845 2.849}
[20:25:50.41] /j ::xt::hercules::vue::clearAllHighlights dff layout 
[20:25:50.42] /j ::xt::hercules::vue::setHighlightProperty dff layout yellow brick 
[20:25:50.44] /j ::xt::hercules::vue::addPolygonBegin 4 
[20:25:50.50] /j ::xt::hercules::vue::addPolygonPoints {-2.350 2.545 -2.350 2.755 -2.260 2.755 -2.260 2.545 -2.350 2.545} 
[20:25:50.50] /j ::xt::hercules::vue::addPolygonEnd 
[20:25:50.50] /j ::xt::hercules::vue::setViewPort extents {-2.361 2.519 -2.249 2.781} LAY 
[20:25:50.62] /j ::xt::hercules::vue::addErrorDescription {"Distance: 0.090"} 
[20:25:50.62] /j ::xt::hercules::vue::drawHighlights dff layout all 
[20:25:55.22] /# gi::executeAction deAbortCommand -in [gi::getWindows 7]
[20:25:55.22] /i de::abortCommand -context [db::getNext [de::getContexts -window 7]]
[20:25:56.40] /# gi::executeAction deSelectActive -in [gi::getWindows 7]
[20:25:56.40] /i de::deselectAll [db::getNext [de::getContexts -window 7]]
[20:25:56.40] /i de::select [de::getActiveFigure [gi::getWindows 7] -point {-2.371 2.639} -index 0 -intent none]
[20:25:56.40] /o oa:0x24e98be0
[20:25:57.00] /i gi::executeAction deCanvasDragCancel -in [gi::getWindows 7]
[20:25:58.10] /# gi::executeAction deCanvasZoomOutAtPoint -in [gi::getWindows 7]
[20:25:58.10] /i de::zoom -window [gi::getWindows 7] -factor 0.5 -center {-2.338 2.628}
[20:25:58.10] /o {-2.831 2.41} {-1.713 2.934}
[20:25:58.80] /# gi::executeAction deCanvasZoomOutAtPoint -in [gi::getWindows 7]
[20:25:58.80] /i de::zoom -window [gi::getWindows 7] -factor 0.5 -center {-2.324 2.585}
[20:25:58.80] /o {-3.338 2.235} {-1.102 3.283}
[20:26:00.18] /# gi::executeAction deCanvasZoomOutAtPoint -in [gi::getWindows 7]
[20:26:00.18] /i de::zoom -window [gi::getWindows 7] -factor 0.5 -center {-2.111 2.335}
[20:26:00.19] /o {-4.566 2.135} {-0.092 4.231}
[20:26:02.03] /# gi::executeAction deCanvasZoomInAtPoint -in [gi::getWindows 7]
[20:26:02.04] /i de::zoom -window [gi::getWindows 7] -factor 2.0 -center {-2.134 2.32}
[20:26:02.04] /o {-3.35 2.228} {-1.113 3.276}
[20:26:03.01] /# gi::executeAction dePan -in [gi::getWindows 7]
[20:26:03.01] /i ide::pan [db::getNext [de::getContexts -window 7]]
[20:26:03.49] /# gi::executeAction deStartDrag -in [gi::getWindows 7]
[20:26:03.49] /i de::startDrag {-2.201 2.303} -context [db::getNext [de::getContexts -window 7]]
[20:26:04.23] /# gi::executeAction deEndDrag -in [gi::getWindows 7]
[20:26:04.23] /i de::endDrag {-2.195 2.319} -context [db::getNext [de::getContexts -window 7]]
[20:26:04.23] /r dePanToPoint {-2.294 2.488}
[20:26:04.61] /# gi::executeAction deCanvasZoomInAtPoint -in [gi::getWindows 7]
[20:26:04.61] /i de::zoom -window [gi::getWindows 7] -factor 2.0 -center {-2.195 2.319}
[20:26:04.61] /o {-2.804 2.142} {-1.685 2.666}
[20:26:05.18] /# gi::executeAction deAddPoint -in [gi::getWindows 7]
[20:26:05.18] /i de::addPoint {-2.182 2.3} -context [db::getNext [de::getContexts -window 7]]
[20:26:05.96] /# gi::executeAction deAbortCommand -in [gi::getWindows 7]
[20:26:05.96] /i de::abortCommand -context [db::getNext [de::getContexts -window 7]]
[20:26:06.48] /# gi::executeAction deSelectActive -in [gi::getWindows 7]
[20:26:06.48] /i de::deselectAll [db::getNext [de::getContexts -window 7]]
[20:26:06.48] /i de::deselectAllLogic -context [db::getNext [de::getContexts -window 7]]
[20:26:06.66] /# gi::executeAction deSelectActive -in [gi::getWindows 7]
[20:26:06.66] /i de::deselectAllLogic -context [db::getNext [de::getContexts -window 7]]
[20:26:06.85] /# gi::executeAction deSelectActive -in [gi::getWindows 7]
[20:26:06.85] /i de::deselectAllLogic -context [db::getNext [de::getContexts -window 7]]
[20:26:07.20] /# gi::executeAction leStretch -in [gi::getWindows 7]
[20:26:07.21] /i ile::stretch
[20:26:09.49] /# gi::executeAction deAddPoint -in [gi::getWindows 7]
[20:26:09.50] /i de::addPoint {-2.351 2.246} -context [db::getNext [de::getContexts -window 7]]
[20:26:12.07] /# gi::executeAction deAddPoint -in [gi::getWindows 7]
[20:26:12.07] /i de::addPoint {-2.359 2.245} -context [db::getNext [de::getContexts -window 7]]
[20:26:12.58] /# gi::executeAction deCanvasZoomOutAtPoint -in [gi::getWindows 7]
[20:26:12.58] /i de::zoom -window [gi::getWindows 7] -factor 0.5 -center {-2.187 2.235}
[20:26:12.58] /o {-3.295 1.841} {-1.059 2.889}
[20:26:15.31] /# gi::executeAction deCanvasZoomInAtPoint -in [gi::getWindows 7]
[20:26:15.31] /i de::zoom -window [gi::getWindows 7] -factor 2.0 -center {-1.275 2.261}
[20:26:15.31] /o {-2.285 2.051} {-1.167 2.575}
[20:26:18.21] /# gi::executeAction deAddPoint -in [gi::getWindows 7]
[20:26:18.21] /i de::addPoint {-1.446 2.245} -context [db::getNext [de::getContexts -window 7]]
[20:26:19.22] /# gi::executeAction deAddPoint -in [gi::getWindows 7]
[20:26:19.22] /i de::addPoint {-1.446 2.245} -context [db::getNext [de::getContexts -window 7]]
[20:26:19.87] /# gi::executeAction deCanvasZoomOutAtPoint -in [gi::getWindows 7]
[20:26:19.87] /i de::zoom -window [gi::getWindows 7] -factor 0.5 -center {-1.446 2.245}
[20:26:19.87] /o {-3.124 1.857} {-0.888 2.905}
[20:26:20.62] /# gi::executeAction deCanvasZoomOutAtPoint -in [gi::getWindows 7]
[20:26:20.62] /i de::zoom -window [gi::getWindows 7] -factor 0.5 -center {-1.446 2.246}
[20:26:20.62] /o {-4.803 1.468} {-0.329 3.564}
[20:26:21.46] /# gi::executeAction deCanvasZoomOutAtPoint -in [gi::getWindows 7]
[20:26:21.46] /i de::zoom -window [gi::getWindows 7] -factor 0.5 -center {-1.949 2.183}
[20:26:21.47] /o {-7.657 0.753} {1.291 4.945}
[20:26:22.78] /# gi::executeAction deCanvasZoomInAtPoint -in [gi::getWindows 7]
[20:26:22.78] /i de::zoom -window [gi::getWindows 7] -factor 2.0 -center {-6.444 2.12}
[20:26:22.78] /o {-7.05 1.437} {-2.577 3.533}
[20:26:23.56] /# gi::executeAction deCanvasZoomInAtPoint -in [gi::getWindows 7]
[20:26:23.56] /i de::zoom -window [gi::getWindows 7] -factor 2.0 -center {-6.444 2.12}
[20:26:23.56] /o {-6.747 1.778} {-4.51 2.826}
[20:26:25.73] /# gi::executeAction deCanvasZoomInAtPoint -in [gi::getWindows 7]
[20:26:25.73] /i de::zoom -window [gi::getWindows 7] -factor 2.0 -center {-4.661 2.241}
[20:26:25.73] /o {-5.704 2.01} {-4.586 2.534}
[20:26:27.36] /# gi::executeAction deAddPoint -in [gi::getWindows 7]
[20:26:27.36] /i de::addPoint {-5.083 2.282} -context [db::getNext [de::getContexts -window 7]]
[20:26:28.32] /# gi::executeAction deAddPoint -in [gi::getWindows 7]
[20:26:28.32] /i de::addPoint {-5.083 2.282} -context [db::getNext [de::getContexts -window 7]]
[20:26:28.92] /# gi::executeAction deCanvasZoomOutAtPoint -in [gi::getWindows 7]
[20:26:28.93] /i de::zoom -window [gi::getWindows 7] -factor 0.5 -center {-5.083 2.282}
[20:26:28.93] /o {-6.325 1.737} {-4.088 2.785}
[20:26:29.48] /# gi::executeAction deCanvasZoomOutAtPoint -in [gi::getWindows 7]
[20:26:29.48] /i de::zoom -window [gi::getWindows 7] -factor 0.5 -center {-5.082 2.283}
[20:26:29.48] /o {-7.568 1.191} {-3.095 3.287}
[20:26:30.33] /# gi::executeAction deAbortCommand -in [gi::getWindows 7]
[20:26:30.33] /i de::abortCommand -context [db::getNext [de::getContexts -window 7]]
[20:26:31.86] /i gi::executeAction deSaveDesign -in [gi::getWindows 7]
[20:26:31.86] /m Information: Saving design 'dff dff layout'. (DESIGN_WINDOW-004)
[20:26:35.25] /j ::xt::hercules::vue::clearAllHighlights dff layout 
[20:26:35.27] /j ::xt::hercules::vue::setHighlightProperty dff layout yellow brick 
[20:26:35.30] /j ::xt::hercules::vue::addPolygonBegin 4 
[20:26:35.33] /j ::xt::hercules::vue::addPolygonPoints {-2.350 1.865 -2.350 2.395 -2.260 2.395 -2.260 1.865 -2.350 1.865} 
[20:26:35.33] /j ::xt::hercules::vue::addPolygonEnd 
[20:26:35.33] /j ::xt::hercules::vue::setViewPort extents {-2.361 1.799 -2.249 2.461} LAY 
[20:26:35.36] /j ::xt::hercules::vue::addErrorDescription {"Distance: 0.090"} 
[20:26:35.40] /j ::xt::hercules::vue::drawHighlights dff layout all 
[20:26:36.07] /j ::xt::hercules::vue::clearAllHighlights dff layout 
[20:26:36.08] /j ::xt::hercules::vue::setHighlightProperty dff layout yellow brick 
[20:26:36.13] /j ::xt::hercules::vue::addPolygonBegin 4 
[20:26:36.13] /j ::xt::hercules::vue::addPolygonPoints {-2.350 2.905 -2.350 3.115 -2.260 3.115 -2.260 2.905 -2.350 2.905} 
[20:26:36.13] /j ::xt::hercules::vue::addPolygonEnd 
[20:26:36.13] /j ::xt::hercules::vue::setViewPort extents {-2.361 2.879 -2.249 3.141} LAY 
[20:26:36.20] /j ::xt::hercules::vue::addErrorDescription {"Distance: 0.090"} 
[20:26:36.22] /j ::xt::hercules::vue::drawHighlights dff layout all 
[20:26:36.78] /j ::xt::hercules::vue::clearAllHighlights dff layout 
[20:26:36.80] /j ::xt::hercules::vue::setHighlightProperty dff layout yellow brick 
[20:26:36.81] /j ::xt::hercules::vue::addPolygonBegin 4 
[20:26:36.86] /j ::xt::hercules::vue::addPolygonPoints {-2.350 2.905 -2.350 3.115 -2.260 3.115 -2.260 2.905 -2.350 2.905} 
[20:26:36.86] /j ::xt::hercules::vue::addPolygonEnd 
[20:26:36.86] /j ::xt::hercules::vue::setViewPort extents {-2.361 2.879 -2.249 3.141} LAY 
[20:26:36.96] /j ::xt::hercules::vue::addErrorDescription {"Distance: 0.090"} 
[20:26:36.97] /j ::xt::hercules::vue::drawHighlights dff layout all 
[20:26:38.93] /# gi::executeAction deCanvasZoomOutAtPoint -in [gi::getWindows 7]
[20:26:38.93] /i de::zoom -window [gi::getWindows 7] -factor 0.5 -center {-2.256 2.984}
[20:26:38.93] /o {-2.913 2.774} {-1.795 3.298}
[20:26:39.60] /# gi::executeAction deCanvasZoomOutAtPoint -in [gi::getWindows 7]
[20:26:39.60] /i de::zoom -window [gi::getWindows 7] -factor 0.5 -center {-2.255 2.985}
[20:26:39.60] /o {-3.571 2.563} {-1.335 3.611}
[20:26:40.26] /# gi::executeAction deCanvasZoomOutAtPoint -in [gi::getWindows 7]
[20:26:40.26] /i de::zoom -window [gi::getWindows 7] -factor 0.5 -center {-2.169 2.892}
[20:26:40.26] /o {-4.974 2.234} {-0.5 4.33}
[20:26:43.20] /# gi::executeAction deCanvasZoomOutAtPoint -in [gi::getWindows 7]
[20:26:43.20] /i de::zoom -window [gi::getWindows 7] -factor 0.5 -center {-2.041 2.356}
[20:26:43.20] /o {-7.907 2.112} {1.041 6.304}
[20:26:44.73] /# gi::executeAction deCanvasZoomInAtPoint -in [gi::getWindows 7]
[20:26:44.73] /i de::zoom -window [gi::getWindows 7] -factor 2.0 -center {-2.04 2.357}
[20:26:44.73] /o {-4.973 2.234} {-0.5 4.33}
[20:26:46.03] /i gi::executeAction deSaveDesign -in [gi::getWindows 7]
[20:26:46.03] /m Information: Saving design 'dff dff layout'. (DESIGN_WINDOW-004)
[20:26:51.28] /# gi::executeAction xtDRCRun -in [gi::getWindows 7]
[20:26:51.28] /i xt::physicalVerification::executeRun drc 7
[20:26:51.78] /# xt::physicalVerification::executePve drc 7
[20:26:58.13] /m Information: 
              /c =============================
              /c JobID: hercules_drc_65
              /c Completed with no errors.
              /c =============================
              /c 
[20:27:01.34] /i gi::setActiveWindow 7
[20:27:01.35] /i gi::setActiveWindow 7 -raise true
[20:27:07.42] /j ::xt::hercules::vue::clearAllHighlights dff layout 
[20:27:07.42] /j ::xt::hercules::vue::clearAllHighlights dff layout 
[20:27:07.62] /m Information: Connection closed with 'Hercules-VUE' running on 'localhost'.
[20:27:11.38] /# gi::executeAction xtLVSRun -in [gi::getWindows 7]
[20:27:11.38] /i xt::physicalVerification::executeRun lvs 7
[20:27:12.07] /# xt::physicalVerification::executePve lvs 7
[20:27:13.91] /m Information: "Starting netlisting for design "dff/dff/schematic"..." (NETLISTING-010)
[20:27:13.94] /o No Design Integrity rule violations found in "dff/dff/schematic"
[20:27:14.15] /m Information: "Netlisting design "dff/dff/schematic" finished successfully." (NETLISTING-012)
[20:27:14.63] /r giWindowId 13
[20:27:14.69] /r giWindowGeometry 800x600
[20:27:24.42] /m Information: 
              /c =============================
              /c JobID: hercules_lvs_24
              /c --- EXTRACT ERROR SUMMARY ---
              /c LAYOUT ERRORS RESULTS: CLEAN
              /c --- COMPARE ERROR SUMMARY ---
              /c Top block compare result: FAIL
              /c [dff != dff]
              /c > dff != dff (level = 0)
              /c =============================
              /c 
[20:27:25.30] /j ::xt::hercules::vue::_private::registerConnection localhost:45838 tcp203 herculesVue_27 
[20:27:25.37] /j ::xt::hercules::vue::_private::isJobReady 
[20:27:25.37] /o false
[20:27:26.38] /j ::xt::hercules::vue::_private::isJobReady 
[20:27:26.38] /o false
[20:27:27.38] /m Information: Connection established with 'Hercules-VUE' running on 'localhost'.
[20:27:27.38] /j ::xt::hercules::vue::_private::isJobReady 
[20:27:27.38] /o true
[20:27:27.41] /j ::xt::hercules::vue::startFilter LAY 
[20:27:27.43] /j ::xt::hercules::vue::startFilter SCH 
[20:27:28.11] /j ::xt::hercules::vue::setInlibPath /root/Excercise/DFlipFlop/synopsys_custom/dff.hercules.lvs/. 
[20:27:28.12] /j ::xt::hercules::vue::setTopLayLCV dff dff layout 
[20:27:28.13] /j ::xt::hercules::vue::openCell dff dff layout 
[20:27:28.21] /j ::xt::hercules::vue::setTopSchLib dff 
[20:27:28.39] /i gi::setActiveTab {tabs} -tabName {dff.LVS_ERRORS} -in [gi::getWindows 13]
[20:27:29.89] /i gi::setActiveTab {tabs} -tabName {stdout.lvs.log} -in [gi::getWindows 13]
[20:27:32.93] /j ::xt::hercules::vue::clearAllHighlights dff layout 
[20:27:32.96] /j ::xt::hercules::vue::clearAllHighlights {} {} 
[20:27:34.17] /j ::xt::hercules::vue::clearAllHighlights {} {} 
[20:27:34.20] /j ::xt::hercules::vue::clearAllHighlights {} {} 
[20:27:34.21] /j ::xt::hercules::vue::openCell dff dff schematic 
[20:27:34.22] /j ::xt::hercules::vue::clearAllHighlights dff layout 
[20:27:34.23] /j ::xt::hercules::vue::clearAllHighlights dff layout 
[20:27:34.25] /j ::xt::hercules::vue::openCellInstance dff layout dff layout 
[20:27:39.78] /j ::xt::hercules::vue::clearAllHighlights dff schematic 
[20:27:39.81] /j ::xt::hercules::vue::clearAllHighlights dff schematic 
[20:27:39.81] /j ::xt::hercules::vue::clearAllHighlights dff layout 
[20:27:39.82] /j ::xt::hercules::vue::clearAllHighlights dff layout 
[20:27:39.86] /j ::xt::hercules::vue::setHighlightProperty dff layout yellow brick 
[20:27:39.88] /j ::xt::hercules::vue::addPolygonBegin 12 
[20:27:39.93] /j ::xt::hercules::vue::addPolygonPoints {-0.040 1.950 -0.040 1.230 -0.085 1.230 -0.085 -0.680 -0.040 -0.680 -0.040 -1.040 -0.260 -1.040 -0.260 -0.680 -0.185 -0.680 -0.185 1.230 -0.260 1.230 -0.260 1.950 -0.040 1.950} 
[20:27:39.93] /j ::xt::hercules::vue::addPolygonEnd 
[20:27:39.93] /j ::xt::hercules::vue::drawHighlights dff layout all 
[20:27:39.96] /j ::xt::hercules::vue::setViewPort extents {-0.287 -1.414 -0.012 2.324} LAY 
[20:27:39.98] /j ::xt::hercules::vue::clearAllHighlights dff layout 
[20:27:40.01] /j ::xt::hercules::vue::clearAllHighlights dff layout 
[20:27:40.02] /j ::xt::hercules::vue::setHighlightProperty dff layout yellow brick 
[20:27:40.05] /j ::xt::hercules::vue::addPolygonBegin 12 
[20:27:40.08] /j ::xt::hercules::vue::addPolygonPoints {-0.040 1.950 -0.040 1.230 -0.085 1.230 -0.085 -0.680 -0.040 -0.680 -0.040 -1.040 -0.260 -1.040 -0.260 -0.680 -0.185 -0.680 -0.185 1.230 -0.260 1.230 -0.260 1.950 -0.040 1.950} 
[20:27:40.08] /j ::xt::hercules::vue::addPolygonEnd 
[20:27:40.08] /j ::xt::hercules::vue::drawHighlights dff layout all 
[20:27:40.11] /j ::xt::hercules::vue::setViewPort extents {-0.287 -1.414 -0.012 2.324} LAY 
[20:27:40.11] /j ::xt::hercules::vue::clearAllHighlights dff schematic 
[20:27:40.11] /j ::xt::hercules::vue::clearAllHighlights dff schematic 
[20:27:43.12] /i gi::setActiveWindow 13
[20:27:43.12] /i gi::setActiveWindow 13 -raise true
[20:27:45.31] /i gi::setActiveWindow 7
[20:27:45.31] /i gi::setActiveWindow 7 -raise true
[20:27:49.19] /# gi::executeAction deCanvasZoomOutAtPoint -in [gi::getWindows 7]
[20:27:49.19] /i de::zoom -window [gi::getWindows 7] -factor 0.5 -center {0.305 1.105}
[20:27:49.19] /o {-8.583 -3.933} {7.375 3.543}
[20:27:50.11] /# gi::executeAction deCanvasZoomInAtPoint -in [gi::getWindows 7]
[20:27:50.11] /i de::zoom -window [gi::getWindows 7] -factor 2.0 -center {0.305 1.105}
[20:27:50.11] /o {-4.139 -1.414} {3.84 2.324}
[20:28:27.24] /j ::xt::hercules::vue::clearAllHighlights dff schematic 
[20:28:27.27] /j ::xt::hercules::vue::clearAllHighlights dff layout 
[20:28:27.42] /m Information: Connection closed with 'Hercules-VUE' running on 'localhost'.
[20:28:28.49] /# gi::executeAction deCanvasZoomInAtPoint -in [gi::getWindows 7]
[20:28:28.49] /i de::zoom -window [gi::getWindows 7] -factor 2.0 -center {0.021 1.867}
[20:28:28.49] /o {-2.059 0.227} {1.93 2.096}
[20:28:31.26] /# gi::executeAction dePan -in [gi::getWindows 7]
[20:28:31.26] /i ide::pan [db::getNext [de::getContexts -window 7]]
[20:28:32.22] /# gi::executeAction deStartDrag -in [gi::getWindows 7]
[20:28:32.22] /i de::startDrag {0.247 1.791} -context [db::getNext [de::getContexts -window 7]]
[20:28:34.42] /# gi::executeAction deEndDrag -in [gi::getWindows 7]
[20:28:34.42] /i de::endDrag {0.254 1.786} -context [db::getNext [de::getContexts -window 7]]
[20:28:34.42] /r dePanToPoint {-0.653 1.795}
[20:28:35.44] /# gi::setCurrentIndex {lpps} -index {m1 drw} -in [gi::getAssistants leObjectLayerPanel -from [gi::getWindows 7]]
[20:28:35.44] /# gi::setItemSelection {lpps} -index {m1 drw} -in [gi::getAssistants leObjectLayerPanel -from [gi::getWindows 7]]
[20:28:35.54] /# gi::executeAction leOLPSetActiveLPP -in [gi::getAssistants leObjectLayerPanel -from [gi::getWindows 7]]
[20:28:35.54] /i de::setActiveLPP [de::getLPPs -from [oa::DesignFind dff dff layout] -filter {%lpp =="m1 drawing"}]
[20:28:38.50] /# gi::executeAction leRectangle -in [gi::getWindows 7]
[20:28:38.50] /i ile::createRectangle
[20:28:40.60] /# gi::executeAction deAddPoint -in [gi::getWindows 7]
[20:28:40.60] /i de::addPoint {-1.094 1.783} -context [db::getNext [de::getContexts -window 7]]
[20:28:55.16] /# gi::executeAction deAddPoint -in [gi::getWindows 7]
[20:28:55.16] /i de::addPoint {-0.997 2.2} -context [db::getNext [de::getContexts -window 7]]
[20:28:57.45] /# gi::executeAction deAddPoint -in [gi::getWindows 7]
[20:28:57.45] /i de::addPoint {-1.089 2.197} -context [db::getNext [de::getContexts -window 7]]
[20:28:59.37] /# gi::executeAction deAbortCommand -in [gi::getWindows 7]
[20:28:59.37] /i de::abortCommand -context [db::getNext [de::getContexts -window 7]]
[20:29:00.56] /# gi::executeAction leRectangle -in [gi::getWindows 7]
[20:29:00.56] /i ile::createRectangle
[20:29:04.11] /# gi::executeAction deAddPoint -in [gi::getWindows 7]
[20:29:04.11] /i de::addPoint {-1.094 2.202} -context [db::getNext [de::getContexts -window 7]]
[20:29:09.73] /# gi::executeAction deAddPoint -in [gi::getWindows 7]
[20:29:09.73] /i de::addPoint {-0.06 2.095} -context [db::getNext [de::getContexts -window 7]]
[20:29:12.14] /# gi::executeAction deAddPoint -in [gi::getWindows 7]
[20:29:12.14] /i de::addPoint {-0.078 1.763} -context [db::getNext [de::getContexts -window 7]]
[20:29:18.77] /# gi::executeAction deAddPoint -in [gi::getWindows 7]
[20:29:18.77] /i de::addPoint {-0.187 2.202} -context [db::getNext [de::getContexts -window 7]]
[20:29:19.85] /# gi::executeAction deCanvasZoomInAtPoint -in [gi::getWindows 7]
[20:29:19.85] /i de::zoom -window [gi::getWindows 7] -factor 2.0 -center {0.031 2.197}
[20:29:19.85] /o {-1.309 1.529} {0.686 2.464}
[20:29:21.10] /# gi::executeAction leStretch -in [gi::getWindows 7]
[20:29:21.10] /i ile::stretch
[20:29:23.02] /# gi::executeAction deAddPoint -in [gi::getWindows 7]
[20:29:23.02] /i de::addPoint {-0.055 2.136} -context [db::getNext [de::getContexts -window 7]]
[20:29:24.95] /# gi::executeAction deAddPoint -in [gi::getWindows 7]
[20:29:24.95] /i de::addPoint {-0.074 2.136} -context [db::getNext [de::getContexts -window 7]]
[20:29:25.58] /# gi::executeAction deCanvasZoomOutAtPoint -in [gi::getWindows 7]
[20:29:25.58] /i de::zoom -window [gi::getWindows 7] -factor 0.5 -center {-0.383 2.083}
[20:29:25.58] /o {-2.234 0.975} {1.755 2.844}
[20:29:27.18] /# gi::executeAction leMove -in [gi::getWindows 7]
[20:29:27.18] /i ile::move
[20:29:27.52] /# gi::executeAction deStartDrag -in [gi::getWindows 7]
[20:29:27.52] /i de::startDrag {-1.124 2.273} -context [db::getNext [de::getContexts -window 7]]
[20:29:28.52] /# gi::executeAction deEndDrag -in [gi::getWindows 7]
[20:29:28.52] /i de::endDrag {0.831 2.273} -context [db::getNext [de::getContexts -window 7]]
[20:29:29.28] /# gi::executeAction dePan -in [gi::getWindows 7]
[20:29:29.28] /i ide::pan [db::getNext [de::getContexts -window 7]]
[20:29:29.94] /# gi::executeAction deStartDrag -in [gi::getWindows 7]
[20:29:29.94] /i de::startDrag {-1.183 2.273} -context [db::getNext [de::getContexts -window 7]]
[20:29:30.67] /# gi::executeAction deEndDrag -in [gi::getWindows 7]
[20:29:30.67] /i de::endDrag {-1.18 2.273} -context [db::getNext [de::getContexts -window 7]]
[20:29:30.67] /r dePanToPoint {-3.01 1.98}
[20:29:31.34] /# gi::executeAction deStartDrag -in [gi::getWindows 7]
[20:29:31.34] /i de::startDrag {-3.547 2.281} -context [db::getNext [de::getContexts -window 7]]
[20:29:32.32] /# gi::executeAction deEndDrag -in [gi::getWindows 7]
[20:29:32.32] /i de::endDrag {-3.527 2.281} -context [db::getNext [de::getContexts -window 7]]
[20:29:32.32] /r dePanToPoint {-4.665 1.879}
[20:29:32.74] /# gi::executeAction deCanvasZoomOutAtPoint -in [gi::getWindows 7]
[20:29:32.74] /i de::zoom -window [gi::getWindows 7] -factor 0.5 -center {-4.311 2.128}
[20:29:32.74] /o {-9.01 -0.238} {-1.031 3.5}
[20:29:52.53] /# gi::executeAction deCanvasZoomInAtPoint -in [gi::getWindows 7]
[20:29:52.53] /i de::zoom -window [gi::getWindows 7] -factor 2.0 -center {-3.961 1.169}
[20:29:52.53] /o {-6.485 0.465} {-2.496 2.334}
[20:29:54.57] /# gi::executeAction deCanvasZoomOutAtPoint -in [gi::getWindows 7]
[20:29:54.57] /i de::zoom -window [gi::getWindows 7] -factor 0.5 -center {-3.781 1.227}
[20:29:54.57] /o {-9.19 -0.296} {-1.211 3.442}
[20:30:03.72] /# gi::executeAction deCanvasZoomInAtPoint -in [gi::getWindows 7]
[20:30:03.72] /i de::zoom -window [gi::getWindows 7] -factor 2.0 -center {-3.131 1.944}
[20:30:03.72] /o {-6.16 0.824} {-2.171 2.693}
[20:30:18.74] /# gi::executeAction deCanvasZoomOutAtPoint -in [gi::getWindows 7]
[20:30:18.74] /i de::zoom -window [gi::getWindows 7] -factor 0.5 -center {-4.946 1.642}
[20:30:18.74] /o {-7.375 0.006} {0.604 3.744}
[20:30:19.62] /# gi::executeAction deCanvasZoomInAtPoint -in [gi::getWindows 7]
[20:30:19.62] /i de::zoom -window [gi::getWindows 7] -factor 2.0 -center {-5.114 1.667}
[20:30:19.62] /o {-6.244 0.836} {-2.255 2.705}
[20:30:21.69] /# gi::executeAction leRectangle -in [gi::getWindows 7]
[20:30:21.69] /i ile::createRectangle
[20:30:24.82] /# gi::executeAction deAddPoint -in [gi::getWindows 7]
[20:30:24.82] /i de::addPoint {-4.733 1.781} -context [db::getNext [de::getContexts -window 7]]
[20:30:35.36] /# gi::executeAction deAddPoint -in [gi::getWindows 7]
[20:30:35.36] /i de::addPoint {-4.634 2.401} -context [db::getNext [de::getContexts -window 7]]
[20:30:40.24] /# gi::executeAction deAddPoint -in [gi::getWindows 7]
[20:30:40.24] /i de::addPoint {-4.736 2.401} -context [db::getNext [de::getContexts -window 7]]
[20:30:44.63] /# gi::executeAction deAddPoint -in [gi::getWindows 7]
[20:30:44.63] /i de::addPoint {-4.736 2.401} -context [db::getNext [de::getContexts -window 7]]
[20:30:44.63] /w Warning: Could not commit routing because of invalid geometry. (ILE_CREATE-079)
[20:30:51.79] /# gi::executeAction deAddPoint -in [gi::getWindows 7]
[20:30:51.79] /i de::addPoint {-3.72 2.291} -context [db::getNext [de::getContexts -window 7]]
[20:30:54.16] /# gi::executeAction deAddPoint -in [gi::getWindows 7]
[20:30:54.16] /i de::addPoint {-3.725 1.778} -context [db::getNext [de::getContexts -window 7]]
[20:31:00.95] /# gi::executeAction deAddPoint -in [gi::getWindows 7]
[20:31:00.95] /i de::addPoint {-3.827 2.398} -context [db::getNext [de::getContexts -window 7]]
[20:31:01.60] /# gi::executeAction deCanvasZoomInAtPoint -in [gi::getWindows 7]
[20:31:01.60] /i de::zoom -window [gi::getWindows 7] -factor 2.0 -center {-3.451 2.365}
[20:31:01.60] /o {-4.848 1.601} {-2.853 2.535}
[20:31:03.18] /# gi::executeAction leStretch -in [gi::getWindows 7]
[20:31:03.18] /i ile::stretch
[20:31:04.79] /# gi::executeAction deAddPoint -in [gi::getWindows 7]
[20:31:04.79] /i de::addPoint {-3.719 2.343} -context [db::getNext [de::getContexts -window 7]]
[20:31:06.51] /# gi::executeAction deAddPoint -in [gi::getWindows 7]
[20:31:06.51] /i de::addPoint {-3.724 2.343} -context [db::getNext [de::getContexts -window 7]]
[20:31:07.50] /# gi::executeAction deAbortCommand -in [gi::getWindows 7]
[20:31:07.50] /i de::abortCommand -context [db::getNext [de::getContexts -window 7]]
[20:31:08.52] /# gi::executeAction deSelectActive -in [gi::getWindows 7]
[20:31:08.52] /i de::deselectAllLogic -context [db::getNext [de::getContexts -window 7]]
[20:31:09.57] /# gi::executeAction leRuler -in [gi::getWindows 7]
[20:31:09.57] /i ile::createRuler
[20:31:11.02] /# gi::executeAction deAddPoint -in [gi::getWindows 7]
[20:31:11.02] /i de::addPoint {-4.125 2.236} -context [db::getNext [de::getContexts -window 7]]
[20:31:18.03] /# gi::executeAction deAddPoint -in [gi::getWindows 7]
[20:31:18.03] /i de::addPoint {-4.106 2.335} -context [db::getNext [de::getContexts -window 7]]
[20:31:18.41] /# gi::executeAction deAbortCommand -in [gi::getWindows 7]
[20:31:18.41] /i de::abortCommand -context [db::getNext [de::getContexts -window 7]]
[20:31:21.88] /# gi::executeAction deSelectActive -in [gi::getWindows 7]
[20:31:21.88] /i de::deselectAllLogic -context [db::getNext [de::getContexts -window 7]]
[20:31:22.76] /# gi::executeAction leMove -in [gi::getWindows 7]
[20:31:22.76] /i ile::move
[20:31:23.18] /# gi::executeAction deAddPoint -in [gi::getWindows 7]
[20:31:23.18] /i de::addPoint {-4.297 2.332} -context [db::getNext [de::getContexts -window 7]]
[20:31:26.47] /# gi::executeAction deAddPoint -in [gi::getWindows 7]
[20:31:26.47] /i de::addPoint {-4.299 2.375} -context [db::getNext [de::getContexts -window 7]]
[20:31:26.79] /# gi::executeAction deCanvasZoomOutAtPoint -in [gi::getWindows 7]
[20:31:26.79] /i de::zoom -window [gi::getWindows 7] -factor 0.5 -center {-4.299 2.375}
[20:31:26.79] /o {-5.396 0.826} {-1.407 2.695}
[20:31:27.02] /# gi::executeAction deCanvasZoomOutAtPoint -in [gi::getWindows 7]
[20:31:27.02] /i de::zoom -window [gi::getWindows 7] -factor 0.5 -center {-4.299 2.375}
[20:31:27.02] /o {-6.494 -0.722} {1.485 3.016}
[20:31:29.71] /# gi::executeAction deCanvasZoomInAtPoint -in [gi::getWindows 7]
[20:31:29.71] /i de::zoom -window [gi::getWindows 7] -factor 2.0 -center {-5.386 2.239}
[20:31:29.71] /o {-5.94 0.758} {-1.95 2.627}
[20:31:32.93] /# gi::executeAction deCanvasZoomInAtPoint -in [gi::getWindows 7]
[20:31:32.93] /i de::zoom -window [gi::getWindows 7] -factor 2.0 -center {-3.619 2.315}
[20:31:32.93] /o {-4.779 1.537} {-2.785 2.471}
[20:31:37.17] /# gi::executeAction deAddPoint -in [gi::getWindows 7]
[20:31:37.17] /i de::addPoint {-3.92 2.377} -context [db::getNext [de::getContexts -window 7]]
[20:31:38.64] /# gi::executeAction deAddPoint -in [gi::getWindows 7]
[20:31:38.64] /i de::addPoint {-3.917 2.377} -context [db::getNext [de::getContexts -window 7]]
[20:31:39.44] /# gi::executeAction deCanvasZoomOutAtPoint -in [gi::getWindows 7]
[20:31:39.44] /i de::zoom -window [gi::getWindows 7] -factor 0.5 -center {-3.611 2.353}
[20:31:39.44] /o {-5.948 0.72} {-1.958 2.589}
[20:31:43.69] /# gi::executeAction deCanvasZoomOutAtPoint -in [gi::getWindows 7]
[20:31:43.69] /i de::zoom -window [gi::getWindows 7] -factor 0.5 -center {-3.525 2.183}
[20:31:43.69] /o {-8.371 -0.742} {-0.392 2.996}
[20:31:45.15] /# gi::executeAction deCanvasZoomInAtPoint -in [gi::getWindows 7]
[20:31:45.15] /i de::zoom -window [gi::getWindows 7] -factor 2.0 -center {-3.221 2.686}
[20:31:45.15] /o {-5.796 0.972} {-1.806 2.841}
[20:31:46.51] /# gi::executeAction leStretch -in [gi::getWindows 7]
[20:31:46.51] /i ile::stretch
[20:31:47.87] /# gi::executeAction deAddPoint -in [gi::getWindows 7]
[20:31:47.87] /i de::addPoint {-3.335 2.419} -context [db::getNext [de::getContexts -window 7]]
[20:31:50.48] /# gi::executeAction deAddPoint -in [gi::getWindows 7]
[20:31:50.48] /i de::addPoint {-3.333 2.465} -context [db::getNext [de::getContexts -window 7]]
[20:31:50.99] /# gi::executeAction deCanvasZoomOutAtPoint -in [gi::getWindows 7]
[20:31:50.99] /i de::zoom -window [gi::getWindows 7] -factor 0.5 -center {-3.284 2.358}
[20:31:51.00] /o {-8.308 -0.414} {-0.329 3.324}
[20:31:58.04] /i gi::executeAction deSaveDesign -in [gi::getWindows 7]
[20:31:58.04] /m Information: Saving design 'dff dff layout'. (DESIGN_WINDOW-004)
[20:32:02.33] /# gi::executeAction xtLVSRun -in [gi::getWindows 7]
[20:32:02.33] /i xt::physicalVerification::executeRun lvs 7
[20:32:02.48] /# xt::physicalVerification::executePve lvs 7
[20:32:03.64] /m Information: "Starting netlisting for design "dff/dff/schematic"..." (NETLISTING-010)
[20:32:03.66] /o No Design Integrity rule violations found in "dff/dff/schematic"
[20:32:03.76] /m Information: "Netlisting design "dff/dff/schematic" finished successfully." (NETLISTING-012)
[20:32:09.72] /m Information: 
              /c =============================
              /c JobID: hercules_lvs_25
              /c --- EXTRACT ERROR SUMMARY ---
              /c LAYOUT ERRORS RESULTS: CLEAN
              /c --- COMPARE ERROR SUMMARY ---
              /c Top block compare result: FAIL
              /c [dff != dff]
              /c > dff != dff (level = 0)
              /c =============================
              /c 
[20:32:10.40] /j ::xt::hercules::vue::_private::registerConnection localhost:50262 tcp209 herculesVue_28 
[20:32:10.46] /j ::xt::hercules::vue::_private::isJobReady 
[20:32:10.46] /o false
[20:32:11.46] /j ::xt::hercules::vue::_private::isJobReady 
[20:32:11.46] /o false
[20:32:12.46] /m Information: Connection established with 'Hercules-VUE' running on 'localhost'.
[20:32:12.46] /j ::xt::hercules::vue::_private::isJobReady 
[20:32:12.46] /o true
[20:32:12.46] /j ::xt::hercules::vue::startFilter LAY 
[20:32:12.49] /j ::xt::hercules::vue::startFilter SCH 
[20:32:13.01] /j ::xt::hercules::vue::setTopSchLib dff 
[20:32:13.04] /j ::xt::hercules::vue::setInlibPath /root/Excercise/DFlipFlop/synopsys_custom/dff.hercules.lvs/. 
[20:32:13.05] /j ::xt::hercules::vue::setTopLayLCV dff dff layout 
[20:32:13.07] /j ::xt::hercules::vue::openCell dff dff layout 
[20:32:14.39] /j ::xt::hercules::vue::clearAllHighlights dff layout 
[20:32:14.41] /j ::xt::hercules::vue::clearAllHighlights {} {} 
[20:32:15.23] /j ::xt::hercules::vue::clearAllHighlights {} {} 
[20:32:15.25] /j ::xt::hercules::vue::clearAllHighlights {} {} 
[20:32:15.27] /j ::xt::hercules::vue::openCell dff dff schematic 
[20:32:15.29] /j ::xt::hercules::vue::clearAllHighlights dff layout 
[20:32:15.31] /j ::xt::hercules::vue::clearAllHighlights dff layout 
[20:32:15.33] /j ::xt::hercules::vue::openCellInstance dff layout dff layout 
[20:32:40.36] /j ::xt::hercules::vue::clearAllHighlights dff layout 
[20:32:40.38] /j ::xt::hercules::vue::clearAllHighlights dff layout 
[20:32:40.41] /j ::xt::hercules::vue::setHighlightProperty dff layout lime brick 
[20:32:40.42] /j ::xt::hercules::vue::addPolygonBegin 7 
[20:32:40.48] /j ::xt::hercules::vue::addPolygonPoints {-2.990 1.950 -2.990 1.230 -3.310 1.230 -3.310 1.270 -3.090 1.270 -3.090 1.950 -2.990 1.950 } 
[20:32:40.48] /j ::xt::hercules::vue::addPolygonEnd 
[20:32:40.48] /j ::xt::hercules::vue::drawHighlights dff layout all 
[20:32:40.50] /j ::xt::hercules::vue::setViewPort extents {-3.350 1.140 -2.950 2.040} LAY 
[20:32:40.52] /j ::xt::hercules::vue::clearAllHighlights dff schematic 
[20:32:40.52] /j ::xt::hercules::vue::clearAllHighlights dff schematic 
[20:32:40.52] /j ::xt::hercules::vue::clearAllHighlights dff schematic 
[20:32:40.54] /j ::xt::hercules::vue::setHighlightProperty dff schematic lime brick 
[20:32:40.56] /j ::xt::hercules::vue::drawSchHighlight XI19/MM0 device 
[20:32:42.03] /i gi::setActiveWindow 13
[20:32:42.03] /i gi::setActiveWindow 13 -raise true
[20:32:43.30] /i gi::setActiveWindow 7
[20:32:43.30] /i gi::setActiveWindow 7 -raise true
[20:32:47.47] /# gi::executeAction deCanvasZoomOutAtPoint -in [gi::getWindows 7]
[20:32:47.47] /i de::zoom -window [gi::getWindows 7] -factor 0.5 -center {-2.687 1.465}
[20:32:47.47] /o {-5.534 0.815} {-1.692 2.615}
[20:32:48.41] /# gi::executeAction deCanvasZoomInAtPoint -in [gi::getWindows 7]
[20:32:48.41] /i de::zoom -window [gi::getWindows 7] -factor 2.0 -center {-2.66 1.368}
[20:32:48.41] /o {-4.097 1.091} {-2.176 1.991}
[20:32:50.01] /# gi::executeAction leMove -in [gi::getWindows 7]
[20:32:50.01] /i ile::move
[20:32:52.02] /# gi::executeAction deAbortCommand -in [gi::getWindows 7]
[20:32:52.02] /i de::abortCommand -context [db::getNext [de::getContexts -window 7]]
[20:32:53.58] /# gi::executeAction deCanvasZoomOutAtPoint -in [gi::getWindows 7]
[20:32:53.58] /i de::zoom -window [gi::getWindows 7] -factor 0.5 -center {-2.661 1.511}
[20:32:53.58] /o {-5.533 0.672} {-1.691 2.472}
[20:32:54.60] /# gi::executeAction deCanvasZoomInAtPoint -in [gi::getWindows 7]
[20:32:54.60] /i de::zoom -window [gi::getWindows 7] -factor 2.0 -center {-2.611 1.511}
[20:32:54.60] /o {-4.072 1.091} {-2.151 1.991}
[20:32:58.86] /# gi::executeAction dePan -in [gi::getWindows 7]
[20:32:58.86] /i ide::pan [db::getNext [de::getContexts -window 7]]
[20:32:59.29] /# gi::executeAction deStartDrag -in [gi::getWindows 7]
[20:32:59.29] /i de::startDrag {-2.687 1.387} -context [db::getNext [de::getContexts -window 7]]
[20:33:00.02] /# gi::executeAction deEndDrag -in [gi::getWindows 7]
[20:33:00.02] /i de::endDrag {-2.685 1.395} -context [db::getNext [de::getContexts -window 7]]
[20:33:00.02] /r dePanToPoint {-3.121 1.316}
[20:33:00.46] /# gi::executeAction deAddPoint -in [gi::getWindows 7]
[20:33:00.46] /i de::addPoint {-2.69 1.39} -context [db::getNext [de::getContexts -window 7]]
[20:33:01.99] /# gi::executeAction deStartDrag -in [gi::getWindows 7]
[20:33:02.00] /i de::startDrag {-2.9 1.38} -context [db::getNext [de::getContexts -window 7]]
[20:33:02.86] /# gi::executeAction deEndDrag -in [gi::getWindows 7]
[20:33:02.86] /i de::endDrag {-2.897 1.38} -context [db::getNext [de::getContexts -window 7]]
[20:33:02.86] /r dePanToPoint {-3.056 1.325}
[20:33:10.73] /# gi::executeAction deAbortCommand -in [gi::getWindows 7]
[20:33:10.73] /i de::abortCommand -context [db::getNext [de::getContexts -window 7]]
[20:33:12.11] /# gi::executeAction deSelectActive -in [gi::getWindows 7]
[20:33:12.11] /i de::deselectAllLogic -context [db::getNext [de::getContexts -window 7]]
[20:33:12.84] /# gi::executeAction leStretch -in [gi::getWindows 7]
[20:33:12.84] /i ile::stretch
[20:33:14.36] /# gi::executeAction deAddPoint -in [gi::getWindows 7]
[20:33:14.36] /i de::addPoint {-3.358 1.268} -context [db::getNext [de::getContexts -window 7]]
[20:33:16.70] /# gi::executeAction deAddPoint -in [gi::getWindows 7]
[20:33:16.70] /i de::addPoint {-3.364 1.231} -context [db::getNext [de::getContexts -window 7]]
[20:33:18.80] /# gi::executeAction deAddPoint -in [gi::getWindows 7]
[20:33:18.80] /i de::addPoint {-2.422 1.255} -context [db::getNext [de::getContexts -window 7]]
[20:33:20.73] /# gi::executeAction deAddPoint -in [gi::getWindows 7]
[20:33:20.73] /i de::addPoint {-2.429 1.225} -context [db::getNext [de::getContexts -window 7]]
[20:33:21.43] /# gi::executeAction deCanvasZoomOutAtPoint -in [gi::getWindows 7]
[20:33:21.43] /i de::zoom -window [gi::getWindows 7] -factor 0.5 -center {-2.429 1.159}
[20:33:21.43] /o {-5.606 0.591} {-1.764 2.391}
[20:33:24.09] /# gi::executeAction deAddPoint -in [gi::getWindows 7]
[20:33:24.09] /i de::addPoint {-4.278 1.257} -context [db::getNext [de::getContexts -window 7]]
[20:33:26.39] /# gi::executeAction deAddPoint -in [gi::getWindows 7]
[20:33:26.39] /i de::addPoint {-4.278 1.227} -context [db::getNext [de::getContexts -window 7]]
[20:33:26.79] /# gi::executeAction deCanvasZoomInAtPoint -in [gi::getWindows 7]
[20:33:26.79] /i de::zoom -window [gi::getWindows 7] -factor 2.0 -center {-4.278 1.227}
[20:33:26.79] /o {-4.942 0.909} {-3.021 1.809}
[20:33:28.02] /# gi::executeAction deCanvasZoomOutAtPoint -in [gi::getWindows 7]
[20:33:28.02] /i de::zoom -window [gi::getWindows 7] -factor 0.5 -center {-4.108 1.19}
[20:33:28.02] /o {-5.776 0.628} {-1.934 2.428}
[20:33:31.43] /i gi::executeAction deSaveDesign -in [gi::getWindows 7]
[20:33:31.44] /m Information: Saving design 'dff dff layout'. (DESIGN_WINDOW-004)
[20:33:35.89] /# gi::executeAction xtLVSRun -in [gi::getWindows 7]
[20:33:35.89] /i xt::physicalVerification::executeRun lvs 7
[20:33:36.15] /# xt::physicalVerification::executePve lvs 7
[20:33:37.43] /m Information: "Starting netlisting for design "dff/dff/schematic"..." (NETLISTING-010)
[20:33:37.45] /o No Design Integrity rule violations found in "dff/dff/schematic"
[20:33:37.51] /m Information: "Netlisting design "dff/dff/schematic" finished successfully." (NETLISTING-012)
[20:33:43.92] /m Information: 
              /c =============================
              /c JobID: hercules_lvs_26
              /c --- EXTRACT ERROR SUMMARY ---
              /c LAYOUT ERRORS RESULTS: CLEAN
              /c --- COMPARE ERROR SUMMARY ---
              /c Top block compare result: FAIL
              /c [dff != dff]
              /c > dff != dff (level = 0)
              /c =============================
              /c 
[20:33:44.51] /j ::xt::hercules::vue::_private::registerConnection localhost:53605 tcp215 herculesVue_29 
[20:33:44.57] /j ::xt::hercules::vue::_private::isJobReady 
[20:33:44.57] /o false
[20:33:45.57] /j ::xt::hercules::vue::_private::isJobReady 
[20:33:45.57] /o false
[20:33:46.57] /m Information: Connection established with 'Hercules-VUE' running on 'localhost'.
[20:33:46.58] /j ::xt::hercules::vue::_private::isJobReady 
[20:33:46.58] /o true
[20:33:46.58] /j ::xt::hercules::vue::startFilter LAY 
[20:33:46.61] /j ::xt::hercules::vue::startFilter SCH 
[20:33:47.85] /j ::xt::hercules::vue::setInlibPath /root/Excercise/DFlipFlop/synopsys_custom/dff.hercules.lvs/. 
[20:33:47.88] /j ::xt::hercules::vue::setTopLayLCV dff dff layout 
[20:33:47.91] /j ::xt::hercules::vue::openCell dff dff layout 
[20:33:47.93] /j ::xt::hercules::vue::setTopSchLib dff 
[20:33:49.37] /j ::xt::hercules::vue::clearAllHighlights dff layout 
[20:33:49.39] /j ::xt::hercules::vue::clearAllHighlights {} {} 
[20:33:50.29] /j ::xt::hercules::vue::clearAllHighlights dff layout 
[20:33:50.31] /j ::xt::hercules::vue::clearAllHighlights dff layout 
[20:33:50.31] /j ::xt::hercules::vue::openCellInstance dff layout dff layout 
[20:33:50.33] /j ::xt::hercules::vue::clearAllHighlights {} {} 
[20:33:50.35] /j ::xt::hercules::vue::clearAllHighlights {} {} 
[20:33:50.39] /j ::xt::hercules::vue::openCell dff dff schematic 
[20:33:57.91] /j ::xt::hercules::vue::clearAllHighlights dff layout 
[20:33:57.92] /j ::xt::hercules::vue::clearAllHighlights dff layout 
[20:33:57.93] /j ::xt::hercules::vue::setHighlightProperty dff layout lime brick 
[20:33:57.94] /j ::xt::hercules::vue::addPolygonBegin 7 
[20:33:58.00] /j ::xt::hercules::vue::addPolygonPoints {-1.170 1.950 -1.170 1.230 -1.490 1.230 -1.490 1.265 -1.270 1.265 -1.270 1.950 -1.170 1.950 } 
[20:33:58.00] /j ::xt::hercules::vue::addPolygonEnd 
[20:33:58.00] /j ::xt::hercules::vue::drawHighlights dff layout all 
[20:33:58.04] /j ::xt::hercules::vue::setViewPort extents {-1.530 1.140 -1.130 2.040} LAY 
[20:33:58.13] /j ::xt::hercules::vue::clearAllHighlights dff schematic 
[20:33:58.13] /j ::xt::hercules::vue::clearAllHighlights dff schematic 
[20:33:58.14] /j ::xt::hercules::vue::clearAllHighlights dff schematic 
[20:33:58.14] /j ::xt::hercules::vue::setHighlightProperty dff schematic lime brick 
[20:33:58.14] /j ::xt::hercules::vue::drawSchHighlight XI22/MM2 device 
[20:33:58.23] /j ::xt::hercules::vue::clearAllHighlights dff schematic 
[20:33:58.23] /j ::xt::hercules::vue::clearAllHighlights dff schematic 
[20:33:58.23] /j ::xt::hercules::vue::clearAllHighlights dff schematic 
[20:33:58.23] /j ::xt::hercules::vue::setHighlightProperty dff schematic lime brick 
[20:33:58.23] /j ::xt::hercules::vue::drawSchHighlight XI22/MM2 device 
[20:33:58.43] /j ::xt::hercules::vue::clearAllHighlights dff layout 
[20:33:58.44] /j ::xt::hercules::vue::clearAllHighlights dff layout 
[20:33:58.45] /j ::xt::hercules::vue::setHighlightProperty dff layout lime brick 
[20:33:58.46] /j ::xt::hercules::vue::addPolygonBegin 7 
[20:33:58.52] /j ::xt::hercules::vue::addPolygonPoints {-1.170 1.950 -1.170 1.230 -1.490 1.230 -1.490 1.265 -1.270 1.265 -1.270 1.950 -1.170 1.950 } 
[20:33:58.52] /j ::xt::hercules::vue::addPolygonEnd 
[20:33:58.52] /j ::xt::hercules::vue::drawHighlights dff layout all 
[20:33:58.59] /j ::xt::hercules::vue::setViewPort extents {-1.530 1.140 -1.130 2.040} LAY 
[20:33:59.67] /i gi::setActiveWindow 13
[20:33:59.67] /i gi::setActiveWindow 13 -raise true
[20:34:01.26] /i gi::setActiveWindow 7
[20:34:01.26] /i gi::setActiveWindow 7 -raise true
[20:34:04.95] /# gi::executeAction dePan -in [gi::getWindows 7]
[20:34:04.95] /i ide::pan [db::getNext [de::getContexts -window 7]]
[20:34:05.34] /# gi::executeAction deStartDrag -in [gi::getWindows 7]
[20:34:05.34] /i de::startDrag {-1.243 1.465} -context [db::getNext [de::getContexts -window 7]]
[20:34:05.86] /# gi::executeAction deEndDrag -in [gi::getWindows 7]
[20:34:05.86] /i de::endDrag {-1.241 1.475} -context [db::getNext [de::getContexts -window 7]]
[20:34:05.86] /r dePanToPoint {-1.364 1.312}
[20:34:06.27] /# gi::executeAction deAddPoint -in [gi::getWindows 7]
[20:34:06.27] /i de::addPoint {-1.245 1.468} -context [db::getNext [de::getContexts -window 7]]
[20:34:06.45] /# gi::executeAction deAbortCommand -in [gi::getWindows 7]
[20:34:06.45] /i de::abortCommand -context [db::getNext [de::getContexts -window 7]]
[20:34:08.00] /# gi::executeAction dePan -in [gi::getWindows 7]
[20:34:08.00] /i ide::pan [db::getNext [de::getContexts -window 7]]
[20:34:08.38] /# gi::executeAction deStartDrag -in [gi::getWindows 7]
[20:34:08.38] /i de::startDrag {-1.21 1.233} -context [db::getNext [de::getContexts -window 7]]
[20:34:11.31] /# gi::executeAction deEndDrag -in [gi::getWindows 7]
[20:34:11.31] /i de::endDrag {-1.214 1.231} -context [db::getNext [de::getContexts -window 7]]
[20:34:11.31] /r dePanToPoint {-1.205 1.144}
[20:34:11.94] /# gi::executeAction deAbortCommand -in [gi::getWindows 7]
[20:34:11.94] /i de::abortCommand -context [db::getNext [de::getContexts -window 7]]
[20:34:12.38] /# gi::executeAction deAddPoint -in [gi::getWindows 7]
[20:34:12.38] /i de::addPoint {-0.935 0.914} -context [db::getNext [de::getContexts -window 7]]
[20:34:13.05] /# gi::executeAction deAddPoint -in [gi::getWindows 7]
[20:34:13.05] /i de::addPoint {-0.935 0.914} -context [db::getNext [de::getContexts -window 7]]
[20:34:13.45] /# gi::executeAction leStretch -in [gi::getWindows 7]
[20:34:13.45] /i ile::stretch
[20:34:14.90] /# gi::executeAction deAddPoint -in [gi::getWindows 7]
[20:34:14.90] /i de::addPoint {-1.543 1.264} -context [db::getNext [de::getContexts -window 7]]
[20:34:17.46] /# gi::executeAction deAddPoint -in [gi::getWindows 7]
[20:34:17.46] /i de::addPoint {-1.538 1.23} -context [db::getNext [de::getContexts -window 7]]
[20:34:18.99] /# gi::executeAction deAddPoint -in [gi::getWindows 7]
[20:34:18.99] /i de::addPoint {-0.664 1.258} -context [db::getNext [de::getContexts -window 7]]
[20:34:21.34] /# gi::executeAction deAddPoint -in [gi::getWindows 7]
[20:34:21.34] /i de::addPoint {-0.664 1.233} -context [db::getNext [de::getContexts -window 7]]
[20:34:21.84] /# gi::executeAction deCanvasZoomOutAtPoint -in [gi::getWindows 7]
[20:34:21.84] /i de::zoom -window [gi::getWindows 7] -factor 0.5 -center {-0.615 1.184}
[20:34:21.84] /o {-3.718 0.204} {0.124 2.004}
[20:34:23.57] /# gi::executeAction dePan -in [gi::getWindows 7]
[20:34:23.57] /i ide::pan [db::getNext [de::getContexts -window 7]]
[20:34:24.05] /# gi::executeAction deStartDrag -in [gi::getWindows 7]
[20:34:24.05] /i de::startDrag {-0.357 0.867} -context [db::getNext [de::getContexts -window 7]]
[20:34:25.61] /# gi::executeAction deEndDrag -in [gi::getWindows 7]
[20:34:25.61] /i de::endDrag {-0.235 0.867} -context [db::getNext [de::getContexts -window 7]]
[20:34:25.61] /r dePanToPoint {-1.872 0.972}
[20:34:26.85] /# gi::executeAction deStartDrag -in [gi::getWindows 7]
[20:34:26.85] /i de::startDrag {-3.004 0.793} -context [db::getNext [de::getContexts -window 7]]
[20:34:28.27] /# gi::executeAction deEndDrag -in [gi::getWindows 7]
[20:34:28.27] /i de::endDrag {-2.994 0.793} -context [db::getNext [de::getContexts -window 7]]
[20:34:28.27] /r dePanToPoint {-4.059 1.04}
[20:34:29.66] /# gi::executeAction deStartDrag -in [gi::getWindows 7]
[20:34:29.66] /i de::startDrag {-5.374 0.703} -context [db::getNext [de::getContexts -window 7]]
[20:34:30.49] /# gi::executeAction deEndDrag -in [gi::getWindows 7]
[20:34:30.49] /i de::endDrag {-5.364 0.703} -context [db::getNext [de::getContexts -window 7]]
[20:34:30.49] /r dePanToPoint {-6.086 0.916}
[20:34:31.47] /# gi::executeAction deStartDrag -in [gi::getWindows 7]
[20:34:31.47] /i de::startDrag {-7.374 0.629} -context [db::getNext [de::getContexts -window 7]]
[20:34:32.80] /# gi::executeAction deEndDrag -in [gi::getWindows 7]
[20:34:32.80] /i de::endDrag {-7.394 0.661} -context [db::getNext [de::getContexts -window 7]]
[20:34:32.80] /r dePanToPoint {-7.231 -0.156}
[20:34:33.54] /# gi::executeAction deStartDrag -in [gi::getWindows 7]
[20:34:33.54] /i de::startDrag {-7.447 -0.576} -context [db::getNext [de::getContexts -window 7]]
[20:34:34.85] /# gi::executeAction deEndDrag -in [gi::getWindows 7]
[20:34:34.85] /i de::endDrag {-7.472 -0.576} -context [db::getNext [de::getContexts -window 7]]
[20:34:34.86] /r dePanToPoint {-6.632 -0.76}
[20:34:35.42] /# gi::executeAction deCanvasZoomInAtPoint -in [gi::getWindows 7]
[20:34:35.43] /i de::zoom -window [gi::getWindows 7] -factor 2.0 -center {-7.151 -0.667}
[20:34:35.43] /o {-7.852 -1.163} {-5.931 -0.263}
[20:34:36.81] /# gi::executeAction deAbortCommand -in [gi::getWindows 7]
[20:34:36.81] /i de::abortCommand -context [db::getNext [de::getContexts -window 7]]
[20:34:37.17] /# gi::executeAction deAddPoint -in [gi::getWindows 7]
[20:34:37.17] /i de::addPoint {-6.954 -0.496} -context [db::getNext [de::getContexts -window 7]]
[20:34:37.80] /# gi::executeAction leStretch -in [gi::getWindows 7]
[20:34:37.80] /i ile::stretch
[20:34:38.83] /# gi::executeAction deAddPoint -in [gi::getWindows 7]
[20:34:38.83] /i de::addPoint {-6.981 -0.739} -context [db::getNext [de::getContexts -window 7]]
[20:34:40.23] /# gi::executeAction deAddPoint -in [gi::getWindows 7]
[20:34:40.23] /i de::addPoint {-6.975 -0.711} -context [db::getNext [de::getContexts -window 7]]
[20:34:41.31] /# gi::executeAction dePan -in [gi::getWindows 7]
[20:34:41.31] /i ide::pan [db::getNext [de::getContexts -window 7]]
[20:34:41.78] /# gi::executeAction deStartDrag -in [gi::getWindows 7]
[20:34:41.78] /i de::startDrag {-6.312 -0.507} -context [db::getNext [de::getContexts -window 7]]
[20:34:42.92] /# gi::executeAction deEndDrag -in [gi::getWindows 7]
[20:34:42.92] /i de::endDrag {-6.319 -0.507} -context [db::getNext [de::getContexts -window 7]]
[20:34:42.92] /r dePanToPoint {-5.739 -0.701}
[20:34:43.82] /# gi::executeAction deStartDrag -in [gi::getWindows 7]
[20:34:43.82] /i de::startDrag {-5.264 -0.453} -context [db::getNext [de::getContexts -window 7]]
[20:34:44.77] /# gi::executeAction deEndDrag -in [gi::getWindows 7]
[20:34:44.77] /i de::endDrag {-5.338 -0.453} -context [db::getNext [de::getContexts -window 7]]
[20:34:44.77] /r dePanToPoint {-4.685 -0.704}
[20:34:46.04] /# gi::executeAction deStartDrag -in [gi::getWindows 7]
[20:34:46.04] /i de::startDrag {-4.013 -0.453} -context [db::getNext [de::getContexts -window 7]]
[20:34:47.46] /# gi::executeAction deEndDrag -in [gi::getWindows 7]
[20:34:47.46] /i de::endDrag {-4.015 -0.453} -context [db::getNext [de::getContexts -window 7]]
[20:34:47.46] /r dePanToPoint {-4.295 -0.685}
[20:34:48.19] /# gi::executeAction deAbortCommand -in [gi::getWindows 7]
[20:34:48.19] /i de::abortCommand -context [db::getNext [de::getContexts -window 7]]
[20:34:48.75] /# gi::executeAction deAddPoint -in [gi::getWindows 7]
[20:34:48.75] /i de::addPoint {-4.009 -0.45} -context [db::getNext [de::getContexts -window 7]]
[20:34:51.04] /# gi::executeAction deAddPoint -in [gi::getWindows 7]
[20:34:51.04] /i de::addPoint {-4.214 -0.722} -context [db::getNext [de::getContexts -window 7]]
[20:34:53.96] /# gi::executeAction deAddPoint -in [gi::getWindows 7]
[20:34:53.96] /i de::addPoint {-4.213 -0.68} -context [db::getNext [de::getContexts -window 7]]
[20:34:55.17] /# gi::executeAction dePan -in [gi::getWindows 7]
[20:34:55.17] /i ide::pan [db::getNext [de::getContexts -window 7]]
[20:34:56.40] /# gi::executeAction deStartDrag -in [gi::getWindows 7]
[20:34:56.40] /i de::startDrag {-3.449 -0.792} -context [db::getNext [de::getContexts -window 7]]
[20:34:57.64] /# gi::executeAction deEndDrag -in [gi::getWindows 7]
[20:34:57.64] /i de::endDrag {-3.451 -0.792} -context [db::getNext [de::getContexts -window 7]]
[20:34:57.65] /r dePanToPoint {-3.455 -0.679}
[20:34:57.76] /# gi::executeAction deAbortCommand -in [gi::getWindows 7]
[20:34:57.76] /i de::abortCommand -context [db::getNext [de::getContexts -window 7]]
[20:35:04.59] /# gi::executeAction deAddPoint -in [gi::getWindows 7]
[20:35:04.59] /i de::addPoint {-3.117 -0.723} -context [db::getNext [de::getContexts -window 7]]
[20:35:12.02] /# gi::executeAction deAddPoint -in [gi::getWindows 7]
[20:35:12.02] /i de::addPoint {-3.121 -0.743} -context [db::getNext [de::getContexts -window 7]]
[20:35:13.05] /# gi::executeAction deAddPoint -in [gi::getWindows 7]
[20:35:13.05] /i de::addPoint {-3.127 -0.726} -context [db::getNext [de::getContexts -window 7]]
[20:35:15.06] /# gi::executeAction deAddPoint -in [gi::getWindows 7]
[20:35:15.06] /i de::addPoint {-3.127 -0.701} -context [db::getNext [de::getContexts -window 7]]
[20:35:18.23] /# gi::executeAction deAddPoint -in [gi::getWindows 7]
[20:35:18.23] /i de::addPoint {-3.126 -0.748} -context [db::getNext [de::getContexts -window 7]]
[20:35:22.26] /# gi::executeAction deAddPoint -in [gi::getWindows 7]
[20:35:22.26] /i de::addPoint {-3.127 -0.679} -context [db::getNext [de::getContexts -window 7]]
[20:35:22.68] /# gi::executeAction deCanvasZoomOutAtPoint -in [gi::getWindows 7]
[20:35:22.68] /i de::zoom -window [gi::getWindows 7] -factor 0.5 -center {-3.127 -0.679}
[20:35:22.68] /o {-5.705 -1.579} {-1.862 0.221}
[20:35:25.06] /# gi::executeAction deCanvasZoomInAtPoint -in [gi::getWindows 7]
[20:35:25.06] /i de::zoom -window [gi::getWindows 7] -factor 2.0 -center {-3.812 -0.877}
[20:35:25.06] /o {-4.758 -1.228} {-2.837 -0.328}
[20:35:25.96] /# gi::executeAction dePan -in [gi::getWindows 7]
[20:35:25.96] /i ide::pan [db::getNext [de::getContexts -window 7]]
[20:35:26.34] /# gi::executeAction deStartDrag -in [gi::getWindows 7]
[20:35:26.34] /i de::startDrag {-3.378 -0.889} -context [db::getNext [de::getContexts -window 7]]
[20:35:27.07] /# gi::executeAction deEndDrag -in [gi::getWindows 7]
[20:35:27.07] /i de::endDrag {-3.383 -0.889} -context [db::getNext [de::getContexts -window 7]]
[20:35:27.07] /r dePanToPoint {-2.784 -0.759}
[20:35:27.83] /# gi::executeAction deStartDrag -in [gi::getWindows 7]
[20:35:27.83] /i de::startDrag {-2.387 -0.887} -context [db::getNext [de::getContexts -window 7]]
[20:35:29.12] /# gi::executeAction deEndDrag -in [gi::getWindows 7]
[20:35:29.12] /i de::endDrag {-2.39 -0.887} -context [db::getNext [de::getContexts -window 7]]
[20:35:29.12] /r dePanToPoint {-1.97 -0.752}
[20:35:29.77] /# gi::executeAction deStartDrag -in [gi::getWindows 7]
[20:35:29.77] /i de::startDrag {-1.495 -0.887} -context [db::getNext [de::getContexts -window 7]]
[20:35:30.48] /# gi::executeAction deEndDrag -in [gi::getWindows 7]
[20:35:30.48] /i de::endDrag {-1.498 -0.887} -context [db::getNext [de::getContexts -window 7]]
[20:35:30.48] /r dePanToPoint {-1.198 -0.751}
[20:35:31.58] /# gi::executeAction deStartDrag -in [gi::getWindows 7]
[20:35:31.58] /i de::startDrag {-0.691 -0.876} -context [db::getNext [de::getContexts -window 7]]
[20:35:33.64] /# gi::executeAction deEndDrag -in [gi::getWindows 7]
[20:35:33.64] /i de::endDrag {-0.694 -0.876} -context [db::getNext [de::getContexts -window 7]]
[20:35:33.64] /r dePanToPoint {-0.752 -0.855}
[20:35:34.62] /# gi::executeAction deAbortCommand -in [gi::getWindows 7]
[20:35:34.62] /i de::abortCommand -context [db::getNext [de::getContexts -window 7]]
[20:35:36.69] /# gi::executeAction deAddPoint -in [gi::getWindows 7]
[20:35:36.69] /i de::addPoint {-0.614 -1.017} -context [db::getNext [de::getContexts -window 7]]
[20:35:38.27] /# gi::executeAction deAddPoint -in [gi::getWindows 7]
[20:35:38.27] /i de::addPoint {-0.614 -1.039} -context [db::getNext [de::getContexts -window 7]]
[20:35:38.74] /# gi::executeAction deCanvasZoomOutAtPoint -in [gi::getWindows 7]
[20:35:38.74] /i de::zoom -window [gi::getWindows 7] -factor 0.5 -center {-0.614 -1.039}
[20:35:38.74] /o {-2.813 -1.571} {1.029 0.229}
[20:35:40.74] /i gi::executeAction deSaveDesign -in [gi::getWindows 7]
[20:35:40.74] /m Information: Saving design 'dff dff layout'. (DESIGN_WINDOW-004)
[20:35:44.99] /# gi::executeAction xtLVSRun -in [gi::getWindows 7]
[20:35:44.99] /i xt::physicalVerification::executeRun lvs 7
[20:35:45.22] /# xt::physicalVerification::executePve lvs 7
[20:35:46.73] /m Information: "Starting netlisting for design "dff/dff/schematic"..." (NETLISTING-010)
[20:35:46.75] /o No Design Integrity rule violations found in "dff/dff/schematic"
[20:35:46.83] /m Information: "Netlisting design "dff/dff/schematic" finished successfully." (NETLISTING-012)
[20:35:53.84] /m Information: 
              /c =============================
              /c JobID: hercules_lvs_27
              /c Completed with no errors.
              /c =============================
              /c 
[20:36:00.67] /i gi::setActiveTab {tabs} -tabName {dff.LVS_ERRORS} -in [gi::getWindows 13]
[20:36:02.90] /i gi::setActiveWindow 7
[20:36:02.90] /i gi::setActiveWindow 7 -raise true
[20:36:06.96] /# gi::executeAction xtDRCRun -in [gi::getWindows 7]
[20:36:06.96] /i xt::physicalVerification::executeRun drc 7
[20:36:07.18] /# xt::physicalVerification::executePve drc 7
[20:36:11.86] /m Information: 
              /c =============================
              /c JobID: hercules_drc_66
              /c --- ERROR SUMMARY -----------
              /c 7.61: Minimum spacing from Polysilicon to Diffusion >= 0.045
              /c  EXTERNAL POLS DIFN { } (102) ........................... 9 violations found.
              /c =============================
              /c 
[20:36:12.51] /j ::xt::hercules::vue::_private::registerConnection localhost:53588 tcp224 herculesVue_30 
[20:36:12.53] /m Information: Connection established with 'Hercules-VUE' running on 'localhost'.
[20:36:12.56] /j ::xt::hercules::vue::_private::isJobReady 
[20:36:12.56] /o true
[20:36:12.58] /j ::xt::hercules::vue::startFilter LAY 
[20:36:13.24] /j ::xt::hercules::vue::setInlibPath /root/Excercise/DFlipFlop/synopsys_custom/dff.hercules.drc/. 
[20:36:13.26] /j ::xt::hercules::vue::setTopLayLCV dff dff layout 
[20:36:13.27] /j ::xt::hercules::vue::openCell dff dff layout 
[20:36:14.80] /j ::xt::hercules::vue::clearAllHighlights dff layout 
[20:36:15.79] /j ::xt::hercules::vue::clearAllHighlights dff layout 
[20:36:15.80] /j ::xt::hercules::vue::clearAllHighlights dff layout 
[20:36:15.81] /j ::xt::hercules::vue::openCell dff dff layout 
[20:36:16.69] /j ::xt::hercules::vue::clearAllHighlights dff layout 
[20:36:16.71] /j ::xt::hercules::vue::clearAllHighlights dff layout 
[20:36:16.71] /j ::xt::hercules::vue::setHighlightProperty dff layout yellow brick 
[20:36:16.71] /j ::xt::hercules::vue::addPolygonBegin 4 
[20:36:16.76] /j ::xt::hercules::vue::addPolygonPoints {-4.221 1.231 -3.999 1.231 -3.999 1.229 -4.221 1.229 -4.221 1.231} 
[20:36:16.76] /j ::xt::hercules::vue::addPolygonEnd 
[20:36:16.77] /j ::xt::hercules::vue::setViewPort extents {-4.249 1.229 -3.971 1.231} LAY 
[20:36:16.78] /j ::xt::hercules::vue::addErrorDescription {"Distance: 0.000"} 
[20:36:16.80] /j ::xt::hercules::vue::drawHighlights dff layout all 
[20:36:19.83] /j ::xt::hercules::vue::clearAllHighlights dff layout 
[20:36:19.83] /j ::xt::hercules::vue::setHighlightProperty dff layout yellow brick 
[20:36:19.85] /j ::xt::hercules::vue::addPolygonBegin 4 
[20:36:19.89] /j ::xt::hercules::vue::addPolygonPoints {-4.221 1.231 -3.999 1.231 -3.999 1.229 -4.221 1.229 -4.221 1.231} 
[20:36:19.89] /j ::xt::hercules::vue::addPolygonEnd 
[20:36:19.89] /j ::xt::hercules::vue::setViewPort extents {-4.249 1.229 -3.971 1.231} LAY 
[20:36:19.93] /j ::xt::hercules::vue::addErrorDescription {"Distance: 0.000"} 
[20:36:19.94] /j ::xt::hercules::vue::drawHighlights dff layout all 
[20:36:29.41] /j ::xt::hercules::vue::clearAllHighlights dff layout 
[20:36:29.42] /j ::xt::hercules::vue::clearAllHighlights dff schematic 
[20:36:29.61] /m Information: Connection closed with 'Hercules-VUE' running on 'localhost'.
[20:36:32.77] /j ::xt::hercules::vue::clearAllHighlights dff layout 
[20:36:32.79] /j ::xt::hercules::vue::clearAllHighlights dff schematic 
[20:36:33.02] /m Information: Connection closed with 'Hercules-VUE' running on 'localhost'.
[20:36:33.77] /i gi::setActiveWindow 11
[20:36:33.77] /i gi::setActiveWindow 11 -raise true
[20:36:35.19] /i gi::setActiveWindow 7
[20:36:35.19] /i gi::setActiveWindow 7 -raise true
[20:36:36.70] /# gi::executeAction deCanvasZoomOutAtPoint -in [gi::getWindows 7]
[20:36:36.70] /i de::zoom -window [gi::getWindows 7] -factor 0.5 -center {-4.119 1.278}
[20:36:36.70] /o {-4.379 1.052} {-3.823 1.312}
[20:36:37.27] /# gi::executeAction deCanvasZoomOutAtPoint -in [gi::getWindows 7]
[20:36:37.27] /i de::zoom -window [gi::getWindows 7] -factor 0.5 -center {-4.12 1.278}
[20:36:37.27] /o {-4.638 0.826} {-3.526 1.346}
[20:36:46.36] /j ::xt::hercules::vue::clearAllHighlights dff layout 
[20:36:46.38] /j ::xt::hercules::vue::setHighlightProperty dff layout yellow brick 
[20:36:46.40] /j ::xt::hercules::vue::addPolygonBegin 4 
[20:36:46.42] /j ::xt::hercules::vue::addPolygonPoints {-4.221 1.231 -3.999 1.231 -3.999 1.229 -4.221 1.229 -4.221 1.231} 
[20:36:46.42] /j ::xt::hercules::vue::addPolygonEnd 
[20:36:46.43] /j ::xt::hercules::vue::setViewPort extents {-4.249 1.229 -3.971 1.231} LAY 
[20:36:46.47] /j ::xt::hercules::vue::addErrorDescription {"Distance: 0.000"} 
[20:36:46.50] /j ::xt::hercules::vue::drawHighlights dff layout all 
[20:37:00.87] /# gi::executeAction deCanvasZoomOutAtPoint -in [gi::getWindows 7]
[20:37:00.87] /i de::zoom -window [gi::getWindows 7] -factor 0.5 -center {-4.102 1.245}
[20:37:00.87] /o {-4.396 1.085} {-3.84 1.345}
[20:37:00.87] /# gi::executeAction deCanvasZoomOutAtPoint -in [gi::getWindows 7]
[20:37:00.87] /i de::zoom -window [gi::getWindows 7] -factor 0.5 -center {-4.102 1.245}
[20:37:00.87] /o {-4.69 0.925} {-3.578 1.445}
[20:37:01.59] /# gi::executeAction deCanvasZoomInAtPoint -in [gi::getWindows 7]
[20:37:01.59] /i de::zoom -window [gi::getWindows 7] -factor 2.0 -center {-4.184 1.219}
[20:37:01.59] /o {-4.437 1.072} {-3.881 1.332}
[20:37:03.17] /# gi::executeAction leStretch -in [gi::getWindows 7]
[20:37:03.17] /i ile::stretch
[20:37:04.37] /# gi::executeAction deAddPoint -in [gi::getWindows 7]
[20:37:04.37] /i de::addPoint {-4.249 1.23} -context [db::getNext [de::getContexts -window 7]]
[20:37:05.81] /# gi::executeAction deAddPoint -in [gi::getWindows 7]
[20:37:05.82] /i de::addPoint {-4.25 1.209} -context [db::getNext [de::getContexts -window 7]]
[20:37:06.13] /# gi::executeAction deAbortCommand -in [gi::getWindows 7]
[20:37:06.13] /i de::abortCommand -context [db::getNext [de::getContexts -window 7]]
[20:37:06.53] /# gi::executeAction deSelectActive -in [gi::getWindows 7]
[20:37:06.53] /i de::deselectAll [db::getNext [de::getContexts -window 7]]
[20:37:06.53] /i de::select [de::getActiveFigure [gi::getWindows 7] -point {-4.268 1.243} -index 0 -intent none]
[20:37:06.54] /o oa:0x22049f30
[20:37:08.29] /# gi::executeAction leRuler -in [gi::getWindows 7]
[20:37:08.29] /i ile::createRuler
[20:37:09.65] /# gi::executeAction deAddPoint -in [gi::getWindows 7]
[20:37:09.65] /i de::addPoint {-4.192 1.231} -context [db::getNext [de::getContexts -window 7]]
[20:37:18.13] /# gi::executeAction deAddPoint -in [gi::getWindows 7]
[20:37:18.13] /i de::addPoint {-4.187 1.187} -context [db::getNext [de::getContexts -window 7]]
[20:37:19.29] /# gi::executeAction deCanvasZoomOutAtPoint -in [gi::getWindows 7]
[20:37:19.29] /i de::zoom -window [gi::getWindows 7] -factor 0.5 -center {-4.179 1.206}
[20:37:19.29] /o {-4.695 0.938} {-3.583 1.458}
[20:37:20.41] /# gi::executeAction deCanvasZoomInAtPoint -in [gi::getWindows 7]
[20:37:20.41] /i de::zoom -window [gi::getWindows 7] -factor 2.0 -center {-4.179 1.206}
[20:37:20.41] /o {-4.437 1.072} {-3.881 1.332}
[20:37:21.73] /# gi::executeAction leStretch -in [gi::getWindows 7]
[20:37:21.73] /i ile::stretch
[20:37:23.26] /# gi::executeAction deAddPoint -in [gi::getWindows 7]
[20:37:23.26] /i de::addPoint {-4.223 1.209} -context [db::getNext [de::getContexts -window 7]]
[20:37:25.17] /# gi::executeAction deAbortCommand -in [gi::getWindows 7]
[20:37:25.17] /i de::abortCommand -context [db::getNext [de::getContexts -window 7]]
[20:37:26.75] /# gi::executeAction deSelectActive -in [gi::getWindows 7]
[20:37:26.75] /i de::cycleActiveFigure [gi::getWindows 7] -direction next
[20:37:26.76] /o oa:0x1daae050
[20:37:26.76] /i de::deselectAll [db::getNext [de::getContexts -window 7]]
[20:37:26.76] /i de::select [de::getActiveFigure [gi::getWindows 7] -point {-4.232 1.09} -index 1 -intent none]
[20:37:26.76] /o oa:0x24ea6f40
[20:37:27.66] /# gi::executeAction leStretch -in [gi::getWindows 7]
[20:37:27.66] /i ile::stretch
[20:37:32.79] /# gi::executeAction deAddPoint -in [gi::getWindows 7]
[20:37:32.79] /i de::addPoint {-4.25 1.085} -context [db::getNext [de::getContexts -window 7]]
[20:37:34.55] /# gi::executeAction deAbortCommand -in [gi::getWindows 7]
[20:37:34.55] /i de::abortCommand -context [db::getNext [de::getContexts -window 7]]
[20:37:35.05] /i gi::executeAction deCanvasDragCancel -in [gi::getWindows 7]
[20:37:35.84] /# gi::executeAction deCanvasZoomOutAtPoint -in [gi::getWindows 7]
[20:37:35.84] /i de::zoom -window [gi::getWindows 7] -factor 0.5 -center {-4.236 1.092}
[20:37:35.84] /o {-4.638 1.052} {-3.526 1.572}
[20:37:36.79] /# gi::executeAction deSelectActive -in [gi::getWindows 7]
[20:37:36.79] /i de::cycleActiveFigure [gi::getWindows 7] -direction next
[20:37:36.79] /o oa:0x23ba2af0
[20:37:36.79] /i de::deselectAll [db::getNext [de::getContexts -window 7]]
[20:37:36.79] /i de::select [de::getActiveFigure [gi::getWindows 7] -point {-4.206 1.07} -index 1 -intent none]
[20:37:36.79] /o oa:0x21b30240
[20:37:36.98] /# gi::executeAction deDescend -in [gi::getWindows 7]
[20:37:36.98] /i ide::descend 7 -inPlace false -promptView false -readOnly auto
[20:37:37.00] /r giWindowId 14
[20:37:37.03] /r giWindowGeometry 1632x849
[20:37:37.10] /# de::setActiveLPP [de::getLPPs "m1 drawing" -from [db::getAttr editDesign -of [de::getContexts -window 14]]]
[20:37:37.72] /# Navigating to reference90RF/p_4t/layout (I2)
[20:37:37.90] /# gi::setItemSelection {sets} -index {Valid} -in [gi::getAssistants leObjectLayerPanel -from [gi::getWindows 14]]
[20:37:37.91] /# de::setActiveLPP [de::getLPPs "m1 drawing" -from [db::getAttr editDesign -of [de::getContexts -window 14]]]
[20:37:37.91] /# gi::setItemSelection {lpps} -index {m1 drw} -in [gi::getAssistants leObjectLayerPanel -from [gi::getWindows 14]]
[20:37:38.11] /i gi::setActiveWindow 7
[20:37:38.11] /i gi::setActiveWindow 7 -raise true
[20:37:38.11] /# gi::executeAction deSelectActive -in [gi::getWindows 7]
[20:37:38.11] /i de::deselectAll [db::getNext [de::getContexts -window 7]]
[20:37:38.11] /i de::deselectAllLogic -context [db::getNext [de::getContexts -window 7]]
[20:37:39.79] /i gi::executeAction giCloseWindow -in [gi::getWindows 14]
[20:37:40.96] /# gi::executeAction deCanvasZoomOutAtPoint -in [gi::getWindows 7]
[20:37:40.96] /i de::zoom -window [gi::getWindows 7] -factor 0.5 -center {-4.189 1.236}
[20:37:40.96] /o {-5.087 0.867} {-2.863 1.909}
[20:37:42.04] /# gi::executeAction deSelectActive -in [gi::getWindows 7]
[20:37:42.04] /i de::deselectAllLogic -context [db::getNext [de::getContexts -window 7]]
[20:37:43.52] /# gi::executeAction deCanvasZoomInAtPoint -in [gi::getWindows 7]
[20:37:43.52] /i de::zoom -window [gi::getWindows 7] -factor 2.0 -center {-4.267 1.183}
[20:37:43.52] /o {-4.677 1.025} {-3.565 1.546}
[20:37:44.02] /# gi::executeAction deCanvasZoomInAtPoint -in [gi::getWindows 7]
[20:37:44.02] /i de::zoom -window [gi::getWindows 7] -factor 2.0 -center {-4.267 1.183}
[20:37:44.02] /o {-4.472 1.104} {-3.916 1.364}
[20:37:44.49] /# gi::executeAction leStretch -in [gi::getWindows 7]
[20:37:44.49] /i ile::stretch
[20:37:45.67] /# gi::executeAction deAddPoint -in [gi::getWindows 7]
[20:37:45.67] /i de::addPoint {-4.25 1.209} -context [db::getNext [de::getContexts -window 7]]
[20:37:50.57] /# gi::executeAction deAddPoint -in [gi::getWindows 7]
[20:37:50.57] /i de::addPoint {-4.251 1.184} -context [db::getNext [de::getContexts -window 7]]
[20:37:51.93] /# gi::executeAction dePan -in [gi::getWindows 7]
[20:37:51.93] /i ide::pan [db::getNext [de::getContexts -window 7]]
[20:37:52.32] /# gi::executeAction deStartDrag -in [gi::getWindows 7]
[20:37:52.32] /i de::startDrag {-4.256 1.203} -context [db::getNext [de::getContexts -window 7]]
[20:37:53.21] /# gi::executeAction deEndDrag -in [gi::getWindows 7]
[20:37:53.21] /i de::endDrag {-4.256 1.206} -context [db::getNext [de::getContexts -window 7]]
[20:37:53.21] /r dePanToPoint {-4.195 1.118}
[20:37:55.53] /# gi::executeAction deCanvasZoomOutAtPoint -in [gi::getWindows 7]
[20:37:55.53] /i de::zoom -window [gi::getWindows 7] -factor 0.5 -center {-4.242 1.101}
[20:37:55.53] /o {-4.704 0.874} {-3.592 1.395}
[20:37:56.18] /# gi::executeAction deCanvasZoomInAtPoint -in [gi::getWindows 7]
[20:37:56.18] /i de::zoom -window [gi::getWindows 7] -factor 2.0 -center {-4.241 1.101}
[20:37:56.18] /o {-4.473 0.988} {-3.917 1.248}
[20:38:00.09] /# gi::executeAction deAddPoint -in [gi::getWindows 7]
[20:38:00.09] /i de::addPoint {-4.233 1.099} -context [db::getNext [de::getContexts -window 7]]
[20:38:01.49] /# gi::executeAction deAddPoint -in [gi::getWindows 7]
[20:38:01.49] /i de::addPoint {-4.262 1.079} -context [db::getNext [de::getContexts -window 7]]
[20:38:02.86] /# gi::executeAction dePan -in [gi::getWindows 7]
[20:38:02.86] /i ide::pan [db::getNext [de::getContexts -window 7]]
[20:38:03.46] /# gi::executeAction deStartDrag -in [gi::getWindows 7]
[20:38:03.46] /i de::startDrag {-4.211 1.068} -context [db::getNext [de::getContexts -window 7]]
[20:38:04.23] /# gi::executeAction deEndDrag -in [gi::getWindows 7]
[20:38:04.23] /i de::endDrag {-4.216 1.067} -context [db::getNext [de::getContexts -window 7]]
[20:38:04.23] /r dePanToPoint {-4.209 1.093}
[20:38:04.55] /# gi::executeAction deAbortCommand -in [gi::getWindows 7]
[20:38:04.55] /i de::abortCommand -context [db::getNext [de::getContexts -window 7]]
[20:38:06.32] /# gi::executeAction deAddPoint -in [gi::getWindows 7]
[20:38:06.32] /i de::addPoint {-4.213 1.099} -context [db::getNext [de::getContexts -window 7]]
[20:38:10.22] /# gi::executeAction deAddPoint -in [gi::getWindows 7]
[20:38:10.22] /i de::addPoint {-4.213 1.087} -context [db::getNext [de::getContexts -window 7]]
[20:38:11.49] /# gi::executeAction deCanvasZoomOutAtPoint -in [gi::getWindows 7]
[20:38:11.49] /i de::zoom -window [gi::getWindows 7] -factor 0.5 -center {-4.202 1.068}
[20:38:11.49] /o {-4.772 0.859} {-3.66 1.38}
[20:38:16.52] /# gi::executeAction deAbortCommand -in [gi::getWindows 7]
[20:38:16.52] /i de::abortCommand -context [db::getNext [de::getContexts -window 7]]
[20:38:25.12] /i gi::executeAction deSaveDesign -in [gi::getWindows 7]
[20:38:25.12] /m Information: Saving design 'dff dff layout'. (DESIGN_WINDOW-004)
[20:38:32.16] /i gi::executeAction leLayoutVerificationTool -in [gi::getWindows 7]
[20:38:34.37] /# gi::executeAction xtDRCRun -in [gi::getWindows 7]
[20:38:34.37] /i xt::physicalVerification::executeRun drc 7
[20:38:34.59] /# xt::physicalVerification::executePve drc 7
[20:38:38.87] /m Information: 
              /c =============================
              /c JobID: hercules_drc_67
              /c --- ERROR SUMMARY -----------
              /c 7.61: Minimum spacing from Polysilicon to Diffusion >= 0.045
              /c  EXTERNAL POLS DIFN { } (102) ........................... 8 violations found.
              /c =============================
              /c 
[20:38:39.51] /j ::xt::hercules::vue::_private::registerConnection localhost:44912 tcp230 herculesVue_31 
[20:38:39.52] /m Information: Connection established with 'Hercules-VUE' running on 'localhost'.
[20:38:39.57] /j ::xt::hercules::vue::_private::isJobReady 
[20:38:39.57] /o true
[20:38:39.59] /j ::xt::hercules::vue::startFilter LAY 
[20:38:40.14] /j ::xt::hercules::vue::setInlibPath /root/Excercise/DFlipFlop/synopsys_custom/dff.hercules.drc/. 
[20:38:40.17] /j ::xt::hercules::vue::setTopLayLCV dff dff layout 
[20:38:40.18] /j ::xt::hercules::vue::openCell dff dff layout 
[20:38:41.80] /j ::xt::hercules::vue::clearAllHighlights dff layout 
[20:38:42.78] /j ::xt::hercules::vue::clearAllHighlights dff layout 
[20:38:42.80] /j ::xt::hercules::vue::clearAllHighlights dff layout 
[20:38:42.81] /j ::xt::hercules::vue::openCell dff dff layout 
[20:38:43.26] /j ::xt::hercules::vue::clearAllHighlights dff layout 
[20:38:43.28] /j ::xt::hercules::vue::clearAllHighlights dff layout 
[20:38:43.30] /j ::xt::hercules::vue::setHighlightProperty dff layout yellow brick 
[20:38:43.32] /j ::xt::hercules::vue::addPolygonBegin 4 
[20:38:43.36] /j ::xt::hercules::vue::addPolygonPoints {-0.581 1.231 -0.359 1.231 -0.359 1.229 -0.581 1.229 -0.581 1.231} 
[20:38:43.36] /j ::xt::hercules::vue::addPolygonEnd 
[20:38:43.36] /j ::xt::hercules::vue::setViewPort extents {-0.609 1.229 -0.331 1.231} LAY 
[20:38:43.38] /j ::xt::hercules::vue::addErrorDescription {"Distance: 0.000"} 
[20:38:43.40] /j ::xt::hercules::vue::drawHighlights dff layout all 
[20:38:47.28] /i gi::setActiveWindow 11
[20:38:47.28] /i gi::setActiveWindow 11 -raise true
[20:38:47.30] /j ::xt::hercules::vue::clearAllHighlights dff layout 
[20:38:47.31] /j ::xt::hercules::vue::clearAllHighlights dff layout 
[20:38:47.51] /m Information: Connection closed with 'Hercules-VUE' running on 'localhost'.
[20:38:55.03] /i gi::setActiveWindow 7
[20:38:55.03] /i gi::setActiveWindow 7 -raise true
[20:38:56.17] /# gi::executeAction deCanvasZoomOutAtPoint -in [gi::getWindows 7]
[20:38:56.17] /i de::zoom -window [gi::getWindows 7] -factor 0.5 -center {-0.401 1.253}
[20:38:56.17] /o {-0.817 1.077} {-0.261 1.337}
[20:38:56.61] /# gi::executeAction deCanvasZoomOutAtPoint -in [gi::getWindows 7]
[20:38:56.61] /i de::zoom -window [gi::getWindows 7] -factor 0.5 -center {-0.402 1.252}
[20:38:56.61] /o {-1.232 0.902} {-0.12 1.422}
[20:38:58.15] /# gi::executeAction deCanvasZoomInAtPoint -in [gi::getWindows 7]
[20:38:58.15] /i de::zoom -window [gi::getWindows 7] -factor 2.0 -center {-0.316 1.181}
[20:38:58.15] /o {-0.774 1.041} {-0.218 1.302}
[20:39:01.74] /# gi::executeAction leRuler -in [gi::getWindows 7]
[20:39:01.74] /i ile::createRuler
[20:39:04.38] /# gi::executeAction deAddPoint -in [gi::getWindows 7]
[20:39:04.38] /i de::addPoint {-0.55 1.231} -context [db::getNext [de::getContexts -window 7]]
[20:39:06.74] /# gi::executeAction deAddPoint -in [gi::getWindows 7]
[20:39:06.74] /i de::addPoint {-0.541 1.187} -context [db::getNext [de::getContexts -window 7]]
[20:39:08.11] /# gi::executeAction deAbortCommand -in [gi::getWindows 7]
[20:39:08.11] /i de::abortCommand -context [db::getNext [de::getContexts -window 7]]
[20:39:10.07] /# gi::executeAction leStretch -in [gi::getWindows 7]
[20:39:10.07] /i ile::stretch
[20:39:11.57] /# gi::executeAction deAddPoint -in [gi::getWindows 7]
[20:39:11.57] /i de::addPoint {-0.617 1.23} -context [db::getNext [de::getContexts -window 7]]
[20:39:15.29] /# gi::executeAction deAddPoint -in [gi::getWindows 7]
[20:39:15.29] /i de::addPoint {-0.615 1.186} -context [db::getNext [de::getContexts -window 7]]
[20:39:16.64] /# gi::executeAction deAddPoint -in [gi::getWindows 7]
[20:39:16.64] /i de::addPoint {-0.599 1.1} -context [db::getNext [de::getContexts -window 7]]
[20:39:17.99] /# gi::executeAction deAddPoint -in [gi::getWindows 7]
[20:39:17.99] /i de::addPoint {-0.597 1.086} -context [db::getNext [de::getContexts -window 7]]
[20:39:18.40] /# gi::executeAction deCanvasZoomOutAtPoint -in [gi::getWindows 7]
[20:39:18.40] /i de::zoom -window [gi::getWindows 7] -factor 0.5 -center {-0.569 1.115}
[20:39:18.40] /o {-0.979 0.968} {0.133 1.488}
[20:39:19.84] /# gi::executeAction dePan -in [gi::getWindows 7]
[20:39:19.84] /i ide::pan [db::getNext [de::getContexts -window 7]]
[20:39:20.41] /# gi::executeAction deCanvasZoomOutAtPoint -in [gi::getWindows 7]
[20:39:20.41] /i de::zoom -window [gi::getWindows 7] -factor 0.5 -center {-0.323 1.057}
[20:39:20.41] /o {-1.635 0.878} {0.589 1.92}
[20:39:20.84] /# gi::executeAction deCanvasZoomOutAtPoint -in [gi::getWindows 7]
[20:39:20.84] /i de::zoom -window [gi::getWindows 7] -factor 0.5 -center {-0.32 1.063}
[20:39:20.84] /o {-2.95 0.693} {1.498 2.777}
[20:39:21.84] /# gi::executeAction deStartDrag -in [gi::getWindows 7]
[20:39:21.84] /i de::startDrag {-1.5 0.911} -context [db::getNext [de::getContexts -window 7]]
[20:39:22.77] /# gi::executeAction deEndDrag -in [gi::getWindows 7]
[20:39:22.77] /i de::endDrag {-1.498 0.914} -context [db::getNext [de::getContexts -window 7]]
[20:39:22.77] /r dePanToPoint {-1.23 1.551}
[20:39:23.78] /# gi::executeAction deCanvasZoomInAtPoint -in [gi::getWindows 7]
[20:39:23.78] /i de::zoom -window [gi::getWindows 7] -factor 2.0 -center {-1.444 1.064}
[20:39:23.78] /o {-2.449 0.787} {-0.225 1.828}
[20:39:24.46] /# gi::executeAction deCanvasZoomInAtPoint -in [gi::getWindows 7]
[20:39:24.46] /i de::zoom -window [gi::getWindows 7] -factor 2.0 -center {-1.444 1.064}
[20:39:24.46] /o {-1.946 0.925} {-0.834 1.446}
[20:39:26.02] /# gi::executeAction deCanvasZoomInAtPoint -in [gi::getWindows 7]
[20:39:26.02] /i de::zoom -window [gi::getWindows 7] -factor 2.0 -center {-1.463 1.09}
[20:39:26.02] /o {-1.705 1.008} {-1.149 1.268}
[20:39:26.62] /# gi::executeAction leRuler -in [gi::getWindows 7]
[20:39:26.62] /i ile::createRuler
[20:39:27.96] /# gi::executeAction deAddPoint -in [gi::getWindows 7]
[20:39:27.96] /i de::addPoint {-1.444 1.23} -context [db::getNext [de::getContexts -window 7]]
[20:39:31.09] /# gi::executeAction deAddPoint -in [gi::getWindows 7]
[20:39:31.09] /i de::addPoint {-1.438 1.187} -context [db::getNext [de::getContexts -window 7]]
[20:39:33.45] /# gi::executeAction deAddPoint -in [gi::getWindows 7]
[20:39:33.45] /i de::addPoint {-1.505 1.229} -context [db::getNext [de::getContexts -window 7]]
[20:39:35.48] /# gi::executeAction deAddPoint -in [gi::getWindows 7]
[20:39:35.48] /i de::addPoint {-1.505 1.184} -context [db::getNext [de::getContexts -window 7]]
[20:39:36.84] /# gi::executeAction deAddPoint -in [gi::getWindows 7]
[20:39:36.84] /i de::addPoint {-1.487 1.1} -context [db::getNext [de::getContexts -window 7]]
[20:39:39.40] /# gi::executeAction deAddPoint -in [gi::getWindows 7]
[20:39:39.41] /i de::addPoint {-1.489 1.083} -context [db::getNext [de::getContexts -window 7]]
[20:39:39.86] /# gi::executeAction deCanvasZoomOutAtPoint -in [gi::getWindows 7]
[20:39:39.86] /i de::zoom -window [gi::getWindows 7] -factor 0.5 -center {-1.489 1.083}
[20:39:39.86] /o {-1.92 0.932} {-0.808 1.453}
[20:39:40.83] /# gi::executeAction dePan -in [gi::getWindows 7]
[20:39:40.83] /i ide::pan [db::getNext [de::getContexts -window 7]]
[20:39:41.15] /# gi::executeAction deStartDrag -in [gi::getWindows 7]
[20:39:41.15] /i de::startDrag {-1.497 1.057} -context [db::getNext [de::getContexts -window 7]]
[20:39:42.05] /# gi::executeAction deEndDrag -in [gi::getWindows 7]
[20:39:42.05] /i de::endDrag {-1.486 1.057} -context [db::getNext [de::getContexts -window 7]]
[20:39:42.05] /r dePanToPoint {-1.833 1.185}
[20:39:42.99] /# gi::executeAction deStartDrag -in [gi::getWindows 7]
[20:39:42.99] /i de::startDrag {-2.049 1.06} -context [db::getNext [de::getContexts -window 7]]
[20:39:45.02] /# gi::executeAction deEndDrag -in [gi::getWindows 7]
[20:39:45.02] /i de::endDrag {-2.047 1.06} -context [db::getNext [de::getContexts -window 7]]
[20:39:45.02] /r dePanToPoint {-2.307 1.185}
[20:39:46.10] /# gi::executeAction deCanvasZoomInAtPoint -in [gi::getWindows 7]
[20:39:46.10] /i de::zoom -window [gi::getWindows 7] -factor 2.0 -center {-2.324 1.149}
[20:39:46.11] /o {-2.594 1.037} {-2.038 1.298}
[20:39:47.33] /# gi::executeAction leRuler -in [gi::getWindows 7]
[20:39:47.34] /i ile::createRuler
[20:39:48.64] /# gi::executeAction deAddPoint -in [gi::getWindows 7]
[20:39:48.64] /i de::addPoint {-2.332 1.23} -context [db::getNext [de::getContexts -window 7]]
[20:39:50.17] /# gi::executeAction deAddPoint -in [gi::getWindows 7]
[20:39:50.17] /i de::addPoint {-2.322 1.183} -context [db::getNext [de::getContexts -window 7]]
[20:39:52.16] /# gi::executeAction deAddPoint -in [gi::getWindows 7]
[20:39:52.16] /i de::addPoint {-2.438 1.229} -context [db::getNext [de::getContexts -window 7]]
[20:39:53.71] /# gi::executeAction deAddPoint -in [gi::getWindows 7]
[20:39:53.71] /i de::addPoint {-2.439 1.185} -context [db::getNext [de::getContexts -window 7]]
[20:39:54.95] /# gi::executeAction deAddPoint -in [gi::getWindows 7]
[20:39:54.95] /i de::addPoint {-2.433 1.101} -context [db::getNext [de::getContexts -window 7]]
[20:39:56.38] /# gi::executeAction deAddPoint -in [gi::getWindows 7]
[20:39:56.38] /i de::addPoint {-2.434 1.087} -context [db::getNext [de::getContexts -window 7]]
[20:39:56.80] /# gi::executeAction deCanvasZoomOutAtPoint -in [gi::getWindows 7]
[20:39:56.80] /i de::zoom -window [gi::getWindows 7] -factor 0.5 -center {-2.433 1.096}
[20:39:56.80] /o {-2.754 0.978} {-1.642 1.499}
[20:39:57.32] /# gi::executeAction deCanvasZoomOutAtPoint -in [gi::getWindows 7]
[20:39:57.32] /i de::zoom -window [gi::getWindows 7] -factor 0.5 -center {-2.432 1.096}
[20:39:57.33] /o {-3.077 0.86} {-0.853 1.902}
[20:39:58.15] /# gi::executeAction deCanvasZoomOutAtPoint -in [gi::getWindows 7]
[20:39:58.15] /i de::zoom -window [gi::getWindows 7] -factor 0.5 -center {-2.433 1.095}
[20:39:58.15] /o {-3.72 0.626} {0.728 2.71}
[20:40:00.03] /# gi::executeAction deCanvasZoomInAtPoint -in [gi::getWindows 7]
[20:40:00.03] /i de::zoom -window [gi::getWindows 7] -factor 2.0 -center {-3.426 1.127}
[20:40:00.03] /o {-3.573 0.876} {-1.349 1.918}
[20:40:03.20] /# gi::executeAction dePan -in [gi::getWindows 7]
[20:40:03.20] /i ide::pan [db::getNext [de::getContexts -window 7]]
[20:40:03.78] /# gi::executeAction deStartDrag -in [gi::getWindows 7]
[20:40:03.78] /i de::startDrag {-3.369 0.994} -context [db::getNext [de::getContexts -window 7]]
[20:40:04.99] /# gi::executeAction deEndDrag -in [gi::getWindows 7]
[20:40:05.00] /i de::endDrag {-3.362 0.994} -context [db::getNext [de::getContexts -window 7]]
[20:40:05.00] /r dePanToPoint {-2.836 1.329}
[20:40:05.23] /# gi::executeAction deCanvasZoomInAtPoint -in [gi::getWindows 7]
[20:40:05.23] /i de::zoom -window [gi::getWindows 7] -factor 2.0 -center {-3.362 0.994}
[20:40:05.23] /o {-3.655 0.901} {-2.543 1.422}
[20:40:06.95] /# gi::executeAction deAbortCommand -in [gi::getWindows 7]
[20:40:06.95] /i de::abortCommand -context [db::getNext [de::getContexts -window 7]]
[20:40:08.58] /# gi::executeAction deAbortCommand -in [gi::getWindows 7]
[20:40:08.58] /i de::abortCommand -context [db::getNext [de::getContexts -window 7]]
[20:40:09.20] /# gi::executeAction deSelectActive -in [gi::getWindows 7]
[20:40:09.20] /i de::deselectAll [db::getNext [de::getContexts -window 7]]
[20:40:09.20] /i de::select [de::getActiveFigure [gi::getWindows 7] -point {-3.305 1.164} -index 0 -intent none]
[20:40:09.20] /o oa:0x24ad7e20
[20:40:10.72] /# gi::executeAction leDelete -in [gi::getWindows 7]
[20:40:10.72] /i ile::delete
[20:40:13.38] /# gi::executeAction leRuler -in [gi::getWindows 7]
[20:40:13.38] /i ile::createRuler
[20:40:15.42] /# gi::executeAction deAddPoint -in [gi::getWindows 7]
[20:40:15.42] /i de::addPoint {-3.286 1.229} -context [db::getNext [de::getContexts -window 7]]
[20:40:18.76] /# gi::executeAction deAddPoint -in [gi::getWindows 7]
[20:40:18.76] /i de::addPoint {-3.268 1.183} -context [db::getNext [de::getContexts -window 7]]
[20:40:19.46] /# gi::executeAction deCanvasZoomInAtPoint -in [gi::getWindows 7]
[20:40:19.46] /i de::zoom -window [gi::getWindows 7] -factor 2.0 -center {-3.345 1.213}
[20:40:19.46] /o {-3.5 1.057} {-2.944 1.318}
[20:40:20.56] /# gi::executeAction leStretch -in [gi::getWindows 7]
[20:40:20.56] /i ile::stretch
[20:40:21.38] /# gi::executeAction deAddPoint -in [gi::getWindows 7]
[20:40:21.38] /i de::addPoint {-3.343 1.229} -context [db::getNext [de::getContexts -window 7]]
[20:40:22.81] /# gi::executeAction deAddPoint -in [gi::getWindows 7]
[20:40:22.81] /i de::addPoint {-3.347 1.185} -context [db::getNext [de::getContexts -window 7]]
[20:40:24.04] /# gi::executeAction deAddPoint -in [gi::getWindows 7]
[20:40:24.05] /i de::addPoint {-3.338 1.101} -context [db::getNext [de::getContexts -window 7]]
[20:40:25.75] /# gi::executeAction deAddPoint -in [gi::getWindows 7]
[20:40:25.75] /i de::addPoint {-3.338 1.086} -context [db::getNext [de::getContexts -window 7]]
[20:40:26.19] /# gi::executeAction deCanvasZoomOutAtPoint -in [gi::getWindows 7]
[20:40:26.19] /i de::zoom -window [gi::getWindows 7] -factor 0.5 -center {-3.294 1.132}
[20:40:26.19] /o {-3.706 0.982} {-2.594 1.503}
[20:40:26.65] /# gi::executeAction deCanvasZoomOutAtPoint -in [gi::getWindows 7]
[20:40:26.65] /i de::zoom -window [gi::getWindows 7] -factor 0.5 -center {-3.293 1.132}
[20:40:26.65] /o {-4.119 0.832} {-1.895 1.874}
[20:40:27.04] /# gi::executeAction deCanvasZoomOutAtPoint -in [gi::getWindows 7]
[20:40:27.04] /i de::zoom -window [gi::getWindows 7] -factor 0.5 -center {-3.294 1.133}
[20:40:27.04] /o {-4.945 0.532} {-0.497 2.616}
[20:40:29.79] /# gi::executeAction dePan -in [gi::getWindows 7]
[20:40:29.79] /i ide::pan [db::getNext [de::getContexts -window 7]]
[20:40:30.67] /# gi::executeAction deStartDrag -in [gi::getWindows 7]
[20:40:30.67] /i de::startDrag {-2.402 0.835} -context [db::getNext [de::getContexts -window 7]]
[20:40:31.83] /# gi::executeAction deEndDrag -in [gi::getWindows 7]
[20:40:31.83] /i de::endDrag {-2.354 0.835} -context [db::getNext [de::getContexts -window 7]]
[20:40:31.83] /r dePanToPoint {-3.536 1.31}
[20:40:32.87] /# gi::executeAction deStartDrag -in [gi::getWindows 7]
[20:40:32.87] /i de::startDrag {-5.236 1.07} -context [db::getNext [de::getContexts -window 7]]
[20:40:33.71] /# gi::executeAction deEndDrag -in [gi::getWindows 7]
[20:40:33.71] /i de::endDrag {-5.092 1.07} -context [db::getNext [de::getContexts -window 7]]
[20:40:33.71] /r dePanToPoint {-6.115 1.31}
[20:40:34.42] /# gi::executeAction deStartDrag -in [gi::getWindows 7]
[20:40:34.42] /i de::startDrag {-7.439 1.033} -context [db::getNext [de::getContexts -window 7]]
[20:40:35.37] /# gi::executeAction deEndDrag -in [gi::getWindows 7]
[20:40:35.37] /i de::endDrag {-7.447 1.05} -context [db::getNext [de::getContexts -window 7]]
[20:40:35.37] /r dePanToPoint {-6.733 0.385}
[20:40:36.02] /# gi::executeAction deStartDrag -in [gi::getWindows 7]
[20:40:36.02] /i de::startDrag {-6.918 -0.145} -context [db::getNext [de::getContexts -window 7]]
[20:40:37.76] /# gi::executeAction deEndDrag -in [gi::getWindows 7]
[20:40:37.76] /i de::endDrag {-6.912 -0.145} -context [db::getNext [de::getContexts -window 7]]
[20:40:37.76] /r dePanToPoint {-6.41 -0.419}
[20:40:38.08] /# gi::executeAction deCanvasZoomInAtPoint -in [gi::getWindows 7]
[20:40:38.08] /i de::zoom -window [gi::getWindows 7] -factor 2.0 -center {-7.051 -0.604}
[20:40:38.08] /o {-7.842 -1.033} {-5.618 0.009}
[20:40:38.56] /# gi::executeAction deCanvasZoomInAtPoint -in [gi::getWindows 7]
[20:40:38.56] /i de::zoom -window [gi::getWindows 7] -factor 2.0 -center {-7.023 -0.621}
[20:40:38.56] /o {-7.433 -0.827} {-6.321 -0.306}
[20:40:39.39] /# gi::executeAction deStartDrag -in [gi::getWindows 7]
[20:40:39.39] /i de::startDrag {-6.958 -0.544} -context [db::getNext [de::getContexts -window 7]]
[20:40:39.80] /# gi::executeAction deEndDrag -in [gi::getWindows 7]
[20:40:39.80] /i de::endDrag {-6.959 -0.544} -context [db::getNext [de::getContexts -window 7]]
[20:40:39.80] /r dePanToPoint {-6.842 -0.63}
[20:40:40.78] /# gi::executeAction leRuler -in [gi::getWindows 7]
[20:40:40.78] /i ile::createRuler
[20:40:43.24] /# gi::executeAction deAddPoint -in [gi::getWindows 7]
[20:40:43.24] /i de::addPoint {-6.919 -0.706} -context [db::getNext [de::getContexts -window 7]]
[20:40:44.96] /# gi::executeAction deAddPoint -in [gi::getWindows 7]
[20:40:44.96] /i de::addPoint {-6.914 -0.66} -context [db::getNext [de::getContexts -window 7]]
[20:40:45.74] /# gi::executeAction deAbortCommand -in [gi::getWindows 7]
[20:40:45.74] /i de::abortCommand -context [db::getNext [de::getContexts -window 7]]
[20:40:47.89] /# gi::executeAction leStretch -in [gi::getWindows 7]
[20:40:47.89] /i ile::stretch
[20:40:49.48] /# gi::executeAction deAddPoint -in [gi::getWindows 7]
[20:40:49.48] /i de::addPoint {-6.998 -0.705} -context [db::getNext [de::getContexts -window 7]]
[20:40:52.09] /# gi::executeAction deAddPoint -in [gi::getWindows 7]
[20:40:52.09] /i de::addPoint {-6.986 -0.661} -context [db::getNext [de::getContexts -window 7]]
[20:40:53.21] /# gi::executeAction deAddPoint -in [gi::getWindows 7]
[20:40:53.21] /i de::addPoint {-6.981 -0.575} -context [db::getNext [de::getContexts -window 7]]
[20:40:56.80] /# gi::executeAction deAddPoint -in [gi::getWindows 7]
[20:40:56.80] /i de::addPoint {-6.978 -0.558} -context [db::getNext [de::getContexts -window 7]]
[20:40:59.62] /# gi::executeAction dePan -in [gi::getWindows 7]
[20:40:59.62] /i ide::pan [db::getNext [de::getContexts -window 7]]
[20:41:00.03] /# gi::executeAction deStartDrag -in [gi::getWindows 7]
[20:41:00.03] /i de::startDrag {-6.383 -0.66} -context [db::getNext [de::getContexts -window 7]]
[20:41:00.96] /# gi::executeAction deEndDrag -in [gi::getWindows 7]
[20:41:00.96] /i de::endDrag {-6.384 -0.66} -context [db::getNext [de::getContexts -window 7]]
[20:41:00.96] /r dePanToPoint {-6.044 -0.633}
[20:41:01.23] /# gi::executeAction deCanvasZoomOutAtPoint -in [gi::getWindows 7]
[20:41:01.23] /i de::zoom -window [gi::getWindows 7] -factor 0.5 -center {-6.201 -0.657}
[20:41:01.23] /o {-7.0 -1.131} {-4.776 -0.089}
[20:41:01.72] /# gi::executeAction deCanvasZoomOutAtPoint -in [gi::getWindows 7]
[20:41:01.72] /i de::zoom -window [gi::getWindows 7] -factor 0.5 -center {-6.201 -0.657}
[20:41:01.72] /o {-7.798 -1.605} {-3.35 0.478}
[20:41:02.22] /# gi::executeAction deCanvasZoomOutAtPoint -in [gi::getWindows 7]
[20:41:02.22] /i de::zoom -window [gi::getWindows 7] -factor 0.5 -center {-6.201 -0.657}
[20:41:02.22] /o {-9.395 -2.554} {-0.499 1.614}
[20:41:03.78] /# gi::executeAction deCanvasZoomInAtPoint -in [gi::getWindows 7]
[20:41:03.78] /i de::zoom -window [gi::getWindows 7] -factor 2.0 -center {-3.806 -0.572}
[20:41:03.78] /o {-6.601 -1.563} {-2.153 0.521}
[20:41:04.32] /# gi::executeAction deCanvasZoomInAtPoint -in [gi::getWindows 7]
[20:41:04.32] /i de::zoom -window [gi::getWindows 7] -factor 2.0 -center {-3.806 -0.572}
[20:41:04.33] /o {-5.203 -1.067} {-2.979 -0.026}
[20:41:05.44] /# gi::executeAction deStartDrag -in [gi::getWindows 7]
[20:41:05.44] /i de::startDrag {-3.309 -0.464} -context [db::getNext [de::getContexts -window 7]]
[20:41:05.85] /# gi::executeAction deEndDrag -in [gi::getWindows 7]
[20:41:05.85] /i de::endDrag {-3.313 -0.463} -context [db::getNext [de::getContexts -window 7]]
[20:41:05.86] /r dePanToPoint {-3.989 -0.569}
[20:41:07.47] /# gi::executeAction deStartDrag -in [gi::getWindows 7]
[20:41:07.47] /i de::startDrag {-3.336 -0.484} -context [db::getNext [de::getContexts -window 7]]
[20:41:07.95] /# gi::executeAction deEndDrag -in [gi::getWindows 7]
[20:41:07.95] /i de::endDrag {-3.337 -0.484} -context [db::getNext [de::getContexts -window 7]]
[20:41:07.95] /r dePanToPoint {-3.984 -0.569}
[20:41:09.30] /# gi::executeAction leRuler -in [gi::getWindows 7]
[20:41:09.31] /i ile::createRuler
[20:41:12.93] /# gi::executeAction deCanvasZoomInAtPoint -in [gi::getWindows 7]
[20:41:12.93] /i de::zoom -window [gi::getWindows 7] -factor 2.0 -center {-4.067 -0.68}
[20:41:12.93] /o {-4.581 -0.885} {-3.469 -0.364}
[20:41:15.22] /# gi::executeAction deAddPoint -in [gi::getWindows 7]
[20:41:15.22] /i de::addPoint {-4.104 -0.682} -context [db::getNext [de::getContexts -window 7]]
[20:41:17.24] /# gi::executeAction deAddPoint -in [gi::getWindows 7]
[20:41:17.24] /i de::addPoint {-4.093 -0.633} -context [db::getNext [de::getContexts -window 7]]
[20:41:20.26] /# gi::executeAction leStretch -in [gi::getWindows 7]
[20:41:20.26] /i ile::stretch
[20:41:22.70] /# gi::executeAction deAddPoint -in [gi::getWindows 7]
[20:41:22.70] /i de::addPoint {-4.273 -0.681} -context [db::getNext [de::getContexts -window 7]]
[20:41:26.33] /# gi::executeAction deAddPoint -in [gi::getWindows 7]
[20:41:26.33] /i de::addPoint {-4.268 -0.637} -context [db::getNext [de::getContexts -window 7]]
[20:41:27.48] /# gi::executeAction deAddPoint -in [gi::getWindows 7]
[20:41:27.48] /i de::addPoint {-4.249 -0.552} -context [db::getNext [de::getContexts -window 7]]
[20:41:29.95] /# gi::executeAction deAddPoint -in [gi::getWindows 7]
[20:41:29.95] /i de::addPoint {-4.247 -0.533} -context [db::getNext [de::getContexts -window 7]]
[20:41:31.46] /# gi::executeAction leMove -in [gi::getWindows 7]
[20:41:31.46] /i ile::move
[20:41:31.90] /# gi::executeAction deStartDrag -in [gi::getWindows 7]
[20:41:31.90] /i de::startDrag {-3.64 -0.729} -context [db::getNext [de::getContexts -window 7]]
[20:41:33.56] /# gi::executeAction deEndDrag -in [gi::getWindows 7]
[20:41:33.56] /i de::endDrag {-3.641 -0.718} -context [db::getNext [de::getContexts -window 7]]
[20:41:33.90] /# gi::executeAction dePan -in [gi::getWindows 7]
[20:41:33.90] /i ide::pan [db::getNext [de::getContexts -window 7]]
[20:41:34.33] /# gi::executeAction deStartDrag -in [gi::getWindows 7]
[20:41:34.33] /i de::startDrag {-3.641 -0.718} -context [db::getNext [de::getContexts -window 7]]
[20:41:36.47] /# gi::executeAction deEndDrag -in [gi::getWindows 7]
[20:41:36.49] /i de::endDrag {-3.642 -0.718} -context [db::getNext [de::getContexts -window 7]]
[20:41:36.49] /r dePanToPoint {-3.289 -0.645}
[20:41:36.92] /# gi::executeAction leRuler -in [gi::getWindows 7]
[20:41:36.92] /i ile::createRuler
[20:41:38.92] /# gi::executeAction deAddPoint -in [gi::getWindows 7]
[20:41:38.92] /i de::addPoint {-3.201 -0.702} -context [db::getNext [de::getContexts -window 7]]
[20:41:40.58] /# gi::executeAction deAddPoint -in [gi::getWindows 7]
[20:41:40.58] /i de::addPoint {-3.192 -0.654} -context [db::getNext [de::getContexts -window 7]]
[20:41:41.73] /# gi::executeAction leStretch -in [gi::getWindows 7]
[20:41:41.73] /i ile::stretch
[20:41:42.70] /# gi::executeAction deAddPoint -in [gi::getWindows 7]
[20:41:42.70] /i de::addPoint {-3.343 -0.7} -context [db::getNext [de::getContexts -window 7]]
[20:41:44.90] /# gi::executeAction deAddPoint -in [gi::getWindows 7]
[20:41:44.90] /i de::addPoint {-3.34 -0.656} -context [db::getNext [de::getContexts -window 7]]
[20:41:46.14] /# gi::executeAction deAddPoint -in [gi::getWindows 7]
[20:41:46.14] /i de::addPoint {-3.33 -0.572} -context [db::getNext [de::getContexts -window 7]]
[20:41:48.37] /# gi::executeAction deAddPoint -in [gi::getWindows 7]
[20:41:48.37] /i de::addPoint {-3.329 -0.555} -context [db::getNext [de::getContexts -window 7]]
[20:41:49.83] /# gi::executeAction dePan -in [gi::getWindows 7]
[20:41:49.83] /i ide::pan [db::getNext [de::getContexts -window 7]]
[20:41:50.23] /# gi::executeAction deStartDrag -in [gi::getWindows 7]
[20:41:50.23] /i de::startDrag {-2.894 -0.7} -context [db::getNext [de::getContexts -window 7]]
[20:41:50.80] /# gi::executeAction deEndDrag -in [gi::getWindows 7]
[20:41:50.80] /i de::endDrag {-2.895 -0.7} -context [db::getNext [de::getContexts -window 7]]
[20:41:50.80] /r dePanToPoint {-2.562 -0.645}
[20:41:51.14] /# gi::executeAction deCanvasZoomOutAtPoint -in [gi::getWindows 7]
[20:41:51.14] /i de::zoom -window [gi::getWindows 7] -factor 0.5 -center {-2.437 -0.686}
[20:41:51.14] /o {-3.8 -1.127} {-1.576 -0.085}
[20:41:51.78] /# gi::executeAction deStartDrag -in [gi::getWindows 7]
[20:41:51.78] /i de::startDrag {-1.982 -0.757} -context [db::getNext [de::getContexts -window 7]]
[20:41:52.50] /# gi::executeAction deEndDrag -in [gi::getWindows 7]
[20:41:52.50] /i de::endDrag {-1.98 -0.744} -context [db::getNext [de::getContexts -window 7]]
[20:41:52.50] /r dePanToPoint {-2.066 -1.059}
[20:41:52.68] /# gi::executeAction deCanvasZoomOutAtPoint -in [gi::getWindows 7]
[20:41:52.68] /i de::zoom -window [gi::getWindows 7] -factor 0.5 -center {-1.98 -0.744}
[20:41:52.68] /o {-4.376 -2.415} {0.072 -0.331}
[20:41:54.05] /# gi::executeAction deStartDrag -in [gi::getWindows 7]
[20:41:54.05] /i de::startDrag {-0.257 -1.155} -context [db::getNext [de::getContexts -window 7]]
[20:41:54.55] /# gi::executeAction deEndDrag -in [gi::getWindows 7]
[20:41:54.55] /i de::endDrag {-0.268 -1.155} -context [db::getNext [de::getContexts -window 7]]
[20:41:54.55] /r dePanToPoint {-1.518 -1.178}
[20:41:54.71] /# gi::executeAction deCanvasZoomInAtPoint -in [gi::getWindows 7]
[20:41:54.71] /i de::zoom -window [gi::getWindows 7] -factor 2.0 -center {-0.268 -1.155}
[20:41:54.73] /o {-2.005 -1.687} {0.219 -0.645}
[20:41:55.50] /# gi::executeAction deCanvasZoomInAtPoint -in [gi::getWindows 7]
[20:41:55.50] /i de::zoom -window [gi::getWindows 7] -factor 2.0 -center {-0.133 -1.098}
[20:41:55.50] /o {-1.069 -1.393} {0.043 -0.872}
[20:41:57.46] /# gi::executeAction leLabel -in [gi::getWindows 7]
[20:41:57.46] /i ile::createLabel
[20:41:58.73] /# gi::executeAction deAddPoint -in [gi::getWindows 7]
[20:41:58.73] /i de::addPoint {-0.466 -1.039} -context [db::getNext [de::getContexts -window 7]]
[20:42:01.22] /# gi::executeAction leRuler -in [gi::getWindows 7]
[20:42:01.22] /i ile::createRuler
[20:42:01.81] /# gi::executeAction deAddPoint -in [gi::getWindows 7]
[20:42:01.81] /i de::addPoint {-0.489 -1.038} -context [db::getNext [de::getContexts -window 7]]
[20:42:07.07] /# gi::executeAction deAddPoint -in [gi::getWindows 7]
[20:42:07.07] /i de::addPoint {-0.479 -1.086} -context [db::getNext [de::getContexts -window 7]]
[20:42:08.86] /# gi::executeAction leStretch -in [gi::getWindows 7]
[20:42:08.86] /i ile::stretch
[20:42:09.68] /# gi::executeAction deAddPoint -in [gi::getWindows 7]
[20:42:09.68] /i de::addPoint {-0.638 -1.042} -context [db::getNext [de::getContexts -window 7]]
[20:42:11.38] /# gi::executeAction deAddPoint -in [gi::getWindows 7]
[20:42:11.38] /i de::addPoint {-0.641 -1.084} -context [db::getNext [de::getContexts -window 7]]
[20:42:12.99] /# gi::executeAction deAddPoint -in [gi::getWindows 7]
[20:42:12.99] /i de::addPoint {-0.625 -1.172} -context [db::getNext [de::getContexts -window 7]]
[20:42:15.92] /# gi::executeAction deAddPoint -in [gi::getWindows 7]
[20:42:15.92] /i de::addPoint {-0.625 -1.184} -context [db::getNext [de::getContexts -window 7]]
[20:42:19.20] /# gi::executeAction leMove -in [gi::getWindows 7]
[20:42:19.20] /i ile::move
[20:42:19.47] /# gi::executeAction deAddPoint -in [gi::getWindows 7]
[20:42:19.47] /i de::addPoint {-0.768 -1.148} -context [db::getNext [de::getContexts -window 7]]
[20:42:22.95] /# gi::executeAction deAddPoint -in [gi::getWindows 7]
[20:42:22.95] /i de::addPoint {-0.766 -1.165} -context [db::getNext [de::getContexts -window 7]]
[20:42:25.78] /i gi::executeAction deSaveDesign -in [gi::getWindows 7]
[20:42:25.78] /m Information: Saving design 'dff dff layout'. (DESIGN_WINDOW-004)
[20:42:30.47] /# gi::executeAction xtDRCRun -in [gi::getWindows 7]
[20:42:30.47] /i xt::physicalVerification::executeRun drc 7
[20:42:30.73] /# xt::physicalVerification::executePve drc 7
[20:42:34.42] /m Information: 
              /c =============================
              /c JobID: hercules_drc_68
              /c Completed with no errors.
              /c =============================
              /c 
[20:42:37.77] /i gi::setActiveWindow 7
[20:42:37.77] /i gi::setActiveWindow 7 -raise true
[20:42:40.90] /# gi::executeAction xtLVSRun -in [gi::getWindows 7]
[20:42:40.90] /i xt::physicalVerification::executeRun lvs 7
[20:42:41.17] /# xt::physicalVerification::executePve lvs 7
[20:42:42.41] /m Information: "Starting netlisting for design "dff/dff/schematic"..." (NETLISTING-010)
[20:42:42.43] /o No Design Integrity rule violations found in "dff/dff/schematic"
[20:42:42.50] /m Information: "Netlisting design "dff/dff/schematic" finished successfully." (NETLISTING-012)
[20:42:49.22] /m Information: 
              /c =============================
              /c JobID: hercules_lvs_28
              /c Completed with no errors.
              /c =============================
              /c 
[20:42:52.54] /i gi::setActiveWindow 7
[20:42:52.54] /i gi::setActiveWindow 7 -raise true
[20:43:00.33] /# gi::executeAction deCanvasZoomOutAtPoint -in [gi::getWindows 7]
[20:43:00.33] /i de::zoom -window [gi::getWindows 7] -factor 0.5 -center {-0.908 -1.218}
[20:43:00.33] /o {-1.23 -1.567} {0.994 -0.525}
[20:43:00.37] /# gi::executeAction deCanvasZoomOutAtPoint -in [gi::getWindows 7]
[20:43:00.38] /i de::zoom -window [gi::getWindows 7] -factor 0.5 -center {-0.907 -1.218}
[20:43:00.38] /o {-1.553 -1.917} {2.895 0.167}
[20:43:00.42] /# gi::executeAction deCanvasZoomOutAtPoint -in [gi::getWindows 7]
[20:43:00.42] /i de::zoom -window [gi::getWindows 7] -factor 0.5 -center {-0.907 -1.217}
[20:43:00.42] /o {-2.199 -2.617} {6.697 1.551}
[20:43:02.58] /# gi::executeAction dePan -in [gi::getWindows 7]
[20:43:02.58] /i ide::pan [db::getNext [de::getContexts -window 7]]
[20:43:02.88] /# gi::executeAction deStartDrag -in [gi::getWindows 7]
[20:43:02.88] /i de::startDrag {1.419 -0.72} -context [db::getNext [de::getContexts -window 7]]
[20:43:03.62] /# gi::executeAction deEndDrag -in [gi::getWindows 7]
[20:43:03.62] /i de::endDrag {1.453 -0.72} -context [db::getNext [de::getContexts -window 7]]
[20:43:03.62] /r dePanToPoint {-1.211 0.396}
[20:43:04.08] /# gi::executeAction deCanvasZoomOutAtPoint -in [gi::getWindows 7]
[20:43:04.08] /i de::zoom -window [gi::getWindows 7] -factor 0.5 -center {-2.754 0.47}
[20:43:04.08] /o {-8.564 -3.846} {9.228 4.49}
[20:43:04.76] /# gi::executeAction deStartDrag -in [gi::getWindows 7]
[20:43:04.76] /i de::startDrag {-2.754 0.469} -context [db::getNext [de::getContexts -window 7]]
[20:43:06.33] /# gi::executeAction deEndDrag -in [gi::getWindows 7]
[20:43:06.33] /i de::endDrag {-2.743 0.469} -context [db::getNext [de::getContexts -window 7]]
[20:43:06.33] /r dePanToPoint {-1.616 0.605}
[20:43:11.73] /# gi::executeAction leBoundary -in [gi::getWindows 7]
[20:43:11.73] /i ile::createBoundary
[20:43:13.03] /i gi::pressButton {autoCreate} -in [gi::getToolbars {deCommandOptions} -from [gi::getWindows 7]]
[20:43:17.31] /# gi::executeAction deCanvasZoomInAtPoint -in [gi::getWindows 7]
[20:43:17.31] /i de::zoom -window [gi::getWindows 7] -factor 2.0 -center {0.961 1.137}
[20:43:17.31] /o {-4.775 -1.213} {4.121 2.955}
[20:43:20.02] /# gi::executeAction deAbortCommand -in [gi::getWindows 7]
[20:43:20.02] /i de::abortCommand -context [db::getNext [de::getContexts -window 7]]
[20:43:23.55] /# gi::executeAction deCanvasZoomOutAtPoint -in [gi::getWindows 7]
[20:43:23.55] /i de::zoom -window [gi::getWindows 7] -factor 0.5 -center {0.655 1.539}
[20:43:23.55] /o {-10.206 -3.965} {7.586 4.371}
[20:43:24.70] /# gi::executeAction deCanvasZoomOutAtPoint -in [gi::getWindows 7]
[20:43:24.70] /i de::zoom -window [gi::getWindows 7] -factor 0.5 -center {-0.149 0.769}
[20:43:24.70] /o {-20.262 -8.698} {15.322 7.972}
[20:43:25.52] /# gi::executeAction deCanvasZoomInAtPoint -in [gi::getWindows 7]
[20:43:25.52] /i de::zoom -window [gi::getWindows 7] -factor 2.0 -center {2.252 -1.314}
[20:43:25.53] /o {-9.005 -5.006} {8.787 3.329}
[20:43:25.61] /# gi::executeAction deCanvasZoomInAtPoint -in [gi::getWindows 7]
[20:43:25.61] /i de::zoom -window [gi::getWindows 7] -factor 2.0 -center {2.252 -1.314}
[20:43:25.61] /o {-3.377 -3.16} {5.519 1.008}
[20:43:28.54] /# gi::executeAction deCanvasZoomOutAtPoint -in [gi::getWindows 7]
[20:43:28.54] /i de::zoom -window [gi::getWindows 7] -factor 0.5 -center {0.667 -1.388}
[20:43:28.54] /o {-7.42 -4.932} {10.372 3.403}
[20:43:29.48] /# gi::executeAction deCanvasZoomInAtPoint -in [gi::getWindows 7]
[20:43:29.48] /i de::zoom -window [gi::getWindows 7] -factor 2.0 -center {0.655 -0.561}
[20:43:29.48] /o {-3.383 -2.747} {5.513 1.421}
[20:43:30.59] /# gi::executeAction deCanvasZoomInAtPoint -in [gi::getWindows 7]
[20:43:30.59] /i de::zoom -window [gi::getWindows 7] -factor 2.0 -center {0.423 -1.586}
[20:43:30.60] /o {-1.48 -2.166} {2.968 -0.082}
[20:43:31.83] /# gi::executeAction leStretch -in [gi::getWindows 7]
[20:43:31.83] /i ile::stretch
[20:43:33.16] /# gi::executeAction deAddPoint -in [gi::getWindows 7]
[20:43:33.16] /i de::addPoint {0.103 -1.526} -context [db::getNext [de::getContexts -window 7]]
[20:43:37.90] /# gi::executeAction deAddPoint -in [gi::getWindows 7]
[20:43:37.90] /i de::addPoint {0.219 -1.541} -context [db::getNext [de::getContexts -window 7]]
[20:43:39.40] /# gi::executeAction dePan -in [gi::getWindows 7]
[20:43:39.40] /i ide::pan [db::getNext [de::getContexts -window 7]]
[20:43:39.93] /# gi::executeAction deStartDrag -in [gi::getWindows 7]
[20:43:39.93] /i de::startDrag {0.386 -1.566} -context [db::getNext [de::getContexts -window 7]]
[20:43:40.86] /# gi::executeAction deEndDrag -in [gi::getWindows 7]
[20:43:40.86] /i de::endDrag {0.462 -1.566} -context [db::getNext [de::getContexts -window 7]]
[20:43:40.87] /r dePanToPoint {-1.201 -1.184}
[20:43:41.61] /# gi::executeAction deStartDrag -in [gi::getWindows 7]
[20:43:41.61] /i de::startDrag {-2.66 -1.552} -context [db::getNext [de::getContexts -window 7]]
[20:43:42.22] /# gi::executeAction deEndDrag -in [gi::getWindows 7]
[20:43:42.22] /i de::endDrag {-2.658 -1.552} -context [db::getNext [de::getContexts -window 7]]
[20:43:42.22] /r dePanToPoint {-3.905 -1.184}
[20:43:42.92] /# gi::executeAction deStartDrag -in [gi::getWindows 7]
[20:43:42.93] /i de::startDrag {-5.783 -1.558} -context [db::getNext [de::getContexts -window 7]]
[20:43:43.76] /# gi::executeAction deEndDrag -in [gi::getWindows 7]
[20:43:43.76] /i de::endDrag {-5.724 -1.552} -context [db::getNext [de::getContexts -window 7]]
[20:43:43.79] /r dePanToPoint {-6.532 -1.263}
[20:43:44.02] /# gi::executeAction deAddPoint -in [gi::getWindows 7]
[20:43:44.03] /i de::addPoint {-5.741 -1.541} -context [db::getNext [de::getContexts -window 7]]
[20:43:44.99] /# gi::executeAction deStartDrag -in [gi::getWindows 7]
[20:43:44.99] /i de::startDrag {-7.532 -1.861} -context [db::getNext [de::getContexts -window 7]]
[20:43:45.96] /# gi::executeAction deEndDrag -in [gi::getWindows 7]
[20:43:45.96] /i de::endDrag {-7.518 -1.869} -context [db::getNext [de::getContexts -window 7]]
[20:43:45.96] /r dePanToPoint {-7.964 -1.442}
[20:43:46.85] /# gi::executeAction leStretch -in [gi::getWindows 7]
[20:43:46.85] /i ile::stretch
[20:43:48.31] /# gi::executeAction deAddPoint -in [gi::getWindows 7]
[20:43:48.31] /i de::addPoint {-7.985 -1.688} -context [db::getNext [de::getContexts -window 7]]
[20:43:50.40] /# gi::executeAction deAddPoint -in [gi::getWindows 7]
[20:43:50.40] /i de::addPoint {-8.107 -1.688} -context [db::getNext [de::getContexts -window 7]]
[20:43:50.94] /# gi::executeAction deAbortCommand -in [gi::getWindows 7]
[20:43:50.95] /i de::abortCommand -context [db::getNext [de::getContexts -window 7]]
[20:43:51.43] /# gi::executeAction deCanvasZoomOutAtPoint -in [gi::getWindows 7]
[20:43:51.44] /i de::zoom -window [gi::getWindows 7] -factor 0.5 -center {-8.407 -1.348}
[20:43:51.45] /o {-11.968 -3.62} {-3.072 0.548}
[20:43:52.12] /# gi::executeAction deCanvasZoomOutAtPoint -in [gi::getWindows 7]
[20:43:52.12] /i de::zoom -window [gi::getWindows 7] -factor 0.5 -center {-7.047 -0.958}
[20:43:52.12] /o {-16.889 -6.281} {0.903 2.054}
[20:43:53.57] /i gi::executeAction deSaveDesign -in [gi::getWindows 7]
[20:43:53.57] /m Information: Saving design 'dff dff layout'. (DESIGN_WINDOW-004)
[20:43:55.93] /# gi::executeAction deCanvasZoomInAtPoint -in [gi::getWindows 7]
[20:43:55.93] /i de::zoom -window [gi::getWindows 7] -factor 2.0 -center {-4.182 -2.85}
[20:43:55.93] /o {-10.536 -4.566} {-1.64 -0.398}
[20:43:56.45] /# gi::executeAction deCanvasZoomInAtPoint -in [gi::getWindows 7]
[20:43:56.45] /i de::zoom -window [gi::getWindows 7] -factor 2.0 -center {-4.143 -3.144}
[20:43:56.45] /o {-7.339 -3.855} {-2.891 -1.771}
[20:43:57.37] /# gi::executeAction deSelectByWindow -in [gi::getWindows 7]
[20:43:57.37] /i db::setPrefValue deSelectMode -value Replace -scope [db::getScopes [db::getNext [de::getContexts -window 7]]]; ide::selectByRegion -region rectangle -point {-4.71 -2.88} 
[20:43:58.22] /# gi::executeAction deEndDrag -in [gi::getWindows 7]
[20:43:58.22] /i de::endDrag {-4.301 -3.13} -context [db::getNext [de::getContexts -window 7]]
[20:43:58.64] /# gi::executeAction deCanvasZoomOutAtPoint -in [gi::getWindows 7]
[20:43:58.64] /i de::zoom -window [gi::getWindows 7] -factor 0.5 -center {-4.301 -3.13}
[20:43:58.64] /o {-10.378 -4.58} {-1.482 -0.412}
[20:44:00.69] /# gi::executeAction deCanvasZoomOutAtPoint -in [gi::getWindows 7]
[20:44:00.69] /i de::zoom -window [gi::getWindows 7] -factor 0.5 -center {-4.103 -2.937}
[20:44:00.69] /o {-16.652 -6.222} {1.14 2.113}
[20:44:02.87] /# gi::executeAction dePan -in [gi::getWindows 7]
[20:44:02.87] /i ide::pan [db::getNext [de::getContexts -window 7]]
[20:44:03.23] /# gi::executeAction deStartDrag -in [gi::getWindows 7]
[20:44:03.23] /i de::startDrag {-2.632 -3.029} -context [db::getNext [de::getContexts -window 7]]
[20:44:04.17] /# gi::executeAction deEndDrag -in [gi::getWindows 7]
[20:44:04.17] /i de::endDrag {-2.643 -3.029} -context [db::getNext [de::getContexts -window 7]]
[20:44:04.17] /r dePanToPoint {-6.273 -2.043}
[20:44:04.61] /# gi::executeAction deCanvasZoomInAtPoint -in [gi::getWindows 7]
[20:44:04.61] /i de::zoom -window [gi::getWindows 7] -factor 2.0 -center {-2.575 -3.029}
[20:44:04.61] /o {-8.872 -4.62} {0.024 -0.452}
[20:44:05.54] /# gi::executeAction deStartDrag -in [gi::getWindows 7]
[20:44:05.54] /i de::startDrag {-2.19 -3.006} -context [db::getNext [de::getContexts -window 7]]
[20:44:07.45] /# gi::executeAction deEndDrag -in [gi::getWindows 7]
[20:44:07.45] /i de::endDrag {-2.196 -3.006} -context [db::getNext [de::getContexts -window 7]]
[20:44:07.45] /r dePanToPoint {-3.988 -2.479}
[20:44:08.05] /# gi::executeAction leRuler -in [gi::getWindows 7]
[20:44:08.05] /i ile::createRuler
[20:44:11.09] /# gi::executeAction deAddPoint -in [gi::getWindows 7]
[20:44:11.09] /i de::addPoint {-8.107 -2.236} -context [db::getNext [de::getContexts -window 7]]
[20:44:16.75] /# gi::executeAction deAddPoint -in [gi::getWindows 7]
[20:44:16.75] /i de::addPoint {0.211 -2.349} -context [db::getNext [de::getContexts -window 7]]
[20:44:19.98] /# gi::executeAction dePan -in [gi::getWindows 7]
[20:44:19.98] /i ide::pan [db::getNext [de::getContexts -window 7]]
[20:44:20.20] /# gi::executeAction deStartDrag -in [gi::getWindows 7]
[20:44:20.20] /i de::startDrag {-7.569 -2.576} -context [db::getNext [de::getContexts -window 7]]
[20:44:21.07] /# gi::executeAction deEndDrag -in [gi::getWindows 7]
[20:44:21.07] /i de::endDrag {-7.524 -2.627} -context [db::getNext [de::getContexts -window 7]]
[20:44:21.08] /r dePanToPoint {-5.755 -0.594}
[20:44:21.83] /# gi::executeAction deStartDrag -in [gi::getWindows 7]
[20:44:21.83] /i de::startDrag {-9.144 0.363} -context [db::getNext [de::getContexts -window 7]]
[20:44:22.46] /# gi::executeAction deEndDrag -in [gi::getWindows 7]
[20:44:22.46] /i de::endDrag {-9.127 0.346} -context [db::getNext [de::getContexts -window 7]]
[20:44:22.46] /r dePanToPoint {-5.947 -0.18}
[20:44:24.19] /# gi::executeAction deCanvasZoomOutAtPoint -in [gi::getWindows 7]
[20:44:24.19] /i de::zoom -window [gi::getWindows 7] -factor 0.5 -center {-4.512 1.116}
[20:44:24.20] /o {-16.278 -5.645} {1.514 2.691}
[20:44:25.32] /# gi::executeAction deStartDrag -in [gi::getWindows 7]
[20:44:25.32] /i de::startDrag {-9.223 1.581} -context [db::getNext [de::getContexts -window 7]]
[20:44:26.24] /# gi::executeAction deEndDrag -in [gi::getWindows 7]
[20:44:26.24] /i de::endDrag {-9.234 1.547} -context [db::getNext [de::getContexts -window 7]]
[20:44:26.24] /r dePanToPoint {-6.861 -0.525}
[20:44:28.28] /# gi::executeAction leRuler -in [gi::getWindows 7]
[20:44:28.28] /i ile::createRuler
[20:44:32.68] /# gi::executeAction deAddPoint -in [gi::getWindows 7]
[20:44:32.68] /i de::addPoint {-8.124 3.404} -context [db::getNext [de::getContexts -window 7]]
[20:44:36.41] /# gi::executeAction deCanvasZoomInAtPoint -in [gi::getWindows 7]
[20:44:36.41] /i de::zoom -window [gi::getWindows 7] -factor 2.0 -center {-7.954 -2.123}
[20:44:36.41] /o {-11.856 -3.408} {-2.96 0.76}
[20:44:36.99] /# gi::executeAction deCanvasZoomInAtPoint -in [gi::getWindows 7]
[20:44:36.99] /i de::zoom -window [gi::getWindows 7] -factor 2.0 -center {-7.954 -2.236}
[20:44:36.99] /o {-9.905 -2.822} {-5.457 -0.738}
[20:44:37.49] /# gi::executeAction deCanvasZoomInAtPoint -in [gi::getWindows 7]
[20:44:37.49] /i de::zoom -window [gi::getWindows 7] -factor 2.0 -center {-7.96 -2.239}
[20:44:37.49] /o {-8.932 -2.531} {-6.708 -1.489}
[20:44:42.06] /# gi::executeAction deAddPoint -in [gi::getWindows 7]
[20:44:42.06] /i de::addPoint {-7.973 -2.232} -context [db::getNext [de::getContexts -window 7]]
[20:44:43.07] /# gi::executeAction deCanvasZoomOutAtPoint -in [gi::getWindows 7]
[20:44:43.07] /i de::zoom -window [gi::getWindows 7] -factor 0.5 -center {-7.748 -2.138}
[20:44:43.07] /o {-10.117 -2.923} {-5.669 -0.839}
[20:44:44.37] /# gi::executeAction dePan -in [gi::getWindows 7]
[20:44:44.37] /i ide::pan [db::getNext [de::getContexts -window 7]]
[20:44:44.69] /# gi::executeAction deStartDrag -in [gi::getWindows 7]
[20:44:44.69] /i de::startDrag {-6.974 -2.538} -context [db::getNext [de::getContexts -window 7]]
[20:44:48.90] /# gi::executeAction deEndDrag -in [gi::getWindows 7]
[20:44:48.90] /i de::endDrag {-6.977 -2.532} -context [db::getNext [de::getContexts -window 7]]
[20:44:48.90] /r dePanToPoint {-4.897 -1.997}
[20:44:49.37] /# gi::executeAction deStartDrag -in [gi::getWindows 7]
[20:44:49.37] /i de::startDrag {-4.182 -2.923} -context [db::getNext [de::getContexts -window 7]]
[20:44:50.47] /# gi::executeAction deEndDrag -in [gi::getWindows 7]
[20:44:50.47] /i de::endDrag {-4.188 -2.923} -context [db::getNext [de::getContexts -window 7]]
[20:44:50.47] /r dePanToPoint {-2.836 -2.125}
[20:44:51.19] /# gi::executeAction deStartDrag -in [gi::getWindows 7]
[20:44:51.19] /i de::startDrag {-2.486 -2.804} -context [db::getNext [de::getContexts -window 7]]
[20:44:52.56] /# gi::executeAction deEndDrag -in [gi::getWindows 7]
[20:44:52.56] /i de::endDrag {-2.489 -2.807} -context [db::getNext [de::getContexts -window 7]]
[20:44:52.56] /r dePanToPoint {-0.976 -2.116}
[20:44:54.62] /# gi::executeAction deStartDrag -in [gi::getWindows 7]
[20:44:54.62] /i de::startDrag {-2.113 -2.547} -context [db::getNext [de::getContexts -window 7]]
[20:44:55.30] /# gi::executeAction deEndDrag -in [gi::getWindows 7]
[20:44:55.30] /i de::endDrag {-2.028 -2.532} -context [db::getNext [de::getContexts -window 7]]
[20:44:55.31] /r dePanToPoint {-4.594 -2.13}
[20:44:55.68] /# gi::executeAction deStartDrag -in [gi::getWindows 7]
[20:44:55.68] /i de::startDrag {-5.657 -2.53} -context [db::getNext [de::getContexts -window 7]]
[20:44:56.19] /# gi::executeAction deEndDrag -in [gi::getWindows 7]
[20:44:56.19] /i de::endDrag {-5.655 -2.53} -context [db::getNext [de::getContexts -window 7]]
[20:44:56.19] /r dePanToPoint {-7.244 -2.187}
[20:45:11.27] /# gi::executeAction deStartDrag -in [gi::getWindows 7]
[20:45:11.27] /i de::startDrag {-5.83 -2.697} -context [db::getNext [de::getContexts -window 7]]
[20:45:11.90] /# gi::executeAction deEndDrag -in [gi::getWindows 7]
[20:45:11.90] /i de::endDrag {-5.842 -2.697} -context [db::getNext [de::getContexts -window 7]]
[20:45:11.90] /r dePanToPoint {-4.441 -2.184}
[20:45:12.37] /# gi::executeAction deStartDrag -in [gi::getWindows 7]
[20:45:12.37] /i de::startDrag {-2.99 -2.53} -context [db::getNext [de::getContexts -window 7]]
[20:45:12.93] /# gi::executeAction deEndDrag -in [gi::getWindows 7]
[20:45:12.93] /i de::endDrag {-2.999 -2.53} -context [db::getNext [de::getContexts -window 7]]
[20:45:12.93] /r dePanToPoint {-1.905 -2.195}
[20:45:13.35] /# gi::executeAction deStartDrag -in [gi::getWindows 7]
[20:45:13.35] /i de::startDrag {-0.08 -2.53} -context [db::getNext [de::getContexts -window 7]]
[20:45:13.69] /# gi::executeAction deEndDrag -in [gi::getWindows 7]
[20:45:13.69] /i de::endDrag {-0.139 -2.53} -context [db::getNext [de::getContexts -window 7]]
[20:45:13.69] /r dePanToPoint {-0.874 -2.21}
[20:45:30.40] /j ::xt::hercules::vue::clearAllHighlights dff layout 
[20:45:30.41] /j ::xt::hercules::vue::clearAllHighlights dff layout 
[20:45:30.63] /m Information: Connection closed with 'Hercules-VUE' running on 'localhost'.
[20:48:14.44] /i gi::executeAction deSaveDesign -in [gi::getWindows 7]
[20:48:14.44] /m Information: Saving design 'dff dff layout'. (DESIGN_WINDOW-004)
[20:48:15.63] /# gi::executeAction deCanvasZoomOutAtPoint -in [gi::getWindows 7]
[20:48:15.63] /i de::zoom -window [gi::getWindows 7] -factor 0.5 -center {-1.388 -2.201}
[20:48:15.63] /o {-4.808 -4.302} {4.088 -0.134}
[20:54:46.26] /i gi::setActiveWindow 4
[20:54:46.27] /i gi::setActiveWindow 4 -raise true
[20:55:09.53] /i gi::executeAction giCloseWindow -in [gi::getWindows 4]
[20:55:09.57] /i gi::setActiveWindow 7
[20:55:09.57] /i gi::setActiveWindow 7 -raise true
[20:55:10.55] /i gi::setActiveWindow 6
[20:55:10.55] /i gi::setActiveWindow 6 -raise true
[20:55:12.15] /i gi::setItemSelection {views} -index {schematic} -in [gi::getWindows 6]
[20:55:12.30] /i gi::executeAction dmOpen -in [gi::getWindows 6]
[20:55:12.36] /r giWindowId 15
[20:55:12.37] /r giWindowGeometry 1632x849
[20:55:12.73] /o "dff/dff/schematic" design does not need checking
[21:06:16.81] /# gi::executeAction deSelectActive -in [gi::getWindows 15]
[21:06:16.81] /i de::deselectAllLogic -context [db::getNext [de::getContexts -window 15]]
[21:06:17.73] /# gi::executeAction deSelectActive -in [gi::getWindows 15]
[21:06:17.73] /i de::deselectAll [db::getNext [de::getContexts -window 15]]
[21:06:17.73] /i de::select [de::getActiveFigure [gi::getWindows 15] -point {10.05625 1.05} -index 0 -intent none]
[21:06:17.73] /o oa:0x23bc94a0
[21:06:17.88] /# gi::executeAction deDescend -in [gi::getWindows 15]
[21:06:17.88] /i ide::descend 15 -inPlace false -promptView false -readOnly auto
[21:06:17.92] /r giWindowId 16
[21:06:17.94] /r giWindowGeometry 1632x849
[21:06:18.42] /# Navigating to tg/tg/schematic (I19)
[21:06:18.50] /o "tg/tg/schematic" design does not need checking
[21:06:18.52] /o true
[21:08:44.65] /# gi::executeAction giPostContextMenu -in [gi::getWindows 16]
[21:08:44.66] /i gi::executeAction menuPreShow -in [gi::getWindows 16]
[21:08:44.66] /r giMenuAccess db::getNext [gi::getMenus seSchCanvasContextMenu]
[21:08:45.28] /# gi::executeAction deReturn -in [gi::getWindows 16]
[21:08:45.28] /i de::return [db::getNext [de::getContexts -window 16]]
[21:08:45.28] /# Navigating to dff/dff/schematic
[21:08:45.39] /o oa:0x22be20a0
[21:08:46.65] /# gi::executeAction deSelectActive -in [gi::getWindows 16]
[21:08:46.65] /i de::deselectAll [db::getNext [de::getContexts -window 16]]
[21:08:46.66] /i de::select [de::getActiveFigure [gi::getWindows 16] -point {3.54375 2.29375} -index 0 -intent none]
[21:08:46.66] /o oa:0x21b85b10
[21:08:46.83] /# gi::executeAction deDescend -in [gi::getWindows 16]
[21:08:46.83] /i ide::descend 16 -inPlace false -promptView false -readOnly auto
[21:08:46.84] /r giWindowId 17
[21:08:46.87] /r giWindowGeometry 1632x849
[21:08:47.34] /# Navigating to inv/inv/schematic (I15)
[21:08:47.44] /o "inv/inv/schematic" design does not need checking
[21:08:47.46] /o true
[21:08:49.82] /w Warning: Nothing is bound to the 'Meta-Shift-s' in the current active set. (WINDOW-015)
[21:12:41.31] /# gi::executeAction deSelectActive -in [gi::getWindows 17]
[21:12:41.32] /i de::deselectAllLogic -context [db::getNext [de::getContexts -window 17]]
[21:12:44.51] /i gi::executeAction deSaveDesign -in [gi::getWindows 17]
[21:12:44.51] /m Information: Saving design 'inv inv schematic'. (DESIGN_WINDOW-004)
[21:12:45.60] /# gi::executeAction deSelectActive -in [gi::getWindows 17]
[21:12:45.60] /i de::deselectAllLogic -context [db::getNext [de::getContexts -window 17]]
[21:12:46.14] /i gi::executeAction deSaveDesign -in [gi::getWindows 17]
[21:12:46.15] /m Information: Saving design 'inv inv schematic'. (DESIGN_WINDOW-004)
[21:31:09.12] /# gi::executeAction deCanvasPanSouthWest -in [gi::getWindows 17]
[21:31:09.12] /i de::pan -window [gi::getWindows 17] -direction SW -multiplier 0.5
[21:31:09.15] /o {-5.1875 -3.45625} {1.60625 -0.125}
[21:31:11.17] /# gi::executeAction dePan -in [gi::getWindows 17]
[21:31:11.19] /i ide::pan [db::getNext [de::getContexts -window 17]]
[21:31:11.42] /# gi::executeAction deStartDrag -in [gi::getWindows 17]
[21:31:11.42] /i de::startDrag {0.25625 -1.53125} -context [db::getNext [de::getContexts -window 17]]
[21:31:12.49] /# gi::executeAction deEndDrag -in [gi::getWindows 17]
[21:31:12.49] /i de::endDrag {0.25625 -1.54375} -context [db::getNext [de::getContexts -window 17]]
[21:31:12.50] /r dePanToPoint {1.29375 -0.53125}
[21:31:12.78] /# gi::executeAction giPostContextMenu -in [gi::getWindows 17]
[21:31:12.82] /i gi::executeAction menuPreShow -in [gi::getWindows 17]
[21:31:12.82] /r giMenuAccess db::getNext [gi::getMenus seSchCanvasContextMenu]
[21:31:13.88] /# gi::executeAction deReturn -in [gi::getWindows 17]
[21:31:13.88] /i de::return [db::getNext [de::getContexts -window 17]]
[21:31:13.90] /# Navigating to dff/dff/schematic
[21:31:14.12] /o oa:0x22f4a7e0
[21:31:16.87] /i gi::setActiveWindow 6
[21:31:16.88] /i gi::setActiveWindow 6 -raise true
[21:31:20.45] /i gi::executeAction giCloseWindow -in [gi::getWindows 13]
[21:31:22.00] /i gi::executeAction giCloseWindow -in [gi::getWindows 11]
[21:31:23.74] /i gi::setActiveWindow 17
[21:31:23.74] /i gi::setActiveWindow 17 -raise true
[21:31:24.71] /i gi::executeAction giCloseWindow -in [gi::getWindows 16]
[21:31:26.10] /i gi::executeAction giCloseWindow -in [gi::getWindows 17]
[21:31:26.15] /i gi::setActiveWindow 7
[21:31:26.15] /i gi::setActiveWindow 7 -raise true
[21:31:27.79] /i gi::executeAction giCloseWindow -in [gi::getWindows 15]
[21:31:28.57] /i gi::setActiveWindow 6
[21:31:28.57] /i gi::setActiveWindow 6 -raise true
[21:31:30.37] /i gi::setCurrentIndex {views} -index {symbol} -in [gi::getWindows 6]
[21:31:30.37] /i gi::setItemSelection {views} -index {symbol} -in [gi::getWindows 6]
[21:31:30.52] /i gi::executeAction dmOpen -in [gi::getWindows 6]
[21:31:30.66] /r giWindowId 18
[21:31:30.68] /r giWindowGeometry 1632x849
[21:31:32.77] /# gi::executeAction deCanvasZoomOutAtPoint -in [gi::getWindows 18]
[21:31:32.77] /i de::zoom -window [gi::getWindows 18] -factor 0.5 -center {1.09375 0.16875}
[21:31:32.77] /o {-3.11875 -1.28125} {2.40625 0.99375}
[21:31:34.35] /# gi::executeAction dePan -in [gi::getWindows 18]
[21:31:34.36] /i ide::pan [db::getNext [de::getContexts -window 18]]
[21:31:34.67] /# gi::executeAction deStartDrag -in [gi::getWindows 18]
[21:31:34.67] /i de::startDrag {1.7875 -0.09375} -context [db::getNext [de::getContexts -window 18]]
[21:31:35.63] /# gi::executeAction deEndDrag -in [gi::getWindows 18]
[21:31:35.63] /i de::endDrag {1.74375 -0.08125} -context [db::getNext [de::getContexts -window 18]]
[21:31:35.63] /r dePanToPoint {0.5125 -0.075}
[21:32:25.68] /i gi::setActiveWindow 7
[21:32:25.68] /i gi::setActiveWindow 7 -raise true
[21:32:27.21] /# gi::executeAction dePan -in [gi::getWindows 7]
[21:32:27.21] /i ide::pan [db::getNext [de::getContexts -window 7]]
[21:32:27.54] /# gi::executeAction deStartDrag -in [gi::getWindows 7]
[21:32:27.54] /i de::startDrag {0.906 -1.459} -context [db::getNext [de::getContexts -window 7]]
[21:32:28.20] /# gi::executeAction deEndDrag -in [gi::getWindows 7]
[21:32:28.20] /i de::endDrag {0.911 -1.471} -context [db::getNext [de::getContexts -window 7]]
[21:32:28.20] /r dePanToPoint {-2.319 -0.729}
[21:32:29.07] /# gi::executeAction deStartDrag -in [gi::getWindows 7]
[21:32:29.07] /i de::startDrag {-1.643 0.477} -context [db::getNext [de::getContexts -window 7]]
[21:32:30.32] /# gi::executeAction deEndDrag -in [gi::getWindows 7]
[21:32:30.32] /i de::endDrag {-1.603 0.46} -context [db::getNext [de::getContexts -window 7]]
[21:32:30.32] /r dePanToPoint {-3.786 0.132}
[21:32:31.86] /i db::setAttr shown -of [gi::getAssistants leObjectLayerPanel -from [gi::getWindows 7]] -value false
[21:32:33.04] /# gi::executeAction deStartDrag -in [gi::getWindows 7]
[21:32:33.04] /i de::startDrag {-1.569 0.664} -context [db::getNext [de::getContexts -window 7]]
[21:32:34.58] /# gi::executeAction deEndDrag -in [gi::getWindows 7]
[21:32:34.58] /i de::endDrag {-1.575 0.664} -context [db::getNext [de::getContexts -window 7]]
[21:32:34.58] /r dePanToPoint {-3.995 0.307}
[21:32:34.97] /# gi::executeAction deCanvasZoomOutAtPoint -in [gi::getWindows 7]
[21:32:34.97] /i de::zoom -window [gi::getWindows 7] -factor 0.5 -center {-1.614 0.658}
[21:32:34.97] /o {-16.949 -4.211} {4.195 4.124}
[21:32:36.07] /# gi::executeAction deStartDrag -in [gi::getWindows 7]
[21:32:36.07] /i de::startDrag {1.557 1.067} -context [db::getNext [de::getContexts -window 7]]
[21:32:38.04] /# gi::executeAction deEndDrag -in [gi::getWindows 7]
[21:32:38.04] /i de::endDrag {1.545 1.067} -context [db::getNext [de::getContexts -window 7]]
[21:32:38.04] /r dePanToPoint {-3.749 0.24}
[21:32:38.33] /# gi::executeAction deCanvasZoomOutAtPoint -in [gi::getWindows 7]
[21:32:38.33] /i de::zoom -window [gi::getWindows 7] -factor 0.5 -center {1.545 1.067}
[21:32:38.33] /o {-30.188 -8.923} {12.101 7.748}
[21:32:38.88] /# gi::executeAction deCanvasZoomOutAtPoint -in [gi::getWindows 7]
[21:32:38.88] /i de::zoom -window [gi::getWindows 7] -factor 0.5 -center {1.591 1.066}
[21:32:38.88] /o {-61.967 -18.912} {22.61 14.43}
[21:32:39.51] /# gi::executeAction deStartDrag -in [gi::getWindows 7]
[21:32:39.51] /i de::startDrag {10.017 0.93} -context [db::getNext [de::getContexts -window 7]]
[21:32:40.02] /# gi::executeAction deEndDrag -in [gi::getWindows 7]
[21:32:40.02] /i de::endDrag {9.971 0.93} -context [db::getNext [de::getContexts -window 7]]
[21:32:40.02] /r dePanToPoint {-13.743 -1.516}
[21:32:40.21] /# gi::executeAction deCanvasZoomInAtPoint -in [gi::getWindows 7]
[21:32:40.21] /i de::zoom -window [gi::getWindows 7] -factor 2.0 -center {10.017 0.93}
[21:32:40.21] /o {-23.008 -8.628} {19.281 8.042}
[21:32:40.32] /# gi::executeAction deCanvasZoomInAtPoint -in [gi::getWindows 7]
[21:32:40.32] /i de::zoom -window [gi::getWindows 7] -factor 2.0 -center {9.994 0.93}
[21:32:40.32] /o {-6.507 -3.849} {14.637 4.486}
[21:32:41.10] /# gi::executeAction deStartDrag -in [gi::getWindows 7]
[21:32:41.10] /i de::startDrag {1.194 0.93} -context [db::getNext [de::getContexts -window 7]]
[21:32:42.16] /# gi::executeAction deEndDrag -in [gi::getWindows 7]
[21:32:42.16] /i de::endDrag {1.206 0.93} -context [db::getNext [de::getContexts -window 7]]
[21:32:42.16] /r dePanToPoint {-1.473 0.318}
[21:32:42.46] /# gi::executeAction deCanvasZoomInAtPoint -in [gi::getWindows 7]
[21:32:42.46] /i de::zoom -window [gi::getWindows 7] -factor 2.0 -center {0.583 0.806}
[21:32:42.46] /o {-5.731 -1.522} {4.841 2.646}
[21:32:43.30] /# gi::executeAction deStartDrag -in [gi::getWindows 7]
[21:32:43.30] /i de::startDrag {0.685 0.772} -context [db::getNext [de::getContexts -window 7]]
[21:32:44.03] /# gi::executeAction deEndDrag -in [gi::getWindows 7]
[21:32:44.03] /i de::endDrag {0.747 0.777} -context [db::getNext [de::getContexts -window 7]]
[21:32:44.03] /r dePanToPoint {-1.923 0.353}
[21:32:44.59] /# gi::executeAction deCanvasZoomOutAtPoint -in [gi::getWindows 7]
[21:32:44.59] /i de::zoom -window [gi::getWindows 7] -factor 0.5 -center {0.566 0.76}
[21:32:44.59] /o {-14.984 -4.222} {6.161 4.113}
[21:33:41.66] /# gi::executeAction deHighlightConnected -in [gi::getWindows 7]
[21:33:41.66] /i ile::highlightConnected
[21:33:46.51] /# gi::executeAction deAbortCommand -in [gi::getWindows 7]
[21:33:46.51] /i de::abortCommand -context [db::getNext [de::getContexts -window 7]]
[21:33:50.06] /# gi::executeAction leShowDesignOptions -in [gi::getWindows 7]
[21:33:50.06] /i le::showDesignOptions
[21:33:50.15] /# gi::setActiveTab {tabWidget} -tabName {grids} -in [gi::getDialogs {deLayoutDesignOptions} -parent [gi::getWindows 7]]
[21:33:50.15] /# gi::setActiveTab {tabWidget} -tabName {general} -in [gi::getDialogs {deLayoutDesignOptions} -parent [gi::getWindows 7]]
[21:33:50.16] /o oa:0x1d080450
[21:33:50.33] /i gi::setActiveDialog [gi::getDialogs {deLayoutDesignOptions} -parent [gi::getWindows 7]]
[21:33:50.56] /i db::setAttr geometry -of [gi::getDialogs {deLayoutDesignOptions} -parent [gi::getWindows 7]] -value 645x597+0+71
[21:34:01.01] /i gi::setActiveTab {tabWidget} -tabName {command} -in [gi::getDialogs {deLayoutDesignOptions} -parent [gi::getWindows 7]]
[21:34:02.33] /i gi::setActiveTab {tabWidget} -tabName {grids} -in [gi::getDialogs {deLayoutDesignOptions} -parent [gi::getWindows 7]]
[21:34:09.56] /i gi::setActiveTab {tabWidget} -tabName {connectivity} -in [gi::getDialogs {deLayoutDesignOptions} -parent [gi::getWindows 7]]
[21:34:11.99] /i gi::closeWindows [gi::getDialogs {deLayoutDesignOptions} -parent [gi::getWindows 7]]
[21:39:11.76] /# gi::executeAction deShowGeneralOptions -in [gi::getWindows 7]
[21:39:11.76] /i de::showGeneralOptions
[21:39:11.93] /o oa:0x17545f60
[21:39:12.06] /i gi::setActiveDialog [gi::getDialogs {deGeneralOptions} -parent [gi::getWindows 7]]
[21:39:12.22] /i db::setAttr geometry -of [gi::getDialogs {deGeneralOptions} -parent [gi::getWindows 7]] -value 888x541+506+196
[21:39:22.55] /# gi::setField {theme} -value {Low\ Resource} -in [gi::getDialogs {deGeneralOptions} -parent [gi::getWindows 7]]
[21:39:24.24] /# gi::setField {theme} -value {Light} -in [gi::getDialogs {deGeneralOptions} -parent [gi::getWindows 7]]
[21:39:29.63] /# gi::setCurrentIndex {generalOptionsSelector} -index {Editors} -in [gi::getDialogs {deGeneralOptions} -parent [gi::getWindows 7]]
[21:39:29.64] /# gi::setItemSelection {generalOptionsSelector} -index {Editors} -in [gi::getDialogs {deGeneralOptions} -parent [gi::getWindows 7]]
[21:39:39.03] /# gi::setCurrentIndex {generalOptionsSelector} -index {Commands} -in [gi::getDialogs {deGeneralOptions} -parent [gi::getWindows 7]]
[21:39:39.03] /# gi::setItemSelection {generalOptionsSelector} -index {Commands} -in [gi::getDialogs {deGeneralOptions} -parent [gi::getWindows 7]]
[21:39:46.27] /# gi::setCurrentIndex {generalOptionsSelector} -index {Layout} -in [gi::getDialogs {deGeneralOptions} -parent [gi::getWindows 7]]
[21:39:46.27] /# gi::setItemSelection {generalOptionsSelector} -index {} -in [gi::getDialogs {deGeneralOptions} -parent [gi::getWindows 7]]
[21:39:47.53] /# gi::setCurrentIndex {generalOptionsSelector} -index {Layout.Cursor} -in [gi::getDialogs {deGeneralOptions} -parent [gi::getWindows 7]]
[21:39:47.54] /# gi::setItemSelection {generalOptionsSelector} -index {Layout.Cursor} -in [gi::getDialogs {deGeneralOptions} -parent [gi::getWindows 7]]
[21:39:49.66] /# gi::setCurrentIndex {generalOptionsSelector} -index {Layout.Display} -in [gi::getDialogs {deGeneralOptions} -parent [gi::getWindows 7]]
[21:39:49.66] /# gi::setItemSelection {generalOptionsSelector} -index {Layout.Display} -in [gi::getDialogs {deGeneralOptions} -parent [gi::getWindows 7]]
[21:40:00.97] /# gi::setCurrentIndex {generalOptionsSelector} -index {Schematic} -in [gi::getDialogs {deGeneralOptions} -parent [gi::getWindows 7]]
[21:40:00.97] /# gi::setItemSelection {generalOptionsSelector} -index {Schematic} -in [gi::getDialogs {deGeneralOptions} -parent [gi::getWindows 7]]
[21:40:02.95] /# gi::setCurrentIndex {generalOptionsSelector} -index {Layout.Display} -in [gi::getDialogs {deGeneralOptions} -parent [gi::getWindows 7]]
[21:40:02.95] /# gi::setItemSelection {generalOptionsSelector} -index {Layout.Display} -in [gi::getDialogs {deGeneralOptions} -parent [gi::getWindows 7]]
[21:40:03.49] /# gi::setCurrentIndex {generalOptionsSelector} -index {Layout.Cursor} -in [gi::getDialogs {deGeneralOptions} -parent [gi::getWindows 7]]
[21:40:03.49] /# gi::setItemSelection {generalOptionsSelector} -index {Layout.Cursor} -in [gi::getDialogs {deGeneralOptions} -parent [gi::getWindows 7]]
[21:40:08.97] /# gi::setCurrentIndex {generalOptionsSelector} -index {Layout.Display} -in [gi::getDialogs {deGeneralOptions} -parent [gi::getWindows 7]]
[21:40:08.97] /# gi::setItemSelection {generalOptionsSelector} -index {Layout.Display} -in [gi::getDialogs {deGeneralOptions} -parent [gi::getWindows 7]]
[21:40:22.74] /# gi::setCurrentIndex {generalOptionsSelector} -index {Schematic} -in [gi::getDialogs {deGeneralOptions} -parent [gi::getWindows 7]]
[21:40:22.75] /# gi::setItemSelection {generalOptionsSelector} -index {Schematic} -in [gi::getDialogs {deGeneralOptions} -parent [gi::getWindows 7]]
[21:40:24.17] /# gi::setCurrentIndex {generalOptionsSelector} -index {Symbol} -in [gi::getDialogs {deGeneralOptions} -parent [gi::getWindows 7]]
[21:40:24.17] /# gi::setItemSelection {generalOptionsSelector} -index {Symbol} -in [gi::getDialogs {deGeneralOptions} -parent [gi::getWindows 7]]
[21:40:26.04] /# gi::setCurrentIndex {generalOptionsSelector} -index {Text} -in [gi::getDialogs {deGeneralOptions} -parent [gi::getWindows 7]]
[21:40:26.04] /# gi::setItemSelection {generalOptionsSelector} -index {Text} -in [gi::getDialogs {deGeneralOptions} -parent [gi::getWindows 7]]
[21:40:27.30] /# gi::setCurrentIndex {generalOptionsSelector} -index {Symbol} -in [gi::getDialogs {deGeneralOptions} -parent [gi::getWindows 7]]
[21:40:27.30] /# gi::setItemSelection {generalOptionsSelector} -index {Symbol} -in [gi::getDialogs {deGeneralOptions} -parent [gi::getWindows 7]]
[21:40:27.85] /# gi::setCurrentIndex {generalOptionsSelector} -index {Schematic} -in [gi::getDialogs {deGeneralOptions} -parent [gi::getWindows 7]]
[21:40:27.85] /# gi::setItemSelection {generalOptionsSelector} -index {Schematic} -in [gi::getDialogs {deGeneralOptions} -parent [gi::getWindows 7]]
[21:40:32.99] /# gi::setCurrentIndex {generalOptionsSelector} -index {Layout.Display} -in [gi::getDialogs {deGeneralOptions} -parent [gi::getWindows 7]]
[21:40:32.99] /# gi::setItemSelection {generalOptionsSelector} -index {Layout.Display} -in [gi::getDialogs {deGeneralOptions} -parent [gi::getWindows 7]]
[21:40:35.02] /# gi::setCurrentIndex {generalOptionsSelector} -index {Layout.Cursor} -in [gi::getDialogs {deGeneralOptions} -parent [gi::getWindows 7]]
[21:40:35.02] /# gi::setItemSelection {generalOptionsSelector} -index {Layout.Cursor} -in [gi::getDialogs {deGeneralOptions} -parent [gi::getWindows 7]]
[21:40:35.78] /i gi::collapse {generalOptionsSelector} -index {Layout} -in [gi::getDialogs {deGeneralOptions} -parent [gi::getWindows 7]]
[21:40:36.22] /i gi::expand {generalOptionsSelector} -index {Layout} -in [gi::getDialogs {deGeneralOptions} -parent [gi::getWindows 7]]
[21:40:48.37] /# gi::setCurrentIndex {generalOptionsSelector} -index {Layout.Display} -in [gi::getDialogs {deGeneralOptions} -parent [gi::getWindows 7]]
[21:40:48.37] /# gi::setItemSelection {generalOptionsSelector} -index {Layout.Display} -in [gi::getDialogs {deGeneralOptions} -parent [gi::getWindows 7]]
[21:41:04.44] /# gi::setCurrentIndex {generalOptionsSelector} -index {Layout.Cursor} -in [gi::getDialogs {deGeneralOptions} -parent [gi::getWindows 7]]
[21:41:04.45] /# gi::setItemSelection {generalOptionsSelector} -index {Layout.Cursor} -in [gi::getDialogs {deGeneralOptions} -parent [gi::getWindows 7]]
[21:41:07.57] /i gi::closeWindows [gi::getDialogs {deGeneralOptions} -parent [gi::getWindows 7]]
[21:41:13.20] /# gi::executeAction leShowDesignOptions -in [gi::getWindows 7]
[21:41:13.20] /i le::showDesignOptions
[21:41:13.25] /# gi::setActiveTab {tabWidget} -tabName {grids} -in [gi::getDialogs {deLayoutDesignOptions} -parent [gi::getWindows 7]]
[21:41:13.25] /# gi::setActiveTab {tabWidget} -tabName {general} -in [gi::getDialogs {deLayoutDesignOptions} -parent [gi::getWindows 7]]
[21:41:13.25] /o oa:0x21378cd0
[21:41:13.42] /i gi::setActiveDialog [gi::getDialogs {deLayoutDesignOptions} -parent [gi::getWindows 7]]
[21:41:13.65] /i db::setAttr geometry -of [gi::getDialogs {deLayoutDesignOptions} -parent [gi::getWindows 7]] -value 645x597+0+71
[21:41:23.52] /i gi::setField {restrictedSelectionSnap} -value {false} -in [gi::getDialogs {deLayoutDesignOptions} -parent [gi::getWindows 7]]
[21:41:25.45] /i gi::setField {restrictedSelectionSnap} -value {true} -in [gi::getDialogs {deLayoutDesignOptions} -parent [gi::getWindows 7]]
[21:41:26.15] /i gi::setField {restrictedSelectionSnap} -value {false} -in [gi::getDialogs {deLayoutDesignOptions} -parent [gi::getWindows 7]]
[21:41:26.75] /i gi::setField {restrictedSelectionSnap} -value {true} -in [gi::getDialogs {deLayoutDesignOptions} -parent [gi::getWindows 7]]
[21:41:27.11] /i gi::setField {restrictedSelectionSnap} -value {false} -in [gi::getDialogs {deLayoutDesignOptions} -parent [gi::getWindows 7]]
[21:41:35.06] /i gi::setActiveTab {tabWidget} -tabName {command} -in [gi::getDialogs {deLayoutDesignOptions} -parent [gi::getWindows 7]]
[21:41:35.97] /i gi::setActiveTab {tabWidget} -tabName {grids} -in [gi::getDialogs {deLayoutDesignOptions} -parent [gi::getWindows 7]]
[21:41:44.92] /i gi::setActiveTab {tabWidget} -tabName {connectivity} -in [gi::getDialogs {deLayoutDesignOptions} -parent [gi::getWindows 7]]
[21:41:47.31] /i gi::setActiveTab {tabWidget} -tabName {grids} -in [gi::getDialogs {deLayoutDesignOptions} -parent [gi::getWindows 7]]
[21:41:51.39] /i gi::setField {gravity} -value {true} -in [gi::getDialogs {deLayoutDesignOptions} -parent [gi::getWindows 7]]
[21:41:52.26] /i gi::setField {gravityOffGrid} -value {true} -in [gi::getDialogs {deLayoutDesignOptions} -parent [gi::getWindows 7]]
[21:41:58.02] /i gi::pressButton {ok} -in [gi::getDialogs {deLayoutDesignOptions} -parent [gi::getWindows 7]]
[21:41:59.51] /# gi::executeAction deCanvasZoomInAtPoint -in [gi::getWindows 7]
[21:41:59.51] /i de::zoom -window [gi::getWindows 7] -factor 2.0 -center {-3.523 1.327}
[21:41:59.51] /o {-9.253 -1.448} {1.319 2.72}
[21:42:01.39] /# gi::executeAction deCanvasZoomInAtPoint -in [gi::getWindows 7]
[21:42:01.39] /i de::zoom -window [gi::getWindows 7] -factor 2.0 -center {-3.523 1.327}
[21:42:01.40] /o {-6.388 -0.06} {-1.102 2.024}
[21:42:01.51] /# gi::executeAction deCanvasZoomInAtPoint -in [gi::getWindows 7]
[21:42:01.51] /i de::zoom -window [gi::getWindows 7] -factor 2.0 -center {-3.523 1.327}
[21:42:01.51] /o {-4.956 0.633} {-2.313 1.675}
[21:42:01.63] /# gi::executeAction deCanvasZoomInAtPoint -in [gi::getWindows 7]
[21:42:01.63] /i de::zoom -window [gi::getWindows 7] -factor 2.0 -center {-3.523 1.327}
[21:42:01.63] /o {-4.239 0.98} {-2.918 1.501}
[21:42:02.47] /# gi::executeAction deCanvasZoomOutAtPoint -in [gi::getWindows 7]
[21:42:02.47] /i de::zoom -window [gi::getWindows 7] -factor 0.5 -center {-3.523 1.327}
[21:42:02.47] /o {-4.956 0.633} {-2.313 1.675}
[21:42:02.55] /# gi::executeAction deCanvasZoomOutAtPoint -in [gi::getWindows 7]
[21:42:02.55] /i de::zoom -window [gi::getWindows 7] -factor 0.5 -center {-3.523 1.327}
[21:42:02.55] /o {-6.388 -0.06} {-1.102 2.024}
[21:42:02.58] /# gi::executeAction deCanvasZoomOutAtPoint -in [gi::getWindows 7]
[21:42:02.58] /i de::zoom -window [gi::getWindows 7] -factor 0.5 -center {-3.523 1.327}
[21:42:02.58] /o {-9.253 -1.448} {1.319 2.72}
[21:42:02.64] /# gi::executeAction deCanvasZoomOutAtPoint -in [gi::getWindows 7]
[21:42:02.64] /i de::zoom -window [gi::getWindows 7] -factor 0.5 -center {-3.523 1.327}
[21:42:02.69] /o {-14.984 -4.222} {6.161 4.113}
[21:42:02.74] /# gi::executeAction deCanvasZoomOutAtPoint -in [gi::getWindows 7]
[21:42:02.75] /i de::zoom -window [gi::getWindows 7] -factor 0.5 -center {-3.523 1.327}
[21:42:02.75] /o {-26.445 -9.771} {15.844 6.899}
[21:42:03.31] /# gi::executeAction deCanvasZoomInAtPoint -in [gi::getWindows 7]
[21:42:03.31] /i de::zoom -window [gi::getWindows 7] -factor 2.0 -center {-3.522 1.327}
[21:42:03.32] /o {-14.983 -4.222} {6.161 4.113}
[21:42:03.76] /# gi::executeAction deCanvasZoomInAtPoint -in [gi::getWindows 7]
[21:42:03.76] /i de::zoom -window [gi::getWindows 7] -factor 2.0 -center {-3.522 1.327}
[21:42:03.76] /o {-9.253 -1.448} {1.32 2.72}
[21:42:03.89] /# gi::executeAction deCanvasZoomInAtPoint -in [gi::getWindows 7]
[21:42:03.89] /i de::zoom -window [gi::getWindows 7] -factor 2.0 -center {-3.522 1.327}
[21:42:03.89] /o {-6.387 -0.06} {-1.101 2.024}
[21:42:09.56] /# gi::executeAction leShowDesignOptions -in [gi::getWindows 7]
[21:42:09.56] /i le::showDesignOptions
[21:42:09.56] /o oa:0x1e87c0f0
[21:42:09.67] /i gi::setActiveDialog [gi::getDialogs {deLayoutDesignOptions} -parent [gi::getWindows 7]]
[21:42:09.89] /i db::setAttr geometry -of [gi::getDialogs {deLayoutDesignOptions} -parent [gi::getWindows 7]] -value 645x597+0+71
[21:42:52.17] /i gi::closeWindows [gi::getDialogs {deLayoutDesignOptions} -parent [gi::getWindows 7]]
[21:42:53.05] /# gi::executeAction deSelectActive -in [gi::getWindows 7]
[21:42:53.05] /i de::deselectAllLogic -context [db::getNext [de::getContexts -window 7]]
[21:42:53.88] /# gi::executeAction leManualGuardRing -in [gi::getWindows 7]
[21:42:53.89] /i ile::createGuardRing
[21:42:54.01] /i gi::executeAction deObjectActivation -in [gi::getWindows 7]
[21:42:55.37] /# gi::executeAction leManualGuardRing -in [gi::getWindows 7]
[21:42:55.37] /i ile::createGuardRing
[21:42:57.80] /# gi::executeAction leManualGuardRing -in [gi::getWindows 7]
[21:42:57.80] /i ile::createGuardRing
[21:42:58.15] /i gi::executeAction deObjectActivation -in [gi::getWindows 7]
[21:44:08.52] /# gi::executeAction deAbortCommand -in [gi::getWindows 7]
[21:44:08.52] /i de::abortCommand -context [db::getNext [de::getContexts -window 7]]
[21:46:27.06] /# gi::executeAction deSelectActive -in [gi::getWindows 7]
[21:46:27.06] /i de::deselectAllLogic -context [db::getNext [de::getContexts -window 7]]
[21:46:27.78] /# gi::executeAction deCanvasZoomOutAtPoint -in [gi::getWindows 7]
[21:46:27.78] /i de::zoom -window [gi::getWindows 7] -factor 0.5 -center {-2.681 0.735}
[21:46:27.78] /o {-10.094 -0.856} {0.479 3.312}
[21:46:29.28] /# gi::executeAction deCanvasZoomInAtPoint -in [gi::getWindows 7]
[21:46:29.28] /i de::zoom -window [gi::getWindows 7] -factor 2.0 -center {-2.681 0.736}
[21:46:29.28] /o {-6.387 -0.06} {-1.101 2.024}
[21:46:30.34] /# gi::executeAction deCanvasZoomOutAtPoint -in [gi::getWindows 7]
[21:46:30.34] /i de::zoom -window [gi::getWindows 7] -factor 0.5 -center {-2.681 0.736}
[21:46:30.35] /o {-10.094 -0.856} {0.479 3.312}
[21:46:31.23] /# gi::executeAction deCanvasZoomInAtPoint -in [gi::getWindows 7]
[21:46:31.23] /i de::zoom -window [gi::getWindows 7] -factor 2.0 -center {-2.602 0.73}
[21:46:31.23] /o {-6.348 -0.063} {-1.062 2.021}
[21:46:32.55] /# gi::executeAction deCanvasZoomOutAtPoint -in [gi::getWindows 7]
[21:46:32.55] /i de::zoom -window [gi::getWindows 7] -factor 0.5 -center {-2.602 0.73}
[21:46:32.55] /o {-10.094 -0.856} {0.479 3.312}
[21:46:32.94] /# gi::executeAction deCanvasZoomOutAtPoint -in [gi::getWindows 7]
[21:46:32.94] /i de::zoom -window [gi::getWindows 7] -factor 0.5 -center {-2.596 0.73}
[21:46:32.94] /o {-17.591 -2.441} {3.553 5.894}
[21:46:37.39] /# gi::executeAction dePan -in [gi::getWindows 7]
[21:46:37.39] /i ide::pan [db::getNext [de::getContexts -window 7]]
[21:46:37.86] /# gi::executeAction deStartDrag -in [gi::getWindows 7]
[21:46:37.86] /i de::startDrag {1.379 0.56} -context [db::getNext [de::getContexts -window 7]]
[21:46:40.15] /# gi::executeAction deEndDrag -in [gi::getWindows 7]
[21:46:40.15] /i de::endDrag {1.367 0.56} -context [db::getNext [de::getContexts -window 7]]
[21:46:40.15] /r dePanToPoint {-4.505 0.809}
[21:46:50.06] /i gi::setField {stopLevel} -value {1} -in [gi::getToolbars {leHierarchy} -from [gi::getWindows 7]]
[21:47:04.14] /# gi::executeAction deFitSelected -in [gi::getWindows 7]
[21:47:04.14] /i de::fit -window 7 -set [de::getSelected -design [db::getAttr editDesign -of [db::getNext [de::getContexts -window 7]]]]
[21:47:04.14] /o {-15.077 -3.359} {6.067 4.977}
[21:47:15.28] /# gi::executeAction deAbortCommand -in [gi::getWindows 7]
[21:47:15.28] /i de::abortCommand -context [db::getNext [de::getContexts -window 7]]
[21:47:21.35] /# gi::executeAction deFitSelected -in [gi::getWindows 7]
[21:47:21.35] /i de::fit -window 7 -set [de::getSelected -design [db::getAttr editDesign -of [db::getNext [de::getContexts -window 7]]]]
[21:47:21.35] /o {-15.077 -3.359} {6.067 4.977}
[21:47:22.00] /# gi::executeAction deFitSelected -in [gi::getWindows 7]
[21:47:22.00] /i de::fit -window 7 -set [de::getSelected -design [db::getAttr editDesign -of [db::getNext [de::getContexts -window 7]]]]
[21:47:22.00] /o {-15.077 -3.359} {6.067 4.977}
[21:47:22.77] /# gi::executeAction deCanvasZoomInAtPoint -in [gi::getWindows 7]
[21:47:22.77] /i de::zoom -window [gi::getWindows 7] -factor 2.0 -center {-3.129 1.307}
[21:47:22.78] /o {-9.103 -1.026} {1.469 3.142}
[21:47:22.88] /# gi::executeAction deCanvasZoomInAtPoint -in [gi::getWindows 7]
[21:47:22.88] /i de::zoom -window [gi::getWindows 7] -factor 2.0 -center {-3.129 1.307}
[21:47:22.88] /o {-6.116 0.141} {-0.83 2.224}
[21:47:22.88] /# gi::executeAction deCanvasZoomInAtPoint -in [gi::getWindows 7]
[21:47:22.88] /i de::zoom -window [gi::getWindows 7] -factor 2.0 -center {-3.129 1.307}
[21:47:22.89] /o {-4.623 0.724} {-1.979 1.766}
[21:47:24.43] /# gi::executeAction deFitSelected -in [gi::getWindows 7]
[21:47:24.43] /i de::fit -window 7 -set [de::getSelected -design [db::getAttr editDesign -of [db::getNext [de::getContexts -window 7]]]]
[21:47:24.43] /o {-4.623 0.724} {-1.979 1.766}
[21:47:25.10] /# gi::executeAction deFitSelected -in [gi::getWindows 7]
[21:47:25.10] /i de::fit -window 7 -set [de::getSelected -design [db::getAttr editDesign -of [db::getNext [de::getContexts -window 7]]]]
[21:47:25.10] /o {-4.623 0.724} {-1.979 1.766}
[21:47:25.27] /# gi::executeAction deFitSelected -in [gi::getWindows 7]
[21:47:25.27] /i de::fit -window 7 -set [de::getSelected -design [db::getAttr editDesign -of [db::getNext [de::getContexts -window 7]]]]
[21:47:25.27] /o {-4.623 0.724} {-1.979 1.766}
[21:47:25.42] /# gi::executeAction deFitSelected -in [gi::getWindows 7]
[21:47:25.42] /i de::fit -window 7 -set [de::getSelected -design [db::getAttr editDesign -of [db::getNext [de::getContexts -window 7]]]]
[21:47:25.42] /o {-4.623 0.724} {-1.979 1.766}
[21:47:27.70] /# gi::executeAction deFitEdit -in [gi::getWindows 7]
[21:47:27.70] /i de::fit -window 7 -fitEdit true
[21:47:27.70] /o {-11.906 -2.548} {3.991 3.718}
[21:47:45.30] /# gi::executeAction deCanvasZoomOutAtPoint -in [gi::getWindows 7]
[21:47:45.30] /i de::zoom -window [gi::getWindows 7] -factor 0.5 -center {1.658 -1.68}
[21:47:45.30] /o {-25.47 -3.417} {6.324 9.117}
[21:47:46.39] /# gi::executeAction deCanvasZoomInAtPoint -in [gi::getWindows 7]
[21:47:46.39] /i de::zoom -window [gi::getWindows 7] -factor 2.0 -center {1.59 -1.952}
[21:47:46.39] /o {-11.94 -2.684} {3.957 3.582}
[21:48:23.72] /# gi::executeAction xtLVSRun -in [gi::getWindows 7]
[21:48:23.72] /i xt::physicalVerification::executeRun lvs 7
[21:48:23.97] /# xt::physicalVerification::executePve lvs 7
[21:48:25.95] /m Information: "Starting netlisting for design "dff/dff/schematic"..." (NETLISTING-010)
[21:48:26.11] /o No Design Integrity rule violations found in "dff/dff/schematic"
[21:48:26.32] /m Information: "Netlisting design "dff/dff/schematic" finished successfully." (NETLISTING-012)
[21:48:26.77] /r giWindowId 19
[21:48:26.98] /r giWindowGeometry 800x600
[21:48:29.06] /i gi::setActiveTab {tabs} -tabName {dff.LVS_ERRORS} -in [gi::getWindows 19]
[21:48:29.90] /i gi::setActiveTab {tabs} -tabName {stdout.lvs.log} -in [gi::getWindows 19]
[21:48:36.00] /m Information: 
              /c =============================
              /c JobID: hercules_lvs_29
              /c Completed with no errors.
              /c =============================
              /c 
[21:48:38.09] /i gi::setActiveTab {tabs} -tabName {dff.LVS_ERRORS} -in [gi::getWindows 19]
[21:49:23.41] /i gi::setActiveWindow 7
[21:49:23.41] /i gi::setActiveWindow 7 -raise true
[21:49:31.11] /# gi::executeAction xtDRCRun -in [gi::getWindows 7]
[21:49:31.11] /i xt::physicalVerification::executeRun drc 7
[21:49:31.27] /# xt::physicalVerification::executePve drc 7
[21:49:32.59] /r giWindowId 20
[21:49:32.61] /r giWindowGeometry 800x600
[21:49:34.89] /m Information: 
              /c =============================
              /c JobID: hercules_drc_69
              /c Completed with no errors.
              /c =============================
              /c 
[21:50:00.12] /i gi::setActiveTab {tabs} -tabName {dff.LAYOUT_ERRORS} -in [gi::getWindows 20]
[21:50:42.67] /i gi::setActiveWindow 7
[21:50:42.67] /i gi::setActiveWindow 7 -raise true
[21:50:46.44] /# gi::executeAction xtLPESetup -in [gi::getWindows 7]
[21:50:46.45] /i xt::showLPESetup -job lpe -window 7
[21:50:47.88] /o oa:0x2323f470
[21:50:48.07] /i gi::setActiveDialog [gi::getDialogs {xtLPESetup} -parent [gi::getWindows 7]]
[21:50:48.29] /i db::setAttr geometry -of [gi::getDialogs {xtLPESetup} -parent [gi::getWindows 7]] -value 487x659+830+137
[21:51:35.20] /i gi::pressButton {/tabGroup/mainTab/jobParametersGroup/runsetFile/browseButton} -in [gi::getDialogs {xtLPESetup} -parent [gi::getWindows 7]]
[21:51:45.76] /r giFileDialog accept ../lab1vlsi/PDK/starrc/star_herc_cmd
[21:51:48.05] /i gi::setActiveTab {/tabGroup} -tabName {/tabGroup/extractionOptionsTab} -in [gi::getDialogs {xtLPESetup} -parent [gi::getWindows 7]]
[21:51:48.84] /i gi::setField {/tabGroup/extractionOptionsTab/layoutExtractionGroup/milkywayDatabase/entryField} -value {../testcell.hercules.lvs/EXTRACT_VIEW} -in [gi::getDialogs {xtLPESetup} -parent [gi::getWindows 7]]
[21:52:05.93] /i gi::pressButton {/tabGroup/extractionOptionsTab/layoutExtractionGroup/milkywayDatabase/browseButton} -in [gi::getDialogs {xtLPESetup} -parent [gi::getWindows 7]]
[21:52:22.18] /r giFileDialog accept synopsys_custom/dff.hercules.lvs/EXTRACT_VIEW
[21:52:34.48] /i gi::pressButton {/ok} -in [gi::getDialogs {xtLPESetup} -parent [gi::getWindows 7]]
[21:52:35.52] /# xt::physicalVerification::executePve lpe 7
[21:52:36.21] /r giWindowId 21
[21:52:36.36] /r giWindowGeometry 800x600
[21:52:51.09] /m Information: 
              /c =============================
              /c JobID: starrc_lpe_1
              /c Completed with no errors.
              /c =============================
              /c 
[21:52:51.40] /r giWindowId 22
[21:52:51.43] /r giWindowGeometry 1632x849
[21:52:51.54] /i de::setActiveLPP [de::getLPPs "exclude blockage" -from [db::getAttr editDesign -of [de::getContexts -window 22]]]
[21:52:57.05] /i gi::setActiveWindow 21
[21:52:57.05] /i gi::setActiveWindow 21 -raise true
[21:52:58.85] /i gi::setActiveWindow 22
[21:52:58.85] /i gi::setActiveWindow 22 -raise true
[21:53:01.01] /i gi::setActiveWindow 21
[21:53:01.01] /i gi::setActiveWindow 21 -raise true
[21:54:03.83] /i gi::setActiveTab {tabs} -tabName {dff.star_sum} -in [gi::getWindows 21]
[21:54:06.33] /i gi::setActiveTab {tabs} -tabName {star_herc_cmd.custom_compiler} -in [gi::getWindows 21]
[21:54:09.27] /i gi::setActiveWindow 22
[21:54:09.27] /i gi::setActiveWindow 22 -raise true
[21:56:27.76] /i gi::executeAction giCloseWindow -in [gi::getWindows 22]
[21:56:27.94] /i gi::setActiveWindow 21
[21:56:27.94] /i gi::setActiveWindow 21 -raise true
[21:56:31.19] /i gi::executeAction giCloseWindow -in [gi::getWindows 21]
[21:56:31.21] /i gi::setActiveWindow 20
[21:56:31.21] /i gi::setActiveWindow 20 -raise true
[21:56:32.02] /i gi::executeAction giCloseWindow -in [gi::getWindows 20]
[21:56:32.13] /i gi::setActiveWindow 7
[21:56:32.13] /i gi::setActiveWindow 7 -raise true
[21:56:32.75] /i gi::executeAction giCloseWindow -in [gi::getWindows 19]
[21:56:34.18] /i gi::executeAction giCloseWindow -in [gi::getWindows 7]
[21:56:34.23] /i gi::setActiveWindow 18
[21:56:34.23] /i gi::setActiveWindow 18 -raise true
[21:56:36.56] /i gi::executeAction giCloseWindow -in [gi::getWindows 18]
[21:56:36.64] /i gi::setActiveWindow 6
[21:56:36.64] /i gi::setActiveWindow 6 -raise true
[21:56:38.79] /i gi::setCurrentIndex {views} -index {schematic} -in [gi::getWindows 6]
[21:56:38.80] /i gi::setItemSelection {views} -index {schematic} -in [gi::getWindows 6]
[21:56:39.35] /i gi::setCurrentIndex {cells} -index {dff_test} -in [gi::getWindows 6]
[21:56:39.35] /i gi::setItemSelection {cells} -index {dff_test} -in [gi::getWindows 6]
[21:56:40.18] /i gi::setCurrentIndex {views} -index {schematic} -in [gi::getWindows 6]
[21:56:40.18] /i gi::setItemSelection {views} -index {schematic} -in [gi::getWindows 6]
[21:56:40.35] /i gi::executeAction dmOpen -in [gi::getWindows 6]
[21:56:40.44] /r giWindowId 23
[21:56:40.45] /r giWindowGeometry 1632x849
[21:56:40.81] /m Information: 
[21:56:40.81] /o Checking "dff/dff_test/schematic"
[21:56:40.82] /o No rule violations found in "dff/dff_test/schematic"
[21:56:40.82] /m Information: Checking process is completed: marking the design violations
[21:56:40.82] /m Information: Marking of designs is completed
[21:56:45.87] /i gi::executeAction deCanvasDragSelect -in [gi::getWindows 23]
[21:56:45.87] /r deCanvasDragStart 1.5625 2.825
[21:56:50.03] /# gi::executeAction deCanvasDragEnd -in [gi::getWindows 23]
[21:56:50.03] /i gi::executeAction deCanvasDragEnd -in [gi::getWindows 23]
[21:56:50.04] /r deCanvasDragEnd 4.3875 0.575
[21:56:51.90] /# gi::executeAction seDelete -in [gi::getWindows 23]
[21:56:51.90] /i ise::delete
[21:56:53.17] /# gi::executeAction deSelectActive -in [gi::getWindows 23]
[21:56:53.17] /i de::deselectAll [db::getNext [de::getContexts -window 23]]
[21:56:53.17] /i de::select [de::getActiveFigure [gi::getWindows 23] -point {3.925 1.6875} -index 0 -intent none]
[21:56:53.18] /o oa:0x1e95dbd0
[21:56:53.31] /# gi::executeAction seDelete -in [gi::getWindows 23]
[21:56:53.31] /i ise::delete
[21:56:53.96] /# gi::executeAction deSelectActive -in [gi::getWindows 23]
[21:56:53.96] /i de::deselectAll [db::getNext [de::getContexts -window 23]]
[21:56:53.96] /i de::select [de::getActiveFigure [gi::getWindows 23] -point {3.95 2.05625} -index 0 -intent none]
[21:56:53.96] /o oa:0x2218b6e0
[21:56:54.08] /# gi::executeAction seDelete -in [gi::getWindows 23]
[21:56:54.09] /i ise::delete
[21:56:54.84] /# gi::executeAction deSelectActive -in [gi::getWindows 23]
[21:56:54.84] /i de::deselectAll [db::getNext [de::getContexts -window 23]]
[21:56:54.84] /i de::select [de::getActiveFigure [gi::getWindows 23] -point {5.43125 2.05625} -index 0 -intent none]
[21:56:54.84] /o oa:0x247c8250
[21:56:54.97] /# gi::executeAction seDelete -in [gi::getWindows 23]
[21:56:54.97] /i ise::delete
[21:56:57.68] /# gi::executeAction deSelectActive -in [gi::getWindows 23]
[21:56:57.68] /i de::deselectAll [db::getNext [de::getContexts -window 23]]
[21:56:57.68] /i de::select [de::getActiveFigure [gi::getWindows 23] -point {5.56875 2.025} -index 0 -intent none]
[21:56:57.68] /o oa:0x24739ab0
[21:56:59.13] /# gi::executeAction seDelete -in [gi::getWindows 23]
[21:56:59.13] /i ise::delete
[21:57:00.69] /# gi::executeAction seSchCreateSchematicPin -in [gi::getWindows 23]
[21:57:00.69] /i ise::createSchematicPin
[21:57:04.76] /i gi::executeAction deObjectActivation -in [gi::getWindows 23]
[21:57:04.91] /# gi::executeAction deDeselectByRectangle -in [gi::getWindows 23]
[21:57:04.91] /i ide::selectByRegion -region rectangle -select false
[21:57:05.15] /i gi::executeAction deObjectActivation -in [gi::getWindows 23]
[21:57:07.97] /# gi::executeAction seSchCreateSchematicPin -in [gi::getWindows 23]
[21:57:07.97] /i ise::createSchematicPin
[21:57:09.85] /i gi::executeAction deObjectActivation -in [gi::getWindows 23]
[21:57:10.50] /i gi::setField {schematicPinName} -value {D} -in [gi::getToolbars {deCommandOptions} -from [gi::getWindows 23]]
[21:57:10.50] /i gi::executeAction deObjectActivation -in [gi::getWindows 23]
[21:57:13.20] /# gi::executeAction deAddPoint -in [gi::getWindows 23]
[21:57:13.20] /i de::addPoint {4.43125 2.0625} -context [db::getNext [de::getContexts -window 23]]
[21:57:15.63] /i gi::executeAction deObjectActivation -in [gi::getWindows 23]
[21:57:17.48] /i gi::setField {schematicPinName} -value {CLK} -in [gi::getToolbars {deCommandOptions} -from [gi::getWindows 23]]
[21:57:17.48] /i gi::executeAction deObjectActivation -in [gi::getWindows 23]
[21:57:19.48] /# gi::executeAction deAddPoint -in [gi::getWindows 23]
[21:57:19.48] /i de::addPoint {4.43125 1.66875} -context [db::getNext [de::getContexts -window 23]]
[21:57:21.77] /i gi::setField {schematicPinType} -value {output} -in [gi::getToolbars {deCommandOptions} -from [gi::getWindows 23]]
[21:57:23.28] /i gi::executeAction deObjectActivation -in [gi::getWindows 23]
[21:57:23.79] /i gi::setField {schematicPinName} -value {Q} -in [gi::getToolbars {deCommandOptions} -from [gi::getWindows 23]]
[21:57:26.27] /# gi::executeAction deAddPoint -in [gi::getWindows 23]
[21:57:26.27] /i de::addPoint {5.2 2.04375} -context [db::getNext [de::getContexts -window 23]]
[21:57:27.94] /i gi::executeAction deObjectActivation -in [gi::getWindows 23]
[21:57:27.94] /# gi::executeAction deAbortCommand -in [gi::getWindows 23]
[21:57:27.94] /i de::abortCommand -context [db::getNext [de::getContexts -window 23]]
[21:57:28.79] /# gi::executeAction deSelectActive -in [gi::getWindows 23]
[21:57:28.79] /i de::deselectAllLogic -context [db::getNext [de::getContexts -window 23]]
[21:57:29.43] /# gi::executeAction deCanvasZoomOutAtPoint -in [gi::getWindows 23]
[21:57:29.43] /i de::zoom -window [gi::getWindows 23] -factor 0.5 -center {5.3375 1.60625}
[21:57:29.43] /o {-3.1 -0.625} {6.9125 4.2875}
[21:57:30.22] /# gi::executeAction deCanvasZoomInAtPoint -in [gi::getWindows 23]
[21:57:30.22] /i de::zoom -window [gi::getWindows 23] -factor 2.0 -center {5.64375 1.48125}
[21:57:30.23] /o {1.26875 0.425} {6.28125 2.8875}
[21:57:31.37] /# gi::executeAction dePan -in [gi::getWindows 23]
[21:57:31.37] /i ide::pan [db::getNext [de::getContexts -window 23]]
[21:57:31.76] /# gi::executeAction deStartDrag -in [gi::getWindows 23]
[21:57:31.76] /i de::startDrag {5.79375 1.48125} -context [db::getNext [de::getContexts -window 23]]
[21:57:32.37] /# gi::executeAction deEndDrag -in [gi::getWindows 23]
[21:57:32.37] /i de::endDrag {5.79375 1.475} -context [db::getNext [de::getContexts -window 23]]
[21:57:32.37] /r dePanToPoint {4.4125 1.84375}
[21:57:33.10] /# gi::executeAction deCanvasZoomOutAtPoint -in [gi::getWindows 23]
[21:57:33.10] /i de::zoom -window [gi::getWindows 23] -factor 0.5 -center {5.79375 1.475}
[21:57:33.11] /o {-1.975 -0.2375} {8.0375 4.675}
[21:57:33.49] /# gi::executeAction deCanvasZoomInAtPoint -in [gi::getWindows 23]
[21:57:33.49] /i de::zoom -window [gi::getWindows 23] -factor 2.0 -center {5.79375 1.50625}
[21:57:33.49] /o {1.9125 0.6375} {6.91875 3.09375}
[21:57:36.26] /i gi::executeAction deSaveDesign -in [gi::getWindows 23]
[21:57:36.27] /m Information: Saving design 'dff dff_test schematic'. (DESIGN_WINDOW-004)
[21:57:39.32] /# gi::executeAction seShowConsoleForWindow -in [gi::getWindows 23]
[21:57:39.32] /i sa::showConsole -context [db::getNext [de::getContexts -window 23]]
[21:57:44.36] /m Information: License 'SAE' checked out. (LICENSE-003)
[21:57:44.47] /r giWindowId 24
[21:57:44.49] /r giWindowGeometry 600x500
[21:57:44.80] /o oa:0x22ae0660
[21:57:44.92] /m Information: Launching Background sae_shell Server Process "cd /root/Excercise/DFlipFlop && sae_shell -log sae_shell_session0_job1 -libDefFile /root/Excercise/DFlipFlop/lib.defs"
[21:58:00.12] /i gi::setActiveWindow 23
[21:58:00.12] /i gi::setActiveWindow 23 -raise true
[21:58:02.09] /m Information: Received ready-for-commands signal from background job 'sae_shell_session0_job1' after 18 seconds.
[22:00:23.87] /i gi::setActiveWindow 24
[22:00:23.87] /i gi::setActiveWindow 24 -raise true
[22:00:25.19] /# gi::executeAction saShowEditAnalyses -in [gi::getWindows 24]
[22:00:25.19] /i sa::showEditAnalyses -parent 24 -analysisName "" 
[22:00:25.65] /o oa:0x23934570
[22:00:25.86] /i gi::setActiveDialog [gi::getDialogs {saEditAnalysesDialogXsaeSession0} -parent [gi::getWindows 24]]
[22:00:26.07] /i db::setAttr geometry -of [gi::getDialogs {saEditAnalysesDialogXsaeSession0} -parent [gi::getWindows 24]] -value 633x680+762+298
[22:00:35.60] /i gi::closeWindows [gi::getDialogs {saEditAnalysesDialogXsaeSession0} -parent [gi::getWindows 24]]
[22:00:37.00] /# gi::executeAction saEditModels -in [gi::getWindows 24]
[22:00:37.00] /i sa::showModelFiles -parent 24
[22:00:37.14] /i gi::setActiveDialog [gi::getDialogs {saModelFilesSetup} -parent [gi::getWindows 24]]
[22:00:37.39] /i db::setAttr geometry -of [gi::getDialogs {saModelFilesSetup} -parent [gi::getWindows 24]] -value 760x500+728+209
[22:02:57.11] /i gi::closeWindows [gi::getDialogs {saModelFilesSetup} -parent [gi::getWindows 24]]
[22:31:48.86] /i gi::setActiveWindow 23
[22:31:48.86] /i gi::setActiveWindow 23 -raise true
[22:31:52.89] /i gi::executeAction xtSimulationTool -in [gi::getWindows 23]
[22:31:57.82] /# gi::executeAction xtInitializeLoad -in [gi::getWindows 23]
[22:31:57.82] /i xt::showInitLoad 23
[22:31:58.00] /o oa:0x237b7d80
[22:31:58.06] /i gi::setActiveDialog [gi::getDialogs {xtInitLoad} -parent [gi::getWindows 23]]
[22:31:58.31] /i db::setAttr geometry -of [gi::getDialogs {xtInitLoad} -parent [gi::getWindows 23]] -value 400x245+760+402
[22:32:05.78] /i gi::closeWindows [gi::getDialogs {xtInitLoad} -parent [gi::getWindows 23]]
[22:32:29.20] /# gi::executeAction xtInitializeNew -in [gi::getWindows 23]
[22:32:29.20] /i xt::showInitNew 23
[22:32:29.33] /o oa:0x211e5300
[22:32:29.46] /i gi::setActiveDialog [gi::getDialogs {xtInitNew} -parent [gi::getWindows 23]]
[22:32:29.68] /i db::setAttr geometry -of [gi::getDialogs {xtInitNew} -parent [gi::getWindows 23]] -value 400x344+760+353
[22:32:33.01] /i gi::pressButton {create} -in [gi::getDialogs {xtInitNew} -parent [gi::getWindows 23]]
[23:26:17.55] /i gi::setActiveWindow 6
[23:26:17.60] /i gi::setActiveWindow 6 -raise true
[23:26:18.76] /i gi::executeAction giCloseWindow -in [gi::getWindows 23]
[23:26:21.87] /i gi::setActiveWindow 24
[23:26:21.87] /i gi::setActiveWindow 24 -raise true
[23:26:22.93] /i gi::executeAction giCloseWindow -in [gi::getWindows 24]
[23:26:23.16] /i gi::setActiveWindow 6
[23:26:23.16] /i gi::setActiveWindow 6 -raise true
[23:26:23.58] /m Information: License 'SAE' checked in. (LICENSE-004)
[23:26:28.41] /# gi::executeAction dmShowNewCellView -in [gi::getWindows 6]
[23:26:28.42] /i dm::showNewCellView -parent 6
[23:26:28.51] /o oa:0x22e83800
[23:26:28.78] /i gi::setActiveDialog [gi::getDialogs {dmNewCellView} -parent [gi::getWindows 6]]
[23:26:28.84] /i db::setAttr geometry -of [gi::getDialogs {dmNewCellView} -parent [gi::getWindows 6]] -value 588x285+656+323
[23:26:34.25] /i gi::setItemSelection {views} -index {} -in [gi::getDialogs {dmNewCellView} -parent [gi::getWindows 6]]
[23:26:34.26] /i gi::setField {cellViewName} -value {config} -in [gi::getDialogs {dmNewCellView} -parent [gi::getWindows 6]]
[23:26:36.30] /i gi::pressButton {ok} -in [gi::getDialogs {dmNewCellView} -parent [gi::getWindows 6]]
[23:26:36.32] /# db::getAttr viewType -of [dm::findCellView config -cell [dm::findCell dff\_test -lib [oa::LibFind [oa::ScalarName [oa::CdbaNS] dff]]]]
[23:26:36.35] /# dm::createCellView config -cell [dm::findCell dff\_test -lib [ oa::LibFind [oa::ScalarName [oa::CdbaNS] dff]]] -viewType config\.xml
[23:26:36.35] /# de::open [dm::findCellView config -cell [dm::findCell dff\_test -lib [oa::LibFind [oa::ScalarName [oa::CdbaNS] dff]]]] -application heEditor
[23:26:36.44] /r giWindowId 25
[23:26:36.48] /r giWindowGeometry 750x750
[23:26:48.65] /i gi::setField {heTopLCVSelectorView} -value {schematic} -in [gi::getWindows 25]
[23:27:00.40] /i gi::setField {heViewSearchList} -value {schematic\ hspice} -in [gi::getWindows 25]
[23:27:07.47] /i gi::setField {heViewStopList} -value {symbol} -in [gi::getWindows 25]
[23:27:10.45] /i gi::setField {heViewSearchList} -value {schematic\ hspice\ symbol} -in [gi::getWindows 25]
[23:27:27.89] /i gi::expand {heTreeWidget} -index {0.0,0} -in [gi::getWindows 25]
[23:27:27.94] /i gi::setSectionSizes {heTreeWidget} -values {143 471 471 805} -in [gi::getWindows 25]
[23:27:29.53] /i gi::setCurrentIndex {heTreeWidget} -index {0.0,2} -in [gi::getWindows 25]
[23:27:29.53] /i gi::setItemSelection {heTreeWidget} -index {0.0,all} -in [gi::getWindows 25]
[23:27:32.76] /i gi::setField {heTreeWidget} -value {//starrc} -index {0.0,2} -in [gi::getWindows 25] 
[23:27:48.73] /i gi::executeAction heFileSave -in [gi::getWindows 25]
[23:27:51.05] /i gi::executeAction giCloseWindow -in [gi::getWindows 25]
[23:27:51.15] /i gi::setActiveWindow 6
[23:27:51.15] /i gi::setActiveWindow 6 -raise true
[23:27:52.70] /i gi::setCurrentIndex {views} -index {config} -in [gi::getWindows 6]
[23:27:52.71] /i gi::setItemSelection {views} -index {config} -in [gi::getWindows 6]
[23:27:55.84] /i gi::executeAction dmOpenConfigDesignWrite -in [gi::getWindows 6]
[23:27:55.98] /r giWindowId 26
[23:27:55.98] /r giWindowGeometry 1632x849
[23:27:56.39] /m Information: 
[23:27:56.39] /o Checking "dff/dff_test/schematic"
[23:27:56.39] /o No rule violations found in "dff/dff_test/schematic"
[23:27:56.39] /m Information: Checking process is completed: marking the design violations
[23:27:56.40] /m Information: Marking of designs is completed
[23:27:57.98] /# gi::executeAction deSelectActive -in [gi::getWindows 26]
[23:27:57.98] /i de::deselectAll [db::getNext [de::getContexts -window 26]]
[23:27:57.98] /i de::select [de::getActiveFigure [gi::getWindows 26] -point {4.925 1.85625} -index 0 -intent none]
[23:27:57.99] /o oa:0x1e2fc670
[23:27:58.14] /# gi::executeAction deDescend -in [gi::getWindows 26]
[23:27:58.14] /i ide::descend 26 -inPlace false -promptView false -readOnly auto
[23:27:58.16] /r giWindowId 27
[23:27:58.18] /r giWindowGeometry 1632x849
[23:27:58.89] /# Navigating to dff/dff/starrc (I0)
[23:27:59.42] /# de::setActiveLPP [de::getLPPs "exclude blockage" -from [db::getAttr editDesign -of [de::getContexts -window 27]]]
[23:28:00.32] /# gi::setItemSelection {sets} -index {Valid} -in [gi::getAssistants leObjectLayerPanel -from [gi::getWindows 27]]
[23:28:00.55] /i db::setAttr dockSize -of [gi::getAssistants dePropertyEditor -from [gi::getWindows 27]] -value 292x770
[23:28:00.55] /i db::setAttr dockSize -of [gi::getAssistants leObjectLayerPanel -from [gi::getWindows 27]] -value 292x710
[23:29:12.76] /i gi::setActiveWindow 26
[23:29:12.76] /i gi::setActiveWindow 26 -raise true
[23:29:16.84] /i gi::executeAction giCloseWindow -in [gi::getWindows 27]
[23:29:21.46] /i gi::executeAction xtSimulationTool -in [gi::getWindows 26]
[23:29:25.91] /# gi::executeAction xtInitializeNew -in [gi::getWindows 26]
[23:29:25.91] /i xt::showInitNew 26
[23:29:26.08] /o oa:0x21858090
[23:29:26.15] /i gi::setActiveDialog [gi::getDialogs {xtInitNew} -parent [gi::getWindows 26]]
[23:29:26.41] /i db::setAttr geometry -of [gi::getDialogs {xtInitNew} -parent [gi::getWindows 26]] -value 400x344+760+353
[23:29:36.78] /i gi::pressButton {create} -in [gi::getDialogs {xtInitNew} -parent [gi::getWindows 26]]
[23:30:56.38] /# gi::executeAction xtNetlist -in [gi::getWindows 26]
[23:30:56.38] /i xt::runNetlister [xt::getSimRuns -context [db::getNext [de::getContexts -window 26]]]
[23:30:56.56] /m Information: Final netlist "/root/Excercise/DFlipFlop/dff_test.HSPICE2/netlist.final" is missing
[23:30:56.56] /m Information: Structural netlist "/root/Excercise/DFlipFlop/dff_test.HSPICE2/netlist/netlist.sp" is missing
[23:30:56.73] /m Information: "Starting incremental netlisting for design "dff/dff_test/config"..." (NETLISTING-010)
[23:30:56.81] /m Information: 
[23:30:56.81] /o Checking "dff/dff_test/schematic"
[23:30:56.81] /o No rule violations found in "dff/dff_test/schematic"
[23:30:56.81] /o No Design Integrity rule violations found in "dff/dff_test/schematic"
[23:30:56.82] /m Information: 
              /c Cross view checking for dff/dff/symbol with dff/dff/starrc
              /c 	[warning] Missing Terminal
              /c 		Terminal gnd! found in starrc is missing in symbol
              /c 	[warning] Missing Terminal
              /c 		Terminal vdd! found in starrc is missing in symbol
              /c 	[warning] Extra Terminal
              /c 		Extra terminal CLK found in symbol not found in starrc
              /c 	[warning] Extra Terminal
              /c 		Extra terminal D found in symbol not found in starrc
              /c 	[warning] Extra Terminal
              /c 		Extra terminal Q found in symbol not found in starrc (DE_EDIT-007)
[23:30:56.82] /w Warning: "Terminal gnd! found in starrc is missing in symbol" (NETLISTING-003)
[23:30:56.82] /w Warning: "Terminal vdd! found in starrc is missing in symbol" (NETLISTING-003)
[23:30:56.82] /w Warning: "Extra terminal CLK found in symbol not found in starrc" (NETLISTING-003)
[23:30:56.82] /w Warning: "Extra terminal D found in symbol not found in starrc" (NETLISTING-003)
[23:30:56.82] /w Warning: "Extra terminal Q found in symbol not found in starrc" (NETLISTING-003)
[23:30:56.93] /m Information: 
              /c Cross view checking for reference90RF/n_4t/ivpcell with reference90RF/n_4t/hspice
              /c 	[warning] Missing Terminal
              /c 		Terminal D found in hspice is missing in ivpcell
              /c 	[warning] Missing Terminal
              /c 		Terminal G found in hspice is missing in ivpcell
              /c 	[warning] Missing Terminal
              /c 		Terminal S found in hspice is missing in ivpcell
              /c 	[warning] Missing Terminal
              /c 		Terminal B found in hspice is missing in ivpcell (DE_EDIT-007)
[23:30:56.93] /w Warning: "Terminal D found in hspice is missing in ivpcell" (NETLISTING-003)
[23:30:56.93] /w Warning: "Terminal G found in hspice is missing in ivpcell" (NETLISTING-003)
[23:30:56.93] /w Warning: "Terminal S found in hspice is missing in ivpcell" (NETLISTING-003)
[23:30:56.93] /w Warning: "Terminal B found in hspice is missing in ivpcell" (NETLISTING-003)
[23:30:59.12] /m Information: "dff dff starrc" renetlisted. (NETLISTING-056)
[23:30:59.16] /m Information: "dff dff_test schematic" renetlisted. (NETLISTING-056)
[23:30:59.21] /m Information: "Netlisting design "dff/dff_test/config" finished successfully." (NETLISTING-012)
[23:30:59.76] /i gi::pressButton {ConsoleToggleButton} -in [db::getAttr statusbar -of [gi::getWindows 26]]
[23:31:00.08] /i db::setAttr dockSize -of [gi::getAssistants dePropertyEditor -from [gi::getWindows 26]] -value 292x553
[23:31:02.29] /i gi::pressButton {ConsoleToggleButton} -in [db::getAttr statusbar -of [gi::getWindows 26]]
[23:31:02.58] /i db::setAttr dockSize -of [gi::getAssistants dePropertyEditor -from [gi::getWindows 26]] -value 292x770
[23:37:00.10] /# gi::executeAction deSelectActive -in [gi::getWindows 26]
[23:37:00.10] /i de::cycleActiveFigure [gi::getWindows 26] -direction next
[23:37:00.10] /o oa:0x20c7ab60
[23:37:00.24] /# gi::executeAction deDescend -in [gi::getWindows 26]
[23:37:00.24] /i ide::descend 26 -inPlace false -promptView false -readOnly auto
[23:37:00.29] /r giWindowId 28
[23:37:00.33] /r giWindowGeometry 1632x849
[23:37:00.86] /# Navigating to dff/dff/starrc (I0)
[23:37:01.40] /# de::setActiveLPP [de::getLPPs "exclude blockage" -from [db::getAttr editDesign -of [de::getContexts -window 28]]]
[23:37:02.52] /# gi::setItemSelection {sets} -index {Valid} -in [gi::getAssistants leObjectLayerPanel -from [gi::getWindows 28]]
[23:37:02.93] /i db::setAttr dockSize -of [gi::getAssistants dePropertyEditor -from [gi::getWindows 28]] -value 292x770
[23:37:02.93] /i db::setAttr dockSize -of [gi::getAssistants leObjectLayerPanel -from [gi::getWindows 28]] -value 292x710
[23:37:04.42] /# gi::executeAction deCanvasZoomInAtPoint -in [gi::getWindows 28]
[23:37:04.42] /i de::zoom -window [gi::getWindows 28] -factor 2.0 -center {-0.878 1.338}
[23:37:04.43] /o {-5.739 -0.602} {0.922 2.523}
[23:37:04.65] /# gi::executeAction deCanvasZoomInAtPoint -in [gi::getWindows 28]
[23:37:04.65] /i de::zoom -window [gi::getWindows 28] -factor 2.0 -center {-0.878 1.338}
[23:37:04.66] /o {-3.309 0.368} {0.022 1.93}
[23:37:07.05] /# gi::executeAction deCanvasZoomOutAtPoint -in [gi::getWindows 28]
[23:37:07.05] /i de::zoom -window [gi::getWindows 28] -factor 0.5 -center {-0.64 1.181}
[23:37:07.05] /o {-5.977 -0.445} {0.684 2.68}
[23:37:07.83] /# gi::executeAction deCanvasZoomOutAtPoint -in [gi::getWindows 28]
[23:37:07.83] /i de::zoom -window [gi::getWindows 28] -factor 0.5 -center {-0.42 0.812}
[23:37:07.83] /o {-11.535 -1.702} {1.789 4.548}
[23:37:09.73] /# gi::executeAction deCanvasZoomInAtPoint -in [gi::getWindows 28]
[23:37:09.73] /i de::zoom -window [gi::getWindows 28] -factor 2.0 -center {-0.419 -0.488}
[23:37:09.73] /o {-5.977 -1.095} {0.685 2.03}
[23:37:10.64] /# gi::executeAction deCanvasZoomInAtPoint -in [gi::getWindows 28]
[23:37:10.64] /i de::zoom -window [gi::getWindows 28] -factor 2.0 -center {-0.419 -0.488}
[23:37:10.64] /o {-3.198 -0.792} {0.133 0.771}
[23:37:11.47] /# gi::executeAction deCanvasZoomOutAtPoint -in [gi::getWindows 28]
[23:37:11.47] /i de::zoom -window [gi::getWindows 28] -factor 0.5 -center {-0.411 -0.471}
[23:37:11.48] /o {-5.985 -1.112} {0.677 2.013}
[23:37:12.08] /# gi::executeAction deCanvasZoomOutAtPoint -in [gi::getWindows 28]
[23:37:12.08] /i de::zoom -window [gi::getWindows 28] -factor 0.5 -center {-0.406 -0.471}
[23:37:12.08] /o {-11.564 -1.753} {1.76 4.497}
[00:02:42.76] /i gi::setActiveWindow 26
[00:02:42.78] /i gi::setActiveWindow 26 -raise true
[00:02:43.36] /i gi::setActiveWindow 6
[00:02:43.36] /i gi::setActiveWindow 6 -raise true
[00:02:45.39] /i gi::setCurrentIndex {views} -index {schematic} -in [gi::getWindows 6]
[00:02:45.41] /i gi::setItemSelection {views} -index {schematic} -in [gi::getWindows 6]
[00:02:45.52] /i gi::executeAction dmOpen -in [gi::getWindows 6]
[00:02:45.81] /r giWindowId 29
[00:02:45.91] /r giWindowGeometry 1632x849
[00:02:46.59] /m Information: 
[00:02:46.59] /o Checking "dff/dff_test/schematic"
[00:02:46.60] /o No rule violations found in "dff/dff_test/schematic"
[00:02:46.60] /m Information: Checking process is completed: marking the design violations
[00:02:46.61] /m Information: Marking of designs is completed
[00:02:48.46] /# gi::executeAction deSelectActive -in [gi::getWindows 29]
[00:02:48.46] /i de::cycleActiveFigure [gi::getWindows 29] -direction next
[00:02:48.46] /o oa:0x235e0a30
[00:02:48.62] /# gi::executeAction deDescend -in [gi::getWindows 29]
[00:02:48.62] /i ide::descend 29 -inPlace false -promptView false -readOnly auto
[00:02:48.65] /r giWindowId 30
[00:02:48.68] /r giWindowGeometry 1632x849
[00:02:49.13] /# Navigating to dff/dff/schematic (I0)
[00:02:49.36] /o "dff/dff/schematic" design does not need checking
[00:02:49.40] /o true
[00:02:51.89] /i gi::executeAction giCloseWindow -in [gi::getWindows 30]
[00:02:52.06] /i gi::setActiveWindow 29
[00:02:52.07] /i gi::setActiveWindow 29 -raise true
[00:02:56.03] /i gi::executeAction xtSimulationTool -in [gi::getWindows 29]
[00:02:59.97] /# gi::executeAction xtInitializeNew -in [gi::getWindows 29]
[00:02:59.97] /i xt::showInitNew 29
[00:03:00.17] /o oa:0x26032190
[00:03:00.23] /i gi::setActiveDialog [gi::getDialogs {xtInitNew} -parent [gi::getWindows 29]]
[00:03:00.49] /i db::setAttr geometry -of [gi::getDialogs {xtInitNew} -parent [gi::getWindows 29]] -value 400x344+760+353
[00:03:03.43] /i gi::closeWindows [gi::getDialogs {xtInitNew} -parent [gi::getWindows 29]]
[00:03:06.36] /# gi::executeAction xtInitializeLoad -in [gi::getWindows 29]
[00:03:06.36] /i xt::showInitLoad 29
[00:03:06.39] /o oa:0x1f010ad0
[00:03:06.46] /i gi::setActiveDialog [gi::getDialogs {xtInitLoad} -parent [gi::getWindows 29]]
[00:03:06.76] /i db::setAttr geometry -of [gi::getDialogs {xtInitLoad} -parent [gi::getWindows 29]] -value 400x245+760+402
[00:03:12.08] /i gi::pressButton {load} -in [gi::getDialogs {xtInitLoad} -parent [gi::getWindows 29]]
[00:03:12.20] /r giDialog gi::setActiveDialog [gi::getDialogs {giPrompt} -parent [gi::getWindows 29]]
[00:03:12.48] /r giDialog db::setAttr geometry -of [gi::getDialogs {giPrompt} -parent [gi::getWindows 29]] -value 498x82+711+484
[00:03:13.51] /r giDialog gi::pressButton {ok} -in [gi::getDialogs {giPrompt} -parent [gi::getWindows 29]]
[00:03:13.52] /i gi::setActiveDialog [gi::getDialogs {xtInitLoad} -parent [gi::getWindows 29]]
[00:03:14.35] /i gi::pressButton {runDirBrowse} -in [gi::getDialogs {xtInitLoad} -parent [gi::getWindows 29]]
[00:03:21.50] /r giFileDialog accept dff_test.HSPICE1
[00:03:23.23] /i gi::pressButton {load} -in [gi::getDialogs {xtInitLoad} -parent [gi::getWindows 29]]
[00:03:27.64] /# gi::executeAction xtNetlist -in [gi::getWindows 29]
[00:03:27.64] /i xt::runNetlister [xt::getSimRuns -context [db::getNext [de::getContexts -window 29]]]
[00:03:27.68] /m Information: Final netlist "/root/Excercise/DFlipFlop/dff_test.HSPICE1/netlist.final" is missing
[00:03:27.68] /m Information: Structural netlist "/root/Excercise/DFlipFlop/dff_test.HSPICE1/netlist/netlist.sp" is missing
[00:03:27.69] /m Information: "Starting incremental netlisting for design "dff/dff_test/schematic"..." (NETLISTING-010)
[00:03:27.73] /m Information: 
[00:03:27.73] /o Checking "dff/dff_test/schematic"
[00:03:27.74] /o No rule violations found in "dff/dff_test/schematic"
[00:03:27.74] /o No Design Integrity rule violations found in "dff/dff_test/schematic"
[00:03:27.81] /m Information: "tg tg schematic" renetlisted. (NETLISTING-056)
[00:03:27.82] /m Information: "inv inv schematic" renetlisted. (NETLISTING-056)
[00:03:27.84] /m Information: "dff dff schematic" renetlisted. (NETLISTING-056)
[00:03:27.84] /m Information: "dff dff_test schematic" renetlisted. (NETLISTING-056)
[00:03:27.85] /m Information: "Netlisting design "dff/dff_test/schematic" finished successfully." (NETLISTING-012)
[00:03:30.27] /i gi::pressButton {ConsoleToggleButton} -in [db::getAttr statusbar -of [gi::getWindows 29]]
[00:03:30.59] /i db::setAttr dockSize -of [gi::getAssistants dePropertyEditor -from [gi::getWindows 29]] -value 292x553
[00:03:32.07] /i gi::pressButton {ConsoleToggleButton} -in [db::getAttr statusbar -of [gi::getWindows 29]]
[00:03:32.38] /i db::setAttr dockSize -of [gi::getAssistants dePropertyEditor -from [gi::getWindows 29]] -value 292x770
[22:17:28.12] /r giDialog db::setAttr geometry -of [gi::getDialogs {giCloseFrame}] -value 299x108+801+412
[22:17:28.23] /r giDialog gi::setActiveDialog [gi::getDialogs {giCloseFrame}]
[22:17:28.46] /r giDialog db::setAttr geometry -of [gi::getDialogs {giCloseFrame}] -value 299x108+811+471
[22:17:30.08] /r giDialog gi::pressButton {giCloseTabsButton} -in [gi::getDialogs {giCloseFrame}]
[22:17:30.15] /i exit
[22:17:31.49] /r giDialog gi::setActiveDialog [gi::getDialogs {deExitDialog}]
[22:17:31.52] /r giDialog db::setAttr geometry -of [gi::getDialogs {deExitDialog}] -value 419x181+741+376
[22:17:33.01] /r giDialog gi::pressButton {ok} -in [gi::getDialogs {deExitDialog}]
[22:17:34.19] /i gi::setActiveWindow 6
[22:17:34.20] /i gi::setActiveWindow 6 -raise true
[22:17:34.90] /i gi::setActiveWindow 26
[22:17:34.90] /i gi::setActiveWindow 26 -raise true
[22:17:36.10] /i gi::setActiveWindow 28
[22:17:36.10] /i gi::setActiveWindow 28 -raise true
[22:17:39.15] /i gi::setActiveWindow 1
[22:17:39.15] /i gi::setActiveWindow 1 -raise true
[22:17:43.59] /o Shutdown time: Thu Mar 19 22:17:43 2026
[22:17:43.59] /o Elapsed session real time: 8 hours 56.63 minutes
[22:17:43.59] /o Session terminated. Log is at /root/Excercise/DFlipFlop/synopsys_custom/logs/ccompiler.root.2026_3_18_131845_3731.log
