[21:21:04.95] /r giWindowId 0
[21:21:04.96] /r giWindowGeometry 600x300
[21:21:04.98] /o 
              /c                                 Custom Compiler 
              /c 
              /c               Version N-2017.12-SP1-2 for linux64 - May 16, 2018 
              /c 
              /c                     Copyright (c) 2004 - 2018 Synopsys, Inc.
              /c    This software and the associated documentation are proprietary to Synopsys,
              /c  Inc. This software may only be used in accordance with the terms and conditions
              /c  of a written license agreement with Synopsys, Inc. All other use, reproduction,
              /c             or distribution of this software is strictly prohibited.
              /c 
              /c Build  (OPT) Config 4182185 compiled on Wed May 16 15:20:56 2018 for RHEL64 6.6
              /c Invocation: /usr/synopsys/customcompiler/N-2017.12-SP1-2/linux64/platform/bin/custom_compiler
              /c Execution time: Fri Mar 13 21:20:58 2026
              /c Host: localhost.localdomain
              /c Working directory: /root/Excercise/DFlipFlop
              /c 
[21:21:09.86] /r giShowFrameTabs true
[21:21:09.86] /r giWindowId 1
[21:21:09.86] /r giWindowGeometry 1040x800
[21:21:30.77] /# gi::pressButton {/scroll/scrollArea/scrollAreaInnerWidget/applications/dmLibraryManager} -in [gi::getWindows 1]
[21:21:30.77] /# 
[21:21:30.77] /i dm::openLibraryManager
[21:21:30.77] /r giWindowId 2
[21:21:30.77] /r giWindowGeometry 660x600+50+84
[21:21:30.84] /o oa:0x18fa5100
[21:22:05.60] /i gi::setCurrentIndex {libs} -index {analogLib} -in [gi::getWindows 2]
[21:22:05.60] /# gi::executeAction dmShowNewLibrary -in [gi::getWindows 2]
[21:22:05.60] /i dm::showNewLibrary -parent 2
[21:22:05.64] /o oa:0x18e55ea0
[21:22:05.79] /i gi::setActiveDialog [gi::getDialogs {dmNewLibrary} -parent [gi::getWindows 2]]
[21:22:05.92] /i db::setAttr geometry -of [gi::getDialogs {dmNewLibrary} -parent [gi::getWindows 2]] -value 458x467+720+208
[21:22:09.65] /i gi::setField {libName} -value {dff} -in [gi::getDialogs {dmNewLibrary} -parent [gi::getWindows 2]]
[21:22:36.80] /i gi::pressButton {ok} -in [gi::getDialogs {dmNewLibrary} -parent [gi::getWindows 2]]
[21:22:36.83] /# dm::createLib dff -path {./dff} -dmSystem oaDMFileSys
[21:22:36.88] /# db::importTechFile /usr/synopsys/customcompiler/N-2017.12-SP1-2/auxx/tech/cdesigner_1.0.tf -lib [oa::LibFind [oa::ScalarName [oa::CdbaNS] dff]]; oa::save [oa::TechFind [oa::ScalarName [oa::CdbaNS] dff]]
[21:22:36.90] /m Information: set default manufacturing grid to the default value 0.005um for the imported technology library dff. (TECH_IO-098)
[21:22:36.92] /m Information: Technology file /usr/synopsys/customcompiler/N-2017.12-SP1-2/auxx/tech/cdesigner_1.0.tf is successfully imported into lib dff. (TECH_IO-099)
[21:22:36.93] /# oa::close [oa::TechFind [oa::ScalarName [oa::CdbaNS] dff]]
[21:22:39.98] /i gi::setCurrentIndex {libs} -index {dff} -in [gi::getWindows 2]
[21:22:39.99] /i gi::setItemSelection {libs} -index {dff} -in [gi::getWindows 2]
[21:22:41.70] /# gi::executeAction dmShowNewCell -in [gi::getWindows 2]
[21:22:41.70] /i dm::showNewCell -parent 2
[21:22:41.77] /o oa:0x1a6aec30
[21:22:41.87] /i gi::setActiveDialog [gi::getDialogs {dmNewCell} -parent [gi::getWindows 2]]
[21:22:42.02] /i db::setAttr geometry -of [gi::getDialogs {dmNewCell} -parent [gi::getWindows 2]] -value 448x227+725+328
[21:22:48.62] /i gi::setField {cellName} -value {dff} -in [gi::getDialogs {dmNewCell} -parent [gi::getWindows 2]]
[21:22:48.70] /i gi::pressButton {ok} -in [gi::getDialogs {dmNewCell} -parent [gi::getWindows 2]]
[21:22:48.71] /# dm::createCell dff -lib [ oa::LibFind [oa::ScalarName [oa::CdbaNS] dff]]
[21:22:48.71] /# gi::setItemSelection {cells} -index {dff} -in [gi::getDialogs {dmNewCell} -parent [gi::getWindows 2]]
[21:22:50.59] /i gi::setCurrentIndex {cells} -index {dff} -in [gi::getWindows 2]
[21:22:50.59] /i gi::setItemSelection {cells} -index {dff} -in [gi::getWindows 2]
[21:22:52.19] /# gi::executeAction dmShowNewCellView -in [gi::getWindows 2]
[21:22:52.19] /i dm::showNewCellView -parent 2
[21:22:52.27] /o oa:0x1a5692c0
[21:22:52.36] /i gi::setActiveDialog [gi::getDialogs {dmNewCellView} -parent [gi::getWindows 2]]
[21:22:52.52] /i db::setAttr geometry -of [gi::getDialogs {dmNewCellView} -parent [gi::getWindows 2]] -value 588x285+655+299
[21:23:00.67] /i gi::pressButton {ok} -in [gi::getDialogs {dmNewCellView} -parent [gi::getWindows 2]]
[21:23:00.68] /# db::getAttr viewType -of [dm::findCellView schematic -cell [dm::findCell dff -lib [oa::LibFind [oa::ScalarName [oa::CdbaNS] dff]]]]
[21:23:00.68] /# dm::createCellView schematic -cell [dm::findCell dff -lib [ oa::LibFind [oa::ScalarName [oa::CdbaNS] dff]]] -viewType schematic
[21:23:00.69] /# de::open [dm::findCellView schematic -cell [dm::findCell dff -lib [oa::LibFind [oa::ScalarName [oa::CdbaNS] dff]]]] -application seSchematic
[21:23:00.85] /m Information: License 'Schematic' checked out. (LICENSE-003)
[21:23:00.93] /r giWindowId 3
[21:23:00.93] /r giWindowGeometry 1632x848
[21:23:01.39] /m Information: 
[21:23:01.39] /o Checking "dff/dff/schematic"
[21:23:01.39] /o No rule violations found in "dff/dff/schematic"
[21:23:01.39] /m Information: Checking process is completed: marking the design violations
[21:23:01.39] /m Information: Marking of designs is completed
[21:33:32.42] /i db::setAttr maximized -of [gi::getFrames 1] -value true
[21:33:32.90] /i db::setAttr geometry -of [gi::getFrames 1] -value 1910x910+5+62
[21:40:05.10] /# gi::executeAction seCreateInst -in [gi::getWindows 3]
[21:40:05.10] /i ise::createInst
[21:40:05.25] /i gi::setActiveDialog [gi::getDialogs {seCreateInst} -parent [gi::getWindows 3]]
[21:40:05.49] /i db::setAttr geometry -of [gi::getDialogs {seCreateInst}] -value 359x337+0+71
[21:40:09.52] /i gi::setField {instMasterLib} -value {inv} -in [gi::getDialogs {seCreateInst} -parent [gi::getWindows 3]]
[21:40:09.86] /i db::setAttr geometry -of [gi::getDialogs {seCreateInst}] -value 359x337+0+71
[21:40:11.92] /w Warning: Preference 'leActiveLPP' is deprecated and scheduled for removal in a future release with no replacement. For migration assistance, see the Custom Compiler Tcl Reference Manual. (PREFERENCE-058)
[21:40:11.94] /o 	#######################################
[21:40:11.95] /o 	PDK Library Name	: reference90RF
[21:40:11.95] /o 	PDK Version		: 2.0
[21:40:11.95] /o 	PDK Release Date	: 25-March-2010 
[21:40:11.95] /o 	#######################################
[21:40:11.95] /o 
[21:40:11.97] /i gi::setField {instMasterCell} -value {inv} -in [gi::getDialogs {seCreateInst} -parent [gi::getWindows 3]]
[21:40:12.29] /i db::setAttr geometry -of [gi::getDialogs {seCreateInst}] -value 359x337+0+71
[21:40:22.33] /# gi::executeAction deCanvasZoomOutAtPoint -in [gi::getWindows 3]
[21:40:22.33] /i de::zoom -window [gi::getWindows 3] -factor 0.5 -center {2.86875 2.1375}
[21:40:22.33] /o {-4.7375 -4.49375} {18.6 5.11875}
[21:40:22.38] /# gi::executeAction deCanvasZoomOutAtPoint -in [gi::getWindows 3]
[21:40:22.39] /i de::zoom -window [gi::getWindows 3] -factor 0.5 -center {2.8625 2.13125}
[21:40:22.39] /o {-12.3375 -11.11875} {34.3375 8.10625}
[21:40:23.11] /# gi::executeAction deCanvasZoomInAtPoint -in [gi::getWindows 3]
[21:40:23.11] /i de::zoom -window [gi::getWindows 3] -factor 2.0 -center {2.8625 2.13125}
[21:40:23.11] /o {-4.7375 -4.49375} {18.6 5.11875}
[21:40:24.07] /# gi::executeAction deAddPoint -in [gi::getWindows 3]
[21:40:24.07] /i de::addPoint {2.8625 2.13125} -context [db::getNext [de::getContexts -window 3]]
[21:40:29.73] /# gi::executeAction deAddPoint -in [gi::getWindows 3]
[21:40:29.73] /i de::addPoint {10.2 2.14375} -context [db::getNext [de::getContexts -window 3]]
[21:40:38.69] /# gi::executeAction deAddPoint -in [gi::getWindows 3]
[21:40:38.69] /i de::addPoint {2.875 -0.31875} -context [db::getNext [de::getContexts -window 3]]
[21:40:46.83] /# gi::executeAction deAddPoint -in [gi::getWindows 3]
[21:40:46.83] /i de::addPoint {10.175 -0.30625} -context [db::getNext [de::getContexts -window 3]]
[21:40:49.09] /# gi::executeAction deAbortCommand -in [gi::getWindows 3]
[21:40:49.09] /i de::abortCommand -context [db::getNext [de::getContexts -window 3]]
[21:40:59.98] /# gi::executeAction deSelectActive -in [gi::getWindows 3]
[21:40:59.98] /i de::deselectAll [db::getNext [de::getContexts -window 3]]
[21:40:59.98] /i de::select [de::getActiveFigure [gi::getWindows 3] -point {3.375 -0.35625} -index 0 -intent none]
[21:40:59.98] /o oa:0x1fa1dbf0
[21:41:01.39] /# gi::executeAction seFlipHorizontalCenter -in [gi::getWindows 3]
[21:41:01.39] /i se::move [de::getSelected -design [db::getAttr editDesign -of [db::getNext [de::getContexts -window 3]]]]  -rotate MY
[21:41:02.75] /# gi::executeAction deSelectActive -in [gi::getWindows 3]
[21:41:02.75] /i de::deselectAll [db::getNext [de::getContexts -window 3]]
[21:41:02.75] /i de::deselectAllLogic -context [db::getNext [de::getContexts -window 3]]
[21:41:03.88] /# gi::executeAction deSelectActive -in [gi::getWindows 3]
[21:41:03.88] /i de::deselectAll [db::getNext [de::getContexts -window 3]]
[21:41:03.88] /i de::select [de::getActiveFigure [gi::getWindows 3] -point {10.7875 -0.34375} -index 0 -intent none]
[21:41:03.88] /o oa:0x1ee24f70
[21:41:06.18] /# gi::executeAction seRotateCWCenter -in [gi::getWindows 3]
[21:41:06.18] /i se::move [de::getSelected -design [db::getAttr editDesign -of [db::getNext [de::getContexts -window 3]]]]  -rotate R270
[21:41:07.33] /# gi::executeAction seRotateCWCenter -in [gi::getWindows 3]
[21:41:07.33] /i se::move [de::getSelected -design [db::getAttr editDesign -of [db::getNext [de::getContexts -window 3]]]]  -rotate R270
[21:41:08.57] /# gi::executeAction deSelectActive -in [gi::getWindows 3]
[21:41:08.57] /i de::deselectAll [db::getNext [de::getContexts -window 3]]
[21:41:08.57] /i de::deselectAllLogic -context [db::getNext [de::getContexts -window 3]]
[21:41:10.68] /# gi::executeAction deSelectActive -in [gi::getWindows 3]
[21:41:10.68] /i de::deselectAll [db::getNext [de::getContexts -window 3]]
[21:41:10.68] /i de::select [de::getActiveFigure [gi::getWindows 3] -point {11.125 -0.55625} -index 0 -intent none]
[21:41:10.68] /o oa:0x1fa1c8c0
[21:41:12.42] /# gi::executeAction seRotateCWCenter -in [gi::getWindows 3]
[21:41:12.42] /i se::move [de::getSelected -design [db::getAttr editDesign -of [db::getNext [de::getContexts -window 3]]]]  -rotate R270
[21:41:12.99] /# gi::executeAction seRotateCWCenter -in [gi::getWindows 3]
[21:41:12.99] /i se::move [de::getSelected -design [db::getAttr editDesign -of [db::getNext [de::getContexts -window 3]]]]  -rotate R270
[21:41:14.93] /# gi::executeAction seFlipHorizontalCenter -in [gi::getWindows 3]
[21:41:14.93] /i se::move [de::getSelected -design [db::getAttr editDesign -of [db::getNext [de::getContexts -window 3]]]]  -rotate MY
[21:41:15.95] /# gi::executeAction deSelectActive -in [gi::getWindows 3]
[21:41:15.95] /i de::deselectAll [db::getNext [de::getContexts -window 3]]
[21:41:15.95] /i de::deselectAllLogic -context [db::getNext [de::getContexts -window 3]]
[21:41:26.88] /# gi::executeAction seCreateInst -in [gi::getWindows 3]
[21:41:26.88] /i ise::createInst
[21:41:26.92] /o seSchematic
[21:41:27.00] /i gi::setActiveDialog [gi::getDialogs {seCreateInst} -parent [gi::getWindows 3]]
[21:41:27.27] /i db::setAttr geometry -of [gi::getDialogs {seCreateInst}] -value 359x337+0+71
[21:41:31.75] /i gi::setField {instMasterLib} -value {reference90RF} -in [gi::getDialogs {seCreateInst} -parent [gi::getWindows 3]]
[21:41:32.09] /i db::setAttr geometry -of [gi::getDialogs {seCreateInst}] -value 359x337+0+71
[21:41:35.73] /i gi::setField {instMasterCell} -value {n_4t} -in [gi::getDialogs {seCreateInst} -parent [gi::getWindows 3]]
[21:41:36.02] /i db::setAttr geometry -of [gi::getDialogs {seCreateInst}] -value 359x581+0+71
[21:41:45.50] /i gi::setItemSelection {parameters} -index {w,all} -in [gi::getDialogs {seCreateInst} -parent [gi::getWindows 3]]
[21:41:45.50] /i gi::setCurrentIndex {parameters} -index {w,Value} -in [gi::getDialogs {seCreateInst} -parent [gi::getWindows 3]]
[21:41:51.51] /i gi::setField {parameters} -value {0.36u} -index {w,Value} -in [gi::getDialogs {seCreateInst} -parent [gi::getWindows 3]]
[21:41:54.19] /# gi::executeAction deCanvasZoomInAtPoint -in [gi::getWindows 3]
[21:41:54.19] /i de::zoom -window [gi::getWindows 3] -factor 2.0 -center {0.8125 1.33125}
[21:41:54.19] /o {-1.9625 -1.58125} {9.70625 3.225}
[21:41:54.27] /# gi::executeAction deCanvasZoomInAtPoint -in [gi::getWindows 3]
[21:41:54.27] /i de::zoom -window [gi::getWindows 3] -factor 2.0 -center {0.81875 1.33125}
[21:41:54.27] /o {-0.56875 -0.125} {5.2625 2.28125}
[21:41:55.32] /# gi::executeAction deCanvasZoomOutAtPoint -in [gi::getWindows 3]
[21:41:55.32] /i de::zoom -window [gi::getWindows 3] -factor 0.5 -center {0.81875 1.33125}
[21:41:55.32] /o {-1.9625 -1.58125} {9.70625 3.225}
[21:41:55.95] /# gi::executeAction deCanvasZoomInAtPoint -in [gi::getWindows 3]
[21:41:55.95] /i de::zoom -window [gi::getWindows 3] -factor 2.0 -center {0.81875 1.33125}
[21:41:55.95] /o {-0.56875 -0.125} {5.2625 2.28125}
[21:42:18.84] /# gi::executeAction deCanvasZoomOutAtPoint -in [gi::getWindows 3]
[21:42:18.84] /i de::zoom -window [gi::getWindows 3] -factor 0.5 -center {1.20625 1.3}
[21:42:18.84] /o {-2.35 -1.55} {9.31875 3.25625}
[21:42:18.96] /# gi::executeAction deCanvasZoomOutAtPoint -in [gi::getWindows 3]
[21:42:18.96] /i de::zoom -window [gi::getWindows 3] -factor 0.5 -center {1.2 1.3}
[21:42:18.96] /o {-5.9 -4.4} {17.4375 5.2125}
[21:42:19.55] /# gi::executeAction deCanvasZoomInAtPoint -in [gi::getWindows 3]
[21:42:19.55] /i de::zoom -window [gi::getWindows 3] -factor 2.0 -center {1.2 1.3}
[21:42:19.55] /o {-2.35 -1.55} {9.31875 3.25625}
[21:42:30.17] /# gi::executeAction deAddPoint -in [gi::getWindows 3]
[21:42:30.17] /i de::addPoint {1.2375 2.475} -context [db::getNext [de::getContexts -window 3]]
[21:42:31.48] /# gi::executeAction deAddPoint -in [gi::getWindows 3]
[21:42:31.48] /i de::addPoint {1.425 0.11875} -context [db::getNext [de::getContexts -window 3]]
[21:42:32.74] /# gi::executeAction deAddPoint -in [gi::getWindows 3]
[21:42:32.74] /i de::addPoint {8.20625 2.49375} -context [db::getNext [de::getContexts -window 3]]
[21:42:33.93] /# gi::executeAction deAddPoint -in [gi::getWindows 3]
[21:42:33.93] /i de::addPoint {8.075 0.06875} -context [db::getNext [de::getContexts -window 3]]
[21:42:35.09] /# gi::executeAction deAbortCommand -in [gi::getWindows 3]
[21:42:35.09] /i de::abortCommand -context [db::getNext [de::getContexts -window 3]]
[21:43:31.07] /# gi::executeAction deCanvasZoomInAtPoint -in [gi::getWindows 3]
[21:43:31.07] /i de::zoom -window [gi::getWindows 3] -factor 2.0 -center {0.45 2.11875}
[21:43:31.07] /o {-0.95 0.2875} {4.8875 2.6875}
[21:43:32.59] /# gi::executeAction dePan -in [gi::getWindows 3]
[21:43:32.59] /i ide::pan [db::getNext [de::getContexts -window 3]]
[21:43:33.03] /# gi::executeAction deStartDrag -in [gi::getWindows 3]
[21:43:33.03] /i de::startDrag {2.21875 2.15} -context [db::getNext [de::getContexts -window 3]]
[21:43:34.22] /# gi::executeAction deEndDrag -in [gi::getWindows 3]
[21:43:34.22] /i de::endDrag {2.21875 2.14375} -context [db::getNext [de::getContexts -window 3]]
[21:43:34.22] /r dePanToPoint {2.2625 2.34375}
[21:43:35.32] /# gi::executeAction deAbortCommand -in [gi::getWindows 3]
[21:43:35.32] /i de::abortCommand -context [db::getNext [de::getContexts -window 3]]
[21:43:36.24] /# gi::executeAction deSelectActive -in [gi::getWindows 3]
[21:43:36.24] /i de::deselectAll [db::getNext [de::getContexts -window 3]]
[21:43:36.24] /i de::select [de::getActiveFigure [gi::getWindows 3] -point {1.49375 2.51875} -index 0 -intent none]
[21:43:36.24] /o oa:0x20555ba0
[21:43:37.20] /# gi::executeAction deSelectActive -in [gi::getWindows 3]
[21:43:37.20] /i de::deselectAll [db::getNext [de::getContexts -window 3]]
[21:43:37.20] /i de::select [de::getActiveFigure [gi::getWindows 3] -point {1.4125 2.525} -index 0 -intent none]
[21:43:37.20] /o oa:0x205df630
[21:43:40.57] /# gi::executeAction seRotateCWCenter -in [gi::getWindows 3]
[21:43:40.57] /i se::move [de::getSelected -design [db::getAttr editDesign -of [db::getNext [de::getContexts -window 3]]]]  -rotate R270
[21:43:42.21] /# gi::executeAction seButton1DragStart -in [gi::getWindows 3]
[21:43:42.21] /i ise::stretch -point {1.5625 2.5}
[21:43:48.03] /# gi::executeAction deEndDrag -in [gi::getWindows 3]
[21:43:48.03] /i de::endDrag {1.575 2.40625} -context [db::getNext [de::getContexts -window 3]]
[21:43:48.76] /# gi::executeAction deCanvasZoomOutAtPoint -in [gi::getWindows 3]
[21:43:48.76] /i de::zoom -window [gi::getWindows 3] -factor 0.5 -center {2.025 2.14375}
[21:43:48.76] /o {-3.3375 0.1375} {8.33125 4.94375}
[21:43:49.80] /i gi::executeAction deCanvasDragSelect -in [gi::getWindows 3]
[21:43:49.80] /r deCanvasDragStart 2.2875 1.63125
[21:43:50.23] /# gi::executeAction deCanvasDragEnd -in [gi::getWindows 3]
[21:43:50.23] /i gi::executeAction deCanvasDragEnd -in [gi::getWindows 3]
[21:43:50.24] /r deCanvasDragEnd 2.15 2.45
[21:43:51.07] /# gi::executeAction dePan -in [gi::getWindows 3]
[21:43:51.07] /i ide::pan [db::getNext [de::getContexts -window 3]]
[21:43:51.45] /# gi::executeAction deStartDrag -in [gi::getWindows 3]
[21:43:51.45] /i de::startDrag {2.19375 1.5125} -context [db::getNext [de::getContexts -window 3]]
[21:43:53.36] /# gi::executeAction deEndDrag -in [gi::getWindows 3]
[21:43:53.36] /i de::endDrag {2.19375 1.525} -context [db::getNext [de::getContexts -window 3]]
[21:43:53.36] /r dePanToPoint {2.6375 1.2}
[21:43:54.62] /# gi::executeAction deAddPoint -in [gi::getWindows 3]
[21:43:54.62] /i de::addPoint {1.5875 0.1375} -context [db::getNext [de::getContexts -window 3]]
[21:43:55.91] /# gi::executeAction deStartDrag -in [gi::getWindows 3]
[21:43:55.91] /i de::startDrag {2.51875 1.025} -context [db::getNext [de::getContexts -window 3]]
[21:43:59.76] /# gi::executeAction deEndDrag -in [gi::getWindows 3]
[21:43:59.76] /i de::endDrag {2.51875 1.0125} -context [db::getNext [de::getContexts -window 3]]
[21:43:59.76] /r dePanToPoint {1.89375 0.8}
[21:44:03.14] /# gi::executeAction deAbortCommand -in [gi::getWindows 3]
[21:44:03.14] /i de::abortCommand -context [db::getNext [de::getContexts -window 3]]
[21:44:03.60] /# gi::executeAction deSelectActive -in [gi::getWindows 3]
[21:44:03.60] /i de::deselectAll [db::getNext [de::getContexts -window 3]]
[21:44:03.60] /i de::select [de::getActiveFigure [gi::getWindows 3] -point {1.61875 0.1125} -index 0 -intent none]
[21:44:03.60] /o oa:0x1fe270d0
[21:44:13.90] /# gi::executeAction seRotateCCWCenter -in [gi::getWindows 3]
[21:44:13.90] /i se::move [de::getSelected -design [db::getAttr editDesign -of [db::getNext [de::getContexts -window 3]]]]  -rotate R90
[21:44:14.86] /# gi::executeAction seRotateCCWCenter -in [gi::getWindows 3]
[21:44:14.86] /i se::move [de::getSelected -design [db::getAttr editDesign -of [db::getNext [de::getContexts -window 3]]]]  -rotate R90
[21:44:15.38] /# gi::executeAction seRotateCCWCenter -in [gi::getWindows 3]
[21:44:15.38] /i se::move [de::getSelected -design [db::getAttr editDesign -of [db::getNext [de::getContexts -window 3]]]]  -rotate R90
[21:44:17.76] /# gi::executeAction deSelectActive -in [gi::getWindows 3]
[21:44:17.76] /i de::deselectAll [db::getNext [de::getContexts -window 3]]
[21:44:17.76] /i de::deselectAllLogic -context [db::getNext [de::getContexts -window 3]]
[21:44:18.74] /# gi::executeAction deSelectActive -in [gi::getWindows 3]
[21:44:18.74] /i de::deselectAll [db::getNext [de::getContexts -window 3]]
[21:44:18.74] /i de::select [de::getActiveFigure [gi::getWindows 3] -point {1.68125 0.15625} -index 0 -intent none]
[21:44:18.74] /o oa:0x206242c0
[21:44:19.48] /# gi::executeAction seButton1DragStart -in [gi::getWindows 3]
[21:44:19.48] /i ise::stretch -point {1.6875 0.125}
[21:44:26.15] /# gi::executeAction deEndDrag -in [gi::getWindows 3]
[21:44:26.15] /i de::endDrag {1.5125 0.025} -context [db::getNext [de::getContexts -window 3]]
[21:44:26.60] /# gi::executeAction deSelectActive -in [gi::getWindows 3]
[21:44:26.60] /i de::deselectAll [db::getNext [de::getContexts -window 3]]
[21:44:26.60] /i de::deselectAllLogic -context [db::getNext [de::getContexts -window 3]]
[21:44:27.33] /# gi::executeAction dePan -in [gi::getWindows 3]
[21:44:27.33] /i ide::pan [db::getNext [de::getContexts -window 3]]
[21:44:27.62] /# gi::executeAction deStartDrag -in [gi::getWindows 3]
[21:44:27.62] /i de::startDrag {5.08125 0.94375} -context [db::getNext [de::getContexts -window 3]]
[21:44:29.20] /# gi::executeAction deEndDrag -in [gi::getWindows 3]
[21:44:29.20] /i de::endDrag {5.075 0.94375} -context [db::getNext [de::getContexts -window 3]]
[21:44:29.20] /r dePanToPoint {6.01875 1.375}
[21:44:29.98] /# gi::executeAction deStartDrag -in [gi::getWindows 3]
[21:44:29.98] /i de::startDrag {8.175 1.55} -context [db::getNext [de::getContexts -window 3]]
[21:44:30.89] /# gi::executeAction deEndDrag -in [gi::getWindows 3]
[21:44:30.89] /i de::endDrag {8.1625 1.55} -context [db::getNext [de::getContexts -window 3]]
[21:44:30.89] /r dePanToPoint {6.69375 1.3625}
[21:44:32.62] /# gi::executeAction deAbortCommand -in [gi::getWindows 3]
[21:44:32.62] /i de::abortCommand -context [db::getNext [de::getContexts -window 3]]
[21:44:32.98] /# gi::executeAction deSelectActive -in [gi::getWindows 3]
[21:44:32.98] /i de::deselectAll [db::getNext [de::getContexts -window 3]]
[21:44:32.98] /i de::select [de::getActiveFigure [gi::getWindows 3] -point {8.3125 2.4625} -index 0 -intent none]
[21:44:32.98] /o oa:0x1fe2a360
[21:44:34.60] /# gi::executeAction seRotateCCWCenter -in [gi::getWindows 3]
[21:44:34.60] /i se::move [de::getSelected -design [db::getAttr editDesign -of [db::getNext [de::getContexts -window 3]]]]  -rotate R90
[21:44:35.27] /# gi::executeAction seRotateCCWCenter -in [gi::getWindows 3]
[21:44:35.27] /i se::move [de::getSelected -design [db::getAttr editDesign -of [db::getNext [de::getContexts -window 3]]]]  -rotate R90
[21:44:35.50] /# gi::executeAction seRotateCCWCenter -in [gi::getWindows 3]
[21:44:35.50] /i se::move [de::getSelected -design [db::getAttr editDesign -of [db::getNext [de::getContexts -window 3]]]]  -rotate R90
[21:44:38.72] /# gi::executeAction seButton1DragStart -in [gi::getWindows 3]
[21:44:38.72] /i ise::stretch -point {8.5 2.5}
[21:44:42.71] /# gi::executeAction deEndDrag -in [gi::getWindows 3]
[21:44:42.71] /i de::endDrag {8.8 2.43125} -context [db::getNext [de::getContexts -window 3]]
[21:44:44.02] /# gi::executeAction deSelectActive -in [gi::getWindows 3]
[21:44:44.02] /i de::deselectAll [db::getNext [de::getContexts -window 3]]
[21:44:44.03] /i de::select [de::getActiveFigure [gi::getWindows 3] -point {8.2 0.0875} -index 0 -intent none]
[21:44:44.03] /o oa:0x1c75ac50
[21:44:47.86] /# gi::executeAction seRotateCCWCenter -in [gi::getWindows 3]
[21:44:47.86] /i se::move [de::getSelected -design [db::getAttr editDesign -of [db::getNext [de::getContexts -window 3]]]]  -rotate R90
[21:44:48.47] /# gi::executeAction seRotateCCWCenter -in [gi::getWindows 3]
[21:44:48.47] /i se::move [de::getSelected -design [db::getAttr editDesign -of [db::getNext [de::getContexts -window 3]]]]  -rotate R90
[21:44:48.68] /# gi::executeAction seRotateCCWCenter -in [gi::getWindows 3]
[21:44:48.68] /i se::move [de::getSelected -design [db::getAttr editDesign -of [db::getNext [de::getContexts -window 3]]]]  -rotate R90
[21:44:50.19] /# gi::executeAction seButton1DragStart -in [gi::getWindows 3]
[21:44:50.19] /i ise::stretch -point {8.375 0.0625}
[21:44:56.61] /# gi::executeAction deEndDrag -in [gi::getWindows 3]
[21:44:56.61] /i de::endDrag {8.8 0.00625} -context [db::getNext [de::getContexts -window 3]]
[21:44:57.33] /# gi::executeAction deSelectActive -in [gi::getWindows 3]
[21:44:57.33] /i de::deselectAll [db::getNext [de::getContexts -window 3]]
[21:44:57.33] /i de::deselectAllLogic -context [db::getNext [de::getContexts -window 3]]
[21:58:54.65] /# gi::executeAction seCreateInst -in [gi::getWindows 3]
[21:58:54.65] /i ise::createInst
[21:58:54.76] /o 0
[21:58:54.99] /i gi::setActiveDialog [gi::getDialogs {seCreateInst} -parent [gi::getWindows 3]]
[21:58:55.22] /i db::setAttr geometry -of [gi::getDialogs {seCreateInst}] -value 359x581+0+71
[21:59:03.86] /i gi::setField {instMasterCell} -value {p_4t} -in [gi::getDialogs {seCreateInst} -parent [gi::getWindows 3]]
[21:59:04.18] /i db::setAttr geometry -of [gi::getDialogs {seCreateInst}] -value 359x581+0+71
[21:59:54.29] /i gi::setItemSelection {parameters} -index {w,all} -in [gi::getDialogs {seCreateInst} -parent [gi::getWindows 3]]
[21:59:54.29] /i gi::setCurrentIndex {parameters} -index {w,Value} -in [gi::getDialogs {seCreateInst} -parent [gi::getWindows 3]]
[22:00:02.73] /i gi::setField {parameters} -value {0.72u} -index {w,Value} -in [gi::getDialogs {seCreateInst} -parent [gi::getWindows 3]]
[22:00:05.01] /# gi::executeAction deAddPoint -in [gi::getWindows 3]
[22:00:05.01] /i de::addPoint {8.48125 1.61875} -context [db::getNext [de::getContexts -window 3]]
[22:00:07.26] /# gi::executeAction deAddPoint -in [gi::getWindows 3]
[22:00:07.26] /i de::addPoint {8.48125 -0.6625} -context [db::getNext [de::getContexts -window 3]]
[22:00:11.31] /# gi::executeAction deAddPoint -in [gi::getWindows 3]
[22:00:11.31] /i de::addPoint {1.2 -0.73125} -context [db::getNext [de::getContexts -window 3]]
[22:00:12.88] /# gi::executeAction deAddPoint -in [gi::getWindows 3]
[22:00:12.88] /i de::addPoint {2.3125 0.61875} -context [db::getNext [de::getContexts -window 3]]
[22:00:13.72] /# gi::executeAction deAbortCommand -in [gi::getWindows 3]
[22:00:13.72] /i de::abortCommand -context [db::getNext [de::getContexts -window 3]]
[22:00:21.65] /# gi::executeAction deSelectActive -in [gi::getWindows 3]
[22:00:21.65] /i de::deselectAll [db::getNext [de::getContexts -window 3]]
[22:00:21.65] /i de::select [de::getActiveFigure [gi::getWindows 3] -point {2.41875 0.5375} -index 0 -intent none]
[22:00:21.66] /o oa:0x1f3a7010
[22:00:24.63] /# gi::executeAction seRotateCWCenter -in [gi::getWindows 3]
[22:00:24.63] /i se::move [de::getSelected -design [db::getAttr editDesign -of [db::getNext [de::getContexts -window 3]]]]  -rotate R270
[22:00:24.80] /# gi::executeAction seRotateCWCenter -in [gi::getWindows 3]
[22:00:24.80] /i se::move [de::getSelected -design [db::getAttr editDesign -of [db::getNext [de::getContexts -window 3]]]]  -rotate R270
[22:00:25.32] /# gi::executeAction seRotateCWCenter -in [gi::getWindows 3]
[22:00:25.32] /i se::move [de::getSelected -design [db::getAttr editDesign -of [db::getNext [de::getContexts -window 3]]]]  -rotate R270
[22:00:31.26] /# gi::executeAction seButton1DragStart -in [gi::getWindows 3]
[22:00:31.26] /i ise::stretch -point {2.4375 0.4375}
[22:00:38.72] /# gi::executeAction deEndDrag -in [gi::getWindows 3]
[22:00:38.72] /i de::endDrag {1.4875 1.80625} -context [db::getNext [de::getContexts -window 3]]
[22:00:39.43] /# gi::executeAction deSelectActive -in [gi::getWindows 3]
[22:00:39.43] /i de::deselectAll [db::getNext [de::getContexts -window 3]]
[22:00:39.43] /i de::deselectAllLogic -context [db::getNext [de::getContexts -window 3]]
[22:00:44.08] /# gi::executeAction deSelectActive -in [gi::getWindows 3]
[22:00:44.08] /i de::deselectAll [db::getNext [de::getContexts -window 3]]
[22:00:44.08] /i de::select [de::getActiveFigure [gi::getWindows 3] -point {1.3625 -0.78125} -index 0 -intent none]
[22:00:44.08] /o oa:0x20574f10
[22:00:46.68] /# gi::executeAction seRotateCCWCenter -in [gi::getWindows 3]
[22:00:46.68] /i se::move [de::getSelected -design [db::getAttr editDesign -of [db::getNext [de::getContexts -window 3]]]]  -rotate R90
[22:00:47.29] /# gi::executeAction seRotateCCWCenter -in [gi::getWindows 3]
[22:00:47.29] /i se::move [de::getSelected -design [db::getAttr editDesign -of [db::getNext [de::getContexts -window 3]]]]  -rotate R90
[22:00:47.70] /# gi::executeAction seRotateCCWCenter -in [gi::getWindows 3]
[22:00:47.71] /i se::move [de::getSelected -design [db::getAttr editDesign -of [db::getNext [de::getContexts -window 3]]]]  -rotate R90
[22:00:47.91] /# gi::executeAction seRotateCCWCenter -in [gi::getWindows 3]
[22:00:47.91] /i se::move [de::getSelected -design [db::getAttr editDesign -of [db::getNext [de::getContexts -window 3]]]]  -rotate R90
[22:00:48.63] /# gi::executeAction seRotateCCWCenter -in [gi::getWindows 3]
[22:00:48.63] /i se::move [de::getSelected -design [db::getAttr editDesign -of [db::getNext [de::getContexts -window 3]]]]  -rotate R90
[22:01:00.88] /# gi::executeAction seButton1DragStart -in [gi::getWindows 3]
[22:01:00.89] /i ise::stretch -point {1.3125 -0.8125}
[22:01:04.37] /# gi::executeAction deEndDrag -in [gi::getWindows 3]
[22:01:04.37] /i de::endDrag {1.50625 -0.56875} -context [db::getNext [de::getContexts -window 3]]
[22:01:05.04] /# gi::executeAction deSelectActive -in [gi::getWindows 3]
[22:01:05.04] /i de::deselectAll [db::getNext [de::getContexts -window 3]]
[22:01:05.04] /i de::deselectAllLogic -context [db::getNext [de::getContexts -window 3]]
[22:01:06.19] /# gi::executeAction deSelectActive -in [gi::getWindows 3]
[22:01:06.19] /i de::deselectAll [db::getNext [de::getContexts -window 3]]
[22:01:06.19] /i de::select [de::getActiveFigure [gi::getWindows 3] -point {8.66875 1.58125} -index 0 -intent none]
[22:01:06.19] /o oa:0x1ed16d40
[22:01:08.78] /# gi::executeAction seRotateCCWCenter -in [gi::getWindows 3]
[22:01:08.78] /i se::move [de::getSelected -design [db::getAttr editDesign -of [db::getNext [de::getContexts -window 3]]]]  -rotate R90
[22:01:09.34] /# gi::executeAction seRotateCCWCenter -in [gi::getWindows 3]
[22:01:09.34] /i se::move [de::getSelected -design [db::getAttr editDesign -of [db::getNext [de::getContexts -window 3]]]]  -rotate R90
[22:01:09.63] /# gi::executeAction seRotateCCWCenter -in [gi::getWindows 3]
[22:01:09.63] /i se::move [de::getSelected -design [db::getAttr editDesign -of [db::getNext [de::getContexts -window 3]]]]  -rotate R90
[22:01:09.82] /# gi::executeAction seRotateCCWCenter -in [gi::getWindows 3]
[22:01:09.82] /i se::move [de::getSelected -design [db::getAttr editDesign -of [db::getNext [de::getContexts -window 3]]]]  -rotate R90
[22:01:10.45] /# gi::executeAction seRotateCCWCenter -in [gi::getWindows 3]
[22:01:10.45] /i se::move [de::getSelected -design [db::getAttr editDesign -of [db::getNext [de::getContexts -window 3]]]]  -rotate R90
[22:01:16.29] /# gi::executeAction seButton1DragStart -in [gi::getWindows 3]
[22:01:16.29] /i ise::stretch -point {8.625 1.5}
[22:01:25.96] /# gi::executeAction deEndDrag -in [gi::getWindows 3]
[22:01:25.97] /i de::endDrag {8.7625 1.875} -context [db::getNext [de::getContexts -window 3]]
[22:01:26.38] /# gi::executeAction deSelectActive -in [gi::getWindows 3]
[22:01:26.38] /i de::deselectAll [db::getNext [de::getContexts -window 3]]
[22:01:26.38] /i de::deselectAllLogic -context [db::getNext [de::getContexts -window 3]]
[22:01:27.35] /# gi::executeAction deSelectActive -in [gi::getWindows 3]
[22:01:27.35] /i de::deselectAll [db::getNext [de::getContexts -window 3]]
[22:01:27.35] /i de::select [de::getActiveFigure [gi::getWindows 3] -point {8.675 -0.75} -index 0 -intent none]
[22:01:27.35] /o oa:0x20a8e440
[22:01:29.91] /# gi::executeAction seRotateCCWCenter -in [gi::getWindows 3]
[22:01:29.91] /i se::move [de::getSelected -design [db::getAttr editDesign -of [db::getNext [de::getContexts -window 3]]]]  -rotate R90
[22:01:31.78] /# gi::executeAction seButton1DragStart -in [gi::getWindows 3]
[22:01:31.78] /i ise::stretch -point {8.6875 -0.875}
[22:01:36.22] /# gi::executeAction deEndDrag -in [gi::getWindows 3]
[22:01:36.22] /i de::endDrag {8.8 -0.60625} -context [db::getNext [de::getContexts -window 3]]
[22:01:37.88] /# gi::executeAction seButton1DragStart -in [gi::getWindows 3]
[22:01:37.88] /i ise::stretch -object [de::getActiveFigure [gi::getWindows 3] -point {1.46875 -0.61875} -index 0 -intent none] -point {1.5 -0.625}
[22:01:39.54] /# gi::executeAction deEndDrag -in [gi::getWindows 3]
[22:01:39.54] /i de::endDrag {1.48125 -0.54375} -context [db::getNext [de::getContexts -window 3]]
[22:01:40.04] /# gi::executeAction deSelectActive -in [gi::getWindows 3]
[22:01:40.04] /i de::deselectAll [db::getNext [de::getContexts -window 3]]
[22:01:40.04] /i de::deselectAllLogic -context [db::getNext [de::getContexts -window 3]]
[22:02:18.93] /# gi::executeAction seSchCreateWire -in [gi::getWindows 3]
[22:02:18.93] /i ise::createWire
[22:02:21.64] /# gi::executeAction seSchWireTypeAuto -in [gi::getWindows 3]
[22:02:21.64] /i db::setPrefValue seWiringType -value <auto> -scope [de::getActiveContext]
[22:02:21.64] /o oa:0x1ff9b8d0
[22:02:26.34] /# gi::executeAction deAddPoint -in [gi::getWindows 3]
[22:02:26.34] /i de::addPoint {1.69375 2.30625} -context [db::getNext [de::getContexts -window 3]]
[22:02:26.45] /i de::setCursor -point {1.6875 2.25 }
[22:02:27.36] /# gi::executeAction deAddPoint -in [gi::getWindows 3]
[22:02:27.36] /i de::addPoint {1.7 1.975} -context [db::getNext [de::getContexts -window 3]]
[22:02:28.99] /# gi::executeAction deAddPoint -in [gi::getWindows 3]
[22:02:28.99] /i de::addPoint {2.8875 2.125} -context [db::getNext [de::getContexts -window 3]]
[22:02:29.08] /i de::setCursor -point {2.8125 2.125 }
[22:02:30.66] /# gi::executeAction deAddPoint -in [gi::getWindows 3]
[22:02:30.66] /i de::addPoint {1.6875 2.15} -context [db::getNext [de::getContexts -window 3]]
[22:02:32.48] /# gi::executeAction deAddPoint -in [gi::getWindows 3]
[22:02:32.48] /i de::addPoint {1.29375 1.99375} -context [db::getNext [de::getContexts -window 3]]
[22:02:32.56] /i de::setCursor -point {1.3125 2.0625 }
[22:02:34.93] /# gi::executeAction deAddPoint -in [gi::getWindows 3]
[22:02:34.93] /i de::addPoint {1.29375 2.3125} -context [db::getNext [de::getContexts -window 3]]
[22:02:37.76] /# gi::executeAction deAddPoint -in [gi::getWindows 3]
[22:02:37.76] /i de::addPoint {0.975 2.13125} -context [db::getNext [de::getContexts -window 3]]
[22:02:37.88] /i de::setCursor -point {1.0625 2.125 }
[22:02:39.14] /# gi::executeAction deAddPoint -in [gi::getWindows 3]
[22:02:39.14] /i de::addPoint {1.31875 2.15} -context [db::getNext [de::getContexts -window 3]]
[22:19:57.51] /# gi::executeAction deAddPoint -in [gi::getWindows 3]
[22:19:57.51] /i de::addPoint {5.81875 0.775} -context [db::getNext [de::getContexts -window 3]]
[22:19:58.56] /# gi::executeAction seStretch -in [gi::getWindows 3]
[22:19:58.57] /i ise::stretch
[22:19:59.53] /# gi::executeAction deStartDrag -in [gi::getWindows 3]
[22:19:59.53] /i de::startDrag {1.13125 0.3125} -context [db::getNext [de::getContexts -window 3]]
[22:20:00.45] /# gi::executeAction deEndDrag -in [gi::getWindows 3]
[22:20:00.45] /i de::endDrag {2.03125 -0.8375} -context [db::getNext [de::getContexts -window 3]]
[22:20:01.68] /# gi::executeAction deStartDrag -in [gi::getWindows 3]
[22:20:01.68] /i de::startDrag {1.575 -0.54375} -context [db::getNext [de::getContexts -window 3]]
[22:20:05.70] /# gi::executeAction deEndDrag -in [gi::getWindows 3]
[22:20:05.70] /i de::endDrag {2.4875 -0.5375} -context [db::getNext [de::getContexts -window 3]]
[22:20:06.40] /# gi::executeAction deAddPoint -in [gi::getWindows 3]
[22:20:06.40] /i de::addPoint {6.1 1.65} -context [db::getNext [de::getContexts -window 3]]
[22:20:07.11] /# gi::executeAction deStartDrag -in [gi::getWindows 3]
[22:20:07.11] /i de::startDrag {8.09375 0.3375} -context [db::getNext [de::getContexts -window 3]]
[22:20:08.98] /# gi::executeAction deEndDrag -in [gi::getWindows 3]
[22:20:08.98] /i de::endDrag {8.45 0.4} -context [db::getNext [de::getContexts -window 3]]
[22:20:09.76] /# gi::executeAction deStartDrag -in [gi::getWindows 3]
[22:20:09.76] /i de::startDrag {8.15625 2.65625} -context [db::getNext [de::getContexts -window 3]]
[22:20:10.33] /# gi::executeAction deEndDrag -in [gi::getWindows 3]
[22:20:10.33] /i de::endDrag {9.25625 1.6875} -context [db::getNext [de::getContexts -window 3]]
[22:20:11.05] /# gi::executeAction deStartDrag -in [gi::getWindows 3]
[22:20:11.05] /i de::startDrag {8.925 2.06875} -context [db::getNext [de::getContexts -window 3]]
[22:20:13.50] /# gi::executeAction deEndDrag -in [gi::getWindows 3]
[22:20:13.50] /i de::endDrag {8.23125 2.06875} -context [db::getNext [de::getContexts -window 3]]
[22:20:14.26] /# gi::executeAction deStartDrag -in [gi::getWindows 3]
[22:20:14.26] /i de::startDrag {8.29375 0.2875} -context [db::getNext [de::getContexts -window 3]]
[22:20:15.08] /# gi::executeAction deEndDrag -in [gi::getWindows 3]
[22:20:15.08] /i de::endDrag {9.25 -0.9125} -context [db::getNext [de::getContexts -window 3]]
[22:20:16.55] /# gi::executeAction deStartDrag -in [gi::getWindows 3]
[22:20:16.55] /i de::startDrag {8.825 -0.09375} -context [db::getNext [de::getContexts -window 3]]
[22:20:20.19] /# gi::executeAction deEndDrag -in [gi::getWindows 3]
[22:20:20.19] /i de::endDrag {9.45 -0.09375} -context [db::getNext [de::getContexts -window 3]]
[22:20:20.57] /# gi::executeAction deAddPoint -in [gi::getWindows 3]
[22:20:20.57] /i de::addPoint {8.96875 0.35} -context [db::getNext [de::getContexts -window 3]]
[22:20:21.77] /# gi::executeAction seSchCreateWire -in [gi::getWindows 3]
[22:20:21.77] /i ise::createWire
[22:20:23.32] /# gi::executeAction seSchWireTypeAuto -in [gi::getWindows 3]
[22:20:23.32] /i db::setPrefValue seWiringType -value <auto> -scope [de::getActiveContext]
[22:20:23.33] /o oa:0x214c1cb0
[22:20:24.57] /# gi::executeAction deAddPoint -in [gi::getWindows 3]
[22:20:24.57] /i de::addPoint {2.25 -0.13125} -context [db::getNext [de::getContexts -window 3]]
[22:20:24.62] /i de::setCursor -point {2.25 -0.1875 }
[22:20:25.60] /# gi::executeAction deAddPoint -in [gi::getWindows 3]
[22:20:25.60] /i de::addPoint {2.2625 -0.45} -context [db::getNext [de::getContexts -window 3]]
[22:20:26.98] /# gi::executeAction deAddPoint -in [gi::getWindows 3]
[22:20:26.98] /i de::addPoint {2.6375 -0.43125} -context [db::getNext [de::getContexts -window 3]]
[22:20:27.07] /i de::setCursor -point {2.5625 -0.375 }
[22:20:27.16] /i de::setCursor -point {2.625 -0.25 }
[22:20:27.87] /# gi::executeAction deAddPoint -in [gi::getWindows 3]
[22:20:27.87] /i de::addPoint {2.6375 -0.1375} -context [db::getNext [de::getContexts -window 3]]
[22:20:28.80] /# gi::executeAction deAddPoint -in [gi::getWindows 3]
[22:20:28.80] /i de::addPoint {3.075 -0.3375} -context [db::getNext [de::getContexts -window 3]]
[22:20:29.00] /i de::setCursor -point {3 -0.375 }
[22:20:29.03] /i de::setCursor -point {2.6875 -0.3125 }
[22:20:29.84] /# gi::executeAction deAddPoint -in [gi::getWindows 3]
[22:20:29.84] /i de::addPoint {2.65625 -0.3375} -context [db::getNext [de::getContexts -window 3]]
[22:20:30.10] /i de::setCursor -point {2.625 -0.25 }
[22:20:30.15] /i de::setCursor -point {2.5625 -0.25 }
[22:20:31.20] /i de::setCursor -point {2.625 -0.375 }
[22:20:31.32] /i de::setCursor -point {2.6875 -0.375 }
[22:20:31.51] /i de::setCursor -point {2.75 -0.375 }
[22:20:31.59] /i de::setCursor -point {2.8125 -0.375 }
[22:20:31.61] /i de::setCursor -point {2.8125 -0.4375 }
[22:20:31.67] /i de::setCursor -point {2.8125 -0.375 }
[22:20:31.91] /i de::setCursor -point {2.75 -0.375 }
[22:20:32.02] /i de::setCursor -point {2.6875 -0.375 }
[22:20:32.04] /i de::setCursor -point {2.625 -0.375 }
[22:20:32.18] /i de::setCursor -point {2.625 -0.3125 }
[22:20:33.41] /# gi::executeAction deAddPoint -in [gi::getWindows 3]
[22:20:33.41] /i de::addPoint {2.625 -0.2875} -context [db::getNext [de::getContexts -window 3]]
[22:20:35.10] /# gi::executeAction deAddPoint -in [gi::getWindows 3]
[22:20:35.10] /i de::addPoint {2.23125 -0.29375} -context [db::getNext [de::getContexts -window 3]]
[22:20:35.40] /i de::setCursor -point {2.1875 -0.25 }
[22:20:35.48] /i de::setCursor -point {2.125 -0.25 }
[22:20:35.51] /i de::setCursor -point {2.125 -0.1875 }
[22:20:35.52] /i de::setCursor -point {2.0625 -0.1875 }
[22:20:38.97] /# gi::executeAction deAddPoint -in [gi::getWindows 3]
[22:20:38.97] /i de::addPoint {2.03125 2.11875} -context [db::getNext [de::getContexts -window 3]]
[22:20:59.35] /# gi::executeAction deAddPoint -in [gi::getWindows 3]
[22:20:59.35] /i de::addPoint {3.94375 2.1125} -context [db::getNext [de::getContexts -window 3]]
[22:21:01.32] /# gi::executeAction deAddPoint -in [gi::getWindows 3]
[22:21:01.32] /i de::addPoint {7.85625 2.13125} -context [db::getNext [de::getContexts -window 3]]
[22:21:01.46] /i de::setCursor -point {7.875 2.1875 }
[22:21:02.56] /# gi::executeAction deAddPoint -in [gi::getWindows 3]
[22:21:02.56] /i de::addPoint {7.875 2.3} -context [db::getNext [de::getContexts -window 3]]
[22:21:03.72] /# gi::executeAction deAddPoint -in [gi::getWindows 3]
[22:21:03.73] /i de::addPoint {7.8875 2} -context [db::getNext [de::getContexts -window 3]]
[22:21:04.83] /# gi::executeAction deAddPoint -in [gi::getWindows 3]
[22:21:04.83] /i de::addPoint {7.8875 2.125} -context [db::getNext [de::getContexts -window 3]]
[22:21:06.65] /# gi::executeAction deAddPoint -in [gi::getWindows 3]
[22:21:06.65] /i de::addPoint {8.2625 2.00625} -context [db::getNext [de::getContexts -window 3]]
[22:21:08.16] /# gi::executeAction deAddPoint -in [gi::getWindows 3]
[22:21:08.16] /i de::addPoint {8.2625 2.30625} -context [db::getNext [de::getContexts -window 3]]
[22:21:09.72] /# gi::executeAction deAddPoint -in [gi::getWindows 3]
[22:21:09.72] /i de::addPoint {10.175 2.125} -context [db::getNext [de::getContexts -window 3]]
[22:21:09.80] /i de::setCursor -point {10.125 2.125 }
[22:21:11.45] /# gi::executeAction deAddPoint -in [gi::getWindows 3]
[22:21:11.45] /i de::addPoint {8.25625 2.125} -context [db::getNext [de::getContexts -window 3]]
[22:21:14.71] /# gi::executeAction deAddPoint -in [gi::getWindows 3]
[22:21:14.71] /i de::addPoint {9.2 -0.10625} -context [db::getNext [de::getContexts -window 3]]
[22:21:14.80] /i de::setCursor -point {9.1875 -0.1875 }
[22:21:15.80] /# gi::executeAction deAddPoint -in [gi::getWindows 3]
[22:21:15.80] /i de::addPoint {9.1875 -0.4375} -context [db::getNext [de::getContexts -window 3]]
[22:21:16.99] /# gi::executeAction deAddPoint -in [gi::getWindows 3]
[22:21:17.00] /i de::addPoint {9.575 -0.13125} -context [db::getNext [de::getContexts -window 3]]
[22:21:18.43] /# gi::executeAction deAddPoint -in [gi::getWindows 3]
[22:21:18.43] /i de::addPoint {9.58125 -0.44375} -context [db::getNext [de::getContexts -window 3]]
[22:21:19.64] /# gi::executeAction deAddPoint -in [gi::getWindows 3]
[22:21:19.64] /i de::addPoint {10.4875 -0.31875} -context [db::getNext [de::getContexts -window 3]]
[22:21:19.76] /i de::setCursor -point {10.4375 -0.3125 }
[22:21:20.83] /# gi::executeAction deAddPoint -in [gi::getWindows 3]
[22:21:20.83] /i de::addPoint {9.575 -0.31875} -context [db::getNext [de::getContexts -window 3]]
[22:21:28.68] /# gi::executeAction deAddPoint -in [gi::getWindows 3]
[22:21:28.68] /i de::addPoint {4.1125 -0.31875} -context [db::getNext [de::getContexts -window 3]]
[22:21:31.18] /# gi::executeAction deAddPoint -in [gi::getWindows 3]
[22:21:31.18] /i de::addPoint {4.54375 2.15} -context [db::getNext [de::getContexts -window 3]]
[22:21:42.82] /# gi::executeAction deAddPoint -in [gi::getWindows 3]
[22:21:42.82] /i de::addPoint {9.175 -0.30625} -context [db::getNext [de::getContexts -window 3]]
[22:21:42.98] /i de::setCursor -point {9.1875 -0.25 }
[22:21:43.00] /i de::setCursor -point {9.125 -0.25 }
[22:21:43.07] /i de::setCursor -point {9.125 -0.1875 }
[22:21:45.46] /# gi::executeAction deAddPoint -in [gi::getWindows 3]
[22:21:45.46] /i de::addPoint {8.78125 2.14375} -context [db::getNext [de::getContexts -window 3]]
[22:21:48.69] /# gi::executeAction deAddPoint -in [gi::getWindows 3]
[22:21:48.69] /i de::addPoint {11.225 2.15} -context [db::getNext [de::getContexts -window 3]]
[22:21:48.86] /i de::setCursor -point {11.3125 2.125 }
[22:21:50.47] /# gi::executeAction deAddPoint -in [gi::getWindows 3]
[22:21:50.48] /i de::addPoint {12.28125 2.1125} -context [db::getNext [de::getContexts -window 3]]
[22:21:50.74] /i de::setCursor -point {12.25 2.0625 }
[22:21:50.83] /i de::setCursor -point {12.25 2 }
[22:21:52.55] /# gi::executeAction deAbortCommand -in [gi::getWindows 3]
[22:21:52.55] /i de::abortCommand -context [db::getNext [de::getContexts -window 3]]
[22:21:52.59] /w Warning: Nothing is bound to the 'QuoteLeft' in the current active set. (WINDOW-015)
[22:21:53.49] /# gi::executeAction seSchCreateWire -in [gi::getWindows 3]
[22:21:53.49] /i ise::createWire
[22:21:54.77] /# gi::executeAction deAddPoint -in [gi::getWindows 3]
[22:21:54.77] /i de::addPoint {11.575 -0.30625} -context [db::getNext [de::getContexts -window 3]]
[22:21:54.87] /i de::setCursor -point {11.625 -0.1875 }
[22:21:57.54] /# gi::executeAction deAddPoint -in [gi::getWindows 3]
[22:21:57.54] /i de::addPoint {11.7375 2.1} -context [db::getNext [de::getContexts -window 3]]
[22:21:59.60] /# gi::executeAction seStretch -in [gi::getWindows 3]
[22:21:59.60] /i ise::stretch
[22:22:00.85] /# gi::executeAction deStartDrag -in [gi::getWindows 3]
[22:22:00.85] /i de::startDrag {7.5125 2.93125} -context [db::getNext [de::getContexts -window 3]]
[22:22:02.35] /# gi::executeAction deEndDrag -in [gi::getWindows 3]
[22:22:02.35] /i de::endDrag {12.5 -0.9625} -context [db::getNext [de::getContexts -window 3]]
[22:22:03.39] /# gi::executeAction deStartDrag -in [gi::getWindows 3]
[22:22:03.39] /i de::startDrag {11.25625 -0.30625} -context [db::getNext [de::getContexts -window 3]]
[22:22:17.27] /# gi::executeAction deEndDrag -in [gi::getWindows 3]
[22:22:17.27] /i de::endDrag {8.5 -0.31875} -context [db::getNext [de::getContexts -window 3]]
[22:22:23.78] /# gi::executeAction dePan -in [gi::getWindows 3]
[22:22:23.78] /i ide::pan [db::getNext [de::getContexts -window 3]]
[22:22:24.19] /# gi::executeAction deStartDrag -in [gi::getWindows 3]
[22:22:24.19] /i de::startDrag {5.70625 -0.79375} -context [db::getNext [de::getContexts -window 3]]
[22:22:26.99] /# gi::executeAction deEndDrag -in [gi::getWindows 3]
[22:22:26.99] /i de::endDrag {5.7 -0.79375} -context [db::getNext [de::getContexts -window 3]]
[22:22:26.99] /r dePanToPoint {5.71875 1.2875}
[22:22:28.06] /# gi::executeAction dePan -in [gi::getWindows 3]
[22:22:28.06] /i ide::pan [db::getNext [de::getContexts -window 3]]
[22:22:29.53] /# gi::executeAction deStartDrag -in [gi::getWindows 3]
[22:22:29.53] /i de::startDrag {7.2625 2.73125} -context [db::getNext [de::getContexts -window 3]]
[22:22:32.59] /# gi::executeAction deEndDrag -in [gi::getWindows 3]
[22:22:32.59] /i de::endDrag {7.275 2.73125} -context [db::getNext [de::getContexts -window 3]]
[22:22:32.59] /r dePanToPoint {5.6 1.1875}
[22:22:33.78] /# gi::executeAction seStretch -in [gi::getWindows 3]
[22:22:33.78] /i ise::stretch
[22:22:34.45] /# gi::executeAction deStartDrag -in [gi::getWindows 3]
[22:22:34.45] /i de::startDrag {7.2625 2.73125} -context [db::getNext [de::getContexts -window 3]]
[22:22:35.95] /# gi::executeAction deEndDrag -in [gi::getWindows 3]
[22:22:35.95] /i de::endDrag {9.78125 -0.86875} -context [db::getNext [de::getContexts -window 3]]
[22:22:37.23] /# gi::executeAction deStartDrag -in [gi::getWindows 3]
[22:22:37.23] /i de::startDrag {8.5125 -0.425} -context [db::getNext [de::getContexts -window 3]]
[22:22:41.38] /# gi::executeAction deEndDrag -in [gi::getWindows 3]
[22:22:41.38] /i de::endDrag {8.08125 -0.43125} -context [db::getNext [de::getContexts -window 3]]
[22:22:43.78] /# gi::executeAction deAbortCommand -in [gi::getWindows 3]
[22:22:43.78] /i de::abortCommand -context [db::getNext [de::getContexts -window 3]]
[22:22:44.31] /# gi::executeAction deSelectActive -in [gi::getWindows 3]
[22:22:44.31] /i de::deselectAllLogic -context [db::getNext [de::getContexts -window 3]]
[22:22:47.47] /# gi::executeAction dePan -in [gi::getWindows 3]
[22:22:47.47] /i ide::pan [db::getNext [de::getContexts -window 3]]
[22:22:47.86] /# gi::executeAction deStartDrag -in [gi::getWindows 3]
[22:22:47.86] /i de::startDrag {4.75 -1.0125} -context [db::getNext [de::getContexts -window 3]]
[22:22:49.10] /# gi::executeAction deEndDrag -in [gi::getWindows 3]
[22:22:49.10] /i de::endDrag {4.74375 -1.0125} -context [db::getNext [de::getContexts -window 3]]
[22:22:49.10] /r dePanToPoint {5.25625 1.1875}
[22:22:51.89] /# gi::executeAction seSchCreateSchematicPin -in [gi::getWindows 3]
[22:22:51.90] /i ise::createSchematicPin
[22:22:55.52] /# gi::executeAction deAddPoint -in [gi::getWindows 3]
[22:22:55.52] /i de::addPoint {0.975 2.1} -context [db::getNext [de::getContexts -window 3]]
[22:22:58.59] /# gi::executeAction deAddPoint -in [gi::getWindows 3]
[22:22:58.59] /i de::addPoint {9.25625 2.125} -context [db::getNext [de::getContexts -window 3]]
[22:22:59.66] /# gi::executeAction deAbortCommand -in [gi::getWindows 3]
[22:22:59.66] /i de::abortCommand -context [db::getNext [de::getContexts -window 3]]
[22:23:02.53] /# gi::executeAction deSelectActive -in [gi::getWindows 3]
[22:23:02.53] /i de::deselectAll [db::getNext [de::getContexts -window 3]]
[22:23:02.53] /i de::select [de::getActiveFigure [gi::getWindows 3] -point {0.7 2.14375} -index 0 -intent none]
[22:23:02.53] /o oa:0x1fa61280
[22:23:02.72] /i ide::editCanvasText -object [de::getActiveFigure [gi::getWindows 3] -point {0.7 2.14375} -index 0 -intent none]
[22:23:06.00] /i de::commandOption {in}
[22:23:07.93] /# gi::executeAction deCanvasZoomInAtPoint -in [gi::getWindows 3]
[22:23:07.93] /i de::zoom -window [gi::getWindows 3] -factor 2.0 -center {9.58125 2.25}
[22:23:07.93] /o {4.5 0.51875} {10.3375 2.91875}
[22:23:08.05] /# gi::executeAction deCanvasZoomInAtPoint -in [gi::getWindows 3]
[22:23:08.05] /i de::zoom -window [gi::getWindows 3] -factor 2.0 -center {9.58125 2.25}
[22:23:08.05] /o {7.04375 1.38125} {9.95625 2.5875}
[22:23:09.30] /# gi::executeAction deSelectActive -in [gi::getWindows 3]
[22:23:09.30] /i de::deselectAll [db::getNext [de::getContexts -window 3]]
[22:23:09.30] /i de::select [de::getActiveFigure [gi::getWindows 3] -point {8.99375 2.10625} -index 0 -intent none]
[22:23:09.30] /o oa:0x1fde4050
[22:23:10.53] /# gi::executeAction deSelectActive -in [gi::getWindows 3]
[22:23:10.53] /i de::cycleActiveFigure [gi::getWindows 3] -direction next
[22:23:10.53] /o oa:0x209ed0a0
[22:23:10.53] /i de::deselectAll [db::getNext [de::getContexts -window 3]]
[22:23:10.53] /i de::select [de::getActiveFigure [gi::getWindows 3] -point {8.9875 2.1} -index 1 -intent none]
[22:23:10.53] /o oa:0x206735c0
[22:23:11.59] /# gi::executeAction seButton1DragStart -in [gi::getWindows 3]
[22:23:11.59] /i ise::stretch -point {9 2.125}
[22:23:13.39] /# gi::executeAction deEndDrag -in [gi::getWindows 3]
[22:23:13.39] /i de::endDrag {9.34375 2.09375} -context [db::getNext [de::getContexts -window 3]]
[22:23:13.89] /# gi::executeAction deSelectActive -in [gi::getWindows 3]
[22:23:13.89] /i de::cycleActiveFigure [gi::getWindows 3] -direction next
[22:23:13.90] /o oa:0x1b0a21a0
[22:23:14.05] /i ide::editCanvasText -object [de::getActiveFigure [gi::getWindows 3] -point {9.39375 2.125} -index 0 -intent none]
[22:23:20.61] /i gi::executeAction deObjectActivation -in [gi::getWindows 3]
[22:23:20.70] /i gi::executeAction deObjectActivation -in [gi::getWindows 3]
[22:23:21.22] /i de::commandOption {Q}
[22:23:23.19] /# gi::executeAction seButton1DragStart -in [gi::getWindows 3]
[22:23:23.19] /i ise::stretch -point {9.4375 2.125}
[22:23:24.30] /# gi::executeAction deEndDrag -in [gi::getWindows 3]
[22:23:24.30] /i de::endDrag {9.36875 2.1125} -context [db::getNext [de::getContexts -window 3]]
[22:23:24.77] /# gi::executeAction deSelectActive -in [gi::getWindows 3]
[22:23:24.77] /i de::deselectAll [db::getNext [de::getContexts -window 3]]
[22:23:24.77] /i de::deselectAllLogic -context [db::getNext [de::getContexts -window 3]]
[22:23:25.32] /# gi::executeAction deCanvasZoomOutAtPoint -in [gi::getWindows 3]
[22:23:25.32] /i de::zoom -window [gi::getWindows 3] -factor 0.5 -center {8.975 2.2875}
[22:23:25.32] /o {5.10625 0.48125} {10.94375 2.88125}
[22:23:25.40] /# gi::executeAction deCanvasZoomOutAtPoint -in [gi::getWindows 3]
[22:23:25.40] /i de::zoom -window [gi::getWindows 3] -factor 0.5 -center {8.975 2.2875}
[22:23:25.40] /o {1.24375 -1.325} {12.9125 3.48125}
[22:23:27.60] /# gi::executeAction deCanvasZoomInAtPoint -in [gi::getWindows 3]
[22:23:27.60] /i de::zoom -window [gi::getWindows 3] -factor 2.0 -center {1.49375 1.64375}
[22:23:27.60] /o {1.36875 0.15625} {7.2 2.5625}
[22:23:28.23] /# gi::executeAction deCanvasZoomOutAtPoint -in [gi::getWindows 3]
[22:23:28.23] /i de::zoom -window [gi::getWindows 3] -factor 0.5 -center {1.51875 1.63125}
[22:23:28.23] /o {1.21875 -1.3125} {12.8875 3.49375}
[22:23:28.30] /# gi::executeAction deCanvasZoomOutAtPoint -in [gi::getWindows 3]
[22:23:28.30] /i de::zoom -window [gi::getWindows 3] -factor 0.5 -center {1.525 1.6375}
[22:23:28.30] /o {0.90625 -4.26875} {24.24375 5.34375}
[22:23:28.96] /# gi::executeAction deCanvasZoomInAtPoint -in [gi::getWindows 3]
[22:23:28.96] /i de::zoom -window [gi::getWindows 3] -factor 2.0 -center {1.14375 1.54375}
[22:23:28.96] /o {1.025 -1.3625} {12.69375 3.44375}
[22:23:29.06] /# gi::executeAction deCanvasZoomInAtPoint -in [gi::getWindows 3]
[22:23:29.06] /i de::zoom -window [gi::getWindows 3] -factor 2.0 -center {1.14375 1.54375}
[22:23:29.07] /o {1.0875 0.09375} {6.91875 2.49375}
[22:23:29.90] /# gi::executeAction deCanvasZoomOutAtPoint -in [gi::getWindows 3]
[22:23:29.90] /i de::zoom -window [gi::getWindows 3] -factor 0.5 -center {1.43125 1.49375}
[22:23:29.90] /o {0.7375 -1.3125} {12.40625 3.49375}
[22:23:30.72] /# gi::executeAction dePan -in [gi::getWindows 3]
[22:23:30.72] /i ide::pan [db::getNext [de::getContexts -window 3]]
[22:23:31.10] /# gi::executeAction deStartDrag -in [gi::getWindows 3]
[22:23:31.10] /i de::startDrag {1.425 1.49375} -context [db::getNext [de::getContexts -window 3]]
[22:23:31.87] /# gi::executeAction deEndDrag -in [gi::getWindows 3]
[22:23:31.87] /i de::endDrag {1.43125 1.49375} -context [db::getNext [de::getContexts -window 3]]
[22:23:31.87] /r dePanToPoint {5.35 1.325}
[22:23:32.48] /# gi::executeAction deAbortCommand -in [gi::getWindows 3]
[22:23:32.48] /i de::abortCommand -context [db::getNext [de::getContexts -window 3]]
[22:23:33.90] /# gi::executeAction deSelectActive -in [gi::getWindows 3]
[22:23:33.90] /i de::deselectAll [db::getNext [de::getContexts -window 3]]
[22:23:33.90] /i de::select [de::getActiveFigure [gi::getWindows 3] -point {0.79375 2.1125} -index 0 -intent none]
[22:23:33.90] /o oa:0x1fde7120
[22:23:34.06] /i ide::editCanvasText -object [de::getActiveFigure [gi::getWindows 3] -point {0.79375 2.1125} -index 0 -intent none]
[22:23:35.86] /i de::commandOption {D}
[22:23:36.97] /# gi::executeAction deSelectActive -in [gi::getWindows 3]
[22:23:36.97] /i de::deselectAll [db::getNext [de::getContexts -window 3]]
[22:23:36.97] /i de::deselectAllLogic -context [db::getNext [de::getContexts -window 3]]
[22:23:49.37] /i gi::executeAction deSaveDesign -in [gi::getWindows 3]
[22:23:49.37] /m Information: Saving design 'dff dff schematic'. (DESIGN_WINDOW-004)
[22:43:49.27] /# gi::executeAction deSelectActive -in [gi::getWindows 3]
[22:43:49.27] /i de::deselectAllLogic -context [db::getNext [de::getContexts -window 3]]
[22:43:50.15] /# gi::executeAction deSelectActive -in [gi::getWindows 3]
[22:43:50.15] /i de::deselectAllLogic -context [db::getNext [de::getContexts -window 3]]
[22:43:52.73] /# gi::executeAction seCreateInst -in [gi::getWindows 3]
[22:43:52.74] /i ise::createInst
[22:43:52.83] /o 0
[22:43:52.93] /i gi::setActiveDialog [gi::getDialogs {seCreateInst} -parent [gi::getWindows 3]]
[22:43:53.18] /i db::setAttr geometry -of [gi::getDialogs {seCreateInst}] -value 359x581+0+71
[22:44:09.05] /i gi::setField {instMasterLib} -value {basic} -in [gi::getDialogs {seCreateInst} -parent [gi::getWindows 3]]
[22:44:09.43] /i db::setAttr geometry -of [gi::getDialogs {seCreateInst}] -value 359x337+0+71
[22:44:14.42] /i gi::setField {instMasterCell} -value {gnd} -in [gi::getDialogs {seCreateInst} -parent [gi::getWindows 3]]
[22:44:14.77] /i db::setAttr geometry -of [gi::getDialogs {seCreateInst}] -value 359x337+0+71
[22:44:35.49] /# gi::executeAction deAddPoint -in [gi::getWindows 3]
[22:44:35.49] /i de::addPoint {1.89375 -0.21875} -context [db::getNext [de::getContexts -window 3]]
[22:44:36.76] /# gi::executeAction deAbortCommand -in [gi::getWindows 3]
[22:44:36.77] /i de::abortCommand -context [db::getNext [de::getContexts -window 3]]
[22:44:37.17] /# gi::executeAction deCanvasZoomInAtPoint -in [gi::getWindows 3]
[22:44:37.17] /i de::zoom -window [gi::getWindows 3] -factor 2.0 -center {2.50625 0.675}
[22:44:37.17] /o {1.0125 -0.2} {6.85 2.20625}
[22:44:37.81] /# gi::executeAction deCanvasZoomOutAtPoint -in [gi::getWindows 3]
[22:44:37.81] /i de::zoom -window [gi::getWindows 3] -factor 0.5 -center {2.50625 0.675}
[22:44:37.81] /o {-0.48125 -1.075} {11.1875 3.73125}
[22:44:41.43] /# gi::executeAction deSelectActive -in [gi::getWindows 3]
[22:44:41.43] /i de::deselectAll [db::getNext [de::getContexts -window 3]]
[22:44:41.44] /i de::select [de::getActiveFigure [gi::getWindows 3] -point {1.8625 -0.2375} -index 0 -intent none]
[22:44:41.44] /o oa:0x20f31210
[22:44:43.66] /# gi::executeAction deCanvasZoomInAtPoint -in [gi::getWindows 3]
[22:44:43.66] /i de::zoom -window [gi::getWindows 3] -factor 2.0 -center {2.19375 -0.26875}
[22:44:43.66] /o {0.85625 -0.66875} {6.69375 1.73125}
[22:44:44.74] /# gi::executeAction seSchCreateWire -in [gi::getWindows 3]
[22:44:44.74] /i ise::createWire
[22:44:45.81] /# gi::executeAction deAddPoint -in [gi::getWindows 3]
[22:44:45.81] /i de::addPoint {2.4375 -0.13125} -context [db::getNext [de::getContexts -window 3]]
[22:44:45.92] /i de::setCursor -point {2.4375 -0.1875 }
[22:44:46.20] /i de::setCursor -point {2.3125 -0.25 }
[22:44:46.28] /i de::setCursor -point {2.1875 -0.25 }
[22:44:50.55] /# gi::executeAction deAddPoint -in [gi::getWindows 3]
[22:44:50.55] /i de::addPoint {1.8875 -0.25} -context [db::getNext [de::getContexts -window 3]]
[22:44:51.92] /# gi::executeAction deCanvasZoomOutAtPoint -in [gi::getWindows 3]
[22:44:51.92] /i de::zoom -window [gi::getWindows 3] -factor 0.5 -center {1.88125 0.4125}
[22:44:51.92] /o {-0.16875 -1.75625} {11.5 3.05}
[22:44:54.56] /# gi::executeAction deAddPoint -in [gi::getWindows 3]
[22:44:54.56] /i de::addPoint {1.50625 2.30625} -context [db::getNext [de::getContexts -window 3]]
[22:44:54.63] /i de::setCursor -point {1.5 2.25 }
[22:44:59.45] /# gi::executeAction deAddPoint -in [gi::getWindows 3]
[22:44:59.45] /i de::addPoint {1.8875 -0.25625} -context [db::getNext [de::getContexts -window 3]]
[22:45:13.11] /# gi::executeAction seStretch -in [gi::getWindows 3]
[22:45:13.11] /i ise::stretch
[22:45:13.81] /# gi::executeAction deAddPoint -in [gi::getWindows 3]
[22:45:13.81] /i de::addPoint {1.8875 -0.38125} -context [db::getNext [de::getContexts -window 3]]
[22:45:17.26] /# gi::executeAction deAddPoint -in [gi::getWindows 3]
[22:45:17.26] /i de::addPoint {1.88125 -1.25625} -context [db::getNext [de::getContexts -window 3]]
[22:45:20.69] /# gi::executeAction deAddPoint -in [gi::getWindows 3]
[22:45:20.69] /i de::addPoint {5.325 2.28125} -context [db::getNext [de::getContexts -window 3]]
[22:45:22.59] /i gi::executeAction deObjectActivation -in [gi::getWindows 3]
[22:45:22.76] /# gi::executeAction deZoomIn -in [gi::getWindows 3]
[22:45:22.76] /i de::zoom -window 3 -factor 2.0
[22:45:22.77] /o {2.75 -0.55625} {8.58125 1.85}
[22:45:23.07] /i gi::executeAction deObjectActivation -in [gi::getWindows 3]
[22:45:23.61] /i gi::executeAction deObjectActivation -in [gi::getWindows 3]
[22:45:23.73] /# gi::executeAction deZoomIn -in [gi::getWindows 3]
[22:45:23.73] /i de::zoom -window 3 -factor 2.0
[22:45:23.74] /o {4.20625 0.04375} {7.125 1.25}
[22:45:23.84] /i gi::executeAction deObjectActivation -in [gi::getWindows 3]
[22:45:24.75] /i gi::executeAction deObjectActivation -in [gi::getWindows 3]
[22:45:25.08] /i gi::executeAction deObjectActivation -in [gi::getWindows 3]
[22:45:25.32] /# gi::executeAction deCanvasZoomOutAtPoint -in [gi::getWindows 3]
[22:45:25.32] /i de::zoom -window [gi::getWindows 3] -factor 0.5 -center {5.55 1.10625}
[22:45:25.32] /o {2.8625 -1.0125} {8.7 1.3875}
[22:45:25.41] /# gi::executeAction deCanvasZoomOutAtPoint -in [gi::getWindows 3]
[22:45:25.41] /i de::zoom -window [gi::getWindows 3] -factor 0.5 -center {5.54375 1.1125}
[22:45:25.41] /o {0.1875 -3.1375} {11.85625 1.66875}
[22:45:25.80] /# gi::executeAction deCanvasZoomOutAtPoint -in [gi::getWindows 3]
[22:45:25.80] /i de::zoom -window [gi::getWindows 3] -factor 0.5 -center {5.55 1.1125}
[22:45:25.80] /o {-5.18125 -7.39375} {18.15625 2.21875}
[22:45:26.26] /# gi::executeAction deCanvasZoomInAtPoint -in [gi::getWindows 3]
[22:45:26.26] /i de::zoom -window [gi::getWindows 3] -factor 2.0 -center {5.54375 1.10625}
[22:45:26.26] /o {0.18125 -3.14375} {11.85 1.6625}
[22:45:26.39] /# gi::executeAction deCanvasZoomInAtPoint -in [gi::getWindows 3]
[22:45:26.39] /i de::zoom -window [gi::getWindows 3] -factor 2.0 -center {5.54375 1.10625}
[22:45:26.39] /o {2.8625 -1.01875} {8.7 1.3875}
[22:45:27.17] /# gi::executeAction deAddPoint -in [gi::getWindows 3]
[22:45:27.17] /i de::addPoint {5.55 1.10625} -context [db::getNext [de::getContexts -window 3]]
[22:45:30.17] /# gi::executeAction deUndo -in [gi::getWindows 3]
[22:45:30.17] /i de::undoTransaction -design [db::getAttr editDesign -of [db::getNext [de::getContexts -window 3]]]
[22:45:31.13] /# gi::executeAction deCanvasZoomOutAtPoint -in [gi::getWindows 3]
[22:45:31.13] /i de::zoom -window [gi::getWindows 3] -factor 0.5 -center {5.8375 0.94375}
[22:45:31.14] /o {-0.1125 -2.98125} {11.55625 1.825}
[22:45:32.04] /# gi::executeAction deCanvasZoomOutAtPoint -in [gi::getWindows 3]
[22:45:32.04] /i de::zoom -window [gi::getWindows 3] -factor 0.5 -center {5.85625 1.14375}
[22:45:32.04] /o {-6.08125 -7.10625} {17.25625 2.50625}
[22:45:33.58] /# gi::executeAction dePan -in [gi::getWindows 3]
[22:45:33.58] /i ide::pan [db::getNext [de::getContexts -window 3]]
[22:45:34.00] /# gi::executeAction deStartDrag -in [gi::getWindows 3]
[22:45:34.00] /i de::startDrag {5.46875 1.00625} -context [db::getNext [de::getContexts -window 3]]
[22:45:34.58] /# gi::executeAction deEndDrag -in [gi::getWindows 3]
[22:45:34.58] /i de::endDrag {5.46875 0.98125} -context [db::getNext [de::getContexts -window 3]]
[22:45:34.58] /r dePanToPoint {5.775 -0.125}
[22:45:34.75] /# gi::executeAction deCanvasZoomInAtPoint -in [gi::getWindows 3]
[22:45:34.75] /i de::zoom -window [gi::getWindows 3] -factor 2.0 -center {5.46875 1.01875}
[22:45:34.75] /o {-0.2125 -1.95625} {11.45625 2.85}
[22:45:34.88] /# gi::executeAction deCanvasZoomInAtPoint -in [gi::getWindows 3]
[22:45:34.88] /i de::zoom -window [gi::getWindows 3] -factor 2.0 -center {5.46875 1.01875}
[22:45:34.89] /o {2.63125 -0.46875} {8.4625 1.9375}
[22:45:36.01] /# gi::executeAction deStartDrag -in [gi::getWindows 3]
[22:45:36.01] /i de::startDrag {5.55 1.35} -context [db::getNext [de::getContexts -window 3]]
[22:45:36.57] /# gi::executeAction deEndDrag -in [gi::getWindows 3]
[22:45:36.57] /i de::endDrag {5.55 1.34375} -context [db::getNext [de::getContexts -window 3]]
[22:45:36.58] /r dePanToPoint {5.64375 1.475}
[22:45:36.85] /# gi::executeAction deAddPoint -in [gi::getWindows 3]
[22:45:36.85] /i de::addPoint {5.55 1.34375} -context [db::getNext [de::getContexts -window 3]]
[22:45:38.23] /# gi::executeAction deAddPoint -in [gi::getWindows 3]
[22:45:38.23] /i de::addPoint {5.5625 1.4875} -context [db::getNext [de::getContexts -window 3]]
[22:45:39.13] /# gi::executeAction deAbortCommand -in [gi::getWindows 3]
[22:45:39.13] /i de::abortCommand -context [db::getNext [de::getContexts -window 3]]
[22:45:39.54] /# gi::executeAction deAddPoint -in [gi::getWindows 3]
[22:45:39.54] /i de::addPoint {5.575 1.63125} -context [db::getNext [de::getContexts -window 3]]
[22:45:40.41] /# gi::executeAction deAddPoint -in [gi::getWindows 3]
[22:45:40.41] /i de::addPoint {5.625 1.6125} -context [db::getNext [de::getContexts -window 3]]
[22:45:41.87] /# gi::executeAction deUndo -in [gi::getWindows 3]
[22:45:41.87] /i de::undoTransaction -design [db::getAttr editDesign -of [db::getNext [de::getContexts -window 3]]]
[22:45:42.70] /# gi::executeAction deAddPoint -in [gi::getWindows 3]
[22:45:42.70] /i de::addPoint {5.625 1.6125} -context [db::getNext [de::getContexts -window 3]]
[22:45:45.89] /# gi::executeAction deAbortCommand -in [gi::getWindows 3]
[22:45:45.89] /i de::abortCommand -context [db::getNext [de::getContexts -window 3]]
[22:45:47.61] /# gi::executeAction deSelectActive -in [gi::getWindows 3]
[22:45:47.61] /i de::deselectAll [db::getNext [de::getContexts -window 3]]
[22:45:47.62] /i de::deselectAllLogic -context [db::getNext [de::getContexts -window 3]]
[22:45:48.86] /# gi::executeAction deCanvasZoomOutAtPoint -in [gi::getWindows 3]
[22:45:48.86] /i de::zoom -window [gi::getWindows 3] -factor 0.5 -center {6.0125 1.6}
[22:45:48.86] /o {-0.71875 -1.025} {10.95 3.78125}
[22:45:50.17] /i gi::executeAction deCanvasDragSelect -in [gi::getWindows 3]
[22:45:50.18] /r deCanvasDragStart 5.55 0.7625
[22:45:50.96] /# gi::executeAction deCanvasDragEnd -in [gi::getWindows 3]
[22:45:50.96] /i gi::executeAction deCanvasDragEnd -in [gi::getWindows 3]
[22:45:50.96] /r deCanvasDragEnd 5.4 1.33125
[22:45:51.37] /# gi::executeAction dePan -in [gi::getWindows 3]
[22:45:51.37] /i ide::pan [db::getNext [de::getContexts -window 3]]
[22:45:51.72] /# gi::executeAction deStartDrag -in [gi::getWindows 3]
[22:45:51.72] /i de::startDrag {5.46875 0.90625} -context [db::getNext [de::getContexts -window 3]]
[22:45:53.91] /# gi::executeAction deEndDrag -in [gi::getWindows 3]
[22:45:53.91] /i de::endDrag {5.46875 0.9} -context [db::getNext [de::getContexts -window 3]]
[22:45:53.91] /r dePanToPoint {5.18125 0.4375}
[22:45:58.52] /# gi::executeAction seSchCreateWire -in [gi::getWindows 3]
[22:45:58.52] /i ise::createWire
[22:46:00.27] /# gi::executeAction deAddPoint -in [gi::getWindows 3]
[22:46:00.27] /i de::addPoint {5.3375 2.2625} -context [db::getNext [de::getContexts -window 3]]
[22:46:00.47] /i de::setCursor -point {5.25 2.25 }
[22:46:11.25] /# gi::executeAction deAddPoint -in [gi::getWindows 3]
[22:46:11.25] /i de::addPoint {5.6875 -0.86875} -context [db::getNext [de::getContexts -window 3]]
[22:46:11.97] /# gi::executeAction deAddPoint -in [gi::getWindows 3]
[22:46:11.97] /i de::addPoint {5.6875 -0.875} -context [db::getNext [de::getContexts -window 3]]
[22:46:13.94] /# gi::executeAction deAddPoint -in [gi::getWindows 3]
[22:46:13.94] /i de::addPoint {1.9 -0.875} -context [db::getNext [de::getContexts -window 3]]
[22:46:17.19] /# gi::executeAction deAddPoint -in [gi::getWindows 3]
[22:46:17.19] /i de::addPoint {5.675 -0.86875} -context [db::getNext [de::getContexts -window 3]]
[22:46:19.09] /# gi::executeAction deAddPoint -in [gi::getWindows 3]
[22:46:19.09] /i de::addPoint {6.65 -0.175} -context [db::getNext [de::getContexts -window 3]]
[22:46:20.91] /# gi::executeAction deAddPoint -in [gi::getWindows 3]
[22:46:20.91] /i de::addPoint {5.675 -0.2125} -context [db::getNext [de::getContexts -window 3]]
[22:46:33.30] /# gi::executeAction dePan -in [gi::getWindows 3]
[22:46:33.30] /i ide::pan [db::getNext [de::getContexts -window 3]]
[22:46:34.05] /# gi::executeAction deStartDrag -in [gi::getWindows 3]
[22:46:34.05] /i de::startDrag {5.025 1.48125} -context [db::getNext [de::getContexts -window 3]]
[22:46:36.06] /# gi::executeAction deEndDrag -in [gi::getWindows 3]
[22:46:36.06] /i de::endDrag {5.01875 1.48125} -context [db::getNext [de::getContexts -window 3]]
[22:46:36.06] /r dePanToPoint {5.55625 0.85}
[22:46:42.52] /# gi::executeAction seCreateInst -in [gi::getWindows 3]
[22:46:42.52] /i ise::createInst
[22:46:42.57] /o seSchematic
[22:46:42.62] /i gi::setActiveDialog [gi::getDialogs {seCreateInst} -parent [gi::getWindows 3]]
[22:46:42.91] /i db::setAttr geometry -of [gi::getDialogs {seCreateInst}] -value 359x337+0+71
[22:46:47.51] /i gi::setField {instMasterCell} -value {vdd} -in [gi::getDialogs {seCreateInst} -parent [gi::getWindows 3]]
[22:46:47.79] /i db::setAttr geometry -of [gi::getDialogs {seCreateInst}] -value 359x337+0+71
[22:46:55.52] /# gi::executeAction deAddPoint -in [gi::getWindows 3]
[22:46:55.52] /i de::addPoint {2.43125 2.825} -context [db::getNext [de::getContexts -window 3]]
[22:46:56.49] /# gi::executeAction deAbortCommand -in [gi::getWindows 3]
[22:46:56.49] /i de::abortCommand -context [db::getNext [de::getContexts -window 3]]
[22:46:58.76] /# gi::executeAction seSchCreateWire -in [gi::getWindows 3]
[22:46:58.76] /i ise::createWire
[22:46:59.36] /# gi::executeAction deAddPoint -in [gi::getWindows 3]
[22:46:59.36] /i de::addPoint {1.51875 1.9875} -context [db::getNext [de::getContexts -window 3]]
[22:46:59.68] /i de::setCursor -point {1.5625 2.125 }
[22:47:04.11] /# gi::executeAction deAddPoint -in [gi::getWindows 3]
[22:47:04.11] /i de::addPoint {2.45625 2.79375} -context [db::getNext [de::getContexts -window 3]]
[22:47:06.93] /# gi::executeAction deAddPoint -in [gi::getWindows 3]
[22:47:06.93] /i de::addPoint {2.4375 -0.45} -context [db::getNext [de::getContexts -window 3]]
[22:47:06.98] /i de::setCursor -point {2.5 -0.375 }
[22:47:06.99] /i de::setCursor -point {2.5 -0.3125 }
[22:47:16.30] /# gi::executeAction deAddPoint -in [gi::getWindows 3]
[22:47:16.30] /i de::addPoint {2.6875 2.2125} -context [db::getNext [de::getContexts -window 3]]
[22:47:18.35] /# gi::executeAction deAbortCommand -in [gi::getWindows 3]
[22:47:18.35] /i de::abortCommand -context [db::getNext [de::getContexts -window 3]]
[22:47:19.43] /# gi::executeAction seStretch -in [gi::getWindows 3]
[22:47:19.43] /i ise::stretch
[22:47:21.42] /# gi::executeAction deStartDrag -in [gi::getWindows 3]
[22:47:21.42] /i de::startDrag {2.19375 3.16875} -context [db::getNext [de::getContexts -window 3]]
[22:47:23.22] /# gi::executeAction deEndDrag -in [gi::getWindows 3]
[22:47:23.22] /i de::endDrag {2.59375 2.16875} -context [db::getNext [de::getContexts -window 3]]
[22:47:24.89] /# gi::executeAction deStartDrag -in [gi::getWindows 3]
[22:47:24.89] /i de::startDrag {2.45625 2.5125} -context [db::getNext [de::getContexts -window 3]]
[22:47:27.25] /# gi::executeAction deEndDrag -in [gi::getWindows 3]
[22:47:27.25] /i de::endDrag {2.6625 2.51875} -context [db::getNext [de::getContexts -window 3]]
[22:47:31.83] /# gi::executeAction seSchCreateWire -in [gi::getWindows 3]
[22:47:31.83] /i ise::createWire
[22:47:32.83] /# gi::executeAction deCanvasZoomInAtPoint -in [gi::getWindows 3]
[22:47:32.83] /i de::zoom -window [gi::getWindows 3] -factor 2.0 -center {5.35 2.0875}
[22:47:32.83] /o {2.5375 0.26875} {8.36875 2.66875}
[22:47:34.45] /# gi::executeAction deAddPoint -in [gi::getWindows 3]
[22:47:34.45] /i de::addPoint {5.3125 2.3} -context [db::getNext [de::getContexts -window 3]]
[22:47:34.80] /i de::setCursor -point {5.3125 2.25 }
[22:47:35.55] /# gi::executeAction deAddPoint -in [gi::getWindows 3]
[22:47:35.55] /i de::addPoint {5.3125 2.25} -context [db::getNext [de::getContexts -window 3]]
[22:47:36.53] /# gi::executeAction deCanvasZoomOutAtPoint -in [gi::getWindows 3]
[22:47:36.53] /i de::zoom -window [gi::getWindows 3] -factor 0.5 -center {5.64375 1.9}
[22:47:36.53] /o {-0.56875 -1.3625} {11.1 3.44375}
[22:47:37.51] /# gi::executeAction deCanvasZoomInAtPoint -in [gi::getWindows 3]
[22:47:37.51] /i de::zoom -window [gi::getWindows 3] -factor 2.0 -center {7.00625 -0.3}
[22:47:37.51] /o {3.21875 -0.83125} {9.05 1.56875}
[22:47:38.93] /# gi::executeAction deAddPoint -in [gi::getWindows 3]
[22:47:38.93] /i de::addPoint {6.61875 -0.125} -context [db::getNext [de::getContexts -window 3]]
[22:47:39.81] /# gi::executeAction deAddPoint -in [gi::getWindows 3]
[22:47:39.81] /i de::addPoint {6.61875 -0.16875} -context [db::getNext [de::getContexts -window 3]]
[22:47:40.59] /# gi::executeAction deCanvasZoomOutAtPoint -in [gi::getWindows 3]
[22:47:40.59] /i de::zoom -window [gi::getWindows 3] -factor 0.5 -center {4.775 0.1125}
[22:47:40.59] /o {1.6625 -1.775} {13.33125 3.03125}
[22:47:42.04] /# gi::executeAction deCanvasZoomInAtPoint -in [gi::getWindows 3]
[22:47:42.04] /i de::zoom -window [gi::getWindows 3] -factor 2.0 -center {1.9375 1.13125}
[22:47:42.04] /o {1.8 -0.325} {7.63125 2.08125}
[22:47:42.62] /# gi::executeAction deCanvasZoomOutAtPoint -in [gi::getWindows 3]
[22:47:42.62] /i de::zoom -window [gi::getWindows 3] -factor 0.5 -center {2.06875 1.1125}
[22:47:42.62] /o {1.53125 -1.75625} {13.2 3.05}
[22:47:43.18] /# gi::executeAction deCanvasZoomInAtPoint -in [gi::getWindows 3]
[22:47:43.19] /i de::zoom -window [gi::getWindows 3] -factor 2.0 -center {2.68125 -0.04375}
[22:47:43.19] /o {2.10625 -0.9} {7.9375 1.5}
[22:47:44.04] /# gi::executeAction deCanvasZoomOutAtPoint -in [gi::getWindows 3]
[22:47:44.04] /i de::zoom -window [gi::getWindows 3] -factor 0.5 -center {2.69375 -0.025}
[22:47:44.04] /o {1.51875 -1.775} {13.1875 3.03125}
[22:47:44.95] /# gi::executeAction dePan -in [gi::getWindows 3]
[22:47:44.95] /i ide::pan [db::getNext [de::getContexts -window 3]]
[22:47:45.47] /# gi::executeAction deStartDrag -in [gi::getWindows 3]
[22:47:45.47] /i de::startDrag {3.3 1.31875} -context [db::getNext [de::getContexts -window 3]]
[22:47:46.22] /# gi::executeAction deEndDrag -in [gi::getWindows 3]
[22:47:46.22] /i de::endDrag {3.35 1.30625} -context [db::getNext [de::getContexts -window 3]]
[22:47:46.22] /r dePanToPoint {4.5 2}
[22:47:46.64] /# gi::executeAction deCanvasZoomInAtPoint -in [gi::getWindows 3]
[22:47:46.64] /i de::zoom -window [gi::getWindows 3] -factor 2.0 -center {1.25 2.08125}
[22:47:46.65] /o {-0.04375 0.8375} {5.79375 3.24375}
[22:47:47.38] /# gi::executeAction deCanvasZoomOutAtPoint -in [gi::getWindows 3]
[22:47:47.38] /i de::zoom -window [gi::getWindows 3] -factor 0.5 -center {1.46875 2.08125}
[22:47:47.38] /o {-1.55 -0.4} {10.11875 4.40625}
[22:47:48.72] /# gi::executeAction deStartDrag -in [gi::getWindows 3]
[22:47:48.72] /i de::startDrag {3.95 0.94375} -context [db::getNext [de::getContexts -window 3]]
[22:47:50.57] /# gi::executeAction deEndDrag -in [gi::getWindows 3]
[22:47:50.57] /i de::endDrag {3.9375 0.94375} -context [db::getNext [de::getContexts -window 3]]
[22:47:50.57] /r dePanToPoint {4.96875 1.21875}
[22:47:52.39] /# gi::executeAction seSchCreateWire -in [gi::getWindows 3]
[22:47:52.39] /i ise::createWire
[22:47:54.11] /# gi::executeAction deAddPoint -in [gi::getWindows 3]
[22:47:54.11] /i de::addPoint {5.34375 1.94375} -context [db::getNext [de::getContexts -window 3]]
[22:47:54.32] /i de::setCursor -point {5.3125 1.9375 }
[22:47:54.34] /i de::setCursor -point {5.3125 2 }
[22:47:54.42] /i de::setCursor -point {5.25 2 }
[22:47:58.72] /# gi::executeAction deAddPoint -in [gi::getWindows 3]
[22:47:58.72] /i de::addPoint {2.6875 2.6625} -context [db::getNext [de::getContexts -window 3]]
[22:48:01.71] /# gi::executeAction deUndo -in [gi::getWindows 3]
[22:48:01.71] /i de::undoTransaction -design [db::getAttr editDesign -of [db::getNext [de::getContexts -window 3]]]
[22:48:02.94] /# gi::executeAction deAddPoint -in [gi::getWindows 3]
[22:48:02.94] /i de::addPoint {5.34375 1.95625} -context [db::getNext [de::getContexts -window 3]]
[22:48:03.23] /i de::setCursor -point {5.3125 2 }
[22:48:03.29] /i de::setCursor -point {5.1875 2.0625 }
[22:48:05.19] /i de::setCursor -point {5.4375 1.8125 }
[22:48:05.45] /i de::setCursor -point {5.3125 1.875 }
[22:48:05.83] /i de::setCursor -point {5.375 1.875 }
[22:48:06.06] /i de::setCursor -point {5.3125 1.9375 }
[22:48:06.07] /i de::setCursor -point {5.3125 2 }
[22:48:06.09] /i de::setCursor -point {5.25 2 }
[22:48:06.14] /i de::setCursor -point {5.25 2.0625 }
[22:48:06.26] /i de::setCursor -point {4.875 2.1875 }
[22:48:08.24] /# gi::executeAction deAddPoint -in [gi::getWindows 3]
[22:48:08.24] /i de::addPoint {2.7125 2.6125} -context [db::getNext [de::getContexts -window 3]]
[22:48:09.20] /# gi::executeAction deCanvasZoomInAtPoint -in [gi::getWindows 3]
[22:48:09.20] /i de::zoom -window [gi::getWindows 3] -factor 2.0 -center {5.25625 2.39375}
[22:48:09.20] /o {2.19375 0.60625} {8.03125 3.00625}
[22:48:09.70] /# gi::executeAction deCanvasZoomInAtPoint -in [gi::getWindows 3]
[22:48:09.70] /i de::zoom -window [gi::getWindows 3] -factor 2.0 -center {5.39375 2.25625}
[22:48:09.70] /o {3.79375 1.43125} {6.7125 2.63125}
[22:48:11.99] /# gi::executeAction deAbortCommand -in [gi::getWindows 3]
[22:48:11.99] /i de::abortCommand -context [db::getNext [de::getContexts -window 3]]
[22:48:12.91] /# gi::executeAction seStretch -in [gi::getWindows 3]
[22:48:12.91] /i ise::stretch
[22:48:14.37] /# gi::executeAction deAddPoint -in [gi::getWindows 3]
[22:48:14.37] /i de::addPoint {5.25 1.93125} -context [db::getNext [de::getContexts -window 3]]
[22:48:17.36] /# gi::executeAction deAddPoint -in [gi::getWindows 3]
[22:48:17.36] /i de::addPoint {5.19375 2.0875} -context [db::getNext [de::getContexts -window 3]]
[22:48:19.68] /# gi::executeAction seSchCreateWire -in [gi::getWindows 3]
[22:48:19.68] /i ise::createWire
[22:48:20.30] /# gi::executeAction deAddPoint -in [gi::getWindows 3]
[22:48:20.30] /i de::addPoint {5.31875 2} -context [db::getNext [de::getContexts -window 3]]
[22:48:20.48] /i de::setCursor -point {5.3125 2.0625 }
[22:48:21.12] /# gi::executeAction deAddPoint -in [gi::getWindows 3]
[22:48:21.12] /i de::addPoint {5.30625 2.05} -context [db::getNext [de::getContexts -window 3]]
[22:48:21.96] /# gi::executeAction deCanvasZoomOutAtPoint -in [gi::getWindows 3]
[22:48:21.96] /i de::zoom -window [gi::getWindows 3] -factor 0.5 -center {5.61875 1.98125}
[22:48:21.96] /o {1.96875 0.88125} {7.80625 3.28125}
[22:48:24.76] /# gi::executeAction deCanvasZoomOutAtPoint -in [gi::getWindows 3]
[22:48:24.76] /i de::zoom -window [gi::getWindows 3] -factor 0.5 -center {6.2875 1.6}
[22:48:24.76] /o {-2.34375 0.1625} {9.325 4.96875}
[22:48:25.69] /# gi::executeAction deAbortCommand -in [gi::getWindows 3]
[22:48:25.69] /i de::abortCommand -context [db::getNext [de::getContexts -window 3]]
[22:48:26.46] /# gi::executeAction dePan -in [gi::getWindows 3]
[22:48:26.46] /i ide::pan [db::getNext [de::getContexts -window 3]]
[22:48:26.80] /# gi::executeAction deStartDrag -in [gi::getWindows 3]
[22:48:26.80] /i de::startDrag {6.64375 1.25625} -context [db::getNext [de::getContexts -window 3]]
[22:48:27.92] /# gi::executeAction deEndDrag -in [gi::getWindows 3]
[22:48:27.92] /i de::endDrag {6.63125 1.25} -context [db::getNext [de::getContexts -window 3]]
[22:48:27.92] /r dePanToPoint {4.475 1.2}
[22:48:28.13] /# gi::executeAction deCanvasZoomInAtPoint -in [gi::getWindows 3]
[22:48:28.13] /i de::zoom -window [gi::getWindows 3] -factor 2.0 -center {6.63125 1.25}
[22:48:28.13] /o {2.6375 0.025} {8.46875 2.425}
[22:48:28.89] /# gi::executeAction deCanvasZoomOutAtPoint -in [gi::getWindows 3]
[22:48:28.89] /i de::zoom -window [gi::getWindows 3] -factor 0.5 -center {6.7125 0.88125}
[22:48:28.89] /o {-1.4375 -0.83125} {10.23125 3.975}
[22:48:29.54] /# gi::executeAction deStartDrag -in [gi::getWindows 3]
[22:48:29.54] /i de::startDrag {6.875 0.66875} -context [db::getNext [de::getContexts -window 3]]
[22:48:30.06] /# gi::executeAction deEndDrag -in [gi::getWindows 3]
[22:48:30.06] /i de::endDrag {6.875 0.675} -context [db::getNext [de::getContexts -window 3]]
[22:48:30.06] /r dePanToPoint {4.4875 0.925}
[22:48:30.29] /# gi::executeAction deCanvasZoomInAtPoint -in [gi::getWindows 3]
[22:48:30.30] /i de::zoom -window [gi::getWindows 3] -factor 2.0 -center {6.875 0.675}
[22:48:30.30] /o {2.7625 -0.4} {8.6 2.0}
[22:48:31.23] /# gi::executeAction deStartDrag -in [gi::getWindows 3]
[22:48:31.23] /i de::startDrag {6.9625 0.4875} -context [db::getNext [de::getContexts -window 3]]
[22:48:31.45] /# gi::executeAction deEndDrag -in [gi::getWindows 3]
[22:48:31.45] /i de::endDrag {6.9625 0.5} -context [db::getNext [de::getContexts -window 3]]
[22:48:31.45] /r dePanToPoint {5.675 0.74375}
[22:48:31.65] /# gi::executeAction deCanvasZoomOutAtPoint -in [gi::getWindows 3]
[22:48:31.65] /i de::zoom -window [gi::getWindows 3] -factor 0.5 -center {6.9625 0.5}
[22:48:31.65] /o {-1.44375 -1.4125} {10.225 3.39375}
[22:48:33.17] /# gi::executeAction seSchCreateWire -in [gi::getWindows 3]
[22:48:33.17] /i ise::createWire
[22:48:35.00] /# gi::executeAction deAddPoint -in [gi::getWindows 3]
[22:48:35.00] /i de::addPoint {6.63125 -0.45} -context [db::getNext [de::getContexts -window 3]]
[22:48:35.40] /i de::setCursor -point {6.5 -0.375 }
[22:48:39.52] /# gi::executeAction deAddPoint -in [gi::getWindows 3]
[22:48:39.52] /i de::addPoint {4.9125 2.05} -context [db::getNext [de::getContexts -window 3]]
[22:48:40.66] /# gi::executeAction deAbortCommand -in [gi::getWindows 3]
[22:48:40.66] /i de::abortCommand -context [db::getNext [de::getContexts -window 3]]
[22:57:19.83] /# gi::executeAction deSelectActive -in [gi::getWindows 3]
[22:57:19.83] /i de::deselectAllLogic -context [db::getNext [de::getContexts -window 3]]
[22:57:35.93] /# gi::executeAction deCanvasZoomInAtPoint -in [gi::getWindows 3]
[22:57:35.93] /i de::zoom -window [gi::getWindows 3] -factor 2.0 -center {0.58125 1.6875}
[22:57:35.93] /o {-0.43125 0.1375} {5.4 2.5375}
[22:57:36.47] /# gi::executeAction deCanvasZoomOutAtPoint -in [gi::getWindows 3]
[22:57:36.47] /i de::zoom -window [gi::getWindows 3] -factor 0.5 -center {0.58125 1.6875}
[22:57:36.47] /o {-1.44375 -1.4125} {10.225 3.39375}
[22:57:36.73] /# gi::executeAction deCanvasZoomOutAtPoint -in [gi::getWindows 3]
[22:57:36.73] /i de::zoom -window [gi::getWindows 3] -factor 0.5 -center {0.58125 1.6875}
[22:57:36.73] /o {-3.475 -4.51875} {19.8625 5.09375}
[22:57:37.25] /# gi::executeAction deCanvasZoomInAtPoint -in [gi::getWindows 3]
[22:57:37.25] /i de::zoom -window [gi::getWindows 3] -factor 2.0 -center {0.7625 1.06875}
[22:57:37.25] /o {-1.35625 -1.725} {10.3125 3.08125}
[22:57:42.49] /# gi::executeAction seCreateInst -in [gi::getWindows 3]
[22:57:42.49] /i ise::createInst
[22:57:42.53] /o seSchematic
[22:57:42.64] /i gi::setActiveDialog [gi::getDialogs {seCreateInst} -parent [gi::getWindows 3]]
[22:57:42.89] /i db::setAttr geometry -of [gi::getDialogs {seCreateInst}] -value 359x337+0+71
[22:57:50.48] /i gi::setField {instMasterLib} -value {inv} -in [gi::getDialogs {seCreateInst} -parent [gi::getWindows 3]]
[22:57:50.79] /i db::setAttr geometry -of [gi::getDialogs {seCreateInst}] -value 359x337+0+71
[22:57:52.61] /i gi::setField {instMasterCell} -value {inv} -in [gi::getDialogs {seCreateInst} -parent [gi::getWindows 3]]
[22:57:53.06] /i db::setAttr geometry -of [gi::getDialogs {seCreateInst}] -value 359x337+0+71
[22:58:00.00] /# gi::executeAction deAddPoint -in [gi::getWindows 3]
[22:58:00.00] /i de::addPoint {-0.08125 1.09375} -context [db::getNext [de::getContexts -window 3]]
[22:58:01.68] /# gi::executeAction deAbortCommand -in [gi::getWindows 3]
[22:58:01.68] /i de::abortCommand -context [db::getNext [de::getContexts -window 3]]
[22:58:02.08] /# gi::executeAction deCanvasZoomInAtPoint -in [gi::getWindows 3]
[22:58:02.08] /i de::zoom -window [gi::getWindows 3] -factor 2.0 -center {-0.3875 1.1}
[22:58:02.08] /o {-0.86875 -0.3125} {4.9625 2.09375}
[22:58:02.87] /# gi::executeAction deCanvasZoomOutAtPoint -in [gi::getWindows 3]
[22:58:02.87] /i de::zoom -window [gi::getWindows 3] -factor 0.5 -center {-0.4375 1.03125}
[22:58:02.87] /o {-1.30625 -1.65625} {10.3625 3.15}
[22:58:04.33] /# gi::executeAction seSchCreateSchematicPin -in [gi::getWindows 3]
[22:58:04.33] /i ise::createSchematicPin
[22:58:10.12] /# gi::executeAction deAddPoint -in [gi::getWindows 3]
[22:58:10.12] /i de::addPoint {-0.45 1.125} -context [db::getNext [de::getContexts -window 3]]
[22:58:10.13] /w Warning: No wiring objects were found at this location. (SE-928)
[22:58:20.45] /# gi::executeAction deAddPoint -in [gi::getWindows 3]
[22:58:20.45] /i de::addPoint {-0.5625 1.09375} -context [db::getNext [de::getContexts -window 3]]
[22:58:20.45] /w Warning: No wiring objects were found at this location. (SE-928)
[22:58:22.91] /# gi::executeAction deAbortCommand -in [gi::getWindows 3]
[22:58:22.91] /i de::abortCommand -context [db::getNext [de::getContexts -window 3]]
[22:58:23.80] /# gi::executeAction seSchCreateWire -in [gi::getWindows 3]
[22:58:23.80] /i ise::createWire
[22:58:30.21] /# gi::executeAction deAddPoint -in [gi::getWindows 3]
[22:58:30.21] /i de::addPoint {1 1.075} -context [db::getNext [de::getContexts -window 3]]
[22:58:30.38] /i de::setCursor -point {1.0625 1.0625 }
[22:58:32.18] /# gi::executeAction deAbortCommand -in [gi::getWindows 3]
[22:58:32.18] /i de::abortCommand -context [db::getNext [de::getContexts -window 3]]
[22:58:33.65] /# gi::executeAction deSelectActive -in [gi::getWindows 3]
[22:58:33.65] /i de::deselectAll [db::getNext [de::getContexts -window 3]]
[22:58:33.65] /i de::select [de::getActiveFigure [gi::getWindows 3] -point {2.45625 0.09375} -index 0 -intent none]
[22:58:33.65] /o oa:0x2139f7a0
[22:58:35.20] /# gi::executeAction seSchCreateWire -in [gi::getWindows 3]
[22:58:35.20] /i ise::createWire
[22:58:36.23] /# gi::executeAction deAddPoint -in [gi::getWindows 3]
[22:58:36.23] /i de::addPoint {2.4375 0.125} -context [db::getNext [de::getContexts -window 3]]
[22:58:36.29] /i de::setCursor -point {2.5 0.25 }
[22:58:38.84] /# gi::executeAction deAddPoint -in [gi::getWindows 3]
[22:58:38.84] /i de::addPoint {0.99375 1.13125} -context [db::getNext [de::getContexts -window 3]]
[22:58:40.51] /# gi::executeAction deAddPoint -in [gi::getWindows 3]
[22:58:40.51] /i de::addPoint {1.525 2.56875} -context [db::getNext [de::getContexts -window 3]]
[22:58:40.89] /i de::setCursor -point {1.4375 2.5625 }
[22:58:44.69] /# gi::executeAction deAddPoint -in [gi::getWindows 3]
[22:58:44.69] /i de::addPoint {1.18125 1.11875} -context [db::getNext [de::getContexts -window 3]]
[22:58:51.19] /# gi::executeAction deAddPoint -in [gi::getWindows 3]
[22:58:51.19] /i de::addPoint {5.31875 1.71875} -context [db::getNext [de::getContexts -window 3]]
[22:58:51.32] /i de::setCursor -point {5.3125 1.6875 }
[22:58:56.62] /# gi::executeAction deAddPoint -in [gi::getWindows 3]
[22:58:56.62] /i de::addPoint {5.28125 1.10625} -context [db::getNext [de::getContexts -window 3]]
[22:58:56.84] /i de::setCursor -point {5.25 1.125 }
[22:58:59.18] /# gi::executeAction deAddPoint -in [gi::getWindows 3]
[22:58:59.18] /i de::addPoint {2.4375 1.125} -context [db::getNext [de::getContexts -window 3]]
[22:59:03.76] /# gi::executeAction deAddPoint -in [gi::getWindows 3]
[22:59:03.76] /i de::addPoint {6.59375 -0.75} -context [db::getNext [de::getContexts -window 3]]
[22:59:05.75] /# gi::executeAction deAddPoint -in [gi::getWindows 3]
[22:59:05.75] /i de::addPoint {5.30625 1.09375} -context [db::getNext [de::getContexts -window 3]]
[22:59:20.48] /# gi::executeAction deAbortCommand -in [gi::getWindows 3]
[22:59:20.48] /i de::abortCommand -context [db::getNext [de::getContexts -window 3]]
[22:59:21.28] /# gi::executeAction deSelectActive -in [gi::getWindows 3]
[22:59:21.28] /i de::deselectAll [db::getNext [de::getContexts -window 3]]
[22:59:21.28] /i de::select [de::getActiveFigure [gi::getWindows 3] -point {0.2375 1.03125} -index 0 -intent none]
[22:59:21.28] /o oa:0x1fe2bc90
[22:59:23.05] /# gi::executeAction seRotateCCWCenter -in [gi::getWindows 3]
[22:59:23.05] /i se::move [de::getSelected -design [db::getAttr editDesign -of [db::getNext [de::getContexts -window 3]]]]  -rotate R90
[22:59:25.36] /# gi::executeAction seStretch -in [gi::getWindows 3]
[22:59:25.36] /i ise::stretch
[22:59:26.04] /# gi::executeAction deStartDrag -in [gi::getWindows 3]
[22:59:26.04] /i de::startDrag {0.425 0.96875} -context [db::getNext [de::getContexts -window 3]]
[22:59:28.06] /# gi::executeAction deEndDrag -in [gi::getWindows 3]
[22:59:28.06] /i de::endDrag {0.86875 0.5625} -context [db::getNext [de::getContexts -window 3]]
[22:59:28.80] /# gi::executeAction deSelectActive -in [gi::getWindows 3]
[22:59:28.80] /i de::deselectAll [db::getNext [de::getContexts -window 3]]
[22:59:28.80] /i de::deselectAllLogic -context [db::getNext [de::getContexts -window 3]]
[22:59:49.15] /# gi::executeAction seButton1DragStart -in [gi::getWindows 3]
[22:59:49.15] /i ise::stretch -object [de::getActiveFigure [gi::getWindows 3] -point {1.0375 0.4} -index 0 -intent none] -point {1.0625 0.375}
[22:59:50.69] /# gi::executeAction deEndDrag -in [gi::getWindows 3]
[22:59:50.69] /i de::endDrag {0.90625 0.5} -context [db::getNext [de::getContexts -window 3]]
[22:59:51.55] /# gi::executeAction seButton1DragStart -in [gi::getWindows 3]
[22:59:51.55] /i ise::stretch -object [de::getActiveFigure [gi::getWindows 3] -point {0.9 0.56875} -index 0 -intent none] -point {0.875 0.5625}
[22:59:59.46] /# gi::executeAction deEndDrag -in [gi::getWindows 3]
[22:59:59.46] /i de::endDrag {0.75 0.94375} -context [db::getNext [de::getContexts -window 3]]
[22:59:59.96] /# gi::executeAction deSelectActive -in [gi::getWindows 3]
[22:59:59.96] /i de::deselectAllLogic -context [db::getNext [de::getContexts -window 3]]
[23:00:01.42] /# gi::executeAction seSchCreateWire -in [gi::getWindows 3]
[23:00:01.42] /i ise::createWire
[23:00:02.73] /# gi::executeAction deAddPoint -in [gi::getWindows 3]
[23:00:02.73] /i de::addPoint {0.75625 0.50625} -context [db::getNext [de::getContexts -window 3]]
[23:00:02.97] /i de::setCursor -point {0.75 0.4375 }
[23:00:03.57] /i de::setCursor -point {0.6875 0.4375 }
[23:00:03.65] /i de::setCursor -point {0.625 0.4375 }
[23:00:05.07] /i de::setCursor -point {0.75 0.375 }
[23:00:05.61] /# gi::executeAction deAddPoint -in [gi::getWindows 3]
[23:00:05.61] /i de::addPoint {0.74375 0.34375} -context [db::getNext [de::getContexts -window 3]]
[23:00:05.73] /i de::setCursor -point {0.6875 0.375 }
[23:00:07.73] /# gi::executeAction deAddPoint -in [gi::getWindows 3]
[23:00:07.73] /i de::addPoint {0.3375 0.4} -context [db::getNext [de::getContexts -window 3]]
[23:00:08.03] /i de::setCursor -point {0.375 0.4375 }
[23:00:08.05] /i de::setCursor -point {0.4375 0.4375 }
[23:00:08.63] /i de::setCursor -point {0.4375 0.5 }
[23:00:08.65] /i de::setCursor -point {0.375 0.5 }
[23:00:08.66] /i de::setCursor -point {0.375 0.4375 }
[23:00:08.71] /i de::setCursor -point {0.3125 0.4375 }
[23:00:08.77] /i de::setCursor -point {0.25 0.4375 }
[23:00:08.81] /i de::setCursor -point {0.1875 0.375 }
[23:00:09.12] /# gi::executeAction seSchCreateSchematicPin -in [gi::getWindows 3]
[23:00:09.12] /i ise::createSchematicPin
[23:00:10.46] /# gi::executeAction deAddPoint -in [gi::getWindows 3]
[23:00:10.46] /i de::addPoint {0.24375 0.375} -context [db::getNext [de::getContexts -window 3]]
[23:00:10.46] /w Warning: No wiring objects were found at this location. (SE-928)
[23:00:11.17] /# gi::executeAction deAbortCommand -in [gi::getWindows 3]
[23:00:11.17] /i de::abortCommand -context [db::getNext [de::getContexts -window 3]]
[23:00:11.91] /# gi::executeAction seSchCreateWire -in [gi::getWindows 3]
[23:00:11.91] /i ise::createWire
[23:00:12.87] /# gi::executeAction deAddPoint -in [gi::getWindows 3]
[23:00:12.87] /i de::addPoint {0.75625 0.5625} -context [db::getNext [de::getContexts -window 3]]
[23:00:12.97] /i de::setCursor -point {0.75 0.5 }
[23:00:15.17] /# gi::executeAction deAddPoint -in [gi::getWindows 3]
[23:00:15.17] /i de::addPoint {0.75 0.35} -context [db::getNext [de::getContexts -window 3]]
[23:00:15.27] /i de::setCursor -point {0.6875 0.375 }
[23:00:16.24] /# gi::executeAction deAddPoint -in [gi::getWindows 3]
[23:00:16.24] /i de::addPoint {0.39375 0.3875} -context [db::getNext [de::getContexts -window 3]]
[23:00:16.38] /# gi::executeAction deCompleteShape -in [gi::getWindows 3]
[23:00:16.38] /i de::completeShape -context [db::getNext [de::getContexts -window 3]]
[23:00:17.90] /# gi::executeAction seSchCreateSchematicPin -in [gi::getWindows 3]
[23:00:17.90] /i ise::createSchematicPin
[23:00:20.30] /# gi::executeAction deAddPoint -in [gi::getWindows 3]
[23:00:20.30] /i de::addPoint {0.34375 0.36875} -context [db::getNext [de::getContexts -window 3]]
[23:00:21.37] /# gi::executeAction deAbortCommand -in [gi::getWindows 3]
[23:00:21.37] /i de::abortCommand -context [db::getNext [de::getContexts -window 3]]
[23:00:22.28] /# gi::executeAction deSelectActive -in [gi::getWindows 3]
[23:00:22.28] /i de::deselectAll [db::getNext [de::getContexts -window 3]]
[23:00:22.28] /i de::select [de::getActiveFigure [gi::getWindows 3] -point {0.09375 0.375} -index 0 -intent none]
[23:00:22.28] /o oa:0x20564a50
[23:00:22.44] /i ide::editCanvasText -object [de::getActiveFigure [gi::getWindows 3] -point {0.09375 0.375} -index 0 -intent none]
[23:00:23.71] /i gi::executeAction deObjectActivation -in [gi::getWindows 3]
[23:00:24.11] /i gi::executeAction deObjectActivation -in [gi::getWindows 3]
[23:00:24.80] /i de::commandOption {CLK}
[23:00:27.97] /# gi::executeAction seSchCreateWire -in [gi::getWindows 3]
[23:00:27.97] /i ise::createWire
[23:00:29.45] /# gi::executeAction deAddPoint -in [gi::getWindows 3]
[23:00:29.45] /i de::addPoint {1.5 1.7625} -context [db::getNext [de::getContexts -window 3]]
[23:00:29.54] /i de::setCursor -point {1.5 1.6875 }
[23:00:31.75] /# gi::executeAction deAddPoint -in [gi::getWindows 3]
[23:00:31.75] /i de::addPoint {0.75625 0.38125} -context [db::getNext [de::getContexts -window 3]]
[23:00:34.74] /# gi::executeAction deAddPoint -in [gi::getWindows 3]
[23:00:34.74] /i de::addPoint {2.4375 -0.70625} -context [db::getNext [de::getContexts -window 3]]
[23:00:34.82] /i de::setCursor -point {2.375 -0.6875 }
[23:00:36.11] /# gi::executeAction deAddPoint -in [gi::getWindows 3]
[23:00:36.11] /i de::addPoint {1.50625 0.35625} -context [db::getNext [de::getContexts -window 3]]
[23:00:39.25] /# gi::executeAction deAddPoint -in [gi::getWindows 3]
[23:00:39.25] /i de::addPoint {6.65 0.11875} -context [db::getNext [de::getContexts -window 3]]
[23:00:39.34] /i de::setCursor -point {6.625 0.1875 }
[23:00:43.58] /# gi::executeAction deAddPoint -in [gi::getWindows 3]
[23:00:43.58] /i de::addPoint {1.49375 0.35625} -context [db::getNext [de::getContexts -window 3]]
[23:00:46.13] /# gi::executeAction deAddPoint -in [gi::getWindows 3]
[23:00:46.13] /i de::addPoint {5.33125 2.5375} -context [db::getNext [de::getContexts -window 3]]
[23:00:46.20] /i de::setCursor -point {5.25 2.5 }
[23:00:46.25] /i de::setCursor -point {5.125 2.4375 }
[23:00:52.04] /# gi::executeAction deAddPoint -in [gi::getWindows 3]
[23:00:52.04] /i de::addPoint {4.71875 0.35625} -context [db::getNext [de::getContexts -window 3]]
[23:00:56.93] /# gi::executeAction deAbortCommand -in [gi::getWindows 3]
[23:00:56.93] /i de::abortCommand -context [db::getNext [de::getContexts -window 3]]
[23:00:57.81] /# gi::executeAction deSelectActive -in [gi::getWindows 3]
[23:00:57.81] /i de::deselectAll [db::getNext [de::getContexts -window 3]]
[23:00:57.81] /i de::deselectAllLogic -context [db::getNext [de::getContexts -window 3]]
[23:01:02.51] /# gi::executeAction seSchCheckAndSave -in [gi::getWindows 3]
[23:01:02.51] /i ise::check
[23:01:02.61] /m Information: 
[23:01:02.61] /o Checking "dff/dff/schematic"
[23:01:02.62] /o 	[warning] Floating I/O Instance Pins
[23:01:02.62] /o 		I/O pin 'G' of instance 'M9' is floating
[23:01:02.62] /o 	[warning] Solder on Crossing Wires
[23:01:02.62] /o 		Solder dot on crossing wires
[23:01:02.63] /o 0 Error(s),2 Warning(s),0 Message(s) found   in "dff/dff/schematic"
[23:01:02.63] /m Information: Checking process is completed: marking the design violations
[23:01:02.68] /m Information: Marking of designs is completed
[23:01:02.68] /o true
[23:01:08.83] /i gi::pressButton {ConsoleToggleButton} -in [db::getAttr statusbar -of [gi::getWindows 3]]
[23:01:21.64] /# gi::executeAction giPostContextMenu -in [gi::getAssistants giConsole -from [gi::getWindows 3]]
[23:01:23.35] /# gi::executeAction giConsoleAssistantCopy -in [gi::getAssistants giConsole -from [gi::getWindows 3]]
[23:01:33.82] /i gi::pressButton {ConsoleToggleButton} -in [db::getAttr statusbar -of [gi::getWindows 3]]
[23:03:28.82] /# gi::executeAction deCanvasZoomInAtPoint -in [gi::getWindows 3]
[23:03:28.82] /i de::zoom -window [gi::getWindows 3] -factor 2.0 -center {1.2875 1.875}
[23:03:28.82] /o {-0.00625 0.1125} {5.825 2.5125}
[23:03:30.38] /# gi::executeAction dePan -in [gi::getWindows 3]
[23:03:30.38] /i ide::pan [db::getNext [de::getContexts -window 3]]
[23:03:30.81] /# gi::executeAction deStartDrag -in [gi::getWindows 3]
[23:03:30.81] /i de::startDrag {2.325 1.825} -context [db::getNext [de::getContexts -window 3]]
[23:03:33.31] /# gi::executeAction deEndDrag -in [gi::getWindows 3]
[23:03:33.31] /i de::endDrag {2.31875 1.825} -context [db::getNext [de::getContexts -window 3]]
[23:03:33.31] /r dePanToPoint {3.45625 1.6125}
[23:03:34.76] /# gi::executeAction deStartDrag -in [gi::getWindows 3]
[23:03:34.76] /i de::startDrag {3.16875 1.3375} -context [db::getNext [de::getContexts -window 3]]
[23:03:35.45] /# gi::executeAction deEndDrag -in [gi::getWindows 3]
[23:03:35.45] /i de::endDrag {3.16875 1.3375} -context [db::getNext [de::getContexts -window 3]]
[23:03:35.45] /r dePanToPoint {2.9125 0.51875}
[23:03:36.40] /# gi::executeAction deStartDrag -in [gi::getWindows 3]
[23:03:36.40] /i de::startDrag {3.05625 0.43125} -context [db::getNext [de::getContexts -window 3]]
[23:03:39.56] /# gi::executeAction deEndDrag -in [gi::getWindows 3]
[23:03:39.56] /i de::endDrag {3.03125 0.43125} -context [db::getNext [de::getContexts -window 3]]
[23:03:39.56] /r dePanToPoint {4.7 0.025}
[23:03:40.48] /# gi::executeAction deAddPoint -in [gi::getWindows 3]
[23:03:40.48] /i de::addPoint {6.9875 -0.925} -context [db::getNext [de::getContexts -window 3]]
[23:03:41.20] /# gi::executeAction seSchCreateWire -in [gi::getWindows 3]
[23:03:41.20] /i ise::createWire
[23:03:43.06] /# gi::executeAction deAddPoint -in [gi::getWindows 3]
[23:03:43.06] /i de::addPoint {6.63125 -0.7} -context [db::getNext [de::getContexts -window 3]]
[23:03:43.13] /i de::setCursor -point {6.625 -0.75 }
[23:03:44.00] /# gi::executeAction deAddPoint -in [gi::getWindows 3]
[23:03:44.00] /i de::addPoint {6.625 -0.75625} -context [db::getNext [de::getContexts -window 3]]
[23:04:11.58] /i gi::pressButton {ConsoleToggleButton} -in [db::getAttr statusbar -of [gi::getWindows 3]]
[23:04:14.82] /# gi::executeAction deCanvasZoomOutAtPoint -in [gi::getWindows 3]
[23:04:14.82] /i de::zoom -window [gi::getWindows 3] -factor 0.5 -center {5.83125 -0.85}
[23:04:14.82] /o {2.3125 -2.04375} {13.98125 1.40625}
[23:04:18.76] /# gi::executeAction dePan -in [gi::getWindows 3]
[23:04:18.76] /i ide::pan [db::getNext [de::getContexts -window 3]]
[23:04:19.19] /# gi::executeAction deStartDrag -in [gi::getWindows 3]
[23:04:19.19] /i de::startDrag {5.85625 -1.04375} -context [db::getNext [de::getContexts -window 3]]
[23:04:21.20] /# gi::executeAction deEndDrag -in [gi::getWindows 3]
[23:04:21.20] /i de::endDrag {5.85625 -1.05625} -context [db::getNext [de::getContexts -window 3]]
[23:04:21.20] /r dePanToPoint {3.45625 1.5375}
[23:04:21.89] /# gi::executeAction deCanvasZoomInAtPoint -in [gi::getWindows 3]
[23:04:21.89] /i de::zoom -window [gi::getWindows 3] -factor 2.0 -center {1.9625 1.8}
[23:04:21.89] /o {-0.20625 0.80625} {5.625 2.53125}
[23:04:22.75] /# gi::executeAction deStartDrag -in [gi::getWindows 3]
[23:04:22.75] /i de::startDrag {2.51875 1.84375} -context [db::getNext [de::getContexts -window 3]]
[23:04:23.39] /# gi::executeAction deEndDrag -in [gi::getWindows 3]
[23:04:23.39] /i de::endDrag {2.525 1.84375} -context [db::getNext [de::getContexts -window 3]]
[23:04:23.39] /r dePanToPoint {2.51875 1.99375}
[23:04:23.64] /# gi::executeAction deCanvasZoomInAtPoint -in [gi::getWindows 3]
[23:04:23.64] /i de::zoom -window [gi::getWindows 3] -factor 2.0 -center {2.50625 1.83125}
[23:04:23.65] /o {1.05625 1.48125} {3.975 2.34375}
[23:04:25.04] /# gi::executeAction deCanvasZoomOutAtPoint -in [gi::getWindows 3]
[23:04:25.04] /i de::zoom -window [gi::getWindows 3] -factor 0.5 -center {2.35 1.91875}
[23:04:25.04] /o {-0.2375 1.04375} {5.59375 2.76875}
[23:04:25.92] /# gi::executeAction deStartDrag -in [gi::getWindows 3]
[23:04:25.92] /i de::startDrag {2.4375 1.8} -context [db::getNext [de::getContexts -window 3]]
[23:04:33.52] /# gi::executeAction deEndDrag -in [gi::getWindows 3]
[23:04:33.52] /i de::endDrag {2.44375 1.8} -context [db::getNext [de::getContexts -window 3]]
[23:04:33.52] /r dePanToPoint {3.025 2.125}
[23:04:36.40] /# gi::executeAction seSchCheckAndSave -in [gi::getWindows 3]
[23:04:36.40] /i ise::check
[23:04:36.43] /m Information: 
[23:04:36.43] /o Checking "dff/dff/schematic"
[23:04:36.43] /o 	[warning] Solder on Crossing Wires
[23:04:36.43] /o 		Solder dot on crossing wires
[23:04:36.43] /o 0 Error(s),1 Warning(s),0 Message(s) found   in "dff/dff/schematic"
[23:04:36.43] /m Information: Checking process is completed: marking the design violations
[23:04:36.48] /m Information: Marking of designs is completed
[23:04:36.48] /o true
[23:04:41.36] /# gi::executeAction deStartDrag -in [gi::getWindows 3]
[23:04:41.36] /i de::startDrag {2.41875 1.70625} -context [db::getNext [de::getContexts -window 3]]
[23:04:42.52] /# gi::executeAction deEndDrag -in [gi::getWindows 3]
[23:04:42.52] /i de::endDrag {2.41875 1.70625} -context [db::getNext [de::getContexts -window 3]]
[23:04:42.52] /r dePanToPoint {3.11875 1.29375}
[23:04:42.77] /# gi::executeAction deCanvasZoomOutAtPoint -in [gi::getWindows 3]
[23:04:42.77] /i de::zoom -window [gi::getWindows 3] -factor 0.5 -center {2.41875 1.70625}
[23:04:42.77] /o {-2.00625 -0.84375} {9.6625 2.60625}
[23:04:44.51] /# gi::executeAction deCanvasZoomInAtPoint -in [gi::getWindows 3]
[23:04:44.51] /i de::zoom -window [gi::getWindows 3] -factor 2.0 -center {0.68125 0.08125}
[23:04:44.52] /o {-0.6625 -0.38125} {5.16875 1.34375}
[23:04:45.21] /# gi::executeAction deCanvasZoomOutAtPoint -in [gi::getWindows 3]
[23:04:45.21] /i de::zoom -window [gi::getWindows 3] -factor 0.5 -center {0.91875 0.06875}
[23:04:45.21] /o {-2.24375 -0.83125} {9.425 2.61875}
[23:04:47.18] /# gi::executeAction deStartDrag -in [gi::getWindows 3]
[23:04:47.18] /i de::startDrag {1.31875 0.8375} -context [db::getNext [de::getContexts -window 3]]
[23:04:49.05] /# gi::executeAction deEndDrag -in [gi::getWindows 3]
[23:04:49.05] /i de::endDrag {1.28125 0.79375} -context [db::getNext [de::getContexts -window 3]]
[23:04:49.05] /r dePanToPoint {3.94375 1.525}
[23:04:51.29] /# gi::executeAction deStartDrag -in [gi::getWindows 3]
[23:04:51.29] /i de::startDrag {1.64375 0.6} -context [db::getNext [de::getContexts -window 3]]
[23:04:54.25] /# gi::executeAction deEndDrag -in [gi::getWindows 3]
[23:04:54.25] /i de::endDrag {1.65 0.6} -context [db::getNext [de::getContexts -window 3]]
[23:04:54.25] /r dePanToPoint {4.1375 0.5875}
[23:05:01.54] /# gi::executeAction deStartDrag -in [gi::getWindows 3]
[23:05:01.54] /i de::startDrag {3.26875 1.5125} -context [db::getNext [de::getContexts -window 3]]
[23:05:02.06] /# gi::executeAction deEndDrag -in [gi::getWindows 3]
[23:05:02.06] /i de::endDrag {3.26875 1.475} -context [db::getNext [de::getContexts -window 3]]
[23:05:02.06] /r dePanToPoint {3.8875 1.23125}
[23:05:03.41] /i gi::pressButton {ConsoleToggleButton} -in [db::getAttr statusbar -of [gi::getWindows 3]]
[23:05:26.93] /# gi::executeAction deCanvasZoomInAtPoint -in [gi::getWindows 3]
[23:05:26.93] /i de::zoom -window [gi::getWindows 3] -factor 2.0 -center {1.6625 1.6125}
[23:05:26.93] /o {-0.14375 -0.11875} {5.69375 2.28125}
[23:05:28.45] /# gi::executeAction deCanvasZoomInAtPoint -in [gi::getWindows 3]
[23:05:28.45] /i de::zoom -window [gi::getWindows 3] -factor 2.0 -center {1.74375 1.65}
[23:05:28.45] /o {0.8 0.7625} {3.71875 1.96875}
[23:05:28.84] /# gi::executeAction deCanvasZoomOutAtPoint -in [gi::getWindows 3]
[23:05:28.85] /i de::zoom -window [gi::getWindows 3] -factor 0.5 -center {1.74375 1.65}
[23:05:28.85] /o {-0.14375 -0.11875} {5.69375 2.28125}
[23:05:28.94] /# gi::executeAction deCanvasZoomOutAtPoint -in [gi::getWindows 3]
[23:05:28.94] /i de::zoom -window [gi::getWindows 3] -factor 0.5 -center {1.74375 1.65}
[23:05:28.94] /o {-2.025 -1.8875} {9.64375 2.91875}
[23:05:35.76] /# gi::executeAction seStretch -in [gi::getWindows 3]
[23:05:35.76] /i ise::stretch
[23:05:36.41] /# gi::executeAction deAddPoint -in [gi::getWindows 3]
[23:05:36.41] /i de::addPoint {0.9625 2.09375} -context [db::getNext [de::getContexts -window 3]]
[23:05:39.27] /# gi::executeAction deAddPoint -in [gi::getWindows 3]
[23:05:39.27] /i de::addPoint {0.3 2.1125} -context [db::getNext [de::getContexts -window 3]]
[23:05:45.57] /# gi::executeAction deCanvasZoomInAtPoint -in [gi::getWindows 3]
[23:05:45.57] /i de::zoom -window [gi::getWindows 3] -factor 2.0 -center {6.86875 -0.28125}
[23:05:45.57] /o {2.41875 -1.0875} {8.25625 1.31875}
[23:05:46.84] /# gi::executeAction deCanvasZoomOutAtPoint -in [gi::getWindows 3]
[23:05:46.84] /i de::zoom -window [gi::getWindows 3] -factor 0.5 -center {6.6375 -0.275}
[23:05:46.84] /o {-1.79375 -1.89375} {9.875 2.9125}
[23:06:07.42] /# gi::executeAction deStartDrag -in [gi::getWindows 3]
[23:06:07.42] /i de::startDrag {2.29375 2.45} -context [db::getNext [de::getContexts -window 3]]
[23:06:08.77] /# gi::executeAction deEndDrag -in [gi::getWindows 3]
[23:06:08.77] /i de::endDrag {2.31875 2.41875} -context [db::getNext [de::getContexts -window 3]]
[23:06:09.67] /# gi::executeAction dePan -in [gi::getWindows 3]
[23:06:09.67] /i ide::pan [db::getNext [de::getContexts -window 3]]
[23:06:10.24] /# gi::executeAction deStartDrag -in [gi::getWindows 3]
[23:06:10.25] /i de::startDrag {2.31875 2.41875} -context [db::getNext [de::getContexts -window 3]]
[23:06:11.34] /# gi::executeAction deEndDrag -in [gi::getWindows 3]
[23:06:11.34] /i de::endDrag {2.2875 2.3625} -context [db::getNext [de::getContexts -window 3]]
[23:06:11.34] /r dePanToPoint {4.25 0.93125}
[23:06:31.27] /# gi::executeAction deCanvasZoomOutAtPoint -in [gi::getWindows 3]
[23:06:31.27] /i de::zoom -window [gi::getWindows 3] -factor 0.5 -center {0.80625 0.625}
[23:06:31.27] /o {-3.975 -3.56875} {19.3625 6.04375}
[23:06:31.88] /# gi::executeAction deCanvasZoomInAtPoint -in [gi::getWindows 3]
[23:06:31.88] /i de::zoom -window [gi::getWindows 3] -factor 2.0 -center {1.4625 0.41875}
[23:06:31.88] /o {-1.25625 -1.575} {10.4125 3.23125}
[23:07:07.71] /i gi::pressButton {ConsoleToggleButton} -in [db::getAttr statusbar -of [gi::getWindows 3]]
[23:07:29.59] /# gi::executeAction deCanvasZoomInAtPoint -in [gi::getWindows 3]
[23:07:29.59] /i de::zoom -window [gi::getWindows 3] -factor 2.0 -center {6.39375 2.2625}
[23:07:29.59] /o {2.56875 1.025} {8.40625 2.75}
[23:07:32.04] /# gi::executeAction deCanvasZoomOutAtPoint -in [gi::getWindows 3]
[23:07:32.04] /i de::zoom -window [gi::getWindows 3] -factor 0.5 -center {6.39375 2.2625}
[23:07:32.05] /o {-1.25625 -0.21875} {10.4125 3.23125}
[23:08:09.36] /i gi::pressButton {ConsoleToggleButton} -in [db::getAttr statusbar -of [gi::getWindows 3]]
[23:08:09.87] /i gi::pressButton {ConsoleToggleButton} -in [db::getAttr statusbar -of [gi::getWindows 3]]
[23:09:31.33] /# gi::executeAction seSchCheckAndSave -in [gi::getWindows 3]
[23:09:31.33] /i ise::check
[23:09:31.34] /m Information: 
[23:09:31.34] /o Checking "dff/dff/schematic"
[23:09:31.35] /o 	[warning] Solder on Crossing Wires
[23:09:31.35] /o 		Solder dot on crossing wires
[23:09:31.35] /o 0 Error(s),1 Warning(s),0 Message(s) found   in "dff/dff/schematic"
[23:09:31.35] /m Information: Checking process is completed: marking the design violations
[23:09:31.38] /m Information: Marking of designs is completed
[23:09:31.38] /o true
[23:09:47.90] /# gi::executeAction dePan -in [gi::getWindows 3]
[23:09:47.90] /i ide::pan [db::getNext [de::getContexts -window 3]]
[23:09:48.42] /# gi::executeAction deStartDrag -in [gi::getWindows 3]
[23:09:48.42] /i de::startDrag {1.08125 0.03125} -context [db::getNext [de::getContexts -window 3]]
[23:09:49.48] /# gi::executeAction deEndDrag -in [gi::getWindows 3]
[23:09:49.48] /i de::endDrag {1.08125 0.05} -context [db::getNext [de::getContexts -window 3]]
[23:09:49.48] /r dePanToPoint {4.325 0.34375}
[23:09:49.97] /# gi::executeAction deCanvasZoomInAtPoint -in [gi::getWindows 3]
[23:09:49.97] /i de::zoom -window [gi::getWindows 3] -factor 2.0 -center {1.08125 0.05}
[23:09:49.97] /o {-0.2125 -0.6625} {5.625 1.0625}
[23:09:50.83] /# gi::executeAction deStartDrag -in [gi::getWindows 3]
[23:09:50.83] /i de::startDrag {1.1125 -0.025} -context [db::getNext [de::getContexts -window 3]]
[23:09:52.48] /# gi::executeAction deEndDrag -in [gi::getWindows 3]
[23:09:52.48] /i de::endDrag {1.1125 -0.025} -context [db::getNext [de::getContexts -window 3]]
[23:09:52.48] /r dePanToPoint {2.65625 0.45}
[23:09:53.20] /# gi::executeAction deAddPoint -in [gi::getWindows 3]
[23:09:53.20] /i de::addPoint {1.6875 0.58125} -context [db::getNext [de::getContexts -window 3]]
[23:09:54.95] /# gi::executeAction giPostContextMenu -in [gi::getWindows 3]
[23:09:54.97] /i gi::executeAction menuPreShow -in [gi::getWindows 3]
[23:09:54.97] /r giMenuAccess db::getNext [gi::getMenus seSchCanvasContextMenu]
[23:10:01.00] /# gi::executeAction deAddPoint -in [gi::getWindows 3]
[23:10:01.00] /i de::addPoint {1.71875 0.7125} -context [db::getNext [de::getContexts -window 3]]
[23:10:02.41] /# gi::executeAction deAbortCommand -in [gi::getWindows 3]
[23:10:02.41] /i de::abortCommand -context [db::getNext [de::getContexts -window 3]]
[23:10:02.71] /# gi::executeAction deAddPoint -in [gi::getWindows 3]
[23:10:02.71] /i de::addPoint {1.6875 0.7125} -context [db::getNext [de::getContexts -window 3]]
[23:10:03.82] /# gi::executeAction deAddPoint -in [gi::getWindows 3]
[23:10:03.82] /i de::addPoint {1.5 0.3625} -context [db::getNext [de::getContexts -window 3]]
[23:10:04.77] /# gi::executeAction giPostContextMenu -in [gi::getWindows 3]
[23:10:09.66] /# gi::executeAction deAddPoint -in [gi::getWindows 3]
[23:10:09.66] /i de::addPoint {1.5125 0.25625} -context [db::getNext [de::getContexts -window 3]]
[23:10:10.94] /# gi::executeAction deAddPoint -in [gi::getWindows 3]
[23:10:10.94] /i de::addPoint {1.5 0.375} -context [db::getNext [de::getContexts -window 3]]
[23:10:11.49] /# gi::executeAction giPostContextMenu -in [gi::getWindows 3]
[23:10:13.84] /# gi::executeAction deAddPoint -in [gi::getWindows 3]
[23:10:13.84] /i de::addPoint {1.26875 0.3625} -context [db::getNext [de::getContexts -window 3]]
[23:10:15.20] /# gi::executeAction deCanvasZoomOutAtPoint -in [gi::getWindows 3]
[23:10:15.20] /i de::zoom -window [gi::getWindows 3] -factor 0.5 -center {1.875 0.45}
[23:10:15.20] /o {-4.26875 -0.75} {7.4 2.7}
[23:10:17.90] /# gi::executeAction deAddPoint -in [gi::getWindows 3]
[23:10:17.90] /i de::addPoint {1.7625 0.35625} -context [db::getNext [de::getContexts -window 3]]
[23:10:20.36] /# gi::executeAction deAddPoint -in [gi::getWindows 3]
[23:10:20.36] /i de::addPoint {1.7625 0.375} -context [db::getNext [de::getContexts -window 3]]
[23:10:21.30] /# gi::executeAction deAbortCommand -in [gi::getWindows 3]
[23:10:21.30] /i de::abortCommand -context [db::getNext [de::getContexts -window 3]]
[23:10:36.36] /# gi::executeAction dePan -in [gi::getWindows 3]
[23:10:36.36] /i ide::pan [db::getNext [de::getContexts -window 3]]
[23:10:37.33] /# gi::executeAction deStartDrag -in [gi::getWindows 3]
[23:10:37.33] /i de::startDrag {3.4125 0.7375} -context [db::getNext [de::getContexts -window 3]]
[23:10:42.81] /# gi::executeAction deEndDrag -in [gi::getWindows 3]
[23:10:42.81] /i de::endDrag {3.4125 0.73125} -context [db::getNext [de::getContexts -window 3]]
[23:10:42.81] /r dePanToPoint {2.71875 0.88125}
[23:10:45.10] /# gi::executeAction deStartDrag -in [gi::getWindows 3]
[23:10:45.10] /i de::startDrag {3.0375 0.61875} -context [db::getNext [de::getContexts -window 3]]
[23:10:46.73] /# gi::executeAction deEndDrag -in [gi::getWindows 3]
[23:10:46.73] /i de::endDrag {3.0375 0.63125} -context [db::getNext [de::getContexts -window 3]]
[23:10:46.73] /r dePanToPoint {2.48125 1.3625}
[23:10:53.72] /# gi::executeAction deCycleActiveFigurePrevious -in [gi::getWindows 3]
[23:10:53.72] /i de::cycleActiveFigure -direction prev
[23:10:54.87] /# gi::executeAction deAddPoint -in [gi::getWindows 3]
[23:10:54.87] /i de::addPoint {1.26875 0.34375} -context [db::getNext [de::getContexts -window 3]]
[23:10:56.31] /# gi::executeAction deCanvasZoomInAtPoint -in [gi::getWindows 3]
[23:10:56.31] /i de::zoom -window [gi::getWindows 3] -factor 2.0 -center {1.48125 0.35625}
[23:10:56.31] /o {-1.54375 -0.5125} {4.29375 1.2125}
[23:10:56.80] /# gi::executeAction deCycleActiveFigurePrevious -in [gi::getWindows 3]
[23:10:56.80] /i de::cycleActiveFigure -direction prev
[23:10:57.03] /# gi::executeAction deCycleActiveFigurePrevious -in [gi::getWindows 3]
[23:10:57.03] /i de::cycleActiveFigure -direction prev
[23:10:58.23] /# gi::executeAction deAddPoint -in [gi::getWindows 3]
[23:10:58.23] /i de::addPoint {1.25 0.3625} -context [db::getNext [de::getContexts -window 3]]
[23:11:00.79] /# gi::executeAction deAddPoint -in [gi::getWindows 3]
[23:11:00.79] /i de::addPoint {1.0375 -0.175} -context [db::getNext [de::getContexts -window 3]]
[23:11:01.94] /# gi::executeAction deStartDrag -in [gi::getWindows 3]
[23:11:01.94] /i de::startDrag {1.05625 -0.16875} -context [db::getNext [de::getContexts -window 3]]
[23:11:03.19] /# gi::executeAction deEndDrag -in [gi::getWindows 3]
[23:11:03.19] /i de::endDrag {1.05625 -0.16875} -context [db::getNext [de::getContexts -window 3]]
[23:11:03.19] /r dePanToPoint {1.675 0.49375}
[23:11:03.34] /# gi::executeAction deAbortCommand -in [gi::getWindows 3]
[23:11:03.34] /i de::abortCommand -context [db::getNext [de::getContexts -window 3]]
[23:11:04.20] /# gi::executeAction seSchCreateWire -in [gi::getWindows 3]
[23:11:04.20] /i ise::createWire
[23:11:05.05] /# gi::executeAction deAddPoint -in [gi::getWindows 3]
[23:11:05.05] /i de::addPoint {1.25 0.375} -context [db::getNext [de::getContexts -window 3]]
[23:11:05.12] /i de::setCursor -point {1.3125 0.375 }
[23:11:05.99] /# gi::executeAction deAddPoint -in [gi::getWindows 3]
[23:11:05.99] /i de::addPoint {1.51875 0.375} -context [db::getNext [de::getContexts -window 3]]
[23:11:06.72] /# gi::executeAction deAddPoint -in [gi::getWindows 3]
[23:11:06.72] /i de::addPoint {1.50625 0.24375} -context [db::getNext [de::getContexts -window 3]]
[23:11:06.83] /i de::setCursor -point {1.5 0.3125 }
[23:11:07.42] /# gi::executeAction deAddPoint -in [gi::getWindows 3]
[23:11:07.42] /i de::addPoint {1.5125 0.35625} -context [db::getNext [de::getContexts -window 3]]
[23:11:08.36] /# gi::executeAction deAbortCommand -in [gi::getWindows 3]
[23:11:08.36] /i de::abortCommand -context [db::getNext [de::getContexts -window 3]]
[23:11:09.41] /i gi::executeAction deCanvasDragSelect -in [gi::getWindows 3]
[23:11:09.41] /r deCanvasDragStart 3.175 0.6875
[23:11:10.62] /# gi::executeAction deCanvasDragEnd -in [gi::getWindows 3]
[23:11:10.62] /i gi::executeAction deCanvasDragEnd -in [gi::getWindows 3]
[23:11:10.63] /r deCanvasDragEnd 3.0125 0.65625
[23:11:10.97] /# gi::executeAction deCanvasZoomOutAtPoint -in [gi::getWindows 3]
[23:11:10.97] /i de::zoom -window [gi::getWindows 3] -factor 0.5 -center {3.0125 0.65625}
[23:11:10.97] /o {-5.49375 -1.39375} {6.175 2.05625}
[23:11:12.62] /# gi::executeAction dePan -in [gi::getWindows 3]
[23:11:12.62] /i ide::pan [db::getNext [de::getContexts -window 3]]
[23:11:13.08] /# gi::executeAction deStartDrag -in [gi::getWindows 3]
[23:11:13.08] /i de::startDrag {3.6 0.7875} -context [db::getNext [de::getContexts -window 3]]
[23:11:19.31] /# gi::executeAction deEndDrag -in [gi::getWindows 3]
[23:11:19.31] /i de::endDrag {3.55625 0.775} -context [db::getNext [de::getContexts -window 3]]
[23:11:19.31] /r dePanToPoint {2.9625 0.9125}
[23:11:21.24] /# gi::executeAction deStartDrag -in [gi::getWindows 3]
[23:11:21.24] /i de::startDrag {6.83125 1.15} -context [db::getNext [de::getContexts -window 3]]
[23:11:21.93] /# gi::executeAction deEndDrag -in [gi::getWindows 3]
[23:11:21.93] /i de::endDrag {6.8625 1.15625} -context [db::getNext [de::getContexts -window 3]]
[23:11:21.93] /r dePanToPoint {3.23125 0.65625}
[23:11:27.91] /# gi::executeAction seSchCheckAndSave -in [gi::getWindows 3]
[23:11:27.91] /i ise::check
[23:11:27.92] /m Information: 
[23:11:27.92] /o Checking "dff/dff/schematic"
[23:11:27.92] /o 	[warning] Solder on Crossing Wires
[23:11:27.92] /o 		Solder dot on crossing wires
[23:11:27.92] /o 0 Error(s),1 Warning(s),0 Message(s) found   in "dff/dff/schematic"
[23:11:27.92] /m Information: Checking process is completed: marking the design violations
[23:11:28.03] /m Information: Marking of designs is completed
[23:11:28.03] /o true
[23:12:53.04] /# gi::executeAction dePan -in [gi::getWindows 3]
[23:12:53.04] /i ide::pan [db::getNext [de::getContexts -window 3]]
[23:12:53.60] /# gi::executeAction deStartDrag -in [gi::getWindows 3]
[23:12:53.60] /i de::startDrag {4.2 0.7875} -context [db::getNext [de::getContexts -window 3]]
[23:12:58.33] /# gi::executeAction deEndDrag -in [gi::getWindows 3]
[23:12:58.33] /i de::endDrag {4.20625 0.81875} -context [db::getNext [de::getContexts -window 3]]
[23:12:58.33] /r dePanToPoint {3.63125 0.49375}
[23:14:01.07] /# gi::executeAction deAddPoint -in [gi::getWindows 3]
[23:14:01.07] /i de::addPoint {0.54375 0.35625} -context [db::getNext [de::getContexts -window 3]]
[23:14:02.71] /# gi::executeAction seStretch -in [gi::getWindows 3]
[23:14:02.71] /i ise::stretch
[23:14:04.31] /# gi::executeAction deStartDrag -in [gi::getWindows 3]
[23:14:04.31] /i de::startDrag {0.56875 0.36875} -context [db::getNext [de::getContexts -window 3]]
[23:14:06.40] /# gi::executeAction deEndDrag -in [gi::getWindows 3]
[23:14:06.40] /i de::endDrag {0.51875 0.35} -context [db::getNext [de::getContexts -window 3]]
[23:14:07.41] /# gi::executeAction deStartDrag -in [gi::getWindows 3]
[23:14:07.41] /i de::startDrag {-0.16875 0.525} -context [db::getNext [de::getContexts -window 3]]
[23:14:08.72] /# gi::executeAction deEndDrag -in [gi::getWindows 3]
[23:14:08.72] /i de::endDrag {0.7125 0.24375} -context [db::getNext [de::getContexts -window 3]]
[23:14:10.04] /# gi::executeAction deStartDrag -in [gi::getWindows 3]
[23:14:10.04] /i de::startDrag {-0.10625 0.53125} -context [db::getNext [de::getContexts -window 3]]
[23:14:14.54] /# gi::executeAction deEndDrag -in [gi::getWindows 3]
[23:14:14.54] /i de::endDrag {-0.2 0.275} -context [db::getNext [de::getContexts -window 3]]
[23:14:19.55] /# gi::executeAction seSchCheckAndSave -in [gi::getWindows 3]
[23:14:19.55] /i ise::check
[23:14:19.56] /m Information: 
[23:14:19.56] /o Checking "dff/dff/schematic"
[23:14:19.57] /o 	[warning] Solder on Crossing Wires
[23:14:19.57] /o 		Solder dot on crossing wires
[23:14:19.57] /o 0 Error(s),1 Warning(s),0 Message(s) found   in "dff/dff/schematic"
[23:14:19.57] /m Information: Checking process is completed: marking the design violations
[23:14:19.66] /m Information: Marking of designs is completed
[23:14:19.66] /o true
[23:14:25.55] /i gi::pressButton {ConsoleToggleButton} -in [db::getAttr statusbar -of [gi::getWindows 3]]
[23:14:29.14] /# gi::executeAction seSchCheckAndSave -in [gi::getWindows 3]
[23:14:29.14] /i ise::check
[23:14:29.15] /m Information: 
[23:14:29.15] /o Checking "dff/dff/schematic"
[23:14:29.16] /o 	[warning] Solder on Crossing Wires
[23:14:29.16] /o 		Solder dot on crossing wires
[23:14:29.16] /o 0 Error(s),1 Warning(s),0 Message(s) found   in "dff/dff/schematic"
[23:14:29.16] /m Information: Checking process is completed: marking the design violations
[23:14:29.33] /m Information: Marking of designs is completed
[23:14:29.33] /o true
[23:14:30.84] /i gi::pressButton {ConsoleToggleButton} -in [db::getAttr statusbar -of [gi::getWindows 3]]
[23:14:37.50] /# gi::executeAction deAddPoint -in [gi::getWindows 3]
[23:14:37.50] /i de::addPoint {-0.38125 -0.81875} -context [db::getNext [de::getContexts -window 3]]
[23:14:39.10] /# gi::executeAction deAddPoint -in [gi::getWindows 3]
[23:14:39.10] /i de::addPoint {0.3625 -0.775} -context [db::getNext [de::getContexts -window 3]]
[23:14:39.73] /# gi::executeAction deAbortCommand -in [gi::getWindows 3]
[23:14:39.73] /i de::abortCommand -context [db::getNext [de::getContexts -window 3]]
[23:14:40.61] /i gi::executeAction deCanvasDragCancel -in [gi::getWindows 3]
[23:14:41.04] /i gi::executeAction deCanvasDragCancel -in [gi::getWindows 3]
[23:14:42.80] /# gi::executeAction deCanvasZoomInAtPoint -in [gi::getWindows 3]
[23:14:42.80] /i de::zoom -window [gi::getWindows 3] -factor 2.0 -center {1.45 -0.0375}
[23:14:42.80] /o {-1.91875 -0.7} {3.9125 1.025}
[23:14:42.83] /# gi::executeAction deCanvasZoomOutAtPoint -in [gi::getWindows 3]
[23:14:42.83] /i de::zoom -window [gi::getWindows 3] -factor 0.5 -center {1.45 -0.0375}
[23:14:42.83] /o {-5.2875 -1.36875} {6.38125 2.08125}
[23:14:42.94] /# gi::executeAction deCanvasZoomInAtPoint -in [gi::getWindows 3]
[23:14:42.94] /i de::zoom -window [gi::getWindows 3] -factor 2.0 -center {1.45 -0.0375}
[23:14:42.94] /o {-1.91875 -0.7} {3.9125 1.025}
[23:14:44.30] /i gi::executeAction deCanvasDragSelect -in [gi::getWindows 3]
[23:14:44.30] /r deCanvasDragStart 1.6875 0.15
[23:14:45.56] /# gi::executeAction deCanvasDragEnd -in [gi::getWindows 3]
[23:14:45.56] /i gi::executeAction deCanvasDragEnd -in [gi::getWindows 3]
[23:14:45.56] /r deCanvasDragEnd 1.66875 0.11875
[23:14:46.79] /# gi::executeAction dePan -in [gi::getWindows 3]
[23:14:46.79] /i ide::pan [db::getNext [de::getContexts -window 3]]
[23:14:47.26] /# gi::executeAction deStartDrag -in [gi::getWindows 3]
[23:14:47.26] /i de::startDrag {1.66875 0.11875} -context [db::getNext [de::getContexts -window 3]]
[23:14:48.14] /# gi::executeAction deEndDrag -in [gi::getWindows 3]
[23:14:48.14] /i de::endDrag {1.6625 0.11875} -context [db::getNext [de::getContexts -window 3]]
[23:14:48.14] /r dePanToPoint {1.4 0.30625}
[23:14:51.81] /# gi::executeAction deStartDrag -in [gi::getWindows 3]
[23:14:51.81] /i de::startDrag {1.16875 0.3625} -context [db::getNext [de::getContexts -window 3]]
[23:14:52.68] /# gi::executeAction deEndDrag -in [gi::getWindows 3]
[23:14:52.68] /i de::endDrag {1.16875 0.35625} -context [db::getNext [de::getContexts -window 3]]
[23:14:52.68] /r dePanToPoint {1.4 0.36875}
[23:14:54.08] /# gi::executeAction seStretch -in [gi::getWindows 3]
[23:14:54.08] /i ise::stretch
[23:14:55.02] /# gi::executeAction deAddPoint -in [gi::getWindows 3]
[23:14:55.02] /i de::addPoint {1.16875 0.36875} -context [db::getNext [de::getContexts -window 3]]
[23:14:57.36] /# gi::executeAction deAddPoint -in [gi::getWindows 3]
[23:14:57.36] /i de::addPoint {1.16875 0.075} -context [db::getNext [de::getContexts -window 3]]
[23:15:02.27] /# gi::executeAction seSchCheckAndSave -in [gi::getWindows 3]
[23:15:02.27] /i ise::check
[23:15:02.28] /m Information: 
[23:15:02.28] /o Checking "dff/dff/schematic"
[23:15:02.28] /o No rule violations found in "dff/dff/schematic"
[23:15:02.28] /m Information: Checking process is completed: marking the design violations
[23:15:02.36] /m Information: Marking of designs is completed
[23:15:02.36] /o true
[23:15:22.10] /# gi::executeAction seSchCheckAndSave -in [gi::getWindows 3]
[23:15:22.10] /i ise::check
[23:15:22.11] /m Information: 
[23:15:22.11] /o Checking "dff/dff/schematic"
[23:15:22.12] /o No rule violations found in "dff/dff/schematic"
[23:15:22.12] /m Information: Checking process is completed: marking the design violations
[23:15:22.22] /m Information: Marking of designs is completed
[23:15:22.22] /o true
[23:15:25.38] /# gi::executeAction deCanvasZoomOutAtPoint -in [gi::getWindows 3]
[23:15:25.38] /i de::zoom -window [gi::getWindows 3] -factor 0.5 -center {1.15 -0.0625}
[23:15:25.39] /o {-4.175 -0.93125} {7.49375 2.51875}
[23:15:26.27] /# gi::executeAction deCanvasZoomOutAtPoint -in [gi::getWindows 3]
[23:15:26.27] /i de::zoom -window [gi::getWindows 3] -factor 0.5 -center {3.65 0.8375}
[23:15:26.27] /o {-12.00625 -2.7} {11.33125 4.2}
[23:15:26.89] /# gi::executeAction deCanvasZoomInAtPoint -in [gi::getWindows 3]
[23:15:26.89] /i de::zoom -window [gi::getWindows 3] -factor 2.0 -center {7.58125 1.1625}
[23:15:26.89] /o {-2.2125 -0.76875} {9.45625 2.68125}
[23:15:28.06] /# gi::executeAction deAddPoint -in [gi::getWindows 3]
[23:15:28.06] /i de::addPoint {7.78125 1.09375} -context [db::getNext [de::getContexts -window 3]]
[23:15:58.88] /# gi::executeAction deCellviewFromCellview -in [gi::getWindows 3]
[23:15:58.88] /i db::showCellViewFromCellView -src [db::getAttr container -of [db::getAttr editFile -of [db::getNext [de::getContexts -window 3]]]] 
[23:15:58.93] /o oa:0x1fe779c0
[23:15:59.05] /i gi::setActiveDialog [gi::getDialogs {dbCellViewFromCellView}]
[23:15:59.29] /i db::setAttr geometry -of [gi::getDialogs {dbCellViewFromCellView}] -value 628x339+636+319
[23:16:12.97] /i gi::pressButton {ok} -in [gi::getDialogs {dbCellViewFromCellView}]
[23:16:13.06] /r giWindowId 4
[23:16:13.09] /r giWindowGeometry 1632x848
[23:16:15.16] /# gi::executeAction deCanvasZoomOutAtPoint -in [gi::getWindows 4]
[23:16:15.17] /i de::zoom -window [gi::getWindows 4] -factor 0.5 -center {0.6625 0.06875}
[23:16:15.17] /o {-2.5625 -1.175} {2.625 0.9625}
[23:16:17.99] /# gi::executeAction deSelectActive -in [gi::getWindows 4]
[23:16:17.99] /i de::deselectAll [db::getNext [de::getContexts -window 4]]
[23:16:17.99] /i de::select [de::getActiveFigure [gi::getWindows 4] -point {0.60625 0.0875} -index 0 -intent none]
[23:16:17.99] /o oa:0x22646370
[23:16:35.01] /# gi::executeAction deSelectActive -in [gi::getWindows 4]
[23:16:35.01] /i de::cycleActiveFigure [gi::getWindows 4] -direction next
[23:16:35.01] /o oa:0x20049e90
[23:16:35.01] /i de::deselectAll [db::getNext [de::getContexts -window 4]]
[23:16:35.01] /i de::select [de::getActiveFigure [gi::getWindows 4] -point {0.625 -0.34375} -index 1 -intent none]
[23:16:35.01] /o oa:0x229bd8a0
[23:16:36.61] /# gi::executeAction seDelete -in [gi::getWindows 4]
[23:16:36.61] /i ise::delete
[23:16:38.05] /# gi::executeAction deSelectActive -in [gi::getWindows 4]
[23:16:38.05] /i de::deselectAll [db::getNext [de::getContexts -window 4]]
[23:16:38.05] /i de::select [de::getActiveFigure [gi::getWindows 4] -point {0 0.2} -index 0 -intent none]
[23:16:38.05] /o oa:0x217c1650
[23:16:38.70] /# gi::executeAction deSelectActive -in [gi::getWindows 4]
[23:16:38.70] /i de::cycleActiveFigure [gi::getWindows 4] -direction next
[23:16:38.70] /o oa:0x225f3fc0
[23:16:38.70] /i de::deselectAll [db::getNext [de::getContexts -window 4]]
[23:16:38.70] /i de::select [de::getActiveFigure [gi::getWindows 4] -point {0 0.2} -index 1 -intent none]
[23:16:38.70] /o oa:0x1ffb7450
[23:16:40.12] /# gi::executeAction seDelete -in [gi::getWindows 4]
[23:16:40.12] /i ise::delete
[23:16:47.34] /# gi::executeAction seStretch -in [gi::getWindows 4]
[23:16:47.34] /i ise::stretch
[23:16:48.18] /# gi::executeAction deStartDrag -in [gi::getWindows 4]
[23:16:48.18] /i de::startDrag {-0.525 -0.0875} -context [db::getNext [de::getContexts -window 4]]
[23:16:50.06] /# gi::executeAction deEndDrag -in [gi::getWindows 4]
[23:16:50.06] /i de::endDrag {0.15 -0.18125} -context [db::getNext [de::getContexts -window 4]]
[23:16:51.70] /# gi::executeAction deStartDrag -in [gi::getWindows 4]
[23:16:51.70] /i de::startDrag {0 -0.11875} -context [db::getNext [de::getContexts -window 4]]
[23:16:52.84] /# gi::executeAction deEndDrag -in [gi::getWindows 4]
[23:16:52.84] /i de::endDrag {0.00625 0.11875} -context [db::getNext [de::getContexts -window 4]]
[23:16:53.96] /# gi::executeAction deStartDrag -in [gi::getWindows 4]
[23:16:53.96] /i de::startDrag {0.39375 -0.14375} -context [db::getNext [de::getContexts -window 4]]
[23:16:54.36] /# gi::executeAction deEndDrag -in [gi::getWindows 4]
[23:16:54.36] /i de::endDrag {1.65 -0.46875} -context [db::getNext [de::getContexts -window 4]]
[23:16:55.77] /# gi::executeAction deAddPoint -in [gi::getWindows 4]
[23:16:55.78] /i de::addPoint {0.4625 -0.175} -context [db::getNext [de::getContexts -window 4]]
[23:16:56.61] /# gi::executeAction deStartDrag -in [gi::getWindows 4]
[23:16:56.61] /i de::startDrag {0.4625 -0.175} -context [db::getNext [de::getContexts -window 4]]
[23:16:57.79] /# gi::executeAction deEndDrag -in [gi::getWindows 4]
[23:16:57.79] /i de::endDrag {1.69375 -0.4625} -context [db::getNext [de::getContexts -window 4]]
[23:16:59.09] /# gi::executeAction deAddPoint -in [gi::getWindows 4]
[23:16:59.09] /i de::addPoint {0.40625 -0.2875} -context [db::getNext [de::getContexts -window 4]]
[23:17:00.64] /# gi::executeAction deAddPoint -in [gi::getWindows 4]
[23:17:00.64] /i de::addPoint {1.68125 -0.55} -context [db::getNext [de::getContexts -window 4]]
[23:17:01.45] /# gi::executeAction deAddPoint -in [gi::getWindows 4]
[23:17:01.46] /i de::addPoint {0.49375 -0.39375} -context [db::getNext [de::getContexts -window 4]]
[23:17:03.41] /# gi::executeAction deAddPoint -in [gi::getWindows 4]
[23:17:03.41] /i de::addPoint {1.74375 -0.63125} -context [db::getNext [de::getContexts -window 4]]
[23:17:06.11] /# gi::executeAction deAddPoint -in [gi::getWindows 4]
[23:17:06.11] /i de::addPoint {0.76875 -0.05} -context [db::getNext [de::getContexts -window 4]]
[23:17:07.68] /# gi::executeAction deAddPoint -in [gi::getWindows 4]
[23:17:07.68] /i de::addPoint {1.28125 0.09375} -context [db::getNext [de::getContexts -window 4]]
[23:17:08.71] /# gi::executeAction deAddPoint -in [gi::getWindows 4]
[23:17:08.71] /i de::addPoint {0.68125 -0.0625} -context [db::getNext [de::getContexts -window 4]]
[23:17:11.03] /# gi::executeAction deAddPoint -in [gi::getWindows 4]
[23:17:11.03] /i de::addPoint {1.24375 0.11875} -context [db::getNext [de::getContexts -window 4]]
[23:17:12.45] /# gi::executeAction deAddPoint -in [gi::getWindows 4]
[23:17:12.45] /i de::addPoint {0.475 -0.05} -context [db::getNext [de::getContexts -window 4]]
[23:17:13.47] /# gi::executeAction deAddPoint -in [gi::getWindows 4]
[23:17:13.47] /i de::addPoint {0.7 -0.80625} -context [db::getNext [de::getContexts -window 4]]
[23:17:31.85] /# gi::executeAction seCreateShape -in [gi::getWindows 4]
[23:17:31.85] /i ise::createShape
[23:17:40.24] /# gi::executeAction deAddPoint -in [gi::getWindows 4]
[23:17:40.24] /i de::addPoint {-1.5125 0.7625} -context [db::getNext [de::getContexts -window 4]]
[23:17:46.19] /# gi::executeAction deAddPoint -in [gi::getWindows 4]
[23:17:46.19] /i de::addPoint {-1.4875 0.10625} -context [db::getNext [de::getContexts -window 4]]
[23:17:59.24] /# gi::executeAction deAddPoint -in [gi::getWindows 4]
[23:17:59.24] /i de::addPoint {-1 0.00625} -context [db::getNext [de::getContexts -window 4]]
[23:18:08.08] /# gi::executeAction deAddPoint -in [gi::getWindows 4]
[23:18:08.08] /i de::addPoint {-1.48125 0.25625} -context [db::getNext [de::getContexts -window 4]]
[23:18:10.28] /# gi::executeAction deAddPoint -in [gi::getWindows 4]
[23:18:10.29] /i de::addPoint {-1.475 0.24375} -context [db::getNext [de::getContexts -window 4]]
[23:18:12.19] /# gi::executeAction deAbortCommand -in [gi::getWindows 4]
[23:18:12.19] /i de::abortCommand -context [db::getNext [de::getContexts -window 4]]
[23:18:15.87] /# gi::executeAction seCreateShape -in [gi::getWindows 4]
[23:18:15.87] /i ise::createShape
[23:18:17.19] /i gi::pressButton {seShapeTypeLine} -in [gi::getToolbars {deCommandOptions} -from [gi::getWindows 4]]
[23:18:19.29] /# gi::executeAction deAddPoint -in [gi::getWindows 4]
[23:18:19.29] /i de::addPoint {-1.4875 0.24375} -context [db::getNext [de::getContexts -window 4]]
[23:18:20.60] /# gi::executeAction deAddPoint -in [gi::getWindows 4]
[23:18:20.60] /i de::addPoint {-1.3625 0.1875} -context [db::getNext [de::getContexts -window 4]]
[23:18:23.00] /# gi::executeAction deAddPoint -in [gi::getWindows 4]
[23:18:23.00] /i de::addPoint {-1.5 0.13125} -context [db::getNext [de::getContexts -window 4]]
[23:18:23.16] /# gi::executeAction deCompleteShape -in [gi::getWindows 4]
[23:18:23.16] /i de::completeShape -context [db::getNext [de::getContexts -window 4]]
[23:18:34.77] /# gi::executeAction deAddPoint -in [gi::getWindows 4]
[23:18:34.77] /i de::addPoint {-1.48125 0.61875} -context [db::getNext [de::getContexts -window 4]]
[23:18:36.20] /# gi::executeAction deAddPoint -in [gi::getWindows 4]
[23:18:36.20] /i de::addPoint {-1.375 0.61875} -context [db::getNext [de::getContexts -window 4]]
[23:18:38.35] /# gi::executeAction deAddPoint -in [gi::getWindows 4]
[23:18:38.35] /i de::addPoint {-1.375 0.61875} -context [db::getNext [de::getContexts -window 4]]
[23:18:38.48] /# gi::executeAction deCompleteShape -in [gi::getWindows 4]
[23:18:38.48] /i de::completeShape -context [db::getNext [de::getContexts -window 4]]
[23:18:39.69] /# gi::executeAction deAddPoint -in [gi::getWindows 4]
[23:18:39.69] /i de::addPoint {-1.11875 0.61875} -context [db::getNext [de::getContexts -window 4]]
[23:18:41.08] /# gi::executeAction deAddPoint -in [gi::getWindows 4]
[23:18:41.08] /i de::addPoint {-1 0.61875} -context [db::getNext [de::getContexts -window 4]]
[23:18:41.25] /# gi::executeAction deCompleteShape -in [gi::getWindows 4]
[23:18:41.25] /i de::completeShape -context [db::getNext [de::getContexts -window 4]]
[23:18:43.80] /# gi::executeAction deAbortCommand -in [gi::getWindows 4]
[23:18:43.80] /i de::abortCommand -context [db::getNext [de::getContexts -window 4]]
[23:18:45.87] /# gi::executeAction seStretch -in [gi::getWindows 4]
[23:18:45.87] /i ise::stretch
[23:18:46.60] /# gi::executeAction deAddPoint -in [gi::getWindows 4]
[23:18:46.60] /i de::addPoint {0.00625 0.13125} -context [db::getNext [de::getContexts -window 4]]
[23:18:52.04] /# gi::executeAction deAddPoint -in [gi::getWindows 4]
[23:18:52.05] /i de::addPoint {-1.59375 0.6375} -context [db::getNext [de::getContexts -window 4]]
[23:18:54.07] /# gi::executeAction deAddPoint -in [gi::getWindows 4]
[23:18:54.07] /i de::addPoint {0.0875 0.13125} -context [db::getNext [de::getContexts -window 4]]
[23:18:56.18] /# gi::executeAction deAddPoint -in [gi::getWindows 4]
[23:18:56.18] /i de::addPoint {-1.55 0.61875} -context [db::getNext [de::getContexts -window 4]]
[23:18:57.17] /# gi::executeAction deAddPoint -in [gi::getWindows 4]
[23:18:57.17] /i de::addPoint {-1.6375 0.6375} -context [db::getNext [de::getContexts -window 4]]
[23:18:59.32] /# gi::executeAction deAddPoint -in [gi::getWindows 4]
[23:18:59.32] /i de::addPoint {-1.65 0.6375} -context [db::getNext [de::getContexts -window 4]]
[23:19:00.80] /# gi::executeAction deAddPoint -in [gi::getWindows 4]
[23:19:00.80] /i de::addPoint {-1.475 0.60625} -context [db::getNext [de::getContexts -window 4]]
[23:19:07.57] /# gi::executeAction deAddPoint -in [gi::getWindows 4]
[23:19:07.57] /i de::addPoint {-1.30625 0.61875} -context [db::getNext [de::getContexts -window 4]]
[23:19:08.01] /# gi::executeAction deAbortCommand -in [gi::getWindows 4]
[23:19:08.01] /i de::abortCommand -context [db::getNext [de::getContexts -window 4]]
[23:19:09.19] /# gi::executeAction deSelectActive -in [gi::getWindows 4]
[23:19:09.19] /i de::deselectAll [db::getNext [de::getContexts -window 4]]
[23:19:09.19] /i de::select [de::getActiveFigure [gi::getWindows 4] -point {-1.4 0.61875} -index 0 -intent none]
[23:19:09.19] /o oa:0x22e524b0
[23:19:10.38] /# gi::executeAction deSelectActive -in [gi::getWindows 4]
[23:19:10.38] /i de::deselectAll [db::getNext [de::getContexts -window 4]]
[23:19:10.38] /i de::select [de::getActiveFigure [gi::getWindows 4] -point {-1.43125 0.61875} -index 0 -intent none]
[23:19:10.38] /o oa:0x21aec960
[23:19:12.13] /# gi::executeAction deSelectActive -in [gi::getWindows 4]
[23:19:12.13] /i de::deselectAll [db::getNext [de::getContexts -window 4]]
[23:19:12.13] /i de::select [de::getActiveFigure [gi::getWindows 4] -point {-1.33125 0.55625} -index 0 -intent none]
[23:19:12.13] /o oa:0x1fef0370
[23:19:13.28] /# gi::executeAction deSelectActive -in [gi::getWindows 4]
[23:19:13.28] /i de::deselectAll [db::getNext [de::getContexts -window 4]]
[23:19:13.28] /i de::select [de::getActiveFigure [gi::getWindows 4] -point {-1.40625 0.63125} -index 0 -intent none]
[23:19:13.28] /o oa:0x228ad620
[23:19:15.21] /# gi::executeAction seDelete -in [gi::getWindows 4]
[23:19:15.21] /i ise::delete
[23:19:19.18] /# gi::executeAction deSelectActive -in [gi::getWindows 4]
[23:19:19.18] /i de::deselectAll [db::getNext [de::getContexts -window 4]]
[23:19:19.18] /i de::select [de::getActiveFigure [gi::getWindows 4] -point {-1.08125 0.63125} -index 0 -intent none]
[23:19:19.18] /o oa:0x22aac850
[23:19:21.36] /# gi::executeAction seDelete -in [gi::getWindows 4]
[23:19:21.36] /i ise::delete
[23:19:24.46] /# gi::executeAction seCreateShape -in [gi::getWindows 4]
[23:19:24.46] /i ise::createShape
[23:19:25.43] /# gi::executeAction deAddPoint -in [gi::getWindows 4]
[23:19:25.43] /i de::addPoint {-1.49375 0.625} -context [db::getNext [de::getContexts -window 4]]
[23:19:26.86] /# gi::executeAction deAddPoint -in [gi::getWindows 4]
[23:19:26.86] /i de::addPoint {-1.45 0.625} -context [db::getNext [de::getContexts -window 4]]
[23:19:28.59] /# gi::executeAction deAddPoint -in [gi::getWindows 4]
[23:19:28.59] /i de::addPoint {-1.43125 0.63125} -context [db::getNext [de::getContexts -window 4]]
[23:19:28.72] /# gi::executeAction deCompleteShape -in [gi::getWindows 4]
[23:19:28.72] /i de::completeShape -context [db::getNext [de::getContexts -window 4]]
[23:19:30.12] /# gi::executeAction deAddPoint -in [gi::getWindows 4]
[23:19:30.12] /i de::addPoint {-1.00625 0.61875} -context [db::getNext [de::getContexts -window 4]]
[23:19:30.89] /# gi::executeAction deAddPoint -in [gi::getWindows 4]
[23:19:30.89] /i de::addPoint {-1.04375 0.63125} -context [db::getNext [de::getContexts -window 4]]
[23:19:31.04] /# gi::executeAction deCompleteShape -in [gi::getWindows 4]
[23:19:31.04] /i de::completeShape -context [db::getNext [de::getContexts -window 4]]
[23:19:33.27] /# gi::executeAction seStretch -in [gi::getWindows 4]
[23:19:33.27] /i ise::stretch
[23:19:34.30] /# gi::executeAction deAddPoint -in [gi::getWindows 4]
[23:19:34.30] /i de::addPoint {-1.3 0.625} -context [db::getNext [de::getContexts -window 4]]
[23:19:37.56] /# gi::executeAction deAddPoint -in [gi::getWindows 4]
[23:19:37.56] /i de::addPoint {-1.39375 0.63125} -context [db::getNext [de::getContexts -window 4]]
[23:19:39.36] /# gi::executeAction deAddPoint -in [gi::getWindows 4]
[23:19:39.36] /i de::addPoint {1.3 0.11875} -context [db::getNext [de::getContexts -window 4]]
[23:19:45.57] /# gi::executeAction deAddPoint -in [gi::getWindows 4]
[23:19:45.57] /i de::addPoint {-0.9 0.625} -context [db::getNext [de::getContexts -window 4]]
[23:19:49.10] /# gi::executeAction deAddPoint -in [gi::getWindows 4]
[23:19:49.10] /i de::addPoint {-1.025 0.64375} -context [db::getNext [de::getContexts -window 4]]
[23:19:51.64] /# gi::executeAction deAbortCommand -in [gi::getWindows 4]
[23:19:51.64] /i de::abortCommand -context [db::getNext [de::getContexts -window 4]]
[23:19:53.06] /# gi::executeAction deSelectActive -in [gi::getWindows 4]
[23:19:53.06] /i de::deselectAll [db::getNext [de::getContexts -window 4]]
[23:19:53.06] /i de::select [de::getActiveFigure [gi::getWindows 4] -point {-0.85625 0.61875} -index 0 -intent none]
[23:19:53.06] /o oa:0x20072dd0
[23:19:54.78] /# gi::executeAction deSelectActive -in [gi::getWindows 4]
[23:19:54.78] /i de::cycleActiveFigure [gi::getWindows 4] -direction next
[23:19:54.78] /o oa:0x22abbaa0
[23:19:56.37] /# gi::executeAction deSelectActive -in [gi::getWindows 4]
[23:19:56.37] /i de::cycleActiveFigure [gi::getWindows 4] -direction next
[23:19:56.37] /o oa:0x22ea8b30
[23:19:57.39] /# gi::executeAction seStretch -in [gi::getWindows 4]
[23:19:57.39] /i ise::stretch
[23:19:58.37] /# gi::executeAction deAddPoint -in [gi::getWindows 4]
[23:19:58.37] /i de::addPoint {-0.86875 0.60625} -context [db::getNext [de::getContexts -window 4]]
[23:19:59.05] /# gi::executeAction deAddPoint -in [gi::getWindows 4]
[23:19:59.05] /i de::addPoint {-0.86875 0.51875} -context [db::getNext [de::getContexts -window 4]]
[23:20:01.51] /# gi::executeAction deSelectActive -in [gi::getWindows 4]
[23:20:01.51] /i de::deselectAll [db::getNext [de::getContexts -window 4]]
[23:20:01.51] /i de::select [de::getActiveFigure [gi::getWindows 4] -point {-1.0375 0.50625} -index 0 -intent none]
[23:20:01.51] /o oa:0x216a0f70
[23:20:03.83] /# gi::executeAction deSelectActive -in [gi::getWindows 4]
[23:20:03.83] /i de::deselectAll [db::getNext [de::getContexts -window 4]]
[23:20:03.83] /i de::select [de::getActiveFigure [gi::getWindows 4] -point {-0.8875 0.5} -index 0 -intent none]
[23:20:03.83] /o oa:0x22b162a0
[23:20:05.35] /# gi::executeAction deSelectActive -in [gi::getWindows 4]
[23:20:05.35] /i de::cycleActiveFigure [gi::getWindows 4] -direction next
[23:20:05.35] /o oa:0x1f9cb400
[23:20:06.84] /# gi::executeAction seButton1DragStart -in [gi::getWindows 4]
[23:20:06.84] /i ise::stretch -point {-0.875 0.5}
[23:20:09.90] /# gi::executeAction deEndDrag -in [gi::getWindows 4]
[23:20:09.90] /i de::endDrag {-0.93125 0.49375} -context [db::getNext [de::getContexts -window 4]]
[23:20:10.79] /# gi::executeAction seButton1DragStart -in [gi::getWindows 4]
[23:20:10.79] /i ise::stretch -object [de::getActiveFigure [gi::getWindows 4] -point {-1.0875 0.50625} -index 0 -intent none] -point {-1.0625 0.5}
[23:20:12.41] /# gi::executeAction deEndDrag -in [gi::getWindows 4]
[23:20:12.41] /i de::endDrag {-1.075 0.63125} -context [db::getNext [de::getContexts -window 4]]
[23:20:13.89] /# gi::executeAction seButton1DragStart -in [gi::getWindows 4]
[23:20:13.89] /i ise::stretch -point {-0.9375 0.5}
[23:20:15.41] /# gi::executeAction deEndDrag -in [gi::getWindows 4]
[23:20:15.41] /i de::endDrag {-0.91875 0.60625} -context [db::getNext [de::getContexts -window 4]]
[23:20:16.75] /# gi::executeAction seButton1DragStart -in [gi::getWindows 4]
[23:20:16.76] /i ise::stretch -point {-0.9375 0.625}
[23:20:17.42] /# gi::executeAction deEndDrag -in [gi::getWindows 4]
[23:20:17.42] /i de::endDrag {-0.88125 0.63125} -context [db::getNext [de::getContexts -window 4]]
[23:20:19.65] /# gi::executeAction seButton1DragStart -in [gi::getWindows 4]
[23:20:19.65] /i ise::stretch -point {-0.875 0.625}
[23:20:20.20] /# gi::executeAction deEndDrag -in [gi::getWindows 4]
[23:20:20.20] /i de::endDrag {-0.86875 0.675} -context [db::getNext [de::getContexts -window 4]]
[23:20:21.21] /# gi::executeAction seButton1DragStart -in [gi::getWindows 4]
[23:20:21.22] /i ise::stretch -object [de::getActiveFigure [gi::getWindows 4] -point {-1.025 0.8125} -index 0 -intent none] -point {-1 0.8125}
[23:20:23.84] /# gi::executeAction deEndDrag -in [gi::getWindows 4]
[23:20:23.84] /i de::endDrag {-1.08125 0.7} -context [db::getNext [de::getContexts -window 4]]
[23:20:25.22] /# gi::executeAction seButton1DragStart -in [gi::getWindows 4]
[23:20:25.22] /i ise::stretch -point {-0.875 0.6875}
[23:20:26.24] /# gi::executeAction deEndDrag -in [gi::getWindows 4]
[23:20:26.24] /i de::endDrag {-0.88125 0.65} -context [db::getNext [de::getContexts -window 4]]
[23:20:27.92] /# gi::executeAction seButton1DragStart -in [gi::getWindows 4]
[23:20:27.92] /i ise::stretch -object [de::getActiveFigure [gi::getWindows 4] -point {-1.08125 0.6125} -index 0 -intent none] -point {-1.0625 0.625}
[23:20:29.44] /# gi::executeAction deEndDrag -in [gi::getWindows 4]
[23:20:29.44] /i de::endDrag {-1.08125 0.61875} -context [db::getNext [de::getContexts -window 4]]
[23:20:30.44] /# gi::executeAction seButton1DragStart -in [gi::getWindows 4]
[23:20:30.44] /i ise::stretch -object [de::getActiveFigure [gi::getWindows 4] -point {-1.3625 0.6125} -index 0 -intent none] -point {-1.375 0.625}
[23:20:31.37] /# gi::executeAction deEndDrag -in [gi::getWindows 4]
[23:20:31.37] /i de::endDrag {-1.4 0.61875} -context [db::getNext [de::getContexts -window 4]]
[23:20:32.66] /# gi::executeAction seButton1DragStart -in [gi::getWindows 4]
[23:20:32.66] /i ise::stretch -object [de::getActiveFigure [gi::getWindows 4] -point {-1.35 0.63125} -index 0 -intent none] -point {-1.375 0.625}
[23:20:33.37] /# gi::executeAction deEndDrag -in [gi::getWindows 4]
[23:20:33.37] /i de::endDrag {-1.39375 0.63125} -context [db::getNext [de::getContexts -window 4]]
[23:20:34.05] /# gi::executeAction deSelectActive -in [gi::getWindows 4]
[23:20:34.05] /i de::deselectAll [db::getNext [de::getContexts -window 4]]
[23:20:34.05] /i de::select [de::getActiveFigure [gi::getWindows 4] -point {-1.35 0.625} -index 0 -intent none]
[23:20:34.05] /o oa:0x2117df10
[23:20:34.91] /# gi::executeAction seButton1DragStart -in [gi::getWindows 4]
[23:20:34.91] /i ise::stretch -point {-1.375 0.625}
[23:20:35.48] /# gi::executeAction deEndDrag -in [gi::getWindows 4]
[23:20:35.48] /i de::endDrag {-1.4 0.625} -context [db::getNext [de::getContexts -window 4]]
[23:20:36.29] /# gi::executeAction deSelectActive -in [gi::getWindows 4]
[23:20:36.29] /i de::deselectAll [db::getNext [de::getContexts -window 4]]
[23:20:36.29] /i de::select [de::getActiveFigure [gi::getWindows 4] -point {-1.1875 0.3875} -index 0 -intent none]
[23:20:36.29] /o oa:0x2056c830
[23:20:37.61] /# gi::executeAction deSelectActive -in [gi::getWindows 4]
[23:20:37.61] /i de::deselectAll [db::getNext [de::getContexts -window 4]]
[23:20:37.61] /i de::select [de::getActiveFigure [gi::getWindows 4] -point {-1.3625 0.6125} -index 0 -intent none]
[23:20:37.61] /o oa:0x21609ca0
[23:20:38.42] /# gi::executeAction seButton1DragStart -in [gi::getWindows 4]
[23:20:38.42] /i ise::stretch -point {-1.375 0.625}
[23:20:39.09] /# gi::executeAction deEndDrag -in [gi::getWindows 4]
[23:20:39.09] /i de::endDrag {-1.4 0.625} -context [db::getNext [de::getContexts -window 4]]
[23:20:39.64] /# gi::executeAction deSelectActive -in [gi::getWindows 4]
[23:20:39.64] /i de::cycleActiveFigure [gi::getWindows 4] -direction next
[23:20:39.64] /o oa:0x225f3f70
[23:20:39.64] /i de::deselectAll [db::getNext [de::getContexts -window 4]]
[23:20:39.64] /i de::select [de::getActiveFigure [gi::getWindows 4] -point {-1.35 0.6125} -index 1 -intent none]
[23:20:39.64] /o oa:0x2116a210
[23:20:40.43] /# gi::executeAction seStretch -in [gi::getWindows 4]
[23:20:40.43] /i ise::stretch
[23:20:41.17] /# gi::executeAction deAddPoint -in [gi::getWindows 4]
[23:20:41.17] /i de::addPoint {-1.35 0.6125} -context [db::getNext [de::getContexts -window 4]]
[23:20:42.24] /# gi::executeAction deAddPoint -in [gi::getWindows 4]
[23:20:42.24] /i de::addPoint {-1.3625 0.625} -context [db::getNext [de::getContexts -window 4]]
[23:20:43.45] /# gi::executeAction seButton1DragStart -in [gi::getWindows 4]
[23:20:43.45] /i ise::stretch -object [de::getActiveFigure [gi::getWindows 4] -point {-1.35625 0.6125} -index 0 -intent none] -point {-1.375 0.625}
[23:20:44.00] /# gi::executeAction deEndDrag -in [gi::getWindows 4]
[23:20:44.00] /i de::endDrag {-1.3875 0.6125} -context [db::getNext [de::getContexts -window 4]]
[23:20:44.88] /# gi::executeAction seButton1DragStart -in [gi::getWindows 4]
[23:20:44.88] /i ise::stretch -object [de::getActiveFigure [gi::getWindows 4] -point {-1.35 0.60625} -index 0 -intent none] -point {-1.375 0.625}
[23:20:45.41] /# gi::executeAction deEndDrag -in [gi::getWindows 4]
[23:20:45.41] /i de::endDrag {-1.41875 0.60625} -context [db::getNext [de::getContexts -window 4]]
[23:20:45.62] /# gi::executeAction deSelectActive -in [gi::getWindows 4]
[23:20:45.62] /i de::deselectAll [db::getNext [de::getContexts -window 4]]
[23:20:45.62] /i de::select [de::getActiveFigure [gi::getWindows 4] -point {-1.41875 0.60625} -index 0 -intent none]
[23:20:45.62] /o oa:0x22aab5b0
[23:20:46.43] /# gi::executeAction deSelectActive -in [gi::getWindows 4]
[23:20:46.43] /i de::deselectAll [db::getNext [de::getContexts -window 4]]
[23:20:46.43] /i de::select [de::getActiveFigure [gi::getWindows 4] -point {-1.2375 0.45625} -index 0 -intent none]
[23:20:46.43] /o oa:0x21c461a0
[23:20:47.20] /i gi::executeAction deCanvasDragCancel -in [gi::getWindows 4]
[23:20:49.79] /# gi::executeAction seStretch -in [gi::getWindows 4]
[23:20:49.79] /i ise::stretch
[23:20:51.04] /# gi::executeAction deAddPoint -in [gi::getWindows 4]
[23:20:51.04] /i de::addPoint {1.2625 0.11875} -context [db::getNext [de::getContexts -window 4]]
[23:20:54.22] /# gi::executeAction deAbortCommand -in [gi::getWindows 4]
[23:20:54.22] /i de::abortCommand -context [db::getNext [de::getContexts -window 4]]
[23:20:55.28] /# gi::executeAction deSelectActive -in [gi::getWindows 4]
[23:20:55.28] /i de::deselectAll [db::getNext [de::getContexts -window 4]]
[23:20:55.28] /i de::deselectAllLogic -context [db::getNext [de::getContexts -window 4]]
[23:20:56.14] /# gi::executeAction deSelectActive -in [gi::getWindows 4]
[23:20:56.14] /i de::deselectAll [db::getNext [de::getContexts -window 4]]
[23:20:56.14] /i de::select [de::getActiveFigure [gi::getWindows 4] -point {1.29375 0.11875} -index 0 -intent none]
[23:20:56.14] /o oa:0x205f36b0
[23:20:57.43] /# gi::executeAction deSelectActive -in [gi::getWindows 4]
[23:20:57.43] /i de::deselectAll [db::getNext [de::getContexts -window 4]]
[23:20:57.43] /i de::select [de::getActiveFigure [gi::getWindows 4] -point {1.25 0.13125} -index 0 -intent none]
[23:20:57.43] /o oa:0x1f9e11c0
[23:20:57.76] /# gi::executeAction seStretch -in [gi::getWindows 4]
[23:20:57.76] /i ise::stretch
[23:20:58.18] /# gi::executeAction deAddPoint -in [gi::getWindows 4]
[23:20:58.18] /i de::addPoint {1.25 0.13125} -context [db::getNext [de::getContexts -window 4]]
[23:21:00.34] /# gi::executeAction deAddPoint -in [gi::getWindows 4]
[23:21:00.34] /i de::addPoint {-0.95 0.6125} -context [db::getNext [de::getContexts -window 4]]
[23:21:02.25] /# gi::executeAction deSelectActive -in [gi::getWindows 4]
[23:21:02.25] /i de::deselectAll [db::getNext [de::getContexts -window 4]]
[23:21:02.25] /i de::select [de::getActiveFigure [gi::getWindows 4] -point {0.01875 -0.00625} -index 0 -intent none]
[23:21:02.25] /o oa:0x1fa6ef90
[23:21:04.77] /# gi::executeAction deSelectActive -in [gi::getWindows 4]
[23:21:04.77] /i de::cycleActiveFigure [gi::getWindows 4] -direction next
[23:21:04.77] /o oa:0x22e569c0
[23:21:04.77] /i de::deselectAll [db::getNext [de::getContexts -window 4]]
[23:21:04.77] /i de::select [de::getActiveFigure [gi::getWindows 4] -point {0.00625 -0.00625} -index 1 -intent none]
[23:21:04.77] /o oa:0x22645560
[23:21:07.42] /# gi::executeAction seStretch -in [gi::getWindows 4]
[23:21:07.42] /i ise::stretch
[23:21:08.47] /# gi::executeAction deAddPoint -in [gi::getWindows 4]
[23:21:08.47] /i de::addPoint {0 0} -context [db::getNext [de::getContexts -window 4]]
[23:21:10.08] /# gi::executeAction deAddPoint -in [gi::getWindows 4]
[23:21:10.08] /i de::addPoint {0.04375 0.01875} -context [db::getNext [de::getContexts -window 4]]
[23:21:10.84] /# gi::executeAction deSelectActive -in [gi::getWindows 4]
[23:21:10.84] /i de::deselectAll [db::getNext [de::getContexts -window 4]]
[23:21:10.84] /i de::select [de::getActiveFigure [gi::getWindows 4] -point {-0.0125 0.00625} -index 0 -intent none]
[23:21:10.85] /o oa:0x1fe91be0
[23:21:13.87] /# gi::executeAction deSelectActive -in [gi::getWindows 4]
[23:21:13.87] /i de::cycleActiveFigure [gi::getWindows 4] -direction next
[23:21:13.87] /o oa:0x238f3450
[23:21:14.58] /# gi::executeAction seButton1DragStart -in [gi::getWindows 4]
[23:21:14.58] /i ise::stretch -point {0 0}
[23:21:18.82] /# gi::executeAction deEndDrag -in [gi::getWindows 4]
[23:21:18.82] /i de::endDrag {-1.60625 0.175} -context [db::getNext [de::getContexts -window 4]]
[23:21:20.19] /# gi::executeAction seButton1DragStart -in [gi::getWindows 4]
[23:21:20.19] /i ise::stretch -object [de::getActiveFigure [gi::getWindows 4] -point {-1.43125 0.18125} -index 0 -intent none] -point {-1.4375 0.1875}
[23:21:23.12] /# gi::executeAction deEndDrag -in [gi::getWindows 4]
[23:21:23.12] /i de::endDrag {-1.3 0.1875} -context [db::getNext [de::getContexts -window 4]]
[23:21:23.63] /# gi::executeAction deSelectActive -in [gi::getWindows 4]
[23:21:23.63] /i de::deselectAll [db::getNext [de::getContexts -window 4]]
[23:21:23.63] /i de::deselectAllLogic -context [db::getNext [de::getContexts -window 4]]
[23:21:26.63] /# gi::executeAction deSelectActive -in [gi::getWindows 4]
[23:21:26.63] /i de::deselectAll [db::getNext [de::getContexts -window 4]]
[23:21:26.63] /i de::select [de::getActiveFigure [gi::getWindows 4] -point {0.09375 -0.00625} -index 0 -intent none]
[23:21:26.63] /o oa:0x209ae960
[23:21:28.71] /# gi::executeAction seButton1DragStart -in [gi::getWindows 4]
[23:21:28.71] /i ise::stretch -point {0.125 0}
[23:21:30.53] /# gi::executeAction deEndDrag -in [gi::getWindows 4]
[23:21:30.54] /i de::endDrag {0.075 0.00625} -context [db::getNext [de::getContexts -window 4]]
[23:21:32.21] /i gi::executeAction deCanvasDragCancel -in [gi::getWindows 4]
[23:21:33.30] /# gi::executeAction deSelectActive -in [gi::getWindows 4]
[23:21:33.30] /i de::deselectAllLogic -context [db::getNext [de::getContexts -window 4]]
[23:21:37.83] /# gi::executeAction seCreateShape -in [gi::getWindows 4]
[23:21:37.83] /i ise::createShape
[23:21:39.92] /# gi::executeAction deAddPoint -in [gi::getWindows 4]
[23:21:39.92] /i de::addPoint {-1.6125 0.1875} -context [db::getNext [de::getContexts -window 4]]
[23:21:41.07] /# gi::executeAction deAddPoint -in [gi::getWindows 4]
[23:21:41.07] /i de::addPoint {-1.5 0.19375} -context [db::getNext [de::getContexts -window 4]]
[23:21:41.23] /# gi::executeAction deCompleteShape -in [gi::getWindows 4]
[23:21:41.23] /i de::completeShape -context [db::getNext [de::getContexts -window 4]]
[23:21:44.12] /# gi::executeAction seStretch -in [gi::getWindows 4]
[23:21:44.12] /i ise::stretch
[23:21:44.71] /# gi::executeAction deAddPoint -in [gi::getWindows 4]
[23:21:44.71] /i de::addPoint {0.70625 -0.84375} -context [db::getNext [de::getContexts -window 4]]
[23:21:45.33] /# gi::executeAction deAddPoint -in [gi::getWindows 4]
[23:21:45.33] /i de::addPoint {0.6875 -0.8} -context [db::getNext [de::getContexts -window 4]]
[23:21:47.66] /# gi::executeAction deAddPoint -in [gi::getWindows 4]
[23:21:47.66] /i de::addPoint {-1.15 0.45} -context [db::getNext [de::getContexts -window 4]]
[23:21:48.68] /# gi::executeAction deAddPoint -in [gi::getWindows 4]
[23:21:48.68] /i de::addPoint {0.88125 0.3875} -context [db::getNext [de::getContexts -window 4]]
[23:21:51.11] /# gi::executeAction deAddPoint -in [gi::getWindows 4]
[23:21:51.12] /i de::addPoint {-1.175 0.83125} -context [db::getNext [de::getContexts -window 4]]
[23:21:52.32] /# gi::executeAction deAddPoint -in [gi::getWindows 4]
[23:21:52.32] /i de::addPoint {1.6875 -0.40625} -context [db::getNext [de::getContexts -window 4]]
[23:21:55.19] /# gi::executeAction deAddPoint -in [gi::getWindows 4]
[23:21:55.19] /i de::addPoint {-0.70625 0.36875} -context [db::getNext [de::getContexts -window 4]]
[23:21:56.26] /# gi::executeAction deAddPoint -in [gi::getWindows 4]
[23:21:56.26] /i de::addPoint {1.58125 -0.55} -context [db::getNext [de::getContexts -window 4]]
[23:21:58.61] /# gi::executeAction deAddPoint -in [gi::getWindows 4]
[23:21:58.61] /i de::addPoint {-0.8125 0.31875} -context [db::getNext [de::getContexts -window 4]]
[23:21:59.80] /# gi::executeAction deAddPoint -in [gi::getWindows 4]
[23:21:59.80] /i de::addPoint {1.55625 -0.6625} -context [db::getNext [de::getContexts -window 4]]
[23:22:01.42] /# gi::executeAction deAddPoint -in [gi::getWindows 4]
[23:22:01.42] /i de::addPoint {-0.81875 0.2} -context [db::getNext [de::getContexts -window 4]]
[23:22:02.23] /# gi::executeAction deAddPoint -in [gi::getWindows 4]
[23:22:02.23] /i de::addPoint {-0.775 0.31875} -context [db::getNext [de::getContexts -window 4]]
[23:22:03.24] /# gi::executeAction deAddPoint -in [gi::getWindows 4]
[23:22:03.24] /i de::addPoint {-0.76875 0.3125} -context [db::getNext [de::getContexts -window 4]]
[23:22:06.03] /# gi::executeAction deStartDrag -in [gi::getWindows 4]
[23:22:06.03] /i de::startDrag {-0.7625 0.325} -context [db::getNext [de::getContexts -window 4]]
[23:22:07.17] /# gi::executeAction deEndDrag -in [gi::getWindows 4]
[23:22:07.17] /i de::endDrag {-0.7625 0.275} -context [db::getNext [de::getContexts -window 4]]
[23:22:08.04] /# gi::executeAction deStartDrag -in [gi::getWindows 4]
[23:22:08.04] /i de::startDrag {-0.74375 0.2125} -context [db::getNext [de::getContexts -window 4]]
[23:22:08.72] /# gi::executeAction deEndDrag -in [gi::getWindows 4]
[23:22:08.72] /i de::endDrag {-0.74375 0.1375} -context [db::getNext [de::getContexts -window 4]]
[23:22:09.17] /# gi::executeAction deAddPoint -in [gi::getWindows 4]
[23:22:09.17] /i de::addPoint {-0.73125 0.21875} -context [db::getNext [de::getContexts -window 4]]
[23:22:10.33] /# gi::executeAction deAddPoint -in [gi::getWindows 4]
[23:22:10.33] /i de::addPoint {-0.75625 0.15} -context [db::getNext [de::getContexts -window 4]]
[23:22:11.00] /# gi::executeAction deAddPoint -in [gi::getWindows 4]
[23:22:11.00] /i de::addPoint {-0.7125 0.33125} -context [db::getNext [de::getContexts -window 4]]
[23:22:12.48] /# gi::executeAction deAddPoint -in [gi::getWindows 4]
[23:22:12.48] /i de::addPoint {-0.69375 0.26875} -context [db::getNext [de::getContexts -window 4]]
[23:22:13.27] /# gi::executeAction deAddPoint -in [gi::getWindows 4]
[23:22:13.28] /i de::addPoint {-0.69375 0.08125} -context [db::getNext [de::getContexts -window 4]]
[23:22:14.21] /# gi::executeAction deAddPoint -in [gi::getWindows 4]
[23:22:14.21] /i de::addPoint {-0.69375 0.13125} -context [db::getNext [de::getContexts -window 4]]
[23:22:30.72] /# gi::executeAction seCreateSelection -in [gi::getWindows 4]
[23:22:30.72] /i ise::createSelectionShape
[23:22:32.04] /i gi::pressButton {autoCreate} -in [gi::getToolbars {deCommandOptions} -from [gi::getWindows 4]]
[23:22:42.85] /i gi::executeAction deSaveDesign -in [gi::getWindows 4]
[23:22:42.85] /m Information: Saving design 'dff dff symbol'. (DESIGN_WINDOW-004)
[23:22:49.87] /i gi::setActiveWindow 2
[23:22:49.87] /i gi::setActiveWindow 2 -raise true
[23:22:54.78] /i gi::setActiveWindow 4
[23:22:54.78] /i gi::setActiveWindow 4 -raise true
[23:22:55.89] /i gi::executeAction giCloseWindow -in [gi::getWindows 4]
[23:22:55.92] /i gi::setActiveWindow 2
[23:22:55.92] /i gi::setActiveWindow 2 -raise true
[23:22:57.21] /i gi::executeAction giCloseWindow -in [gi::getWindows 3]
[23:22:58.25] /i gi::setItemSelection {cellCategories} -index {} -in [gi::getWindows 2]
[23:24:58.01] /i gi::setCurrentIndex {cellCategories} -index {Uncategorized} -in [gi::getWindows 2]
[23:24:58.01] /i gi::setItemSelection {cellCategories} -index {Uncategorized} -in [gi::getWindows 2]
[23:24:58.69] /i gi::setCurrentIndex {libs} -index {inv} -in [gi::getWindows 2]
[23:24:58.71] /i gi::setItemSelection {libs} -index {inv} -in [gi::getWindows 2]
[23:24:59.24] /i gi::setCurrentIndex {libs} -index {dff} -in [gi::getWindows 2]
[23:24:59.24] /i gi::setItemSelection {cells} -index {dff} -in [gi::getWindows 2]
[23:24:59.25] /i gi::setItemSelection {libs} -index {dff} -in [gi::getWindows 2]
[23:25:00.77] /i gi::setCurrentIndex {views} -index {schematic} -in [gi::getWindows 2]
[23:25:00.77] /i gi::setItemSelection {views} -index {schematic} -in [gi::getWindows 2]
[23:25:00.94] /i gi::executeAction dmOpen -in [gi::getWindows 2]
[23:25:00.99] /r giWindowId 5
[23:25:01.00] /r giWindowGeometry 1632x848
[23:25:01.39] /o "dff/dff/schematic" design does not need checking
[23:25:18.24] /i gi::executeAction xtSimulationTool -in [gi::getWindows 5]
[23:25:30.32] /i gi::executeAction xtSimulationTool -in [gi::getWindows 5]
[23:25:34.77] /i gi::executeAction xtSimulationTool -in [gi::getWindows 5]
[23:25:38.21] /# gi::executeAction xtInitializeNew -in [gi::getWindows 5]
[23:25:38.21] /i xt::showInitNew 5
[23:25:38.35] /o oa:0x1aec0be0
[23:25:38.42] /i gi::setActiveDialog [gi::getDialogs {xtInitNew} -parent [gi::getWindows 5]]
[23:25:38.69] /i db::setAttr geometry -of [gi::getDialogs {xtInitNew} -parent [gi::getWindows 5]] -value 400x344+760+352
[23:25:43.81] /i gi::pressButton {create} -in [gi::getDialogs {xtInitNew} -parent [gi::getWindows 5]]
[23:26:07.04] /# gi::executeAction xtEditNetlist -in [gi::getWindows 5]
[23:26:07.04] /i xt::editFinalNetlist
[23:26:07.04] /m Information: Launching editor command "xterm -e $EDITOR /root/Excercise/DFlipFlop/dff.HSPICE1/netlist.final"
[23:26:07.19] /o oa:0x1fa6ca80
[23:26:07.60] /e Error: Editor command "xterm -e $EDITOR /root/Excercise/DFlipFlop/dff.HSPICE1/netlist.final" exited with status FAILED
[23:27:07.90] /# gi::executeAction xtNetlistAndSimulate -in [gi::getWindows 5]
[23:27:07.91] /i xt::showNetlistAndSimulate 5
[23:27:08.00] /o oa:0x2061f960
[23:27:08.09] /i gi::setActiveDialog [gi::getDialogs {xtNetlistAndSimulate} -parent [gi::getWindows 5]]
[23:27:08.39] /i db::setAttr geometry -of [gi::getDialogs {xtNetlistAndSimulate} -parent [gi::getWindows 5]] -value 418x442+751+303
[23:27:14.64] /i gi::pressButton {run} -in [gi::getDialogs {xtNetlistAndSimulate} -parent [gi::getWindows 5]]
[23:27:14.68] /m Information: Final netlist "/root/Excercise/DFlipFlop/dff.HSPICE1/netlist.final" is missing
[23:27:14.68] /m Information: Structural netlist "/root/Excercise/DFlipFlop/dff.HSPICE1/netlist/netlist.sp" is missing
[23:27:14.69] /m Information: "Starting incremental netlisting for design "dff/dff/schematic"..." (NETLISTING-010)
[23:27:14.73] /o No Design Integrity rule violations found in "dff/dff/schematic"
[23:27:14.84] /m Information: "inv inv schematic" renetlisted. (NETLISTING-056)
[23:27:14.90] /m Information: "dff dff schematic" renetlisted. (NETLISTING-056)
[23:27:14.90] /m Information: "Netlisting design "dff/dff/schematic" finished successfully." (NETLISTING-012)
[23:27:15.48] /m Information: Starting HSPICE simulation.
[23:27:19.90] /e Error: Simulation finished with exit status FAILED
[23:27:27.72] /i gi::executeAction menuPreShow -in [gi::getWindows 5]
[23:27:27.72] /r giMenuAccess db::getAttr menu -of [db::getNext [gi::getActions xtOutputsCascade -from [db::getNext [gi::getMenus simulation_menu -from [gi::getWindows 5]]]]]
[23:27:30.27] /# gi::executeAction xtViewNetlist -in [gi::getWindows 5]
[23:27:30.27] /i xt::viewSimInput
[23:27:30.27] /r giWindowId 6
[23:27:30.28] /r giWindowGeometry 800x600
[23:27:30.38] /o oa:0x20070ab0
[23:27:38.98] /i gi::setActiveWindow 5
[23:27:38.98] /i gi::setActiveWindow 5 -raise true
[23:27:43.14] /i gi::executeAction menuPreShow -in [gi::getWindows 5]
[23:27:43.14] /r giMenuAccess db::getAttr menu -of [db::getNext [gi::getActions xtEditFileCascade -from [db::getAttr menu -of [db::getNext [gi::getActions xtInputsCascade -from [db::getNext [gi::getMenus simulation_menu -from [gi::getWindows 5]]]]]]]]
[23:27:48.62] /# gi::executeAction ntiEditFile2 -in [gi::getWindows 5]
[23:27:48.62] /i xt::inputs::editFile edit_/root/Excercise/DFlipFlop/dff.HSPICE1/netlist/netlist.sp "Edit /root/Excercise/DFlipFlop/dff.HSPICE1/netlist/netlist.sp" /root/Excercise/DFlipFlop/dff.HSPICE1/netlist/netlist.sp
[23:27:48.62] /m Information: Launching editor command "xterm -e $EDITOR /root/Excercise/DFlipFlop/dff.HSPICE1/netlist/netlist.sp"
[23:27:48.72] /o oa:0x1a64a350
[23:27:49.00] /e Error: Editor command "xterm -e $EDITOR /root/Excercise/DFlipFlop/dff.HSPICE1/netlist/netlist.sp" exited with status FAILED
[23:31:58.92] /i db::setAttr geometry -of [gi::getFrames 1] -value 1910x956+5+62
[23:31:59.34] /i db::setAttr geometry -of [gi::getFrames 1] -value 1910x911+5+62
[14:18:05.61] /# gi::executeAction deSelectActive -in [gi::getWindows 5]
[14:18:05.61] /i de::deselectAllLogic -context [db::getNext [de::getContexts -window 5]]
[14:18:48.92] /i gi::setActiveWindow 6
[14:18:48.92] /i gi::setActiveWindow 6 -raise true
[14:18:49.87] /i gi::executeAction giCloseWindow -in [gi::getWindows 6]
[14:18:49.89] /i gi::setActiveWindow 5
[14:18:49.90] /i gi::setActiveWindow 5 -raise true
[14:18:54.35] /i gi::setActiveWindow 2
[14:18:54.35] /i gi::setActiveWindow 2 -raise true
[14:19:07.42] /i gi::setCurrentIndex {cells} -index {dff} -in [gi::getWindows 2]
[14:19:07.42] /# gi::executeAction dmShowCopyCell -in [gi::getWindows 2]
[14:19:07.42] /i dm::showCopyCell -parent 2
[14:19:07.64] /o oa:0x229b1980
[14:19:07.74] /i gi::setActiveDialog [gi::getDialogs {dmCopyCell} -parent [gi::getWindows 2]]
[14:19:07.94] /i db::setAttr geometry -of [gi::getDialogs {dmCopyCell} -parent [gi::getWindows 2]] -value 472x629+714+152
[14:19:14.53] /i gi::pressButton {cancel} -in [gi::getDialogs {dmCopyCell} -parent [gi::getWindows 2]]
[14:19:16.04] /# gi::executeAction dmShowCopyCell -in [gi::getWindows 2]
[14:19:16.04] /i dm::showCopyCell -parent 2
[14:19:16.09] /o oa:0x1f760e50
[14:19:16.22] /i gi::setActiveDialog [gi::getDialogs {dmCopyCell} -parent [gi::getWindows 2]]
[14:19:16.41] /i db::setAttr geometry -of [gi::getDialogs {dmCopyCell} -parent [gi::getWindows 2]] -value 472x629+714+152
[14:19:18.11] /i gi::pressButton {cancel} -in [gi::getDialogs {dmCopyCell} -parent [gi::getWindows 2]]
[14:19:19.31] /# gi::executeAction dmShowNewCell -in [gi::getWindows 2]
[14:19:19.31] /i dm::showNewCell -parent 2
[14:19:19.42] /o oa:0x21157fa0
[14:19:19.48] /i gi::setActiveDialog [gi::getDialogs {dmNewCell} -parent [gi::getWindows 2]]
[14:19:19.71] /i db::setAttr geometry -of [gi::getDialogs {dmNewCell} -parent [gi::getWindows 2]] -value 448x227+725+328
[14:19:26.47] /i gi::setField {cellName} -value {dff_test} -in [gi::getDialogs {dmNewCell} -parent [gi::getWindows 2]]
[14:19:26.55] /i gi::pressButton {ok} -in [gi::getDialogs {dmNewCell} -parent [gi::getWindows 2]]
[14:19:26.56] /# dm::createCell dff\_test -lib [ oa::LibFind [oa::ScalarName [oa::CdbaNS] dff]]
[14:19:26.57] /# gi::setItemSelection {cells} -index {} -in [gi::getDialogs {dmNewCell} -parent [gi::getWindows 2]]
[14:19:26.57] /# gi::setItemSelection {cells} -index {dff_test} -in [gi::getDialogs {dmNewCell} -parent [gi::getWindows 2]]
[14:19:27.57] /i gi::setCurrentIndex {cells} -index {dff_test} -in [gi::getWindows 2]
[14:19:27.57] /i gi::setItemSelection {cells} -index {dff_test} -in [gi::getWindows 2]
[14:19:44.81] /# gi::executeAction dmShowNewCellView -in [gi::getWindows 2]
[14:19:44.81] /i dm::showNewCellView -parent 2
[14:19:44.90] /o oa:0x228c6860
[14:19:44.94] /i gi::setActiveDialog [gi::getDialogs {dmNewCellView} -parent [gi::getWindows 2]]
[14:19:45.22] /i db::setAttr geometry -of [gi::getDialogs {dmNewCellView} -parent [gi::getWindows 2]] -value 588x285+655+299
[14:19:49.46] /i gi::pressButton {ok} -in [gi::getDialogs {dmNewCellView} -parent [gi::getWindows 2]]
[14:19:49.47] /# db::getAttr viewType -of [dm::findCellView schematic -cell [dm::findCell dff\_test -lib [oa::LibFind [oa::ScalarName [oa::CdbaNS] dff]]]]
[14:19:49.47] /# dm::createCellView schematic -cell [dm::findCell dff\_test -lib [ oa::LibFind [oa::ScalarName [oa::CdbaNS] dff]]] -viewType schematic
[14:19:49.48] /# de::open [dm::findCellView schematic -cell [dm::findCell dff\_test -lib [oa::LibFind [oa::ScalarName [oa::CdbaNS] dff]]]] -application seSchematic
[14:19:49.66] /r giWindowId 7
[14:19:49.70] /r giWindowGeometry 1632x849
[14:19:50.28] /m Information: 
[14:19:50.28] /o Checking "dff/dff_test/schematic"
[14:19:50.28] /o No rule violations found in "dff/dff_test/schematic"
[14:19:50.28] /m Information: Checking process is completed: marking the design violations
[14:19:50.29] /m Information: Marking of designs is completed
[14:20:02.42] /# gi::executeAction deSelectActive -in [gi::getWindows 7]
[14:20:02.42] /i de::deselectAllLogic -context [db::getNext [de::getContexts -window 7]]
[14:20:03.90] /# gi::executeAction seCreateInst -in [gi::getWindows 7]
[14:20:03.91] /i ise::createInst
[14:20:04.01] /i gi::setActiveDialog [gi::getDialogs {seCreateInst} -parent [gi::getWindows 7]]
[14:20:04.26] /i db::setAttr geometry -of [gi::getDialogs {seCreateInst}] -value 359x337+0+71
[14:20:07.74] /i gi::setField {instMasterLib} -value {dff} -in [gi::getDialogs {seCreateInst} -parent [gi::getWindows 7]]
[14:20:08.15] /i db::setAttr geometry -of [gi::getDialogs {seCreateInst}] -value 359x337+0+71
[14:20:10.62] /i gi::setField {instMasterCell} -value {dff} -in [gi::getDialogs {seCreateInst} -parent [gi::getWindows 7]]
[14:20:10.93] /i db::setAttr geometry -of [gi::getDialogs {seCreateInst}] -value 359x337+0+71
[14:20:14.58] /# gi::executeAction deAddPoint -in [gi::getWindows 7]
[14:20:14.58] /i de::addPoint {6.0875 1.45} -context [db::getNext [de::getContexts -window 7]]
[14:20:16.29] /# gi::executeAction deAbortCommand -in [gi::getWindows 7]
[14:20:16.29] /i de::abortCommand -context [db::getNext [de::getContexts -window 7]]
[14:20:27.06] /# gi::executeAction deSelectActive -in [gi::getWindows 7]
[14:20:27.06] /i de::deselectAllLogic -context [db::getNext [de::getContexts -window 7]]
[14:20:27.49] /# gi::executeAction seCreateInst -in [gi::getWindows 7]
[14:20:27.49] /i ise::createInst
[14:20:27.53] /o seSchematic
[14:20:27.61] /i gi::setActiveDialog [gi::getDialogs {seCreateInst} -parent [gi::getWindows 7]]
[14:20:27.85] /i db::setAttr geometry -of [gi::getDialogs {seCreateInst}] -value 359x337+0+71
[14:20:32.84] /i gi::setField {instMasterLib} -value {basic} -in [gi::getDialogs {seCreateInst} -parent [gi::getWindows 7]]
[14:20:33.24] /i db::setAttr geometry -of [gi::getDialogs {seCreateInst}] -value 359x337+0+71
[14:20:36.53] /i gi::setField {instMasterCell} -value {gnd} -in [gi::getDialogs {seCreateInst} -parent [gi::getWindows 7]]
[14:20:36.84] /i db::setAttr geometry -of [gi::getDialogs {seCreateInst}] -value 359x337+0+71
[14:20:38.57] /# gi::executeAction deAddPoint -in [gi::getWindows 7]
[14:20:38.57] /i de::addPoint {1.9625 0.9375} -context [db::getNext [de::getContexts -window 7]]
[14:20:41.81] /# gi::executeAction deAddPoint -in [gi::getWindows 7]
[14:20:41.81] /i de::addPoint {3.3375 0.95625} -context [db::getNext [de::getContexts -window 7]]
[14:20:46.80] /i gi::setField {instMasterCell} -value {vdd} -in [gi::getDialogs {seCreateInst} -parent [gi::getWindows 7]]
[14:20:47.16] /i db::setAttr geometry -of [gi::getDialogs {seCreateInst}] -value 359x337+0+71
[14:20:51.89] /# gi::executeAction deAddPoint -in [gi::getWindows 7]
[14:20:51.89] /i de::addPoint {1.9625 2.50625} -context [db::getNext [de::getContexts -window 7]]
[14:20:55.27] /i gi::setField {instMasterLib} -value {analogLib} -in [gi::getDialogs {seCreateInst} -parent [gi::getWindows 7]]
[14:20:55.56] /i db::setAttr geometry -of [gi::getDialogs {seCreateInst}] -value 359x337+0+71
[14:21:03.13] /i gi::setField {instMasterCell} -value {vpulse} -in [gi::getDialogs {seCreateInst} -parent [gi::getWindows 7]]
[14:21:03.44] /i db::setAttr geometry -of [gi::getDialogs {seCreateInst}] -value 359x581+0+71
[14:21:05.71] /i gi::setItemSelection {parameters} -index {v2,all} -in [gi::getDialogs {seCreateInst} -parent [gi::getWindows 7]]
[14:21:05.74] /i gi::setCurrentIndex {parameters} -index {v2,Value} -in [gi::getDialogs {seCreateInst} -parent [gi::getWindows 7]]
[14:21:09.72] /i gi::setField {parameters} -value {1.2} -index {v2,Value} -in [gi::getDialogs {seCreateInst} -parent [gi::getWindows 7]]
[14:21:23.29] /i gi::setItemSelection {parameters} -index {tr,all} -in [gi::getDialogs {seCreateInst} -parent [gi::getWindows 7]]
[14:21:23.34] /i gi::setCurrentIndex {parameters} -index {tr,Value} -in [gi::getDialogs {seCreateInst} -parent [gi::getWindows 7]]
[14:21:25.61] /i gi::setField {parameters} -value {0.1} -index {tr,Value} -in [gi::getDialogs {seCreateInst} -parent [gi::getWindows 7]]
[14:21:25.61] /i gi::setItemSelection {parameters} -index {tf,all} -in [gi::getDialogs {seCreateInst} -parent [gi::getWindows 7]]
[14:21:25.62] /i gi::setCurrentIndex {parameters} -index {tf,Value} -in [gi::getDialogs {seCreateInst} -parent [gi::getWindows 7]]
[14:21:27.70] /i gi::setField {parameters} -value {0.1} -index {tf,Value} -in [gi::getDialogs {seCreateInst} -parent [gi::getWindows 7]]
[14:24:50.84] /i gi::setItemSelection {parameters} -index {tr,all} -in [gi::getDialogs {seCreateInst} -parent [gi::getWindows 7]]
[14:24:50.85] /i gi::setCurrentIndex {parameters} -index {tr,Value} -in [gi::getDialogs {seCreateInst} -parent [gi::getWindows 7]]
[14:24:54.75] /i gi::setField {parameters} -value {0.1n} -index {tr,Value} -in [gi::getDialogs {seCreateInst} -parent [gi::getWindows 7]]
[14:24:54.75] /i gi::setItemSelection {parameters} -index {tf,all} -in [gi::getDialogs {seCreateInst} -parent [gi::getWindows 7]]
[14:24:54.76] /i gi::setCurrentIndex {parameters} -index {tf,Value} -in [gi::getDialogs {seCreateInst} -parent [gi::getWindows 7]]
[14:24:57.25] /i gi::setField {parameters} -value {0.1n} -index {tf,Value} -in [gi::getDialogs {seCreateInst} -parent [gi::getWindows 7]]
[14:24:57.25] /i gi::setItemSelection {parameters} -index {pw,all} -in [gi::getDialogs {seCreateInst} -parent [gi::getWindows 7]]
[14:24:57.25] /i gi::setCurrentIndex {parameters} -index {pw,Value} -in [gi::getDialogs {seCreateInst} -parent [gi::getWindows 7]]
[14:25:12.52] /i gi::setField {parameters} -value {5n} -index {pw,Value} -in [gi::getDialogs {seCreateInst} -parent [gi::getWindows 7]]
[14:25:12.52] /i gi::setItemSelection {parameters} -index {per,all} -in [gi::getDialogs {seCreateInst} -parent [gi::getWindows 7]]
[14:25:12.52] /i gi::setCurrentIndex {parameters} -index {per,Value} -in [gi::getDialogs {seCreateInst} -parent [gi::getWindows 7]]
[14:25:14.76] /i gi::setField {parameters} -value {10n} -index {per,Value} -in [gi::getDialogs {seCreateInst} -parent [gi::getWindows 7]]
[14:25:19.85] /# gi::executeAction deAddPoint -in [gi::getWindows 7]
[14:25:19.85] /i de::addPoint {3.675 1.44375} -context [db::getNext [de::getContexts -window 7]]
[14:25:32.58] /i gi::setItemSelection {parameters} -index {pw,all} -in [gi::getDialogs {seCreateInst} -parent [gi::getWindows 7]]
[14:25:32.59] /i gi::setCurrentIndex {parameters} -index {pw,Value} -in [gi::getDialogs {seCreateInst} -parent [gi::getWindows 7]]
[14:25:36.51] /i gi::setField {parameters} -value {20n} -index {pw,Value} -in [gi::getDialogs {seCreateInst} -parent [gi::getWindows 7]]
[14:25:36.51] /i gi::setItemSelection {parameters} -index {per,all} -in [gi::getDialogs {seCreateInst} -parent [gi::getWindows 7]]
[14:25:36.51] /i gi::setCurrentIndex {parameters} -index {per,Value} -in [gi::getDialogs {seCreateInst} -parent [gi::getWindows 7]]
[14:25:39.59] /i gi::setField {parameters} -value {40n} -index {per,Value} -in [gi::getDialogs {seCreateInst} -parent [gi::getWindows 7]]
[14:25:39.59] /i gi::setItemSelection {parameters} -index {td,all} -in [gi::getDialogs {seCreateInst} -parent [gi::getWindows 7]]
[14:25:39.59] /i gi::setCurrentIndex {parameters} -index {td,Value} -in [gi::getDialogs {seCreateInst} -parent [gi::getWindows 7]]
[14:25:45.72] /i gi::setField {parameters} -value {2n} -index {td,Value} -in [gi::getDialogs {seCreateInst} -parent [gi::getWindows 7]]
[14:25:48.85] /# gi::executeAction deAddPoint -in [gi::getWindows 7]
[14:25:48.85] /i de::addPoint {3.0125 1.425} -context [db::getNext [de::getContexts -window 7]]
[14:25:50.57] /# gi::executeAction deAbortCommand -in [gi::getWindows 7]
[14:25:50.57] /i de::abortCommand -context [db::getNext [de::getContexts -window 7]]
[14:25:54.53] /# gi::executeAction seCreateInst -in [gi::getWindows 7]
[14:25:54.53] /i ise::createInst
[14:25:54.92] /o 1
[14:25:55.10] /i gi::setActiveDialog [gi::getDialogs {seCreateInst} -parent [gi::getWindows 7]]
[14:25:55.32] /i db::setAttr geometry -of [gi::getDialogs {seCreateInst}] -value 359x581+0+71
[14:26:03.22] /i gi::setField {instMasterCell} -value {vdc} -in [gi::getDialogs {seCreateInst} -parent [gi::getWindows 7]]
[14:26:03.53] /i db::setAttr geometry -of [gi::getDialogs {seCreateInst}] -value 359x581+0+71
[14:26:05.58] /i gi::setItemSelection {parameters} -index {vdc,all} -in [gi::getDialogs {seCreateInst} -parent [gi::getWindows 7]]
[14:26:05.58] /i gi::setCurrentIndex {parameters} -index {vdc,Value} -in [gi::getDialogs {seCreateInst} -parent [gi::getWindows 7]]
[14:26:08.03] /i gi::setField {parameters} -value {1.2} -index {vdc,Value} -in [gi::getDialogs {seCreateInst} -parent [gi::getWindows 7]]
[14:26:10.95] /# gi::executeAction deAddPoint -in [gi::getWindows 7]
[14:26:10.95] /i de::addPoint {1.9625 1.875} -context [db::getNext [de::getContexts -window 7]]
[14:26:12.35] /# gi::executeAction deAbortCommand -in [gi::getWindows 7]
[14:26:12.35] /i de::abortCommand -context [db::getNext [de::getContexts -window 7]]
[14:26:13.24] /# gi::executeAction seSchCreateWire -in [gi::getWindows 7]
[14:26:13.24] /i ise::createWire
[14:26:14.48] /# gi::executeAction deAddPoint -in [gi::getWindows 7]
[14:26:14.48] /i de::addPoint {1.95 1.89375} -context [db::getNext [de::getContexts -window 7]]
[14:26:14.53] /i de::setCursor -point {1.9375 1.9375 }
[14:26:15.28] /# gi::executeAction deAddPoint -in [gi::getWindows 7]
[14:26:15.28] /i de::addPoint {1.93125 2.4875} -context [db::getNext [de::getContexts -window 7]]
[14:26:16.84] /# gi::executeAction deAddPoint -in [gi::getWindows 7]
[14:26:16.84] /i de::addPoint {1.9375 0.925} -context [db::getNext [de::getContexts -window 7]]
[14:26:18.15] /# gi::executeAction deAddPoint -in [gi::getWindows 7]
[14:26:18.15] /i de::addPoint {1.9375 1.51875} -context [db::getNext [de::getContexts -window 7]]
[14:26:18.62] /# gi::executeAction deCanvasZoomInAtPoint -in [gi::getWindows 7]
[14:26:18.63] /i de::zoom -window [gi::getWindows 7] -factor 2.0 -center {3.7375 1.38125}
[14:26:18.64] /o {0.99375 0.43125} {6.825 2.15625}
[14:26:20.28] /# gi::executeAction deAddPoint -in [gi::getWindows 7]
[14:26:20.28] /i de::addPoint {3.31875 0.94375} -context [db::getNext [de::getContexts -window 7]]
[14:26:20.56] /i de::setCursor -point {3.1875 1.0625 }
[14:26:20.61] /i de::setCursor -point {3.125 1.0625 }
[14:26:21.81] /# gi::executeAction deAddPoint -in [gi::getWindows 7]
[14:26:21.81] /i de::addPoint {3.00625 1.06875} -context [db::getNext [de::getContexts -window 7]]
[14:26:23.06] /# gi::executeAction deAddPoint -in [gi::getWindows 7]
[14:26:23.06] /i de::addPoint {3.325 0.9375} -context [db::getNext [de::getContexts -window 7]]
[14:26:23.13] /i de::setCursor -point {3.3125 1 }
[14:26:23.27] /i de::setCursor -point {3.375 1 }
[14:26:23.38] /i de::setCursor -point {3.4375 1 }
[14:26:24.53] /# gi::executeAction deAddPoint -in [gi::getWindows 7]
[14:26:24.53] /i de::addPoint {3.69375 1.06875} -context [db::getNext [de::getContexts -window 7]]
[14:26:26.28] /# gi::executeAction deCanvasZoomOutAtPoint -in [gi::getWindows 7]
[14:26:26.28] /i de::zoom -window [gi::getWindows 7] -factor 0.5 -center {4.09375 1.6625}
[14:26:26.28] /o {-2.10625 -0.8} {9.5625 2.65625}
[14:26:28.17] /# gi::executeAction dePan -in [gi::getWindows 7]
[14:26:28.17] /i ide::pan [db::getNext [de::getContexts -window 7]]
[14:26:28.86] /# gi::executeAction deStartDrag -in [gi::getWindows 7]
[14:26:28.86] /i de::startDrag {5.73125 1.1625} -context [db::getNext [de::getContexts -window 7]]
[14:26:29.72] /# gi::executeAction deEndDrag -in [gi::getWindows 7]
[14:26:29.72] /i de::endDrag {5.71875 1.15625} -context [db::getNext [de::getContexts -window 7]]
[14:26:29.73] /r dePanToPoint {3.9375 1.49375}
[14:26:30.39] /# gi::executeAction deCanvasZoomInAtPoint -in [gi::getWindows 7]
[14:26:30.39] /i de::zoom -window [gi::getWindows 7] -factor 2.0 -center {3.50625 0.825}
[14:26:30.39] /o {0.80625 0.29375} {6.6375 2.025}
[14:26:32.10] /# gi::executeAction seStretch -in [gi::getWindows 7]
[14:26:32.10] /i ise::stretch
[14:26:33.31] /# gi::executeAction deAddPoint -in [gi::getWindows 7]
[14:26:33.31] /i de::addPoint {3.11875 0.98125} -context [db::getNext [de::getContexts -window 7]]
[14:26:34.44] /# gi::executeAction deStartDrag -in [gi::getWindows 7]
[14:26:34.44] /i de::startDrag {3.11875 0.99375} -context [db::getNext [de::getContexts -window 7]]
[14:26:34.86] /# gi::executeAction deEndDrag -in [gi::getWindows 7]
[14:26:34.86] /i de::endDrag {3.11875 1.04375} -context [db::getNext [de::getContexts -window 7]]
[14:26:35.71] /# gi::executeAction deAddPoint -in [gi::getWindows 7]
[14:26:35.71] /i de::addPoint {3.075 0.9875} -context [db::getNext [de::getContexts -window 7]]
[14:26:36.93] /# gi::executeAction deStartDrag -in [gi::getWindows 7]
[14:26:36.93] /i de::startDrag {3.125 0.9875} -context [db::getNext [de::getContexts -window 7]]
[14:26:38.12] /# gi::executeAction deEndDrag -in [gi::getWindows 7]
[14:26:38.12] /i de::endDrag {3.125 1.01875} -context [db::getNext [de::getContexts -window 7]]
[14:26:39.82] /# gi::executeAction deStartDrag -in [gi::getWindows 7]
[14:26:39.82] /i de::startDrag {3.3 0.85625} -context [db::getNext [de::getContexts -window 7]]
[14:26:40.86] /# gi::executeAction deEndDrag -in [gi::getWindows 7]
[14:26:40.86] /i de::endDrag {3.3 0.74375} -context [db::getNext [de::getContexts -window 7]]
[14:26:41.51] /# gi::executeAction deAddPoint -in [gi::getWindows 7]
[14:26:41.51] /i de::addPoint {3.3 0.80625} -context [db::getNext [de::getContexts -window 7]]
[14:26:42.64] /# gi::executeAction deAddPoint -in [gi::getWindows 7]
[14:26:42.64] /i de::addPoint {3.33125 0.75} -context [db::getNext [de::getContexts -window 7]]
[14:26:44.22] /# gi::executeAction deCanvasZoomInAtPoint -in [gi::getWindows 7]
[14:26:44.22] /i de::zoom -window [gi::getWindows 7] -factor 2.0 -center {4.1 1.35}
[14:26:44.22] /o {2.45 0.825} {5.36875 1.6875}
[14:26:44.61] /# gi::executeAction deCanvasZoomOutAtPoint -in [gi::getWindows 7]
[14:26:44.61] /i de::zoom -window [gi::getWindows 7] -factor 0.5 -center {4.1 1.35}
[14:26:44.61] /o {0.80625 0.29375} {6.6375 2.025}
[14:26:45.50] /# gi::executeAction dePan -in [gi::getWindows 7]
[14:26:45.50] /i ide::pan [db::getNext [de::getContexts -window 7]]
[14:26:45.91] /# gi::executeAction deStartDrag -in [gi::getWindows 7]
[14:26:45.91] /i de::startDrag {4.25625 1.2} -context [db::getNext [de::getContexts -window 7]]
[14:26:46.84] /# gi::executeAction deEndDrag -in [gi::getWindows 7]
[14:26:46.84] /i de::endDrag {4.25 1.2} -context [db::getNext [de::getContexts -window 7]]
[14:26:46.84] /r dePanToPoint {3.9625 1.60625}
[14:26:47.33] /# gi::executeAction seSchCreateWire -in [gi::getWindows 7]
[14:26:47.33] /i ise::createWire
[14:26:49.00] /# gi::executeAction deAddPoint -in [gi::getWindows 7]
[14:26:49.00] /i de::addPoint {3.6875 1.45625} -context [db::getNext [de::getContexts -window 7]]
[14:26:49.09] /i de::setCursor -point {3.6875 1.5 }
[14:26:49.31] /i de::setCursor -point {3.8125 1.5625 }
[14:26:49.33] /i de::setCursor -point {3.875 1.5625 }
[14:26:50.97] /# gi::executeAction deAddPoint -in [gi::getWindows 7]
[14:26:50.97] /i de::addPoint {4.425 1.63125} -context [db::getNext [de::getContexts -window 7]]
[14:26:52.29] /# gi::executeAction deAddPoint -in [gi::getWindows 7]
[14:26:52.29] /i de::addPoint {3.00625 1.45} -context [db::getNext [de::getContexts -window 7]]
[14:26:52.42] /i de::setCursor -point {3 1.5 }
[14:26:52.44] /i de::setCursor -point {3.0625 1.5 }
[14:26:52.45] /i de::setCursor -point {3.0625 1.5625 }
[14:26:53.59] /# gi::executeAction deAddPoint -in [gi::getWindows 7]
[14:26:53.59] /i de::addPoint {4.425 2.04375} -context [db::getNext [de::getContexts -window 7]]
[14:26:55.56] /# gi::executeAction deCanvasZoomOutAtPoint -in [gi::getWindows 7]
[14:26:55.56] /i de::zoom -window [gi::getWindows 7] -factor 0.5 -center {5.5625 1.7375}
[14:26:55.56] /o {-3.4625 -0.24375} {8.20625 3.2125}
[14:27:04.81] /# gi::executeAction deCanvasZoomInAtPoint -in [gi::getWindows 7]
[14:27:04.81] /i de::zoom -window [gi::getWindows 7] -factor 2.0 -center {6.275 1.80625}
[14:27:04.81] /o {1.40625 0.78125} {7.2375 2.50625}
[14:27:05.90] /# gi::executeAction seSchWireTypeAuto -in [gi::getWindows 7]
[14:27:05.90] /i db::setPrefValue seWiringType -value <auto> -scope [de::getActiveContext]
[14:27:05.91] /o oa:0x21703f50
[14:27:06.90] /# gi::executeAction deAddPoint -in [gi::getWindows 7]
[14:27:06.90] /i de::addPoint {5.19375 2.04375} -context [db::getNext [de::getContexts -window 7]]
[14:27:07.03] /i de::setCursor -point {5.25 2.0625 }
[14:27:07.92] /# gi::executeAction deAddPoint -in [gi::getWindows 7]
[14:27:07.92] /i de::addPoint {5.475 2.05} -context [db::getNext [de::getContexts -window 7]]
[14:27:08.76] /i de::setCursor -point {5.5 2 }
[14:27:09.52] /# gi::executeAction deAbortCommand -in [gi::getWindows 7]
[14:27:09.52] /i de::abortCommand -context [db::getNext [de::getContexts -window 7]]
[14:27:11.86] /# gi::executeAction seSchCreateSchematicPin -in [gi::getWindows 7]
[14:27:11.87] /i ise::createSchematicPin
[14:27:14.74] /# gi::executeAction deAddPoint -in [gi::getWindows 7]
[14:27:14.74] /i de::addPoint {5.6 2.0625} -context [db::getNext [de::getContexts -window 7]]
[14:27:16.11] /# gi::executeAction deAbortCommand -in [gi::getWindows 7]
[14:27:16.11] /i de::abortCommand -context [db::getNext [de::getContexts -window 7]]
[14:27:17.28] /# gi::executeAction seButton1DragStart -in [gi::getWindows 7]
[14:27:17.30] /i ise::stretch -object [de::getActiveFigure [gi::getWindows 7] -point {5.3875 2.03125} -index 0 -intent none] -point {5.375 2.0625}
[14:27:18.96] /# gi::executeAction deEndDrag -in [gi::getWindows 7]
[14:27:18.96] /i de::endDrag {5.7375 2.03125} -context [db::getNext [de::getContexts -window 7]]
[14:27:19.87] /# gi::executeAction deSelectActive -in [gi::getWindows 7]
[14:27:19.87] /i de::deselectAll [db::getNext [de::getContexts -window 7]]
[14:27:19.88] /i de::select [de::getActiveFigure [gi::getWindows 7] -point {5.7625 2.04375} -index 0 -intent none]
[14:27:19.88] /o oa:0x2075a910
[14:27:20.03] /i ide::editCanvasText -object [de::getActiveFigure [gi::getWindows 7] -point {5.7625 2.04375} -index 0 -intent none]
[14:27:22.65] /i de::commandOption {result}
[14:27:23.75] /# gi::executeAction deSelectActive -in [gi::getWindows 7]
[14:27:23.75] /i de::deselectAll [db::getNext [de::getContexts -window 7]]
[14:27:23.76] /i de::deselectAllLogic -context [db::getNext [de::getContexts -window 7]]
[14:27:25.59] /# gi::executeAction seButton1DragStart -in [gi::getWindows 7]
[14:27:25.59] /i ise::stretch -object [de::getActiveFigure [gi::getWindows 7] -point {5.7125 2.04375} -index 0 -intent none] -point {5.6875 2.0625}
[14:27:26.91] /# gi::executeAction deEndDrag -in [gi::getWindows 7]
[14:27:26.91] /i de::endDrag {5.74375 2.05} -context [db::getNext [de::getContexts -window 7]]
[14:27:27.27] /# gi::executeAction deSelectActive -in [gi::getWindows 7]
[14:27:27.27] /i de::deselectAllLogic -context [db::getNext [de::getContexts -window 7]]
[14:27:29.03] /# gi::executeAction deCanvasPanEast -in [gi::getWindows 7]
[14:27:29.03] /i de::pan -window [gi::getWindows 7] -direction E -multiplier 0.5
[14:27:29.03] /o {4.31875 0.78125} {10.15 2.50625}
[14:27:29.88] /# gi::executeAction deCanvasZoomInAtPoint -in [gi::getWindows 7]
[14:27:29.88] /i de::zoom -window [gi::getWindows 7] -factor 2.0 -center {8.425 2.2125}
[14:27:29.88] /o {6.36875 1.49375} {9.2875 2.3625}
[14:27:30.01] /# gi::executeAction deCanvasZoomInAtPoint -in [gi::getWindows 7]
[14:27:30.01] /i de::zoom -window [gi::getWindows 7] -factor 2.0 -center {8.425 2.2125}
[14:27:30.01] /o {7.4 1.85625} {8.85625 2.2875}
[14:27:30.41] /# gi::executeAction deCanvasZoomOutAtPoint -in [gi::getWindows 7]
[14:27:30.41] /i de::zoom -window [gi::getWindows 7] -factor 0.5 -center {8.425 2.2125}
[14:27:30.41] /o {6.36875 1.49375} {9.2875 2.3625}
[14:27:30.48] /# gi::executeAction deCanvasZoomOutAtPoint -in [gi::getWindows 7]
[14:27:30.48] /i de::zoom -window [gi::getWindows 7] -factor 0.5 -center {8.425 2.2125}
[14:27:30.48] /o {4.31875 0.78125} {10.15 2.50625}
[14:27:30.53] /# gi::executeAction deCanvasZoomOutAtPoint -in [gi::getWindows 7]
[14:27:30.53] /i de::zoom -window [gi::getWindows 7] -factor 0.5 -center {8.425 2.2125}
[14:27:30.53] /o {0.2125 -0.65} {11.88125 2.80625}
[14:27:31.88] /# gi::executeAction deCanvasZoomInAtPoint -in [gi::getWindows 7]
[14:27:31.88] /i de::zoom -window [gi::getWindows 7] -factor 2.0 -center {3.33125 2.1375}
[14:27:31.88] /o {1.76875 0.74375} {7.60625 2.46875}
[14:27:32.49] /# gi::executeAction deCanvasZoomOutAtPoint -in [gi::getWindows 7]
[14:27:32.49] /i de::zoom -window [gi::getWindows 7] -factor 0.5 -center {3.33125 2.1375}
[14:27:32.49] /o {0.2125 -0.65} {11.88125 2.80625}
[14:27:51.66] /# gi::executeAction seSchCheckAndSave -in [gi::getWindows 7]
[14:27:51.66] /i ise::check
[14:27:51.82] /m Information: 
[14:27:51.82] /o Checking "dff/dff_test/schematic"
[14:27:51.84] /o No rule violations found in "dff/dff_test/schematic"
[14:27:51.84] /m Information: Checking process is completed: marking the design violations
[14:27:51.90] /m Information: Marking of designs is completed
[14:27:51.90] /o true
[14:27:56.51] /# gi::executeAction seShowConsoleForWindow -in [gi::getWindows 7]
[14:27:56.51] /i sa::showConsole -context [db::getNext [de::getContexts -window 7]]
[14:28:02.36] /m Information: License 'SAE' checked out. (LICENSE-003)
[14:28:02.52] /r giWindowId 8
[14:28:02.56] /r giWindowGeometry 600x500
[14:28:02.94] /o oa:0x25add8b0
[14:28:03.09] /m Information: Launching Background sae_shell Server Process "cd /root/Excercise/DFlipFlop && sae_shell -log sae_shell_session0_job1 -libDefFile /root/Excercise/DFlipFlop/lib.defs"
[14:28:04.63] /i gi::setActiveWindow 5
[14:28:04.63] /i gi::setActiveWindow 5 -raise true
[14:28:07.51] /i gi::executeAction xtSimulationTool -in [gi::getWindows 5]
[14:28:09.13] /i gi::setActiveWindow 8
[14:28:09.13] /i gi::setActiveWindow 8 -raise true
[14:28:13.36] /# gi::executeAction saShowEditAnalyses -in [gi::getWindows 8]
[14:28:13.36] /i sa::showEditAnalyses -parent 8 -analysisName "" 
[14:28:14.22] /o oa:0x25a5c180
[14:28:14.66] /i gi::setActiveDialog [gi::getDialogs {saEditAnalysesDialogXsaeSession0} -parent [gi::getWindows 8]]
[14:28:15.05] /i db::setAttr geometry -of [gi::getDialogs {saEditAnalysesDialogXsaeSession0} -parent [gi::getWindows 8]] -value 633x680+762+298
[14:28:27.85] /m Information: Received ready-for-commands signal from background job 'sae_shell_session0_job1' after 24 seconds.
[14:28:32.42] /i gi::setField {/analysesGroups/tabGeneral/anaPane/step} -value {1ps} -in [gi::getDialogs {saEditAnalysesDialogXsaeSession0} -parent [gi::getWindows 8]]
[14:29:35.28] /i gi::setField {/analysesGroups/tabGeneral/anaPane/stop} -value {20n} -in [gi::getDialogs {saEditAnalysesDialogXsaeSession0} -parent [gi::getWindows 8]]
[14:29:37.91] /i gi::setField {/analysesGroups/tabGeneral/anaPane/step} -value {10ps} -in [gi::getDialogs {saEditAnalysesDialogXsaeSession0} -parent [gi::getWindows 8]]
[14:29:41.92] /i gi::setField {/analysesGroups/tabGeneral/anaPane/stop} -value {200n} -in [gi::getDialogs {saEditAnalysesDialogXsaeSession0} -parent [gi::getWindows 8]]
[14:29:42.00] /i gi::pressButton {/ok} -in [gi::getDialogs {saEditAnalysesDialogXsaeSession0} -parent [gi::getWindows 8]]
[14:29:42.13] /i gi::setCurrentIndex {analysisPane} -index {0,0} -in [gi::getWindows 8]
[14:29:54.92] /# gi::executeAction saEditModels -in [gi::getWindows 8]
[14:29:54.92] /i sa::showModelFiles -parent 8
[14:29:55.04] /i gi::setActiveDialog [gi::getDialogs {saModelFilesSetup} -parent [gi::getWindows 8]]
[14:29:55.32] /i db::setAttr geometry -of [gi::getDialogs {saModelFilesSetup} -parent [gi::getWindows 8]] -value 760x500+728+209
[14:29:56.88] /i gi::setCurrentIndex {modelFilesTable} -index {0,1} -in [gi::getDialogs {saModelFilesSetup} -parent [gi::getWindows 8]]
[14:30:21.56] /r giFileDialog accept ../lab1vlsi/PDK/hspice/reference_models.inc
[14:30:21.56] /i gi::setField {modelFilesTable} -index {0,1} -value {/root/Excercise/lab1vlsi/PDK/hspice/reference_models.inc} -in [gi::getDialogs {saModelFilesSetup} -parent [gi::getWindows 8]]
[14:30:21.57] /i gi::setField {modelFilesTable} -index {0,1} -value {/root/Excercise/lab1vlsi/PDK/hspice/reference_models.inc} -in [gi::getDialogs {saModelFilesSetup} -parent [gi::getWindows 8]]
[14:30:23.65] /i gi::pressButton {ok} -in [gi::getDialogs {saModelFilesSetup} -parent [gi::getWindows 8]]
[14:30:23.66] /i gi::setCurrentIndex {outputsTable} -index {0,0} -in [gi::getWindows 8]
[14:30:39.41] /i gi::setCurrentIndex {outputsTable} -index {0,1} -in [gi::getWindows 8]
[14:30:39.41] /i gi::setItemSelection {outputsTable} -index {} -in [gi::getWindows 8]
[14:30:39.41] /i gi::setItemSelection {outputsTable} -index {} -in [gi::getWindows 8]
[14:30:40.80] /i sa::selectOutputs -outputIndex 0 -window [gi::getWindows 8]
[14:30:42.98] /# gi::executeAction deAddPoint -in [gi::getWindows 7]
[14:30:42.98] /i de::addPoint {3.6625 2.0625} -context [db::getNext [de::getContexts -window 7]]
[14:30:44.85] /i gi::setItemSelection {outputsTable} -index {} -in [gi::getWindows 8]
[14:30:44.85] /i gi::setItemSelection {outputsTable} -index {} -in [gi::getWindows 8]
[14:30:46.51] /i sa::selectOutputs -outputIndex 1 -window [gi::getWindows 8]
[14:30:48.00] /# gi::executeAction deAddPoint -in [gi::getWindows 7]
[14:30:48.00] /i de::addPoint {4.00625 1.6375} -context [db::getNext [de::getContexts -window 7]]
[14:30:49.48] /i gi::setCurrentIndex {outputsTable} -index {2,1} -in [gi::getWindows 8]
[14:30:49.48] /i gi::setItemSelection {outputsTable} -index {} -in [gi::getWindows 8]
[14:30:49.48] /i gi::setItemSelection {outputsTable} -index {} -in [gi::getWindows 8]
[14:30:50.82] /i sa::selectOutputs -outputIndex 2 -window [gi::getWindows 8]
[14:30:52.06] /# gi::executeAction deAddPoint -in [gi::getWindows 7]
[14:30:52.06] /i de::addPoint {5.3625 2.0375} -context [db::getNext [de::getContexts -window 7]]
[14:31:05.37] /i gi::pressButton {plotButton} -in [gi::getWindows 8]
[14:31:05.42] /e Error: Plotting failed: Error: System exception while executing sa::createResultsMap: The directory '/root/simulation/dff,dff_test,schematic/simulation/default/HSPICE/nominal/results' does not exist. (COMMAND-001) (SAE-002)
[14:31:08.93] /i gi::pressButton {ConsoleToggleButton} -in [db::getAttr statusbar -of [gi::getWindows 8]]
[14:31:22.25] /# gi::executeAction giPostContextMenu -in [gi::getAssistants giConsole -from [gi::getWindows 8]]
[14:31:23.64] /# gi::executeAction giConsoleAssistantCopy -in [gi::getAssistants giConsole -from [gi::getWindows 8]]
[14:31:45.29] /i gi::executeAction menuPreShow -in [gi::getWindows 8]
[14:31:45.29] /r giMenuAccess db::getNext [gi::getMenus saToolsMenu -from [gi::getWindows 8]]
[14:31:47.77] /i gi::executeAction menuPreShow -in [gi::getWindows 8]
[14:31:47.77] /r giMenuAccess db::getNext [gi::getMenus saToolsMenu -from [gi::getWindows 8]]
[14:31:47.85] /i gi::executeAction menuPreShow -in [gi::getWindows 8]
[14:31:47.85] /r giMenuAccess db::getNext [gi::getMenus saResultsMenu -from [gi::getWindows 8]]
[14:31:48.61] /i gi::executeAction menuPreShow -in [gi::getWindows 8]
[14:31:48.61] /r giMenuAccess db::getNext [gi::getMenus saConsoleSimMenu -from [gi::getWindows 8]]
[14:31:49.74] /# gi::executeAction saNetlistAndRun -in [gi::getWindows 8]
[14:31:49.74] /i isa::netlistAndRun -testbench [sa::findActiveTestbench -window 8] -mode overwrite
[14:31:49.93] /r giWindowId 9
[14:31:49.97] /r giWindowGeometry 800x600
[14:31:50.40] /m Information: "Starting incremental netlisting for design "dff/dff_test/schematic"..." (NETLISTING-010)
[14:31:50.50] /o No Design Integrity rule violations found in "dff/dff_test/schematic"
[14:31:50.60] /m Information: "inv inv schematic" renetlisted. (NETLISTING-056)
[14:31:50.64] /m Information: "dff dff schematic" renetlisted. (NETLISTING-056)
[14:31:50.65] /m Information: "dff dff_test schematic" renetlisted. (NETLISTING-056)
[14:31:50.66] /m Information: "Netlisting design "dff/dff_test/schematic" finished successfully." (NETLISTING-012)
[14:31:50.67] /m Information: "Composing simulator input file for design "dff/dff_test/schematic"..."
[14:31:50.76] /m Information: "Simulator input file composed successfully for design "dff/dff_test/schematic""
[14:31:51.11] /m Information: "Starting HSPICE simulation for design: dff/dff_test/schematic"
[14:31:51.12] /# gi::collapse {jobMonitorTable} -index {0.0,0} -in [gi::getWindows 9]
[14:31:51.26] /o 1
[14:31:53.07] /m Information: "Simulation completed successfully for design: dff/dff_test/schematic "
[14:31:53.59] /m Information: Launching Background sae_shell Server Process "cd /root/Excercise/DFlipFlop && sae_shell -log sae_shell_session0_job2 -libDefFile /root/Excercise/DFlipFlop/lib.defs"
[14:31:53.67] /m Information: "Evaluating and plotting outputs..."
[14:31:56.36] /w Warning: Some integration features may not operate correctly because no valid manifest file for tool 'wv' was found in the searched location(s):
              /c     /usr/synopsys/wv/N-2017.12-SP2/platforms/linux64/bin/wv.manifest
              /c     /usr/synopsys/wv/N-2017.12-SP2/platforms/linux64/packages/SX-SNPSCUST-Link
              /c     /usr/synopsys/customcompiler/N-2017.12-SP1-2/auxx/waveform
              /c If you are using a wrapper script, create /usr/synopsys/wv/N-2017.12-SP2/platforms/linux64/bin/wv.manifest as a symbolic link targeted at the tool's original manifest file.
[14:31:56.59] /m Information: Started sharing "Custom WaveView" license. (WAVEFORM-110)
[14:31:56.69] /w Warning: Derived signals will not plot correctly since this version of Custom WaveView is too old.
[14:31:56.71] /m Information: Launching Waveform Viewer "cd /root/simulation/dff,dff_test,schematic/history_1/simulation/default/HSPICE/nominal/results &&  wv -k -cdesigner  -spxrc /tmp/sae_spxrc_IilGPA    > /root/simulation/dff,dff_test,schematic/history_1/simulation/default/HSPICE/nominal/results/viewer.log 2>&1"
[14:31:56.71] /i gi::collapse {jobMonitorTable} -index {0.0,0} -in [gi::getWindows 9]
[14:31:57.31] /m Information: Measurement calculations completed for testbench: default in 3s
[14:32:08.75] /m Information: Received ready-for-commands signal from background job 'sae_shell_session0_job2' after 15 seconds.
[14:33:21.17] /m Information: Waveform viewer exited normally.
[14:33:53.95] /i gi::setActiveWindow 2
[14:33:53.95] /i gi::setActiveWindow 2 -raise true
[14:33:54.65] /i gi::setActiveWindow 7
[14:33:54.65] /i gi::setActiveWindow 7 -raise true
[14:33:57.21] /# gi::executeAction seSchCheckAndSave -in [gi::getWindows 7]
[14:33:57.21] /i ise::check
[14:33:57.22] /m Information: 
[14:33:57.22] /o Checking "dff/dff_test/schematic"
[14:33:57.23] /o No rule violations found in "dff/dff_test/schematic"
[14:33:57.23] /m Information: Checking process is completed: marking the design violations
[14:33:57.39] /m Information: Marking of designs is completed
[14:33:57.39] /o true
[14:34:24.90] /i gi::executeAction giCloseWindow -in [gi::getWindows 7]
[14:34:25.01] /i gi::setActiveWindow 2
[14:34:25.01] /i gi::setActiveWindow 2 -raise true
[14:34:26.87] /i gi::executeAction giCloseWindow -in [gi::getWindows 8]
[14:34:26.92] /i gi::setActiveWindow 8
[14:34:26.92] /i gi::setActiveWindow 8 -raise true
[14:34:27.10] /r giDialog gi::setActiveDialog [gi::getDialogs {giPrompt} -parent [gi::getWindows 8]]
[14:34:27.34] /r giDialog db::setAttr geometry -of [gi::getDialogs {giPrompt} -parent [gi::getWindows 8]] -value 292x82+814+484
[14:34:34.87] /r giDialog gi::pressButton {save} -in [gi::getDialogs {giPrompt} -parent [gi::getWindows 8]]
[14:34:35.43] /r giDialog gi::setActiveDialog [gi::getDialogs {saShowSaveState} -parent [gi::getWindows 8]]
[14:34:35.84] /r giDialog db::setAttr geometry -of [gi::getDialogs {saShowSaveState} -parent [gi::getWindows 8]] -value 462x528+729+261
[14:34:38.46] /r giDialog gi::pressButton {/ok} -in [gi::getDialogs {saShowSaveState} -parent [gi::getWindows 8]]
[14:34:38.57] /i gi::setActiveWindow 2
[14:34:38.58] /i gi::setActiveWindow 2 -raise true
[14:34:40.30] /i gi::executeAction giCloseWindow -in [gi::getWindows 9]
[14:34:41.13] /i gi::executeAction giCloseWindow -in [gi::getWindows 5]
[14:34:42.44] /i gi::setCurrentIndex {cells} -index {dff} -in [gi::getWindows 2]
[14:34:42.45] /i gi::setItemSelection {cells} -index {dff} -in [gi::getWindows 2]
[14:34:44.23] /i gi::setCurrentIndex {views} -index {schematic} -in [gi::getWindows 2]
[14:34:44.23] /# gi::executeAction dmShowNewCellView -in [gi::getWindows 2]
[14:34:44.23] /i dm::showNewCellView -parent 2
[14:34:44.27] /o oa:0x1fa6b110
[14:34:44.42] /i gi::setActiveDialog [gi::getDialogs {dmNewCellView} -parent [gi::getWindows 2]]
[14:34:44.60] /i db::setAttr geometry -of [gi::getDialogs {dmNewCellView} -parent [gi::getWindows 2]] -value 588x285+655+262
[14:34:51.43] /i gi::pressButton {ok} -in [gi::getDialogs {dmNewCellView} -parent [gi::getWindows 2]]
[14:34:51.44] /# db::getAttr viewType -of [dm::findCellView layout -cell [dm::findCell dff -lib [oa::LibFind [oa::ScalarName [oa::CdbaNS] dff]]]]
[14:34:51.44] /# dm::createCellView layout -cell [dm::findCell dff -lib [ oa::LibFind [oa::ScalarName [oa::CdbaNS] dff]]] -viewType maskLayout
[14:34:51.45] /# de::open [dm::findCellView layout -cell [dm::findCell dff -lib [oa::LibFind [oa::ScalarName [oa::CdbaNS] dff]]]] -application leLayout
[14:34:51.62] /m Information: License 'Basic' checked out. (LICENSE-003)
[14:34:51.62] /m Information: License 'Schematic' checked in. (LICENSE-004)
[14:34:51.80] /r giWindowId 10
[14:34:51.81] /r giWindowGeometry 1632x849
[14:34:51.96] /i de::setActiveLPP [de::getLPPs "text drawing" -from [db::getAttr editDesign -of [de::getContexts -window 10]]]
[14:34:57.16] /i gi::setField {stopLevel} -value {1} -in [gi::getToolbars {leHierarchy} -from [gi::getWindows 10]]
[14:34:57.26] /i gi::setActiveWindow 2
[14:34:57.26] /i gi::setActiveWindow 2 -raise true
[14:35:00.36] /# gi::executeAction dbShowTechnologyManager -in [gi::getWindows 2]
[14:35:00.37] /i db::showManageTechnology
[14:35:00.37] /r giWindowId 11
[14:35:00.38] /r giWindowGeometry 350x400
[14:35:00.53] /# gi::setItemSelection {techTechnologyManagerLibWidget} -index {{analogLib}} -in [gi::getWindows 11]
[14:35:00.53] /# gi::setItemSelection {techTechnologyManagerLibWidget} -index {} -in [gi::getWindows 11]
[14:35:00.53] /# gi::setItemSelection {techTechnologyManagerLibWidget} -index {{dff}} -in [gi::getWindows 11]
[14:35:00.54] /o oa:0x21a1fba0
[14:35:02.60] /i gi::setCurrentIndex {techTechnologyManagerLibWidget} -index {dff , Attachment} -in [gi::getWindows 11]
[14:35:05.32] /i gi::setField {techTechnologyManagerLibWidget} -value {dff} -index {dff,Attachment} -in [gi::getWindows 11]
[14:35:05.53] /m Information: The context with top design dff/dff/layout was closed because all the designs in its hierarchy were unexpectedly purged. (DESIGN-113)
[14:35:11.16] /i gi::setActiveWindow 2
[14:35:11.16] /i gi::setActiveWindow 2 -raise true
[14:35:13.21] /i gi::setCurrentIndex {views} -index {layout} -in [gi::getWindows 2]
[14:35:13.21] /i gi::setItemSelection {views} -index {layout} -in [gi::getWindows 2]
[14:35:14.60] /i gi::executeAction dmOpen -in [gi::getWindows 2]
[14:35:14.64] /r giWindowId 12
[14:35:14.65] /r giWindowGeometry 1632x849
[14:35:14.69] /# de::setActiveLPP [de::getLPPs "exclude blockage" -from [db::getAttr editDesign -of [de::getContexts -window 12]]]
[14:35:17.44] /i gi::setField {stopLevel} -value {1} -in [gi::getToolbars {leHierarchy} -from [gi::getWindows 12]]
[14:35:29.75] /i gi::setActiveWindow 2
[14:35:29.75] /i gi::setActiveWindow 2 -raise true
[14:35:32.91] /i gi::setCurrentIndex {views} -index {schematic} -in [gi::getWindows 2]
[14:35:32.91] /i gi::setItemSelection {views} -index {schematic} -in [gi::getWindows 2]
[14:35:33.08] /i gi::executeAction dmOpen -in [gi::getWindows 2]
[14:35:33.12] /r giWindowId 13
[14:35:33.13] /r giWindowGeometry 1632x849
[14:35:33.51] /o "dff/dff/schematic" design does not need checking
[14:35:35.59] /# gi::executeAction deCanvasZoomInAtPoint -in [gi::getWindows 13]
[14:35:35.59] /i de::zoom -window [gi::getWindows 13] -factor 2.0 -center {3.4125 1.9125}
[14:35:35.59] /o {-0.175 0.14375} {8.26875 2.64375}
[14:35:38.09] /# gi::executeAction deCanvasZoomOutAtPoint -in [gi::getWindows 13]
[14:35:38.09] /i de::zoom -window [gi::getWindows 13] -factor 0.5 -center {3.2375 1.5875}
[14:35:38.09] /o {-3.58125 -1.3} {13.29375 3.7}
[14:35:39.24] /i gi::setActiveWindow 12
[14:35:39.24] /i gi::setActiveWindow 12 -raise true
[14:35:40.15] /# gi::executeAction deSelectActive -in [gi::getWindows 12]
[14:35:40.15] /i de::deselectAllLogic -context [db::getNext [de::getContexts -window 12]]
[14:35:40.72] /# gi::executeAction deCanvasZoomOutAtPoint -in [gi::getWindows 12]
[14:35:40.72] /i de::zoom -window [gi::getWindows 12] -factor 0.5 -center {-0.043 0.069}
[14:35:40.72] /o {-0.787 -0.437} {0.874 0.299}
[14:35:42.06] /# gi::executeAction deSelectActive -in [gi::getWindows 12]
[14:35:42.06] /i de::deselectAllLogic -context [db::getNext [de::getContexts -window 12]]
[14:35:42.61] /# gi::executeAction leInstance -in [gi::getWindows 12]
[14:35:42.61] /i ile::createInst
[14:35:42.78] /i gi::setActiveDialog [gi::getDialogs {leCreateInst} -parent [gi::getWindows 12]]
[14:35:43.04] /i db::setAttr geometry -of [gi::getDialogs {leCreateInst}] -value 612x532+654+196
[14:35:46.25] /i gi::closeWindows [gi::getDialogs {leCreateInst} -parent [gi::getWindows 12]]
[14:35:53.80] /# gi::executeAction deSelectActive -in [gi::getWindows 12]
[14:35:53.80] /i de::deselectAllLogic -context [db::getNext [de::getContexts -window 12]]
[14:35:54.51] /# gi::executeAction leInstance -in [gi::getWindows 12]
[14:35:54.51] /i ile::createInst
[14:35:54.68] /i gi::setActiveDialog [gi::getDialogs {leCreateInst} -parent [gi::getWindows 12]]
[14:35:54.93] /i db::setAttr geometry -of [gi::getDialogs {leCreateInst}] -value 612x532+654+159
[14:35:56.75] /i gi::setCurrentIndex {instLCVLibs} -index {inv} -in [gi::getDialogs {leCreateInst} -parent [gi::getWindows 12]]
[14:35:56.76] /i gi::setItemSelection {instLCVLibs} -index {inv} -in [gi::getDialogs {leCreateInst} -parent [gi::getWindows 12]]
[14:35:57.47] /i gi::setCurrentIndex {instLCVLibs} -index {dff} -in [gi::getDialogs {leCreateInst} -parent [gi::getWindows 12]]
[14:35:57.50] /i gi::setItemSelection {instLCVLibs} -index {dff} -in [gi::getDialogs {leCreateInst} -parent [gi::getWindows 12]]
[14:35:57.96] /i gi::setCurrentIndex {instLCVLibs} -index {inv} -in [gi::getDialogs {leCreateInst} -parent [gi::getWindows 12]]
[14:35:57.97] /i gi::setItemSelection {instLCVLibs} -index {inv} -in [gi::getDialogs {leCreateInst} -parent [gi::getWindows 12]]
[14:35:58.88] /i gi::setCurrentIndex {instLCVCells} -index {inv} -in [gi::getDialogs {leCreateInst} -parent [gi::getWindows 12]]
[14:35:58.91] /i gi::setItemSelection {instLCVCells} -index {inv} -in [gi::getDialogs {leCreateInst} -parent [gi::getWindows 12]]
[14:36:00.12] /i gi::setCurrentIndex {instLCVViews} -index {symbol} -in [gi::getDialogs {leCreateInst} -parent [gi::getWindows 12]]
[14:36:00.13] /i gi::setItemSelection {instLCVViews} -index {symbol} -in [gi::getDialogs {leCreateInst} -parent [gi::getWindows 12]]
[14:36:05.52] /i gi::setActiveTab {tabWidget} -tabName {instParamTab} -in [gi::getDialogs {leCreateInst} -parent [gi::getWindows 12]]
[14:36:06.35] /i gi::setActiveTab {tabWidget} -tabName {instGeneralTab} -in [gi::getDialogs {leCreateInst} -parent [gi::getWindows 12]]
[14:36:13.19] /i gi::setCurrentIndex {instLCVViews} -index {starrc} -in [gi::getDialogs {leCreateInst} -parent [gi::getWindows 12]]
[14:36:13.20] /i gi::setItemSelection {instLCVViews} -index {starrc} -in [gi::getDialogs {leCreateInst} -parent [gi::getWindows 12]]
[14:36:16.87] /i gi::setCurrentIndex {instLCVViews} -index {layout} -in [gi::getDialogs {leCreateInst} -parent [gi::getWindows 12]]
[14:36:16.88] /i gi::setItemSelection {instLCVViews} -index {layout} -in [gi::getDialogs {leCreateInst} -parent [gi::getWindows 12]]
[14:36:24.36] /# gi::executeAction deAddPoint -in [gi::getWindows 12]
[14:36:24.36] /i de::addPoint {0.585 -0.091} -context [db::getNext [de::getContexts -window 12]]
[14:36:27.51] /i gi::setCurrentIndex {instLCVViews} -index {schematic} -in [gi::getDialogs {leCreateInst} -parent [gi::getWindows 12]]
[14:36:27.52] /w Warning: Command is in invalid state because view type 'schematic' is not valid in Layout Editor. (ILE_CREATE-087)
[14:36:27.52] /i gi::setItemSelection {instLCVViews} -index {schematic} -in [gi::getDialogs {leCreateInst} -parent [gi::getWindows 12]]
[14:36:28.34] /e Error: The requested action could not be completed because one or more inputs are incomplete or invalid. (CUSTOM_WIDGETS-001)
[14:36:31.37] /i gi::setCurrentIndex {instLCVViews} -index {layout} -in [gi::getDialogs {leCreateInst} -parent [gi::getWindows 12]]
[14:36:31.38] /i gi::setItemSelection {instLCVViews} -index {layout} -in [gi::getDialogs {leCreateInst} -parent [gi::getWindows 12]]
[14:36:32.65] /# gi::executeAction deAddPoint -in [gi::getWindows 12]
[14:36:32.65] /i de::addPoint {0.582 -0.029} -context [db::getNext [de::getContexts -window 12]]
[14:36:34.61] /# gi::executeAction deStartDrag -in [gi::getWindows 12]
[14:36:34.61] /i de::startDrag {-0.522 0.166} -context [db::getNext [de::getContexts -window 12]]
[14:36:35.37] /# gi::executeAction deEndDrag -in [gi::getWindows 12]
[14:36:35.37] /i de::endDrag {-0.393 0.05} -context [db::getNext [de::getContexts -window 12]]
[14:36:36.14] /# gi::executeAction deZoomInCursor -in [gi::getWindows 12]
[14:36:36.52] /# gi::executeAction deEndDrag -in [gi::getWindows 12]
[14:36:36.52] /i de::setViewport -window [gi::getWindows 12] -box {{-0.6 0.045} {-0.352 0.155}}
[14:36:37.75] /i gi::setActiveDialog [gi::getDialogs {leCreateInst} -parent [gi::getWindows 12]]
[14:36:40.23] /i gi::setCurrentIndex {instLCVViews} -index {schematic} -in [gi::getDialogs {leCreateInst} -parent [gi::getWindows 12]]
[14:36:40.23] /w Warning: Command is in invalid state because view type 'schematic' is not valid in Layout Editor. (ILE_CREATE-087)
[14:36:40.23] /i gi::setItemSelection {instLCVViews} -index {schematic} -in [gi::getDialogs {leCreateInst} -parent [gi::getWindows 12]]
[14:36:41.12] /i gi::setCurrentIndex {instLCVViews} -index {layout} -in [gi::getDialogs {leCreateInst} -parent [gi::getWindows 12]]
[14:36:41.12] /i gi::setItemSelection {instLCVViews} -index {layout} -in [gi::getDialogs {leCreateInst} -parent [gi::getWindows 12]]
[14:36:42.36] /i gi::setActiveTab {tabWidget} -tabName {instParamTab} -in [gi::getDialogs {leCreateInst} -parent [gi::getWindows 12]]
[14:36:42.99] /i gi::setActiveTab {tabWidget} -tabName {instGeneralTab} -in [gi::getDialogs {leCreateInst} -parent [gi::getWindows 12]]
[14:36:47.72] /i gi::setField {instName} -value {inv} -in [gi::getDialogs {leCreateInst} -parent [gi::getWindows 12]]
[14:36:50.09] /# gi::executeAction deAddPoint -in [gi::getWindows 12]
[14:36:50.09] /i de::addPoint {-0.564 0.131} -context [db::getNext [de::getContexts -window 12]]
[14:36:53.02] /i gi::pressButton {ConsoleToggleButton} -in [db::getAttr statusbar -of [gi::getWindows 12]]
[14:36:53.34] /i db::setAttr dockSize -of [gi::getAssistants leObjectLayerPanel -from [gi::getWindows 12]] -value 200x519
[14:37:00.72] /i gi::pressButton {ConsoleToggleButton} -in [db::getAttr statusbar -of [gi::getWindows 12]]
[14:37:01.05] /i db::setAttr dockSize -of [gi::getAssistants leObjectLayerPanel -from [gi::getWindows 12]] -value 200x736
[14:37:01.28] /m Information: Stopped sharing "Custom WaveView" license. (WAVEFORM-111)
[14:37:02.51] /i gi::setCurrentIndex {instLCVCells} -index {inv_test} -in [gi::getDialogs {leCreateInst} -parent [gi::getWindows 12]]
[14:37:02.59] /i gi::setItemSelection {instLCVCells} -index {inv_test} -in [gi::getDialogs {leCreateInst} -parent [gi::getWindows 12]]
[14:37:03.27] /i gi::setCurrentIndex {instLCVCells} -index {synopsys_custom} -in [gi::getDialogs {leCreateInst} -parent [gi::getWindows 12]]
[14:37:03.29] /i gi::setItemSelection {instLCVCells} -index {synopsys_custom} -in [gi::getDialogs {leCreateInst} -parent [gi::getWindows 12]]
[14:37:03.80] /i gi::setCurrentIndex {instLCVCells} -index {inv} -in [gi::getDialogs {leCreateInst} -parent [gi::getWindows 12]]
[14:37:03.81] /i gi::setItemSelection {instLCVCells} -index {inv} -in [gi::getDialogs {leCreateInst} -parent [gi::getWindows 12]]
[14:37:04.66] /i gi::setCurrentIndex {instLCVViews} -index {schematic} -in [gi::getDialogs {leCreateInst} -parent [gi::getWindows 12]]
[14:37:04.66] /w Warning: Command is in invalid state because view type 'schematic' is not valid in Layout Editor. (ILE_CREATE-087)
[14:37:04.66] /i gi::setItemSelection {instLCVViews} -index {schematic} -in [gi::getDialogs {leCreateInst} -parent [gi::getWindows 12]]
[14:37:05.20] /i gi::setCurrentIndex {instLCVViews} -index {symbol} -in [gi::getDialogs {leCreateInst} -parent [gi::getWindows 12]]
[14:37:05.22] /i gi::setItemSelection {instLCVViews} -index {symbol} -in [gi::getDialogs {leCreateInst} -parent [gi::getWindows 12]]
[14:37:06.29] /i gi::setCurrentIndex {instLCVViews} -index {layout} -in [gi::getDialogs {leCreateInst} -parent [gi::getWindows 12]]
[14:37:06.30] /i gi::setItemSelection {instLCVViews} -index {layout} -in [gi::getDialogs {leCreateInst} -parent [gi::getWindows 12]]
[14:37:11.40] /i gi::setCurrentIndex {instLCVLibs} -index {dff} -in [gi::getDialogs {leCreateInst} -parent [gi::getWindows 12]]
[14:37:11.43] /i gi::setItemSelection {instLCVLibs} -index {dff} -in [gi::getDialogs {leCreateInst} -parent [gi::getWindows 12]]
[14:37:23.40] /i gi::setCurrentIndex {instLCVLibs} -index {parasitics} -in [gi::getDialogs {leCreateInst} -parent [gi::getWindows 12]]
[14:37:23.42] /i gi::setItemSelection {instLCVLibs} -index {parasitics} -in [gi::getDialogs {leCreateInst} -parent [gi::getWindows 12]]
[14:37:23.80] /i gi::setCurrentIndex {instLCVLibs} -index {reference90RF} -in [gi::getDialogs {leCreateInst} -parent [gi::getWindows 12]]
[14:37:23.82] /i gi::setItemSelection {instLCVLibs} -index {reference90RF} -in [gi::getDialogs {leCreateInst} -parent [gi::getWindows 12]]
[14:37:28.11] /i gi::setCurrentIndex {instLCVCellCategories} -index {Mos_4t} -in [gi::getDialogs {leCreateInst} -parent [gi::getWindows 12]]
[14:37:28.12] /i gi::setItemSelection {instLCVCellCategories} -index {Mos_4t} -in [gi::getDialogs {leCreateInst} -parent [gi::getWindows 12]]
[14:37:35.42] /i gi::setCurrentIndex {instLCVCells} -index {n_4t} -in [gi::getDialogs {leCreateInst} -parent [gi::getWindows 12]]
[14:37:35.45] /i gi::setItemSelection {instLCVCells} -index {n_4t} -in [gi::getDialogs {leCreateInst} -parent [gi::getWindows 12]]
[14:38:19.54] /w Warning: Disabled optimizations for high-performance drags due to poor X server performance. To restore, review "Performance Tuning" in the documentation and call db::setPrefValue deEnableRuntimePixmaps -value true (RENDERER-005)
[14:38:19.57] /i gi::setCurrentIndex {instLCVCells} -index {na18_4t} -in [gi::getDialogs {leCreateInst} -parent [gi::getWindows 12]]
[14:38:19.63] /i gi::setItemSelection {instLCVCells} -index {na18_4t} -in [gi::getDialogs {leCreateInst} -parent [gi::getWindows 12]]
[14:38:19.63] /i gi::setCurrentIndex {instLCVCells} -index {nh_4t} -in [gi::getDialogs {leCreateInst} -parent [gi::getWindows 12]]
[14:38:19.68] /i gi::setItemSelection {instLCVCells} -index {nh_4t} -in [gi::getDialogs {leCreateInst} -parent [gi::getWindows 12]]
[14:38:19.69] /i gi::setCurrentIndex {instLCVCells} -index {nm_4t} -in [gi::getDialogs {leCreateInst} -parent [gi::getWindows 12]]
[14:38:19.74] /i gi::setItemSelection {instLCVCells} -index {nm_4t} -in [gi::getDialogs {leCreateInst} -parent [gi::getWindows 12]]
[14:38:19.75] /i gi::pressButton {cancel} -in [gi::getDialogs {leCreateInst} -parent [gi::getWindows 12]]
[14:38:20.09] /# gi::executeAction giPostContextMenu -in [gi::getWindows 12]
[14:38:22.98] /o Process killed
              /c Information: The process was terminated by "Termination" signal.
              /c signal number = 15
              /c Stack Dump: VERSION N-2017.12-SP1-2 CONFIG 4182185 DATE Fri Mar 13 21:20:58 2026
              /c Frame 0. /lib64/libc.so.6 ::0x7ff0d5b7b400 + 0x40
              /c Frame 1. 0x1bea340 SNPSee_d76529b73998e72696e85138d8f657730168ac449b5939adfac5674c231daf924a8baa48c143781e + 0
              /c Frame 2. /lib64/libc.so.6 ::0x7ff0d5b7b400 + 0x40
              /c Frame 3. libc.so.6: __poll + 0x24
              /c Frame 4. /usr/synopsys/customcompiler/N-2017.12-SP1-2/linux64/qt/lib/libxcb.so.1 ::0x7ff0d6f7daaa + 0x10a
              /c Frame 5. libxcb.so.1: xcb_wait_for_event + 0xa8
              /c Frame 6. QXcbConnection::windowEventListenerFromId(unsigned int) + 0xf9
              /c Frame 7. QThread::setTerminationEnabled(bool) + 0x369
              /c Frame 8. 0xc487ab8 SNPSee_d9c72da67e7a1f57e9891545cd875e2719332304182309de + 0xc8
              /c Frame 9. /lib64/libpthread.so.0 ::0x7ff0df5f1ea5 + 0xc5
              /c Frame 10. libc.so.6: clone + 0x6d
              /c 
[14:38:23.61] /e Error: The application was unexpectedly terminated.
              /c See the session log file for recovery details. (SHUT_DOWN-001)
[14:38:23.63] /m Information: The session has unexpectedly terminated. The following recovery cellViews have been created:
              /c dff/dff/layout_recovery_localhost.localdomain_3756. (DESIGN-111)
              /c 
