[20:59:13.84] /r giWindowId 0
[20:59:13.84] /r giWindowGeometry 600x300
[20:59:13.85] /o 
              /c                                 Custom Compiler 
              /c 
              /c               Version N-2017.12-SP1-2 for linux64 - May 16, 2018 
              /c 
              /c                     Copyright (c) 2004 - 2018 Synopsys, Inc.
              /c    This software and the associated documentation are proprietary to Synopsys,
              /c  Inc. This software may only be used in accordance with the terms and conditions
              /c  of a written license agreement with Synopsys, Inc. All other use, reproduction,
              /c             or distribution of this software is strictly prohibited.
              /c 
              /c Build  (OPT) Config 4182185 compiled on Wed May 16 15:20:56 2018 for RHEL64 6.6
              /c Invocation: /usr/synopsys/customcompiler/N-2017.12-SP1-2/linux64/platform/bin/custom_compiler
              /c Execution time: Tue Mar 17 20:59:10 2026
              /c Host: localhost.localdomain
              /c Working directory: /root/Excercise/DFlipFlop
              /c 
[20:59:16.81] /r giShowFrameTabs true
[20:59:16.81] /r giWindowId 1
[20:59:16.82] /r giWindowGeometry 1040x800
[20:59:20.85] /# gi::pressButton {/scroll/scrollArea/scrollAreaInnerWidget/recentDesigns/deOpendffdffschematic} -in [gi::getWindows 1]
[20:59:20.86] /# 
[20:59:20.86] /i de::open dff/dff/schematic
[20:59:20.87] /w Warning: Preference 'leActiveLPP' is deprecated and scheduled for removal in a future release with no replacement. For migration assistance, see the Custom Compiler Tcl Reference Manual. (PREFERENCE-058)
[20:59:20.88] /o 	#######################################
[20:59:20.88] /o 	PDK Library Name	: reference90RF
[20:59:20.88] /o 	PDK Version		: 2.0
[20:59:20.88] /o 	PDK Release Date	: 25-March-2010 
[20:59:20.88] /o 	#######################################
[20:59:20.88] /o 
[20:59:21.05] /m Information: License 'Schematic' checked out. (LICENSE-003)
[20:59:21.10] /r giWindowId 2
[20:59:21.11] /r giWindowGeometry 1632x849
[20:59:21.53] /m Information: 
[20:59:21.53] /o Checking "dff/dff/schematic"
[20:59:21.53] /o No rule violations found in "dff/dff/schematic"
[20:59:21.53] /m Information: Checking process is completed: marking the design violations
[20:59:21.53] /m Information: Marking of designs is completed
[20:59:21.54] /o oa:0x1d8b0ff0
[20:59:23.36] /# gi::executeAction deSelectActive -in [gi::getWindows 2]
[20:59:23.36] /i de::deselectAllLogic -context [db::getNext [de::getContexts -window 2]]
[20:59:24.02] /# gi::executeAction seCreateInst -in [gi::getWindows 2]
[20:59:24.02] /i ise::createInst
[20:59:24.11] /i gi::setActiveDialog [gi::getDialogs {seCreateInst} -parent [gi::getWindows 2]]
[20:59:24.37] /i db::setAttr geometry -of [gi::getDialogs {seCreateInst}] -value 359x337+0+71
[20:59:28.38] /i gi::setField {instMasterLib} -value {tg} -in [gi::getDialogs {seCreateInst} -parent [gi::getWindows 2]]
[20:59:28.80] /i db::setAttr geometry -of [gi::getDialogs {seCreateInst}] -value 359x337+0+71
[20:59:34.24] /i gi::setField {instMasterView} -value {symbol} -in [gi::getDialogs {seCreateInst} -parent [gi::getWindows 2]]
[20:59:34.52] /i db::setAttr geometry -of [gi::getDialogs {seCreateInst}] -value 359x337+0+71
[20:59:37.08] /# gi::executeAction deAbortCommand -in [gi::getWindows 2]
[20:59:37.08] /i de::abortCommand -context [db::getNext [de::getContexts -window 2]]
[20:59:38.46] /i db::setAttr maximized -of [gi::getFrames 1] -value true
[20:59:38.82] /i db::setAttr geometry -of [gi::getFrames 1] -value 1910x911+5+62
[20:59:40.12] /# gi::executeAction deCanvasZoomInAtPoint -in [gi::getWindows 2]
[20:59:40.12] /i de::zoom -window [gi::getWindows 2] -factor 2.0 -center {5.1875 2.75}
[20:59:40.12] /o {2.325 -0.43125} {12.09375 3.6}
[20:59:40.79] /# gi::executeAction deCanvasZoomOutAtPoint -in [gi::getWindows 2]
[20:59:40.79] /i de::zoom -window [gi::getWindows 2] -factor 0.5 -center {5.1875 2.75}
[20:59:40.79] /o {-0.53125 -3.60625} {19.0 4.45}
[20:59:42.36] /# gi::executeAction dePan -in [gi::getWindows 2]
[20:59:42.36] /i ide::pan [db::getNext [de::getContexts -window 2]]
[20:59:42.70] /# gi::executeAction deStartDrag -in [gi::getWindows 2]
[20:59:42.70] /i de::startDrag {4.46875 3.24375} -context [db::getNext [de::getContexts -window 2]]
[20:59:43.78] /# gi::executeAction deEndDrag -in [gi::getWindows 2]
[20:59:43.78] /i de::endDrag {4.475 3.24375} -context [db::getNext [de::getContexts -window 2]]
[20:59:43.78] /r dePanToPoint {7.325 0.4875}
[20:59:47.20] /# gi::executeAction seDelete -in [gi::getWindows 2]
[20:59:47.20] /i ise::delete
[20:59:47.78] /# gi::executeAction deStartDrag -in [gi::getWindows 2]
[20:59:47.78] /i de::startDrag {-0.30625 3.69375} -context [db::getNext [de::getContexts -window 2]]
[20:59:48.84] /# gi::executeAction deEndDrag -in [gi::getWindows 2]
[20:59:48.84] /i de::endDrag {9.75 -1.38125} -context [db::getNext [de::getContexts -window 2]]
[20:59:50.39] /# gi::executeAction deCanvasZoomInAtPoint -in [gi::getWindows 2]
[20:59:50.39] /i de::zoom -window [gi::getWindows 2] -factor 2.0 -center {5.45 1.71875}
[20:59:50.39] /o {1.50625 -0.90625} {11.275 3.11875}
[20:59:51.59] /# gi::executeAction dePan -in [gi::getWindows 2]
[20:59:51.59] /i ide::pan [db::getNext [de::getContexts -window 2]]
[20:59:52.04] /# gi::executeAction deStartDrag -in [gi::getWindows 2]
[20:59:52.04] /i de::startDrag {7.29375 1.84375} -context [db::getNext [de::getContexts -window 2]]
[20:59:52.78] /# gi::executeAction deEndDrag -in [gi::getWindows 2]
[20:59:52.78] /i de::endDrag {7.29375 1.85} -context [db::getNext [de::getContexts -window 2]]
[20:59:52.78] /r dePanToPoint {5.56875 2.0875}
[21:00:04.16] /# gi::executeAction dePan -in [gi::getWindows 2]
[21:00:04.17] /i ide::pan [db::getNext [de::getContexts -window 2]]
[21:00:06.42] /# gi::executeAction seSchShowDesignOptions -in [gi::getWindows 2]
[21:00:06.42] /i se::showSchDesignOptions -parent 2
[21:00:06.45] /o oa:0x1e97abe0
[21:00:06.52] /i gi::setActiveDialog [gi::getDialogs {deSchematicDesignOptions} -parent [gi::getWindows 2]]
[21:00:06.79] /i db::setAttr geometry -of [gi::getDialogs {deSchematicDesignOptions} -parent [gi::getWindows 2]] -value 490x549+0+71
[21:00:10.30] /i gi::closeWindows [gi::getDialogs {deSchematicDesignOptions} -parent [gi::getWindows 2]]
[21:00:11.17] /# gi::executeAction seCreateInst -in [gi::getWindows 2]
[21:00:11.17] /i ise::createInst
[21:00:11.22] /o seSchematic
[21:00:11.26] /i gi::setActiveDialog [gi::getDialogs {seCreateInst} -parent [gi::getWindows 2]]
[21:00:11.53] /i db::setAttr geometry -of [gi::getDialogs {seCreateInst}] -value 359x337+0+71
[21:00:14.61] /i gi::closeWindows [gi::getDialogs {seCreateInst} -parent [gi::getWindows 2]]
[21:00:15.91] /# gi::executeAction seCreateInst -in [gi::getWindows 2]
[21:00:15.91] /i ise::createInst
[21:00:15.95] /o seSchematic
[21:00:15.99] /i gi::setActiveDialog [gi::getDialogs {seCreateInst} -parent [gi::getWindows 2]]
[21:00:16.26] /i db::setAttr geometry -of [gi::getDialogs {seCreateInst}] -value 359x337+0+71
[21:00:18.51] /i gi::setField {instMasterLib} -value {inv} -in [gi::getDialogs {seCreateInst} -parent [gi::getWindows 2]]
[21:00:18.92] /i db::setAttr geometry -of [gi::getDialogs {seCreateInst}] -value 359x337+0+71
[21:00:21.42] /i gi::setField {instMasterCell} -value {inv} -in [gi::getDialogs {seCreateInst} -parent [gi::getWindows 2]]
[21:00:21.74] /i db::setAttr geometry -of [gi::getDialogs {seCreateInst}] -value 359x337+0+71
[21:00:31.01] /# gi::executeAction deAddPoint -in [gi::getWindows 2]
[21:00:31.01] /i de::addPoint {3.2875 2.18125} -context [db::getNext [de::getContexts -window 2]]
[21:00:31.73] /# gi::executeAction deAbortCommand -in [gi::getWindows 2]
[21:00:31.73] /i de::abortCommand -context [db::getNext [de::getContexts -window 2]]
[21:00:33.10] /# gi::executeAction deSelectActive -in [gi::getWindows 2]
[21:00:33.10] /i de::deselectAll [db::getNext [de::getContexts -window 2]]
[21:00:33.10] /i de::select [de::getActiveFigure [gi::getWindows 2] -point {3.65625 2.21875} -index 0 -intent none]
[21:00:33.10] /o oa:0x1e868d50
[21:00:36.13] /# gi::executeAction seRotateCCWCenter -in [gi::getWindows 2]
[21:00:36.13] /i se::move [de::getSelected -design [db::getAttr editDesign -of [db::getNext [de::getContexts -window 2]]]]  -rotate R90
[21:00:38.09] /# gi::executeAction seStretch -in [gi::getWindows 2]
[21:00:38.10] /i ise::stretch
[21:00:38.73] /# gi::executeAction deStartDrag -in [gi::getWindows 2]
[21:00:38.73] /i de::startDrag {4.0875 1.8625} -context [db::getNext [de::getContexts -window 2]]
[21:00:42.78] /# gi::executeAction deEndDrag -in [gi::getWindows 2]
[21:00:42.78] /i de::endDrag {3.5125 2.33125} -context [db::getNext [de::getContexts -window 2]]
[21:00:43.12] /# gi::executeAction deSelectActive -in [gi::getWindows 2]
[21:00:43.12] /i de::deselectAll [db::getNext [de::getContexts -window 2]]
[21:00:43.12] /i de::deselectAllLogic -context [db::getNext [de::getContexts -window 2]]
[21:01:02.91] /# gi::executeAction seSchCreateWire -in [gi::getWindows 2]
[21:01:02.91] /i ise::createWire
[21:01:05.86] /# gi::executeAction deAddPoint -in [gi::getWindows 2]
[21:01:05.86] /i de::addPoint {3.35625 1.975} -context [db::getNext [de::getContexts -window 2]]
[21:01:05.94] /i de::setCursor -point {3.375 1.9375 }
[21:01:08.08] /# gi::executeAction deAddPoint -in [gi::getWindows 2]
[21:01:08.08] /i de::addPoint {3.38125 1.73125} -context [db::getNext [de::getContexts -window 2]]
[21:01:08.20] /i de::setCursor -point {3.3125 1.75 }
[21:01:09.53] /# gi::executeAction deAddPoint -in [gi::getWindows 2]
[21:01:09.53] /i de::addPoint {2.79375 1.73125} -context [db::getNext [de::getContexts -window 2]]
[21:01:10.23] /i de::setCursor -point {2.75 1.8125 }
[21:01:10.27] /i de::setCursor -point {2.8125 1.8125 }
[21:01:10.90] /i de::setCursor -point {2.75 1.8125 }
[21:01:10.99] /i de::setCursor -point {2.75 1.75 }
[21:01:11.67] /# gi::executeAction deAddPoint -in [gi::getWindows 2]
[21:01:11.67] /i de::addPoint {2.83125 1.75625} -context [db::getNext [de::getContexts -window 2]]
[21:01:11.81] /# gi::executeAction deCompleteShape -in [gi::getWindows 2]
[21:01:11.81] /i de::completeShape -context [db::getNext [de::getContexts -window 2]]
[21:01:13.02] /# gi::executeAction deAddPoint -in [gi::getWindows 2]
[21:01:13.02] /i de::addPoint {3.38125 3.0875} -context [db::getNext [de::getContexts -window 2]]
[21:01:13.09] /i de::setCursor -point {3.375 3.125 }
[21:01:15.78] /# gi::executeAction deAddPoint -in [gi::getWindows 2]
[21:01:15.78] /i de::addPoint {3.375 3.35625} -context [db::getNext [de::getContexts -window 2]]
[21:01:15.95] /# gi::executeAction deCompleteShape -in [gi::getWindows 2]
[21:01:15.95] /i de::completeShape -context [db::getNext [de::getContexts -window 2]]
[21:01:18.89] /# gi::executeAction seSchCreateSchematicPin -in [gi::getWindows 2]
[21:01:18.89] /i ise::createSchematicPin
[21:01:20.28] /# gi::executeAction deAddPoint -in [gi::getWindows 2]
[21:01:20.28] /i de::addPoint {2.80625 1.73125} -context [db::getNext [de::getContexts -window 2]]
[21:01:21.32] /# gi::executeAction deAbortCommand -in [gi::getWindows 2]
[21:01:21.32] /i de::abortCommand -context [db::getNext [de::getContexts -window 2]]
[21:01:21.97] /# gi::executeAction deSelectActive -in [gi::getWindows 2]
[21:01:21.97] /i de::deselectAll [db::getNext [de::getContexts -window 2]]
[21:01:21.97] /i de::select [de::getActiveFigure [gi::getWindows 2] -point {2.53125 1.7625} -index 0 -intent none]
[21:01:21.98] /o oa:0x1e95d550
[21:01:22.13] /i ide::editCanvasText -object [de::getActiveFigure [gi::getWindows 2] -point {2.53125 1.7625} -index 0 -intent none]
[21:01:24.79] /i de::commandOption {clk}
[21:01:25.91] /# gi::executeAction deSelectActive -in [gi::getWindows 2]
[21:01:25.91] /i de::deselectAll [db::getNext [de::getContexts -window 2]]
[21:01:25.91] /i de::deselectAllLogic -context [db::getNext [de::getContexts -window 2]]
[21:01:27.49] /# gi::executeAction deSelectActive -in [gi::getWindows 2]
[21:01:27.49] /i de::deselectAll [db::getNext [de::getContexts -window 2]]
[21:01:27.49] /i de::select [de::getActiveFigure [gi::getWindows 2] -point {3.375 3.325} -index 0 -intent none]
[21:01:27.49] /o oa:0x1e7f28f0
[21:01:28.11] /# gi::executeAction giPostContextMenu -in [gi::getWindows 2]
[21:01:28.12] /i gi::executeAction menuPreShow -in [gi::getWindows 2]
[21:01:28.12] /r giMenuAccess db::getNext [gi::getMenus seSchWireContextMenu]
[21:01:31.12] /# gi::executeAction seSchCreateWireNameAtPoint -in [gi::getWindows 2]
[21:01:31.12] /i ide::editCanvasText -object [::se::internal::_getSegmentLabel [db::getAttr object -of [de::getActiveFigure [gi::getWindows 2] -point {3.375 3.325} -index 0 -intent none]] {3.375 3.3125} [db::getNext [de::getContexts -window 2]]]
[21:01:34.88] /i de::commandOption {clkb}
[21:01:36.71] /# gi::executeAction deSelectActive -in [gi::getWindows 2]
[21:01:36.71] /i de::deselectAll [db::getNext [de::getContexts -window 2]]
[21:01:36.71] /i de::deselectAllLogic -context [db::getNext [de::getContexts -window 2]]
[21:01:53.22] /# gi::executeAction deSelectActive -in [gi::getWindows 2]
[21:01:53.22] /i de::deselectAllLogic -context [db::getNext [de::getContexts -window 2]]
[21:02:05.22] /# gi::executeAction seCreateInst -in [gi::getWindows 2]
[21:02:05.22] /i ise::createInst
[21:02:05.26] /o seSchematic
[21:02:05.31] /i gi::setActiveDialog [gi::getDialogs {seCreateInst} -parent [gi::getWindows 2]]
[21:02:05.61] /i db::setAttr geometry -of [gi::getDialogs {seCreateInst}] -value 359x337+0+71
[21:04:30.07] /i gi::setField {instMasterLib} -value {tg} -in [gi::getDialogs {seCreateInst} -parent [gi::getWindows 2]]
[21:04:30.49] /i db::setAttr geometry -of [gi::getDialogs {seCreateInst}] -value 359x337+0+71
[21:04:33.67] /i gi::setField {instMasterView} -value {symbol} -in [gi::getDialogs {seCreateInst} -parent [gi::getWindows 2]]
[21:04:33.97] /i db::setAttr geometry -of [gi::getDialogs {seCreateInst}] -value 359x337+0+71
[21:04:46.67] /# gi::executeAction deAddPoint -in [gi::getWindows 2]
[21:04:46.67] /i de::addPoint {6.3 0.6} -context [db::getNext [de::getContexts -window 2]]
[21:04:48.71] /# gi::executeAction deAddPoint -in [gi::getWindows 2]
[21:04:48.71] /i de::addPoint {7.5625 0.14375} -context [db::getNext [de::getContexts -window 2]]
[21:04:49.93] /# gi::executeAction deAddPoint -in [gi::getWindows 2]
[21:04:49.93] /i de::addPoint {9.96875 2.11875} -context [db::getNext [de::getContexts -window 2]]
[21:04:51.43] /# gi::executeAction deAddPoint -in [gi::getWindows 2]
[21:04:51.43] /i de::addPoint {10.18125 0.7125} -context [db::getNext [de::getContexts -window 2]]
[21:04:51.91] /# gi::executeAction deAbortCommand -in [gi::getWindows 2]
[21:04:51.91] /i de::abortCommand -context [db::getNext [de::getContexts -window 2]]
[21:05:01.21] /# gi::executeAction dePan -in [gi::getWindows 2]
[21:05:01.21] /i ide::pan [db::getNext [de::getContexts -window 2]]
[21:05:01.59] /# gi::executeAction deStartDrag -in [gi::getWindows 2]
[21:05:01.59] /i de::startDrag {5.8625 1.65} -context [db::getNext [de::getContexts -window 2]]
[21:05:03.72] /# gi::executeAction deEndDrag -in [gi::getWindows 2]
[21:05:03.72] /i de::endDrag {5.8625 1.64375} -context [db::getNext [de::getContexts -window 2]]
[21:05:03.72] /r dePanToPoint {6.30625 0.7875}
[21:05:06.01] /# gi::executeAction deAddPoint -in [gi::getWindows 2]
[21:05:06.01] /i de::addPoint {4.86875 1.1875} -context [db::getNext [de::getContexts -window 2]]
[21:05:07.23] /# gi::executeAction deAbortCommand -in [gi::getWindows 2]
[21:05:07.23] /i de::abortCommand -context [db::getNext [de::getContexts -window 2]]
[21:05:08.40] /# gi::executeAction deSelectActive -in [gi::getWindows 2]
[21:05:08.40] /i de::deselectAll [db::getNext [de::getContexts -window 2]]
[21:05:08.41] /i de::select [de::getActiveFigure [gi::getWindows 2] -point {4.9125 1.2125} -index 0 -intent none]
[21:05:08.41] /o oa:0x1e8f53e0
[21:05:09.06] /# gi::executeAction deDeselectActive -in [gi::getWindows 2]
[21:05:09.06] /i de::deselect [de::getActiveFigure [gi::getWindows 2] -point {5.89375 0.59375} -index 0 -intent deselect]
[21:05:09.06] /o oa:0x1e8d4ba0
[21:05:17.15] /# gi::executeAction seFlipHorizontalCenter -in [gi::getWindows 2]
[21:05:17.15] /i se::move [de::getSelected -design [db::getAttr editDesign -of [db::getNext [de::getContexts -window 2]]]]  -rotate MY
[21:05:18.01] /# gi::executeAction seFlipHorizontalCenter -in [gi::getWindows 2]
[21:05:18.01] /i se::move [de::getSelected -design [db::getAttr editDesign -of [db::getNext [de::getContexts -window 2]]]]  -rotate MY
[21:05:20.93] /# gi::executeAction seFlipVerticalCenter -in [gi::getWindows 2]
[21:05:20.93] /i se::move [de::getSelected -design [db::getAttr editDesign -of [db::getNext [de::getContexts -window 2]]]]  -rotate MX
[21:05:22.52] /# gi::executeAction seFlipVerticalCenter -in [gi::getWindows 2]
[21:05:22.52] /i se::move [de::getSelected -design [db::getAttr editDesign -of [db::getNext [de::getContexts -window 2]]]]  -rotate MX
[21:05:23.47] /# gi::executeAction seFlipVerticalCenter -in [gi::getWindows 2]
[21:05:23.47] /i se::move [de::getSelected -design [db::getAttr editDesign -of [db::getNext [de::getContexts -window 2]]]]  -rotate MX
[21:05:24.52] /# gi::executeAction seFlipVerticalCenter -in [gi::getWindows 2]
[21:05:24.52] /i se::move [de::getSelected -design [db::getAttr editDesign -of [db::getNext [de::getContexts -window 2]]]]  -rotate MX
[21:05:24.91] /# gi::executeAction seFlipVerticalCenter -in [gi::getWindows 2]
[21:05:24.91] /i se::move [de::getSelected -design [db::getAttr editDesign -of [db::getNext [de::getContexts -window 2]]]]  -rotate MX
[21:05:26.89] /# gi::executeAction seFlipVerticalCenter -in [gi::getWindows 2]
[21:05:26.89] /i se::move [de::getSelected -design [db::getAttr editDesign -of [db::getNext [de::getContexts -window 2]]]]  -rotate MX
[21:05:28.30] /# gi::executeAction seFlipVerticalCenter -in [gi::getWindows 2]
[21:05:28.30] /i se::move [de::getSelected -design [db::getAttr editDesign -of [db::getNext [de::getContexts -window 2]]]]  -rotate MX
[21:05:29.54] /# gi::executeAction deSelectActive -in [gi::getWindows 2]
[21:05:29.54] /i de::deselectAll [db::getNext [de::getContexts -window 2]]
[21:05:29.54] /i de::deselectAllLogic -context [db::getNext [de::getContexts -window 2]]
[21:05:30.03] /# gi::executeAction deSelectActive -in [gi::getWindows 2]
[21:05:30.03] /i de::deselectAll [db::getNext [de::getContexts -window 2]]
[21:05:30.03] /i de::select [de::getActiveFigure [gi::getWindows 2] -point {5.9625 0.59375} -index 0 -intent none]
[21:05:30.03] /o oa:0x1e9445b0
[21:05:32.81] /# gi::executeAction seFlipVerticalCenter -in [gi::getWindows 2]
[21:05:32.81] /i se::move [de::getSelected -design [db::getAttr editDesign -of [db::getNext [de::getContexts -window 2]]]]  -rotate MX
[21:05:33.60] /# gi::executeAction deSelectActive -in [gi::getWindows 2]
[21:05:33.60] /i de::deselectAll [db::getNext [de::getContexts -window 2]]
[21:05:33.60] /i de::deselectAllLogic -context [db::getNext [de::getContexts -window 2]]
[21:05:34.25] /# gi::executeAction deSelectActive -in [gi::getWindows 2]
[21:05:34.25] /i de::deselectAll [db::getNext [de::getContexts -window 2]]
[21:05:34.25] /i de::select [de::getActiveFigure [gi::getWindows 2] -point {8.6125 1.20625} -index 0 -intent none]
[21:05:34.25] /o oa:0x1e7e8580
[21:05:35.54] /# gi::executeAction seFlipVerticalCenter -in [gi::getWindows 2]
[21:05:35.54] /i se::move [de::getSelected -design [db::getAttr editDesign -of [db::getNext [de::getContexts -window 2]]]]  -rotate MX
[21:05:36.43] /# gi::executeAction deSelectActive -in [gi::getWindows 2]
[21:05:36.43] /i de::deselectAll [db::getNext [de::getContexts -window 2]]
[21:05:36.43] /i de::select [de::getActiveFigure [gi::getWindows 2] -point {8.36875 2.475} -index 0 -intent none]
[21:05:36.43] /o oa:0x1e97a130
[21:05:38.47] /# gi::executeAction seFlipVerticalCenter -in [gi::getWindows 2]
[21:05:38.47] /i se::move [de::getSelected -design [db::getAttr editDesign -of [db::getNext [de::getContexts -window 2]]]]  -rotate MX
[21:05:58.83] /# gi::executeAction dePan -in [gi::getWindows 2]
[21:05:58.83] /i ide::pan [db::getNext [de::getContexts -window 2]]
[21:05:59.21] /# gi::executeAction deStartDrag -in [gi::getWindows 2]
[21:05:59.21] /i de::startDrag {7.35 0.14375} -context [db::getNext [de::getContexts -window 2]]
[21:06:00.55] /# gi::executeAction deEndDrag -in [gi::getWindows 2]
[21:06:00.55] /i de::endDrag {7.34375 0.14375} -context [db::getNext [de::getContexts -window 2]]
[21:06:00.55] /r dePanToPoint {5.99375 0.45625}
[21:06:00.57] /# gi::executeAction deAbortCommand -in [gi::getWindows 2]
[21:06:00.57] /i de::abortCommand -context [db::getNext [de::getContexts -window 2]]
[21:06:01.41] /# gi::executeAction deSelectActive -in [gi::getWindows 2]
[21:06:01.41] /i de::deselectAll [db::getNext [de::getContexts -window 2]]
[21:06:01.41] /i de::select [de::getActiveFigure [gi::getWindows 2] -point {6.025 0.53125} -index 0 -intent none]
[21:06:01.41] /o oa:0x16f13c30
[21:06:02.41] /# gi::executeAction seButton1DragStart -in [gi::getWindows 2]
[21:06:02.42] /i ise::stretch -point {6.0625 0.4375}
[21:06:08.45] /# gi::executeAction deEndDrag -in [gi::getWindows 2]
[21:06:08.45] /i de::endDrag {6.55 -0.59375} -context [db::getNext [de::getContexts -window 2]]
[21:06:23.74] /# gi::executeAction seFlipVerticalCenter -in [gi::getWindows 2]
[21:06:23.74] /i se::move [de::getSelected -design [db::getAttr editDesign -of [db::getNext [de::getContexts -window 2]]]]  -rotate MX
[21:06:24.34] /# gi::executeAction deSelectActive -in [gi::getWindows 2]
[21:06:24.34] /i de::deselectAll [db::getNext [de::getContexts -window 2]]
[21:06:24.34] /i de::deselectAllLogic -context [db::getNext [de::getContexts -window 2]]
[21:06:25.59] /# gi::executeAction seButton1DragStart -in [gi::getWindows 2]
[21:06:25.59] /i ise::stretch -object [de::getActiveFigure [gi::getWindows 2] -point {6.575 -0.58125} -index 0 -intent none] -point {6.5625 -0.5625}
[21:06:32.61] /# gi::executeAction deEndDrag -in [gi::getWindows 2]
[21:06:32.61] /i de::endDrag {6.4125 -0.6375} -context [db::getNext [de::getContexts -window 2]]
[21:06:32.96] /# gi::executeAction deSelectActive -in [gi::getWindows 2]
[21:06:32.96] /i de::deselectAllLogic -context [db::getNext [de::getContexts -window 2]]
[21:06:35.26] /# gi::executeAction seButton1DragStart -in [gi::getWindows 2]
[21:06:35.26] /i ise::stretch -object [de::getActiveFigure [gi::getWindows 2] -point {8.69375 1.10625} -index 0 -intent none] -point {8.6875 1.125}
[21:06:39.77] /# gi::executeAction deEndDrag -in [gi::getWindows 2]
[21:06:39.77] /i de::endDrag {10.25625 1.0625} -context [db::getNext [de::getContexts -window 2]]
[21:06:41.88] /# gi::executeAction dePan -in [gi::getWindows 2]
[21:06:41.88] /i ide::pan [db::getNext [de::getContexts -window 2]]
[21:06:42.10] /# gi::executeAction deStartDrag -in [gi::getWindows 2]
[21:06:42.10] /i de::startDrag {9.4625 -0.04375} -context [db::getNext [de::getContexts -window 2]]
[21:06:43.24] /# gi::executeAction deEndDrag -in [gi::getWindows 2]
[21:06:43.24] /i de::endDrag {9.4875 -0.05} -context [db::getNext [de::getContexts -window 2]]
[21:06:43.24] /r dePanToPoint {7.3125 0.6375}
[21:06:44.69] /# gi::executeAction deAbortCommand -in [gi::getWindows 2]
[21:06:44.69] /i de::abortCommand -context [db::getNext [de::getContexts -window 2]]
[21:06:45.31] /# gi::executeAction seButton1DragStart -in [gi::getWindows 2]
[21:06:45.31] /i ise::stretch -object [de::getActiveFigure [gi::getWindows 2] -point {8.5375 2.45} -index 0 -intent none] -point {8.5625 2.4375}
[21:06:49.21] /# gi::executeAction deEndDrag -in [gi::getWindows 2]
[21:06:49.21] /i de::endDrag {12.1125 -0.6875} -context [db::getNext [de::getContexts -window 2]]
[21:06:50.35] /# gi::executeAction seButton1DragStart -in [gi::getWindows 2]
[21:06:50.35] /i ise::stretch -object [de::getActiveFigure [gi::getWindows 2] -point {11.65 -0.5125} -index 0 -intent none] -point {11.625 -0.5}
[21:06:51.27] /# gi::executeAction deEndDrag -in [gi::getWindows 2]
[21:06:51.27] /i de::endDrag {11.825 -0.5125} -context [db::getNext [de::getContexts -window 2]]
[21:06:53.20] /# gi::executeAction seFlipVerticalCenter -in [gi::getWindows 2]
[21:06:53.20] /i se::move [de::getSelected -design [db::getAttr editDesign -of [db::getNext [de::getContexts -window 2]]]]  -rotate MX
[21:06:53.21] /e Error: Could not move empty set of objects. (SE-521)
[21:06:55.79] /# gi::executeAction deSelectActive -in [gi::getWindows 2]
[21:06:55.79] /i de::deselectAllLogic -context [db::getNext [de::getContexts -window 2]]
[21:06:58.19] /# gi::executeAction seCreateInst -in [gi::getWindows 2]
[21:06:58.19] /i ise::createInst
[21:06:58.23] /o seSchematic
[21:06:58.29] /i gi::setActiveDialog [gi::getDialogs {seCreateInst} -parent [gi::getWindows 2]]
[21:06:58.54] /i db::setAttr geometry -of [gi::getDialogs {seCreateInst}] -value 359x337+0+71
[21:07:01.68] /i gi::setField {instMasterLib} -value {inv} -in [gi::getDialogs {seCreateInst} -parent [gi::getWindows 2]]
[21:07:02.04] /i db::setAttr geometry -of [gi::getDialogs {seCreateInst}] -value 359x337+0+71
[21:07:05.18] /i gi::setField {instMasterCell} -value {inv} -in [gi::getDialogs {seCreateInst} -parent [gi::getWindows 2]]
[21:07:05.49] /i db::setAttr geometry -of [gi::getDialogs {seCreateInst}] -value 359x337+0+71
[21:07:12.44] /# gi::executeAction deAddPoint -in [gi::getWindows 2]
[21:07:12.44] /i de::addPoint {7.69375 1.15} -context [db::getNext [de::getContexts -window 2]]
[21:07:14.50] /# gi::executeAction deAddPoint -in [gi::getWindows 2]
[21:07:14.50] /i de::addPoint {7.7 -0.5} -context [db::getNext [de::getContexts -window 2]]
[21:07:18.90] /# gi::executeAction deAddPoint -in [gi::getWindows 2]
[21:07:18.90] /i de::addPoint {11.45 1.875} -context [db::getNext [de::getContexts -window 2]]
[21:07:19.37] /# gi::executeAction deAddPoint -in [gi::getWindows 2]
[21:07:19.37] /i de::addPoint {11.5375 1.0125} -context [db::getNext [de::getContexts -window 2]]
[21:07:19.66] /# gi::executeAction deAbortCommand -in [gi::getWindows 2]
[21:07:19.66] /i de::abortCommand -context [db::getNext [de::getContexts -window 2]]
[21:07:20.86] /# gi::executeAction deSelectActive -in [gi::getWindows 2]
[21:07:20.86] /i de::deselectAll [db::getNext [de::getContexts -window 2]]
[21:07:20.86] /i de::select [de::getActiveFigure [gi::getWindows 2] -point {8.125 -0.48125} -index 0 -intent none]
[21:07:20.86] /o oa:0x1e805f50
[21:07:23.55] /# gi::executeAction seFlipHorizontalCenter -in [gi::getWindows 2]
[21:07:23.55] /i se::move [de::getSelected -design [db::getAttr editDesign -of [db::getNext [de::getContexts -window 2]]]]  -rotate MY
[21:07:26.04] /# gi::executeAction deSelectActive -in [gi::getWindows 2]
[21:07:26.04] /i de::deselectAll [db::getNext [de::getContexts -window 2]]
[21:07:26.04] /i de::deselectAllLogic -context [db::getNext [de::getContexts -window 2]]
[21:07:27.05] /# gi::executeAction deSelectActive -in [gi::getWindows 2]
[21:07:27.05] /i de::deselectAll [db::getNext [de::getContexts -window 2]]
[21:07:27.05] /i de::select [de::getActiveFigure [gi::getWindows 2] -point {8.23125 -0.36875} -index 0 -intent none]
[21:07:27.05] /o oa:0x1f204990
[21:07:29.50] /# gi::executeAction seFlipHorizontalCenter -in [gi::getWindows 2]
[21:07:29.50] /i se::move [de::getSelected -design [db::getAttr editDesign -of [db::getNext [de::getContexts -window 2]]]]  -rotate MY
[21:07:30.37] /# gi::executeAction deSelectActive -in [gi::getWindows 2]
[21:07:30.37] /i de::deselectAll [db::getNext [de::getContexts -window 2]]
[21:07:30.37] /i de::deselectAllLogic -context [db::getNext [de::getContexts -window 2]]
[21:07:31.59] /# gi::executeAction seButton1DragStart -in [gi::getWindows 2]
[21:07:31.59] /i ise::stretch -object [de::getActiveFigure [gi::getWindows 2] -point {8.65625 -0.45625} -index 0 -intent none] -point {8.6875 -0.4375}
[21:07:35.46] /# gi::executeAction deEndDrag -in [gi::getWindows 2]
[21:07:35.46] /i de::endDrag {8.5125 -0.43125} -context [db::getNext [de::getContexts -window 2]]
[21:07:35.87] /# gi::executeAction deSelectActive -in [gi::getWindows 2]
[21:07:35.87] /i de::deselectAllLogic -context [db::getNext [de::getContexts -window 2]]
[21:07:36.45] /# gi::executeAction dePan -in [gi::getWindows 2]
[21:07:36.45] /i ide::pan [db::getNext [de::getContexts -window 2]]
[21:07:36.75] /# gi::executeAction deStartDrag -in [gi::getWindows 2]
[21:07:36.75] /i de::startDrag {10.64375 -0.21875} -context [db::getNext [de::getContexts -window 2]]
[21:07:37.82] /# gi::executeAction deEndDrag -in [gi::getWindows 2]
[21:07:37.82] /i de::endDrag {10.6125 -0.21875} -context [db::getNext [de::getContexts -window 2]]
[21:07:37.82] /r dePanToPoint {10.20625 0.74375}
[21:07:38.60] /# gi::executeAction deStartDrag -in [gi::getWindows 2]
[21:07:38.60] /i de::startDrag {14.30625 0.5} -context [db::getNext [de::getContexts -window 2]]
[21:07:39.14] /# gi::executeAction deEndDrag -in [gi::getWindows 2]
[21:07:39.14] /i de::endDrag {14.3 0.5} -context [db::getNext [de::getContexts -window 2]]
[21:07:39.14] /r dePanToPoint {10.80625 0.65}
[21:07:40.17] /# gi::executeAction deCanvasZoomOutAtPoint -in [gi::getWindows 2]
[21:07:40.17] /i de::zoom -window [gi::getWindows 2] -factor 0.5 -center {14.4625 0.3125}
[21:07:40.17] /o {-2.60625 -3.04375} {16.925 5.0125}
[21:07:41.36] /# gi::executeAction deStartDrag -in [gi::getWindows 2]
[21:07:41.36] /i de::startDrag {14.7375 -0.08125} -context [db::getNext [de::getContexts -window 2]]
[21:07:42.47] /# gi::executeAction deEndDrag -in [gi::getWindows 2]
[21:07:42.47] /i de::endDrag {14.50625 -0.08125} -context [db::getNext [de::getContexts -window 2]]
[21:07:42.47] /r dePanToPoint {8.95625 0.9625}
[21:07:44.22] /# gi::executeAction deAbortCommand -in [gi::getWindows 2]
[21:07:44.22] /i de::abortCommand -context [db::getNext [de::getContexts -window 2]]
[21:07:45.30] /# gi::executeAction seButton1DragStart -in [gi::getWindows 2]
[21:07:45.30] /i ise::stretch -object [de::getActiveFigure [gi::getWindows 2] -point {12.20625 0.925} -index 0 -intent none] -point {12.1875 0.9375}
[21:07:46.83] /# gi::executeAction deEndDrag -in [gi::getWindows 2]
[21:07:46.83] /i de::endDrag {13.525 1.06875} -context [db::getNext [de::getContexts -window 2]]
[21:07:47.72] /# gi::executeAction seButton1DragStart -in [gi::getWindows 2]
[21:07:47.72] /i ise::stretch -object [de::getActiveFigure [gi::getWindows 2] -point {12.325 -0.53125} -index 0 -intent none] -point {12.3125 -0.5625}
[21:07:49.40] /# gi::executeAction deEndDrag -in [gi::getWindows 2]
[21:07:49.40] /i de::endDrag {12.1 -0.54375} -context [db::getNext [de::getContexts -window 2]]
[21:07:50.51] /# gi::executeAction seButton1DragStart -in [gi::getWindows 2]
[21:07:50.51] /i ise::stretch -object [de::getActiveFigure [gi::getWindows 2] -point {12.21875 -0.45} -index 0 -intent none] -point {12.25 -0.4375}
[21:07:51.59] /# gi::executeAction deEndDrag -in [gi::getWindows 2]
[21:07:51.59] /i de::endDrag {12.09375 -0.48125} -context [db::getNext [de::getContexts -window 2]]
[21:07:51.93] /# gi::executeAction deSelectActive -in [gi::getWindows 2]
[21:07:51.93] /i de::deselectAllLogic -context [db::getNext [de::getContexts -window 2]]
[21:07:52.95] /# gi::executeAction seButton1DragStart -in [gi::getWindows 2]
[21:07:52.95] /i ise::stretch -object [de::getActiveFigure [gi::getWindows 2] -point {13.725 1.0375} -index 0 -intent none] -point {13.75 1.0625}
[21:07:57.25] /# gi::executeAction deEndDrag -in [gi::getWindows 2]
[21:07:57.25] /i de::endDrag {14.25 1.05} -context [db::getNext [de::getContexts -window 2]]
[21:07:58.12] /# gi::executeAction seButton1DragStart -in [gi::getWindows 2]
[21:07:58.12] /i ise::stretch -object [de::getActiveFigure [gi::getWindows 2] -point {11.83125 1.8125} -index 0 -intent none] -point {11.8125 1.8125}
[21:08:00.94] /# gi::executeAction deEndDrag -in [gi::getWindows 2]
[21:08:00.94] /i de::endDrag {13.76875 -0.6375} -context [db::getNext [de::getContexts -window 2]]
[21:08:03.19] /# gi::executeAction seFlipHorizontalCenter -in [gi::getWindows 2]
[21:08:03.19] /i se::move [de::getSelected -design [db::getAttr editDesign -of [db::getNext [de::getContexts -window 2]]]]  -rotate MY
[21:08:03.19] /e Error: Could not move empty set of objects. (SE-521)
[21:08:05.00] /# gi::executeAction deSelectActive -in [gi::getWindows 2]
[21:08:05.00] /i de::deselectAll [db::getNext [de::getContexts -window 2]]
[21:08:05.00] /i de::select [de::getActiveFigure [gi::getWindows 2] -point {13.75625 -0.46875} -index 0 -intent none]
[21:08:05.00] /o oa:0x1ddc23f0
[21:08:07.79] /# gi::executeAction seFlipHorizontalCenter -in [gi::getWindows 2]
[21:08:07.79] /i se::move [de::getSelected -design [db::getAttr editDesign -of [db::getNext [de::getContexts -window 2]]]]  -rotate MY
[21:08:09.20] /# gi::executeAction seButton1DragStart -in [gi::getWindows 2]
[21:08:09.20] /i ise::stretch -point {14.375 -0.5625}
[21:08:11.06] /# gi::executeAction deEndDrag -in [gi::getWindows 2]
[21:08:11.06] /i de::endDrag {14.1875 -0.55} -context [db::getNext [de::getContexts -window 2]]
[21:08:11.42] /# gi::executeAction deSelectActive -in [gi::getWindows 2]
[21:08:11.42] /i de::deselectAll [db::getNext [de::getContexts -window 2]]
[21:08:11.42] /i de::deselectAllLogic -context [db::getNext [de::getContexts -window 2]]
[21:08:16.91] /# gi::executeAction seSchCreateWire -in [gi::getWindows 2]
[21:08:16.91] /i ise::createWire
[21:08:21.02] /# gi::executeAction deAddPoint -in [gi::getWindows 2]
[21:08:21.02] /i de::addPoint {5.20625 1.1} -context [db::getNext [de::getContexts -window 2]]
[21:08:21.12] /i de::setCursor -point {5.25 1.125 }
[21:08:23.08] /# gi::executeAction deAddPoint -in [gi::getWindows 2]
[21:08:23.08] /i de::addPoint {7.6875 1.1} -context [db::getNext [de::getContexts -window 2]]
[21:08:25.97] /# gi::executeAction deAddPoint -in [gi::getWindows 2]
[21:08:25.97] /i de::addPoint {5.8125 -0.51875} -context [db::getNext [de::getContexts -window 2]]
[21:08:26.11] /i de::setCursor -point {5.75 -0.4375 }
[21:08:26.13] /i de::setCursor -point {5.75 -0.375 }
[21:08:30.19] /# gi::executeAction deAddPoint -in [gi::getWindows 2]
[21:08:30.19] /i de::addPoint {5.5125 -0.4875} -context [db::getNext [de::getContexts -window 2]]
[21:08:32.33] /# gi::executeAction deAddPoint -in [gi::getWindows 2]
[21:08:32.33] /i de::addPoint {5.5125 1.13125} -context [db::getNext [de::getContexts -window 2]]
[21:08:35.46] /# gi::executeAction deAddPoint -in [gi::getWindows 2]
[21:08:35.46] /i de::addPoint {6.81875 -0.5} -context [db::getNext [de::getContexts -window 2]]
[21:08:35.61] /i de::setCursor -point {6.875 -0.5 }
[21:08:38.13] /# gi::executeAction deAddPoint -in [gi::getWindows 2]
[21:08:38.13] /i de::addPoint {7.6875 -0.51875} -context [db::getNext [de::getContexts -window 2]]
[21:08:39.86] /# gi::executeAction deAddPoint -in [gi::getWindows 2]
[21:08:39.87] /i de::addPoint {8.8 -0.5} -context [db::getNext [de::getContexts -window 2]]
[21:08:40.10] /i de::setCursor -point {8.875 -0.4375 }
[21:08:40.11] /i de::setCursor -point {8.9375 -0.4375 }
[21:08:40.19] /i de::setCursor -point {8.9375 -0.375 }
[21:08:40.21] /i de::setCursor -point {9 -0.375 }
[21:08:42.20] /# gi::executeAction deCanvasZoomInAtPoint -in [gi::getWindows 2]
[21:08:42.20] /i de::zoom -window [gi::getWindows 2] -factor 2.0 -center {9.06875 -0.7}
[21:08:42.20] /o {4.13125 -1.88125} {13.9 2.14375}
[21:08:42.66] /i de::setCursor -point {8.875 -0.625 }
[21:08:42.69] /i de::setCursor -point {8.6875 -0.625 }
[21:08:42.70] /i de::setCursor -point {8.625 -0.5625 }
[21:08:42.96] /i de::setCursor -point {8.75 -0.5625 }
[21:08:43.02] /i de::setCursor -point {8.8125 -0.5625 }
[21:08:43.11] /i de::setCursor -point {8.875 -0.5625 }
[21:08:43.12] /i de::setCursor -point {8.9375 -0.5 }
[21:08:43.38] /# gi::executeAction deAbortCommand -in [gi::getWindows 2]
[21:08:43.38] /i de::abortCommand -context [db::getNext [de::getContexts -window 2]]
[21:08:44.20] /# gi::executeAction seSchCreateWire -in [gi::getWindows 2]
[21:08:44.20] /i ise::createWire
[21:08:45.18] /# gi::executeAction deAddPoint -in [gi::getWindows 2]
[21:08:45.18] /i de::addPoint {8.75625 -0.51875} -context [db::getNext [de::getContexts -window 2]]
[21:08:45.29] /i de::setCursor -point {8.8125 -0.5 }
[21:08:49.06] /# gi::executeAction deAddPoint -in [gi::getWindows 2]
[21:08:49.06] /i de::addPoint {9.05625 -0.50625} -context [db::getNext [de::getContexts -window 2]]
[21:08:49.17] /i de::setCursor -point {9.0625 -0.4375 }
[21:08:51.57] /# gi::executeAction deAddPoint -in [gi::getWindows 2]
[21:08:51.57] /i de::addPoint {8.74375 1.13125} -context [db::getNext [de::getContexts -window 2]]
[21:08:53.11] /# gi::executeAction deAddPoint -in [gi::getWindows 2]
[21:08:53.11] /i de::addPoint {9.625 1.1} -context [db::getNext [de::getContexts -window 2]]
[21:08:53.21] /i de::setCursor -point {9.5625 1.0625 }
[21:08:53.24] /i de::setCursor -point {9.5 1.0625 }
[21:08:55.46] /# gi::executeAction deAddPoint -in [gi::getWindows 2]
[21:08:55.46] /i de::addPoint {9.04375 1.1375} -context [db::getNext [de::getContexts -window 2]]
[21:08:57.88] /# gi::executeAction deAddPoint -in [gi::getWindows 2]
[21:08:57.88] /i de::addPoint {10.61875 1.1125} -context [db::getNext [de::getContexts -window 2]]
[21:08:58.91] /# gi::executeAction deAddPoint -in [gi::getWindows 2]
[21:08:58.91] /i de::addPoint {13.3875 1.1125} -context [db::getNext [de::getContexts -window 2]]
[21:09:00.45] /# gi::executeAction deAddPoint -in [gi::getWindows 2]
[21:09:00.45] /i de::addPoint {11.3375 -0.55625} -context [db::getNext [de::getContexts -window 2]]
[21:09:00.51] /i de::setCursor -point {11.3125 -0.5 }
[21:09:03.08] /# gi::executeAction deAddPoint -in [gi::getWindows 2]
[21:09:03.08] /i de::addPoint {11 -0.4875} -context [db::getNext [de::getContexts -window 2]]
[21:09:04.44] /# gi::executeAction deAddPoint -in [gi::getWindows 2]
[21:09:04.44] /i de::addPoint {11.00625 1.125} -context [db::getNext [de::getContexts -window 2]]
[21:09:06.34] /# gi::executeAction dePan -in [gi::getWindows 2]
[21:09:06.34] /i ide::pan [db::getNext [de::getContexts -window 2]]
[21:09:06.63] /# gi::executeAction deStartDrag -in [gi::getWindows 2]
[21:09:06.63] /i de::startDrag {10.76875 -1.58125} -context [db::getNext [de::getContexts -window 2]]
[21:09:07.69] /# gi::executeAction deEndDrag -in [gi::getWindows 2]
[21:09:07.69] /i de::endDrag {10.7625 -1.58125} -context [db::getNext [de::getContexts -window 2]]
[21:09:07.69] /r dePanToPoint {11.71875 0.1125}
[21:09:10.01] /# gi::executeAction seSchCreateWire -in [gi::getWindows 2]
[21:09:10.01] /i ise::createWire
[21:09:11.36] /# gi::executeAction deAddPoint -in [gi::getWindows 2]
[21:09:11.36] /i de::addPoint {12.31875 -0.58125} -context [db::getNext [de::getContexts -window 2]]
[21:09:11.46] /i de::setCursor -point {12.375 -0.5625 }
[21:09:12.31] /# gi::executeAction deAddPoint -in [gi::getWindows 2]
[21:09:12.31] /i de::addPoint {13.35 -0.58125} -context [db::getNext [de::getContexts -window 2]]
[21:09:15.03] /# gi::executeAction deAddPoint -in [gi::getWindows 2]
[21:09:15.03] /i de::addPoint {14.425 1.1125} -context [db::getNext [de::getContexts -window 2]]
[21:09:15.31] /i de::setCursor -point {14.5 1.0625 }
[21:09:15.35] /i de::setCursor -point {14.5625 1.0625 }
[21:09:16.99] /# gi::executeAction deAddPoint -in [gi::getWindows 2]
[21:09:16.99] /i de::addPoint {15.6125 1.14375} -context [db::getNext [de::getContexts -window 2]]
[21:09:17.17] /i de::setCursor -point {15.625 1.0625 }
[21:09:17.18] /i de::setCursor -point {15.5625 1.0625 }
[21:09:17.25] /i de::setCursor -point {15.5625 1 }
[21:09:19.30] /# gi::executeAction deAddPoint -in [gi::getWindows 2]
[21:09:19.30] /i de::addPoint {15.6375 1.1} -context [db::getNext [de::getContexts -window 2]]
[21:09:19.43] /# gi::executeAction deCompleteShape -in [gi::getWindows 2]
[21:09:19.43] /i de::completeShape -context [db::getNext [de::getContexts -window 2]]
[21:09:20.95] /# gi::executeAction deAddPoint -in [gi::getWindows 2]
[21:09:20.95] /i de::addPoint {14.475 -0.575} -context [db::getNext [de::getContexts -window 2]]
[21:09:21.36] /i de::setCursor -point {14.4375 -0.5625 }
[21:09:22.11] /# gi::executeAction deAddPoint -in [gi::getWindows 2]
[21:09:22.11] /i de::addPoint {14.44375 -0.575} -context [db::getNext [de::getContexts -window 2]]
[21:09:23.46] /# gi::executeAction deAddPoint -in [gi::getWindows 2]
[21:09:23.46] /i de::addPoint {14.51875 -0.5375} -context [db::getNext [de::getContexts -window 2]]
[21:09:23.62] /i de::setCursor -point {14.5625 -0.5 }
[21:09:23.66] /i de::setCursor -point {14.625 -0.5 }
[21:09:23.66] /i de::setCursor -point {14.625 -0.4375 }
[21:09:23.74] /i de::setCursor -point {14.625 -0.375 }
[21:09:27.16] /# gi::executeAction deAddPoint -in [gi::getWindows 2]
[21:09:27.16] /i de::addPoint {14.7125 -0.5625} -context [db::getNext [de::getContexts -window 2]]
[21:09:29.41] /# gi::executeAction deAddPoint -in [gi::getWindows 2]
[21:09:29.41] /i de::addPoint {14.66875 1.14375} -context [db::getNext [de::getContexts -window 2]]
[21:09:33.53] /# gi::executeAction deAddPoint -in [gi::getWindows 2]
[21:09:33.53] /i de::addPoint {15.6375 1.125} -context [db::getNext [de::getContexts -window 2]]
[21:09:33.66] /i de::setCursor -point {15.5625 1.125 }
[21:09:34.75] /# gi::executeAction deAbortCommand -in [gi::getWindows 2]
[21:09:34.76] /i de::abortCommand -context [db::getNext [de::getContexts -window 2]]
[21:09:36.61] /i gi::executeAction deCanvasDragCancel -in [gi::getWindows 2]
[21:09:37.98] /# gi::executeAction seButton1DragStart -in [gi::getWindows 2]
[21:09:37.99] /i ise::stretch -object [de::getActiveFigure [gi::getWindows 2] -point {15.625 1.11875} -index 0 -intent none] -point {15.625 1.125}
[21:09:39.69] /# gi::executeAction deEndDrag -in [gi::getWindows 2]
[21:09:39.69] /i de::endDrag {15.1 1.14375} -context [db::getNext [de::getContexts -window 2]]
[21:09:40.04] /# gi::executeAction deSelectActive -in [gi::getWindows 2]
[21:09:40.04] /i de::deselectAllLogic -context [db::getNext [de::getContexts -window 2]]
[21:09:42.86] /# gi::executeAction dePan -in [gi::getWindows 2]
[21:09:42.86] /i ide::pan [db::getNext [de::getContexts -window 2]]
[21:09:43.83] /# gi::executeAction deStartDrag -in [gi::getWindows 2]
[21:09:43.83] /i de::startDrag {9.99375 -0.46875} -context [db::getNext [de::getContexts -window 2]]
[21:09:44.63] /# gi::executeAction deEndDrag -in [gi::getWindows 2]
[21:09:44.63] /i de::endDrag {10.01875 -0.46875} -context [db::getNext [de::getContexts -window 2]]
[21:09:44.63] /r dePanToPoint {6.4625 0.11875}
[21:09:45.45] /# gi::executeAction deStartDrag -in [gi::getWindows 2]
[21:09:45.45] /i de::startDrag {4.81875 -0.3625} -context [db::getNext [de::getContexts -window 2]]
[21:09:46.58] /# gi::executeAction deEndDrag -in [gi::getWindows 2]
[21:09:46.58] /i de::endDrag {4.825 -0.3625} -context [db::getNext [de::getContexts -window 2]]
[21:09:46.58] /r dePanToPoint {5.9125 0.675}
[21:09:48.89] /# gi::executeAction seSchCreateWire -in [gi::getWindows 2]
[21:09:48.89] /i ise::createWire
[21:09:50.51] /# gi::executeAction deAddPoint -in [gi::getWindows 2]
[21:09:50.51] /i de::addPoint {4.18125 1.11875} -context [db::getNext [de::getContexts -window 2]]
[21:09:50.61] /i de::setCursor -point {4.125 1.125 }
[21:09:52.38] /# gi::executeAction deStartDrag -in [gi::getWindows 2]
[21:09:52.38] /i de::startDrag {2.8 1.13125} -context [db::getNext [de::getContexts -window 2]]
[21:09:52.69] /# gi::executeAction deEndDrag -in [gi::getWindows 2]
[21:09:52.69] /i de::endDrag {2.80625 1.13125} -context [db::getNext [de::getContexts -window 2]]
[21:09:54.19] /# gi::executeAction seSchCreateSchematicPin -in [gi::getWindows 2]
[21:09:54.19] /i ise::createSchematicPin
[21:09:57.49] /# gi::executeAction deAddPoint -in [gi::getWindows 2]
[21:09:57.49] /i de::addPoint {2.79375 1.1125} -context [db::getNext [de::getContexts -window 2]]
[21:09:58.41] /# gi::executeAction deAbortCommand -in [gi::getWindows 2]
[21:09:58.41] /i de::abortCommand -context [db::getNext [de::getContexts -window 2]]
[21:09:59.49] /# gi::executeAction deSelectActive -in [gi::getWindows 2]
[21:09:59.49] /i de::deselectAll [db::getNext [de::getContexts -window 2]]
[21:09:59.49] /i de::select [de::getActiveFigure [gi::getWindows 2] -point {2.55625 1.1375} -index 0 -intent none]
[21:09:59.49] /o oa:0x1f38b980
[21:09:59.65] /i ide::editCanvasText -object [de::getActiveFigure [gi::getWindows 2] -point {2.55625 1.1375} -index 0 -intent none]
[21:10:01.26] /i gi::executeAction deObjectActivation -in [gi::getWindows 2]
[21:10:01.53] /i gi::executeAction deObjectActivation -in [gi::getWindows 2]
[21:11:07.82] /i de::commandOption {d}
[21:11:09.11] /# gi::executeAction deSelectActive -in [gi::getWindows 2]
[21:11:09.11] /i de::deselectAll [db::getNext [de::getContexts -window 2]]
[21:11:09.11] /i de::deselectAllLogic -context [db::getNext [de::getContexts -window 2]]
[21:12:23.01] /# gi::executeAction seSchCreateWire -in [gi::getWindows 2]
[21:12:23.01] /i ise::createWire
[21:12:25.28] /# gi::executeAction deAddPoint -in [gi::getWindows 2]
[21:12:25.28] /i de::addPoint {4.6875 0.55} -context [db::getNext [de::getContexts -window 2]]
[21:12:25.37] /i de::setCursor -point {4.6875 0.5 }
[21:12:26.42] /# gi::executeAction deAddPoint -in [gi::getWindows 2]
[21:12:26.42] /i de::addPoint {4.65625 0.3625} -context [db::getNext [de::getContexts -window 2]]
[21:12:27.88] /i de::setCursor -point {4.75 0.4375 }
[21:12:27.95] /i de::setCursor -point {4.6875 0.4375 }
[21:12:29.28] /# gi::executeAction deAddPoint -in [gi::getWindows 2]
[21:12:29.28] /i de::addPoint {4.6875 0.375} -context [db::getNext [de::getContexts -window 2]]
[21:12:29.43] /# gi::executeAction deCompleteShape -in [gi::getWindows 2]
[21:12:29.43] /i de::completeShape -context [db::getNext [de::getContexts -window 2]]
[21:12:30.63] /# gi::executeAction deAddPoint -in [gi::getWindows 2]
[21:12:30.63] /i de::addPoint {4.6875 1.68125} -context [db::getNext [de::getContexts -window 2]]
[21:12:32.58] /# gi::executeAction deAddPoint -in [gi::getWindows 2]
[21:12:32.58] /i de::addPoint {4.6875 1.86875} -context [db::getNext [de::getContexts -window 2]]
[21:12:32.72] /# gi::executeAction deCompleteShape -in [gi::getWindows 2]
[21:12:32.72] /i de::completeShape -context [db::getNext [de::getContexts -window 2]]
[21:12:35.15] /# gi::executeAction deAddPoint -in [gi::getWindows 2]
[21:12:35.15] /i de::addPoint {6.30625 0.0625} -context [db::getNext [de::getContexts -window 2]]
[21:12:36.50] /# gi::executeAction deAddPoint -in [gi::getWindows 2]
[21:12:36.50] /i de::addPoint {6.3125 0.2375} -context [db::getNext [de::getContexts -window 2]]
[21:12:36.65] /# gi::executeAction deCompleteShape -in [gi::getWindows 2]
[21:12:36.65] /i de::completeShape -context [db::getNext [de::getContexts -window 2]]
[21:12:38.31] /# gi::executeAction deAddPoint -in [gi::getWindows 2]
[21:12:38.31] /i de::addPoint {6.325 -1.0875} -context [db::getNext [de::getContexts -window 2]]
[21:12:39.38] /# gi::executeAction deAddPoint -in [gi::getWindows 2]
[21:12:39.38] /i de::addPoint {6.325 -1.225} -context [db::getNext [de::getContexts -window 2]]
[21:12:39.52] /# gi::executeAction deCompleteShape -in [gi::getWindows 2]
[21:12:39.52] /i de::completeShape -context [db::getNext [de::getContexts -window 2]]
[21:12:42.68] /# gi::executeAction dePan -in [gi::getWindows 2]
[21:12:42.68] /i ide::pan [db::getNext [de::getContexts -window 2]]
[21:12:43.13] /# gi::executeAction deStartDrag -in [gi::getWindows 2]
[21:12:43.13] /i de::startDrag {9.64375 -0.125} -context [db::getNext [de::getContexts -window 2]]
[21:12:45.88] /# gi::executeAction deEndDrag -in [gi::getWindows 2]
[21:12:45.88] /i de::endDrag {9.6375 -0.11875} -context [db::getNext [de::getContexts -window 2]]
[21:12:45.88] /r dePanToPoint {11.33125 0.50625}
[21:12:45.95] /# gi::executeAction deCycleActiveFigurePrevious -in [gi::getWindows 2]
[21:12:45.95] /i de::cycleActiveFigure -direction prev
[21:12:47.24] /# gi::executeAction deAddPoint -in [gi::getWindows 2]
[21:12:47.24] /i de::addPoint {10.14375 1.7} -context [db::getNext [de::getContexts -window 2]]
[21:12:48.49] /# gi::executeAction deStartDrag -in [gi::getWindows 2]
[21:12:48.49] /i de::startDrag {11.325 1.625} -context [db::getNext [de::getContexts -window 2]]
[21:12:50.86] /# gi::executeAction deEndDrag -in [gi::getWindows 2]
[21:12:50.86] /i de::endDrag {11.33125 1.61875} -context [db::getNext [de::getContexts -window 2]]
[21:12:50.86] /r dePanToPoint {11.8125 0.34375}
[21:12:50.93] /# gi::executeAction seSchCreateWire -in [gi::getWindows 2]
[21:12:50.93] /i ise::createWire
[21:12:53.18] /# gi::executeAction deAddPoint -in [gi::getWindows 2]
[21:12:53.18] /i de::addPoint {10.11875 1.6875} -context [db::getNext [de::getContexts -window 2]]
[21:12:54.69] /# gi::executeAction deAddPoint -in [gi::getWindows 2]
[21:12:54.69] /i de::addPoint {10.14375 1.875} -context [db::getNext [de::getContexts -window 2]]
[21:12:54.83] /# gi::executeAction deCompleteShape -in [gi::getWindows 2]
[21:12:54.83] /i de::completeShape -context [db::getNext [de::getContexts -window 2]]
[21:12:56.94] /# gi::executeAction deAddPoint -in [gi::getWindows 2]
[21:12:56.94] /i de::addPoint {10.1125 0.54375} -context [db::getNext [de::getContexts -window 2]]
[21:12:57.94] /# gi::executeAction deAddPoint -in [gi::getWindows 2]
[21:12:57.94] /i de::addPoint {10.1125 0.35} -context [db::getNext [de::getContexts -window 2]]
[21:12:58.07] /# gi::executeAction deCompleteShape -in [gi::getWindows 2]
[21:12:58.07] /i de::completeShape -context [db::getNext [de::getContexts -window 2]]
[21:12:59.51] /# gi::executeAction deAddPoint -in [gi::getWindows 2]
[21:12:59.51] /i de::addPoint {11.80625 -0.01875} -context [db::getNext [de::getContexts -window 2]]
[21:13:00.62] /# gi::executeAction deAddPoint -in [gi::getWindows 2]
[21:13:00.62] /i de::addPoint {11.81875 0.19375} -context [db::getNext [de::getContexts -window 2]]
[21:13:00.77] /# gi::executeAction deCompleteShape -in [gi::getWindows 2]
[21:13:00.77] /i de::completeShape -context [db::getNext [de::getContexts -window 2]]
[21:13:03.07] /# gi::executeAction deAddPoint -in [gi::getWindows 2]
[21:13:03.07] /i de::addPoint {11.81875 -1.1375} -context [db::getNext [de::getContexts -window 2]]
[21:13:05.13] /# gi::executeAction deAddPoint -in [gi::getWindows 2]
[21:13:05.13] /i de::addPoint {11.83125 -1.325} -context [db::getNext [de::getContexts -window 2]]
[21:13:05.26] /# gi::executeAction deCompleteShape -in [gi::getWindows 2]
[21:13:05.26] /i de::completeShape -context [db::getNext [de::getContexts -window 2]]
[21:13:06.46] /# gi::executeAction deAbortCommand -in [gi::getWindows 2]
[21:13:06.46] /i de::abortCommand -context [db::getNext [de::getContexts -window 2]]
[21:13:07.65] /# gi::executeAction dePan -in [gi::getWindows 2]
[21:13:07.65] /i ide::pan [db::getNext [de::getContexts -window 2]]
[21:13:07.93] /# gi::executeAction deStartDrag -in [gi::getWindows 2]
[21:13:07.93] /i de::startDrag {10.2375 -0.225} -context [db::getNext [de::getContexts -window 2]]
[21:13:08.91] /# gi::executeAction deEndDrag -in [gi::getWindows 2]
[21:13:08.91] /i de::endDrag {10.24375 -0.2375} -context [db::getNext [de::getContexts -window 2]]
[21:13:08.91] /r dePanToPoint {7.6625 0.55}
[21:13:09.79] /# gi::executeAction deStartDrag -in [gi::getWindows 2]
[21:13:09.79] /i de::startDrag {6.30625 1.86875} -context [db::getNext [de::getContexts -window 2]]
[21:13:10.38] /# gi::executeAction deEndDrag -in [gi::getWindows 2]
[21:13:10.38] /i de::endDrag {6.31875 1.8625} -context [db::getNext [de::getContexts -window 2]]
[21:13:10.38] /r dePanToPoint {7.3375 0.64375}
[21:13:11.91] /# gi::executeAction deAbortCommand -in [gi::getWindows 2]
[21:13:11.91] /i de::abortCommand -context [db::getNext [de::getContexts -window 2]]
[21:13:13.66] /# gi::executeAction deSelectActive -in [gi::getWindows 2]
[21:13:13.66] /i de::deselectAll [db::getNext [de::getContexts -window 2]]
[21:13:13.66] /i de::select [de::getActiveFigure [gi::getWindows 2] -point {4.7 1.8625} -index 0 -intent none]
[21:13:13.67] /o oa:0x1ddb19d0
[21:13:14.72] /# gi::executeAction deCanvasZoomInAtPoint -in [gi::getWindows 2]
[21:13:14.72] /i de::zoom -window [gi::getWindows 2] -factor 2.0 -center {4.8125 1.825}
[21:13:14.72] /o {3.6375 0.225} {8.51875 2.24375}
[21:13:16.43] /# gi::executeAction deSelectActive -in [gi::getWindows 2]
[21:13:16.43] /i de::deselectAll [db::getNext [de::getContexts -window 2]]
[21:13:16.43] /i de::select [de::getActiveFigure [gi::getWindows 2] -point {4.69375 1.825} -index 0 -intent none]
[21:13:16.43] /o oa:0x1ddf3b90
[21:13:17.92] /# gi::executeAction giPostContextMenu -in [gi::getWindows 2]
[21:13:17.93] /i gi::executeAction menuPreShow -in [gi::getWindows 2]
[21:13:17.93] /r giMenuAccess db::getNext [gi::getMenus seSchWireContextMenu]
[21:13:19.79] /# gi::executeAction seSchCreateWireNameAtPoint -in [gi::getWindows 2]
[21:13:19.79] /i ide::editCanvasText -object [::se::internal::_getSegmentLabel [db::getAttr object -of [de::getActiveFigure [gi::getWindows 2] -point {4.69375 1.8625} -index 0 -intent none]] {4.6875 1.875} [db::getNext [de::getContexts -window 2]]]
[21:13:24.42] /i de::commandOption {clkb}
[21:13:28.67] /# gi::executeAction deSelectActive -in [gi::getWindows 2]
[21:13:28.67] /i de::deselectAll [db::getNext [de::getContexts -window 2]]
[21:13:28.67] /i de::select [de::getActiveFigure [gi::getWindows 2] -point {4.65 1.79375} -index 0 -intent none]
[21:13:28.67] /o oa:0x1ddb1090
[21:13:31.77] /# gi::executeAction deSelectActive -in [gi::getWindows 2]
[21:13:31.77] /i de::deselectAll [db::getNext [de::getContexts -window 2]]
[21:13:31.78] /i de::select [de::getActiveFigure [gi::getWindows 2] -point {4.6375 1.79375} -index 0 -intent none]
[21:13:31.78] /o oa:0x173e5aa0
[21:13:34.82] /# gi::executeAction seDelete -in [gi::getWindows 2]
[21:13:34.82] /i ise::delete
[21:13:36.89] /# gi::executeAction deAddPoint -in [gi::getWindows 2]
[21:13:36.89] /i de::addPoint {4.65 1.78125} -context [db::getNext [de::getContexts -window 2]]
[21:13:37.18] /# gi::executeAction seDelete -in [gi::getWindows 2]
[21:13:37.18] /i ise::delete
[21:13:38.02] /# gi::executeAction deAddPoint -in [gi::getWindows 2]
[21:13:38.02] /i de::addPoint {5.3125 1.7625} -context [db::getNext [de::getContexts -window 2]]
[21:13:44.51] /# gi::executeAction deAddPoint -in [gi::getWindows 2]
[21:13:44.51] /i de::addPoint {5.2625 1.76875} -context [db::getNext [de::getContexts -window 2]]
[21:13:48.74] /# gi::executeAction deStartDrag -in [gi::getWindows 2]
[21:13:48.74] /i de::startDrag {4.6625 1.78125} -context [db::getNext [de::getContexts -window 2]]
[21:13:50.06] /# gi::executeAction deEndDrag -in [gi::getWindows 2]
[21:13:50.06] /i de::endDrag {4.65 1.7875} -context [db::getNext [de::getContexts -window 2]]
[21:13:51.20] /# gi::executeAction deAddPoint -in [gi::getWindows 2]
[21:13:51.20] /i de::addPoint {4.6625 1.78125} -context [db::getNext [de::getContexts -window 2]]
[21:13:52.15] /# gi::executeAction deStartDrag -in [gi::getWindows 2]
[21:13:52.15] /i de::startDrag {4.65625 1.78125} -context [db::getNext [de::getContexts -window 2]]
[21:13:53.15] /# gi::executeAction deEndDrag -in [gi::getWindows 2]
[21:13:53.15] /i de::endDrag {4.63125 1.74375} -context [db::getNext [de::getContexts -window 2]]
[21:13:53.79] /# gi::executeAction deAddPoint -in [gi::getWindows 2]
[21:13:53.79] /i de::addPoint {4.6625 1.7875} -context [db::getNext [de::getContexts -window 2]]
[21:13:57.68] /i de::undoTransaction -design [db::getAttr editDesign -of [de::getContexts -window 2]] -steps 1
[21:13:58.38] /# gi::executeAction deAddPoint -in [gi::getWindows 2]
[21:13:58.38] /i de::addPoint {5.13125 1.78125} -context [db::getNext [de::getContexts -window 2]]
[21:14:00.27] /# gi::executeAction deAddPoint -in [gi::getWindows 2]
[21:14:00.27] /i de::addPoint {4.675 0.4125} -context [db::getNext [de::getContexts -window 2]]
[21:14:03.65] /i de::undoTransaction -design [db::getAttr editDesign -of [de::getContexts -window 2]] -steps 1
[21:14:04.55] /# gi::executeAction deAbortCommand -in [gi::getWindows 2]
[21:14:04.55] /i de::abortCommand -context [db::getNext [de::getContexts -window 2]]
[21:14:06.94] /# gi::executeAction deSelectActive -in [gi::getWindows 2]
[21:14:06.94] /i de::deselectAll [db::getNext [de::getContexts -window 2]]
[21:14:06.94] /i de::select [de::getActiveFigure [gi::getWindows 2] -point {4.7 0.46875} -index 0 -intent none]
[21:14:06.94] /o oa:0x1e4a10e0
[21:14:07.88] /# gi::executeAction giPostContextMenu -in [gi::getWindows 2]
[21:14:07.89] /i gi::executeAction menuPreShow -in [gi::getWindows 2]
[21:14:07.89] /r giMenuAccess db::getNext [gi::getMenus seSchWireContextMenu]
[21:14:09.99] /# gi::executeAction seSchCreateWireNameAtPoint -in [gi::getWindows 2]
[21:14:09.99] /i ide::editCanvasText -object [::se::internal::_getSegmentLabel [db::getAttr object -of [de::getActiveFigure [gi::getWindows 2] -point {4.7 0.46875} -index 0 -intent none]] {4.6875 0.5} [db::getNext [de::getContexts -window 2]]]
[21:14:13.71] /i de::commandOption {clk}
[21:14:14.33] /# gi::executeAction deCanvasZoomOutAtPoint -in [gi::getWindows 2]
[21:14:14.33] /i de::zoom -window [gi::getWindows 2] -factor 0.5 -center {6.25625 1.63125}
[21:14:14.33] /o {1.0125 -1.175} {10.78125 2.85}
[21:14:15.97] /# gi::executeAction seStretch -in [gi::getWindows 2]
[21:14:15.97] /i ise::stretch
[21:14:16.29] /# gi::executeAction deStartDrag -in [gi::getWindows 2]
[21:14:16.29] /i de::startDrag {7.25 1.525} -context [db::getNext [de::getContexts -window 2]]
[21:14:18.17] /# gi::executeAction deEndDrag -in [gi::getWindows 2]
[21:14:18.17] /i de::endDrag {5.81875 1.8375} -context [db::getNext [de::getContexts -window 2]]
[21:14:18.28] /i gi::executeAction deCanvasDragCancel -in [gi::getWindows 2]
[21:14:20.16] /i de::undoTransaction -design [db::getAttr editDesign -of [de::getContexts -window 2]] -steps 1
[21:14:21.41] /# gi::executeAction deSelectActive -in [gi::getWindows 2]
[21:14:21.41] /i de::deselectAll [db::getNext [de::getContexts -window 2]]
[21:14:21.41] /i de::deselectAllLogic -context [db::getNext [de::getContexts -window 2]]
[21:14:22.22] /i gi::executeAction deCanvasDragCancel -in [gi::getWindows 2]
[21:14:23.14] /# gi::executeAction dePan -in [gi::getWindows 2]
[21:14:23.14] /i ide::pan [db::getNext [de::getContexts -window 2]]
[21:14:23.42] /# gi::executeAction deStartDrag -in [gi::getWindows 2]
[21:14:23.42] /i de::startDrag {6.7125 1.6375} -context [db::getNext [de::getContexts -window 2]]
[21:14:24.72] /# gi::executeAction deEndDrag -in [gi::getWindows 2]
[21:14:24.72] /i de::endDrag {6.70625 1.6375} -context [db::getNext [de::getContexts -window 2]]
[21:14:24.72] /r dePanToPoint {8.3625 0.41875}
[21:14:46.09] /# gi::executeAction deAddPoint -in [gi::getWindows 2]
[21:14:46.09] /i de::addPoint {6.31875 0.15625} -context [db::getNext [de::getContexts -window 2]]
[21:14:47.38] /# gi::executeAction deStartDrag -in [gi::getWindows 2]
[21:14:47.38] /i de::startDrag {6.975 0.34375} -context [db::getNext [de::getContexts -window 2]]
[21:14:49.87] /# gi::executeAction deEndDrag -in [gi::getWindows 2]
[21:14:49.87] /i de::endDrag {6.96875 0.35} -context [db::getNext [de::getContexts -window 2]]
[21:14:49.87] /r dePanToPoint {7.58125 0.225}
[21:14:50.09] /# gi::executeAction deCanvasZoomInAtPoint -in [gi::getWindows 2]
[21:14:50.09] /i de::zoom -window [gi::getWindows 2] -factor 2.0 -center {6.96875 0.35}
[21:14:50.09] /o {4.8375 -0.71875} {9.71875 1.29375}
[21:14:50.55] /# gi::executeAction deAbortCommand -in [gi::getWindows 2]
[21:14:50.55] /i de::abortCommand -context [db::getNext [de::getContexts -window 2]]
[21:14:51.52] /# gi::executeAction dePan -in [gi::getWindows 2]
[21:14:51.52] /i ide::pan [db::getNext [de::getContexts -window 2]]
[21:14:51.87] /# gi::executeAction deStartDrag -in [gi::getWindows 2]
[21:14:51.87] /i de::startDrag {6.75 0.01875} -context [db::getNext [de::getContexts -window 2]]
[21:14:53.45] /# gi::executeAction deAbortCommand -in [gi::getWindows 2]
[21:14:53.45] /i de::abortCommand -context [db::getNext [de::getContexts -window 2]]
[21:14:53.49] /# gi::executeAction deCanvasDragEnd -in [gi::getWindows 2]
[21:14:55.08] /# gi::executeAction deSelectActive -in [gi::getWindows 2]
[21:14:55.08] /i de::deselectAll [db::getNext [de::getContexts -window 2]]
[21:14:55.08] /i de::select [de::getActiveFigure [gi::getWindows 2] -point {6.31875 0.2375} -index 0 -intent none]
[21:14:55.08] /o oa:0x1e81ae10
[21:14:55.58] /# gi::executeAction deSelectActive -in [gi::getWindows 2]
[21:14:55.58] /i de::cycleActiveFigure [gi::getWindows 2] -direction next
[21:14:55.59] /o oa:0x1e86c170
[21:14:55.59] /i de::deselectAll [db::getNext [de::getContexts -window 2]]
[21:14:55.59] /i de::select [de::getActiveFigure [gi::getWindows 2] -point {6.31875 0.2375} -index 1 -intent none]
[21:14:55.59] /o oa:0x1ec09510
[21:14:56.97] /# gi::executeAction giPostContextMenu -in [gi::getWindows 2]
[21:14:56.98] /i gi::executeAction menuPreShow -in [gi::getWindows 2]
[21:14:56.98] /r giMenuAccess db::getNext [gi::getMenus seSchWireContextMenu]
[21:14:58.12] /# gi::executeAction seSchCreateWireNameAtPoint -in [gi::getWindows 2]
[21:14:58.12] /i ide::editCanvasText -object [::se::internal::_getSegmentLabel [db::getAttr object -of [de::getActiveFigure [gi::getWindows 2] -point {6.3125 0.23125} -index 0 -intent none]] {6.3125 0.25} [db::getNext [de::getContexts -window 2]]]
[21:15:02.37] /i de::commandOption {clkb}
[21:15:04.56] /# gi::executeAction deSelectActive -in [gi::getWindows 2]
[21:15:04.56] /i de::deselectAll [db::getNext [de::getContexts -window 2]]
[21:15:04.56] /i de::select [de::getActiveFigure [gi::getWindows 2] -point {6.3125 -1.15} -index 0 -intent none]
[21:15:04.56] /o oa:0x1dd5e3b0
[21:15:05.14] /# gi::executeAction giPostContextMenu -in [gi::getWindows 2]
[21:15:05.15] /i gi::executeAction menuPreShow -in [gi::getWindows 2]
[21:15:05.16] /r giMenuAccess db::getNext [gi::getMenus seSchWireContextMenu]
[21:15:06.21] /# gi::executeAction seSchCreateWireNameAtPoint -in [gi::getWindows 2]
[21:15:06.21] /i ide::editCanvasText -object [::se::internal::_getSegmentLabel [db::getAttr object -of [de::getActiveFigure [gi::getWindows 2] -point {6.3125 -1.15} -index 0 -intent none]] {6.3125 -1.125} [db::getNext [de::getContexts -window 2]]]
[21:15:09.31] /i de::commandOption {clk}
[21:15:10.39] /# gi::executeAction dePan -in [gi::getWindows 2]
[21:15:10.39] /i ide::pan [db::getNext [de::getContexts -window 2]]
[21:15:10.66] /# gi::executeAction deStartDrag -in [gi::getWindows 2]
[21:15:10.66] /i de::startDrag {9.39375 -0.425} -context [db::getNext [de::getContexts -window 2]]
[21:15:11.45] /# gi::executeAction deEndDrag -in [gi::getWindows 2]
[21:15:11.45] /i de::endDrag {9.3875 -0.425} -context [db::getNext [de::getContexts -window 2]]
[21:15:11.46] /r dePanToPoint {9.35625 0.50625}
[21:15:12.08] /# gi::executeAction deStartDrag -in [gi::getWindows 2]
[21:15:12.08] /i de::startDrag {10.5125 0.45625} -context [db::getNext [de::getContexts -window 2]]
[21:15:15.34] /# gi::executeAction deEndDrag -in [gi::getWindows 2]
[21:15:15.34] /i de::endDrag {10.50625 0.45625} -context [db::getNext [de::getContexts -window 2]]
[21:15:15.34] /r dePanToPoint {10.29375 1.06875}
[21:15:16.04] /# gi::executeAction deAbortCommand -in [gi::getWindows 2]
[21:15:16.04] /i de::abortCommand -context [db::getNext [de::getContexts -window 2]]
[21:15:28.28] /# gi::executeAction deSelectActive -in [gi::getWindows 2]
[21:15:28.28] /i de::deselectAll [db::getNext [de::getContexts -window 2]]
[21:15:28.28] /i de::select [de::getActiveFigure [gi::getWindows 2] -point {10.125 1.85625} -index 0 -intent none]
[21:15:28.28] /o oa:0x1e95ffb0
[21:15:28.43] /i de::select [se::getNetComponents [de::getActiveFigure [gi::getWindows 2] -point {10.125 1.85625} -index 0 -intent none] -of branch]
[21:15:28.43] /o oa:0x1ddd8570
[21:15:28.87] /# gi::executeAction giPostContextMenu -in [gi::getWindows 2]
[21:15:28.89] /i gi::executeAction menuPreShow -in [gi::getWindows 2]
[21:15:28.89] /r giMenuAccess db::getNext [gi::getMenus seSchWireContextMenu]
[21:15:30.09] /# gi::executeAction seSchCreateWireNameAtPoint -in [gi::getWindows 2]
[21:15:30.09] /i ide::editCanvasText -object [::se::internal::_getSegmentLabel [db::getAttr object -of [de::getActiveFigure [gi::getWindows 2] -point {10.125 1.85625} -index 0 -intent none]] {10.125 1.875} [db::getNext [de::getContexts -window 2]]]
[21:15:32.27] /i de::commandOption {clk}
[21:15:34.04] /# gi::executeAction deSelectActive -in [gi::getWindows 2]
[21:15:34.04] /i de::deselectAll [db::getNext [de::getContexts -window 2]]
[21:15:34.05] /i de::select [de::getActiveFigure [gi::getWindows 2] -point {10.13125 0.39375} -index 0 -intent none]
[21:15:34.05] /o oa:0x1f3ab760
[21:15:34.18] /i de::select [se::getNetComponents [de::getActiveFigure [gi::getWindows 2] -point {10.13125 0.39375} -index 0 -intent none] -of branch]
[21:15:34.19] /o oa:0x1e814ac0
[21:15:34.64] /# gi::executeAction giPostContextMenu -in [gi::getWindows 2]
[21:15:34.65] /i gi::executeAction menuPreShow -in [gi::getWindows 2]
[21:15:34.65] /r giMenuAccess db::getNext [gi::getMenus seSchWireContextMenu]
[21:15:35.73] /# gi::executeAction seSchCreateWireNameAtPoint -in [gi::getWindows 2]
[21:15:35.73] /i ide::editCanvasText -object [::se::internal::_getSegmentLabel [db::getAttr object -of [de::getActiveFigure [gi::getWindows 2] -point {10.13125 0.39375} -index 0 -intent none]] {10.125 0.375} [db::getNext [de::getContexts -window 2]]]
[21:15:37.42] /i de::commandOption {clkb}
[21:15:38.53] /# gi::executeAction dePan -in [gi::getWindows 2]
[21:15:38.54] /i ide::pan [db::getNext [de::getContexts -window 2]]
[21:15:38.77] /# gi::executeAction deStartDrag -in [gi::getWindows 2]
[21:15:38.77] /i de::startDrag {11.84375 0.6125} -context [db::getNext [de::getContexts -window 2]]
[21:15:39.55] /# gi::executeAction deEndDrag -in [gi::getWindows 2]
[21:15:39.56] /i de::endDrag {11.8375 0.61875} -context [db::getNext [de::getContexts -window 2]]
[21:15:39.56] /r dePanToPoint {11.55625 -0.15}
[21:15:40.24] /# gi::executeAction deStartDrag -in [gi::getWindows 2]
[21:15:40.24] /i de::startDrag {12.50625 -0.00625} -context [db::getNext [de::getContexts -window 2]]
[21:15:41.10] /# gi::executeAction deEndDrag -in [gi::getWindows 2]
[21:15:41.10] /i de::endDrag {12.5 -0.00625} -context [db::getNext [de::getContexts -window 2]]
[21:15:41.10] /r dePanToPoint {11.7625 -0.54375}
[21:15:41.15] /# gi::executeAction deAbortCommand -in [gi::getWindows 2]
[21:15:41.15] /i de::abortCommand -context [db::getNext [de::getContexts -window 2]]
[21:15:42.99] /# gi::executeAction deSelectActive -in [gi::getWindows 2]
[21:15:42.99] /i de::deselectAll [db::getNext [de::getContexts -window 2]]
[21:15:43.00] /i de::select [de::getActiveFigure [gi::getWindows 2] -point {11.825 0.16875} -index 0 -intent none]
[21:15:43.00] /o oa:0x1ea316f0
[21:15:43.14] /i de::select [se::getNetComponents [de::getActiveFigure [gi::getWindows 2] -point {11.825 0.16875} -index 0 -intent none] -of branch]
[21:15:43.15] /o oa:0x1f39fb10
[21:15:43.97] /# gi::executeAction giPostContextMenu -in [gi::getWindows 2]
[21:15:43.98] /i gi::executeAction menuPreShow -in [gi::getWindows 2]
[21:15:43.98] /r giMenuAccess db::getNext [gi::getMenus seSchWireContextMenu]
[21:15:45.13] /# gi::executeAction seSchCreateWireNameAtPoint -in [gi::getWindows 2]
[21:15:45.13] /i ide::editCanvasText -object [::se::internal::_getSegmentLabel [db::getAttr object -of [de::getActiveFigure [gi::getWindows 2] -point {11.825 0.16875} -index 0 -intent none]] {11.8125 0.1875} [db::getNext [de::getContexts -window 2]]]
[21:15:48.85] /i de::commandOption {clk}
[21:15:52.04] /# gi::executeAction deSelectActive -in [gi::getWindows 2]
[21:15:52.04] /i de::deselectAll [db::getNext [de::getContexts -window 2]]
[21:15:52.04] /i de::select [de::getActiveFigure [gi::getWindows 2] -point {11.81875 -1.26875} -index 0 -intent none]
[21:15:52.04] /o oa:0x1e995fc0
[21:15:52.57] /# gi::executeAction giPostContextMenu -in [gi::getWindows 2]
[21:15:52.59] /i gi::executeAction menuPreShow -in [gi::getWindows 2]
[21:15:52.59] /r giMenuAccess db::getNext [gi::getMenus seSchWireContextMenu]
[21:15:53.63] /# gi::executeAction seSchCreateWireNameAtPoint -in [gi::getWindows 2]
[21:15:53.63] /i ide::editCanvasText -object [::se::internal::_getSegmentLabel [db::getAttr object -of [de::getActiveFigure [gi::getWindows 2] -point {11.81875 -1.26875} -index 0 -intent none]] {11.8125 -1.25} [db::getNext [de::getContexts -window 2]]]
[21:15:55.44] /i de::commandOption {clkb}
[21:15:55.92] /# gi::executeAction deCanvasZoomOutAtPoint -in [gi::getWindows 2]
[21:15:55.92] /i de::zoom -window [gi::getWindows 2] -factor 0.5 -center {12.0375 -1.0625}
[21:15:55.92] /o {6.60625 -2.0375} {16.36875 1.9875}
[21:15:57.27] /# gi::executeAction dePan -in [gi::getWindows 2]
[21:15:57.27] /i ide::pan [db::getNext [de::getContexts -window 2]]
[21:15:57.64] /# gi::executeAction deStartDrag -in [gi::getWindows 2]
[21:15:57.64] /i de::startDrag {9.89375 -0.9625} -context [db::getNext [de::getContexts -window 2]]
[21:16:01.38] /# gi::executeAction deEndDrag -in [gi::getWindows 2]
[21:16:01.38] /i de::endDrag {9.8875 -0.95625} -context [db::getNext [de::getContexts -window 2]]
[21:16:01.38] /r dePanToPoint {12.35625 0.40625}
[21:16:02.17] /# gi::executeAction deStartDrag -in [gi::getWindows 2]
[21:16:02.17] /i de::startDrag {15.9125 0.33125} -context [db::getNext [de::getContexts -window 2]]
[21:16:03.17] /# gi::executeAction deEndDrag -in [gi::getWindows 2]
[21:16:03.18] /i de::endDrag {15.90625 0.33125} -context [db::getNext [de::getContexts -window 2]]
[21:16:03.18] /r dePanToPoint {13.06875 0.2625}
[21:16:03.69] /# gi::executeAction seSchCreateSchematicPin -in [gi::getWindows 2]
[21:16:03.69] /i ise::createSchematicPin
[21:16:06.67] /i gi::setField {schematicPinType} -value {output} -in [gi::getToolbars {deCommandOptions} -from [gi::getWindows 2]]
[21:16:09.99] /# gi::executeAction deAddPoint -in [gi::getWindows 2]
[21:16:09.99] /i de::addPoint {15.14375 1.10625} -context [db::getNext [de::getContexts -window 2]]
[21:16:10.84] /# gi::executeAction deAbortCommand -in [gi::getWindows 2]
[21:16:10.84] /i de::abortCommand -context [db::getNext [de::getContexts -window 2]]
[21:16:11.93] /# gi::executeAction deSelectActive -in [gi::getWindows 2]
[21:16:11.93] /i de::deselectAll [db::getNext [de::getContexts -window 2]]
[21:16:11.93] /i de::select [de::getActiveFigure [gi::getWindows 2] -point {15.43125 1.13125} -index 0 -intent none]
[21:16:11.93] /o oa:0x1e825130
[21:16:12.12] /i ide::editCanvasText -object [de::getActiveFigure [gi::getWindows 2] -point {15.43125 1.13125} -index 0 -intent none]
[21:16:13.29] /i de::commandOption {q}
[21:16:14.29] /# gi::executeAction deSelectActive -in [gi::getWindows 2]
[21:16:14.29] /i de::deselectAll [db::getNext [de::getContexts -window 2]]
[21:16:14.29] /i de::deselectAllLogic -context [db::getNext [de::getContexts -window 2]]
[21:16:16.95] /# gi::executeAction dePan -in [gi::getWindows 2]
[21:16:16.95] /i ide::pan [db::getNext [de::getContexts -window 2]]
[21:16:17.31] /# gi::executeAction deStartDrag -in [gi::getWindows 2]
[21:16:17.31] /i de::startDrag {14.825 1.5375} -context [db::getNext [de::getContexts -window 2]]
[21:16:17.95] /# gi::executeAction deEndDrag -in [gi::getWindows 2]
[21:16:17.95] /i de::endDrag {14.85625 1.5375} -context [db::getNext [de::getContexts -window 2]]
[21:16:17.95] /r dePanToPoint {10.5625 0.35}
[21:16:19.13] /# gi::executeAction deStartDrag -in [gi::getWindows 2]
[21:16:19.13] /i de::startDrag {9.7875 -0.6375} -context [db::getNext [de::getContexts -window 2]]
[21:16:19.72] /# gi::executeAction deEndDrag -in [gi::getWindows 2]
[21:16:19.72] /i de::endDrag {10.08125 -0.7} -context [db::getNext [de::getContexts -window 2]]
[21:16:19.72] /r dePanToPoint {5.78125 0.61875}
[21:16:20.56] /# gi::executeAction deStartDrag -in [gi::getWindows 2]
[21:16:20.56] /i de::startDrag {2.80625 -0.18125} -context [db::getNext [de::getContexts -window 2]]
[21:16:21.43] /# gi::executeAction deEndDrag -in [gi::getWindows 2]
[21:16:21.43] /i de::endDrag {2.79375 -0.18125} -context [db::getNext [de::getContexts -window 2]]
[21:16:21.45] /r dePanToPoint {6.80625 1.6375}
[21:16:22.19] /# gi::executeAction deStartDrag -in [gi::getWindows 2]
[21:16:22.19] /i de::startDrag {5.925 2.225} -context [db::getNext [de::getContexts -window 2]]
[21:16:24.46] /# gi::executeAction deEndDrag -in [gi::getWindows 2]
[21:16:24.46] /i de::endDrag {5.93125 2.225} -context [db::getNext [de::getContexts -window 2]]
[21:16:24.46] /r dePanToPoint {5.5375 0.5625}
[21:16:27.84] /# gi::executeAction seSchCheckAndSave -in [gi::getWindows 2]
[21:16:27.84] /i ise::check
[21:16:27.93] /m Information: 
              /c Cross view checking for dff/dff/symbol with dff/dff/schematic
              /c 	[error] Missing Terminal
              /c 		Terminal d found in schematic is missing in symbol
              /c 	[error] Missing Terminal
              /c 		Terminal clk found in schematic is missing in symbol
              /c 	[error] Missing Terminal
              /c 		Terminal q found in schematic is missing in symbol
              /c 	[error] Extra Terminal
              /c 		Extra terminal CLK found in symbol not found in schematic
              /c 	[error] Extra Terminal
              /c 		Extra terminal D found in symbol not found in schematic
              /c 	[error] Extra Terminal
              /c 		Extra terminal Q found in symbol not found in schematic (DE_EDIT-007)
[21:16:27.93] /m Information: 
[21:16:27.93] /o Checking "dff/dff/schematic"
[21:16:27.93] /o 	[warning] Floating Input Instance Pins
[21:16:27.93] /o 		Input pin 'clk' of instance 'I16' is floating
[21:16:27.93] /o 		Input pin 'clkb' of instance 'I17' is floating
[21:16:27.93] /o 		Input pin 'clkb' of instance 'I18' is floating
[21:16:27.93] /o 		Input pin 'clkb' of instance 'I19' is floating
[21:16:27.93] /o 		Input pin 'in' of instance 'I19' is floating
[21:16:27.93] /o 		Input pin 'in' of instance 'I21' is floating
[21:16:27.93] /o 		Input pin 'in' of instance 'I22' is floating
[21:16:27.93] /o 		Input pin 'out' of instance 'I15' is floating
[21:16:27.93] /o 		Input pin 'out' of instance 'I20' is floating
[21:16:27.93] /o 		Input pin 'out' of instance 'I23' is floating
[21:16:27.93] /o 	[warning] Floating Output Pins
[21:16:27.93] /o 		Output pin 'q' is floating
[21:16:27.94] /o 6 Error(s),11 Warning(s),0 Message(s) found   in "dff/dff/schematic"
[21:16:27.94] /m Information: Checking process is completed: marking the design violations
[21:16:27.95] /m Information: Marking of designs is completed
[21:16:27.95] /# db::setAttr shown -of [ gi::getAssistants deMarkerBrowser -from [ gi::getWindows 2 ]] -value true
[21:16:28.12] /r giDialog gi::setActiveDialog [gi::getDialogs {seSchCheckSaveDesign} -parent [gi::getWindows 2]]
[21:16:28.42] /r giDialog db::setAttr geometry -of [gi::getDialogs {seSchCheckSaveDesign} -parent [gi::getWindows 2]] -value 377x82+772+484
[21:16:32.56] /r giDialog gi::pressButton {save} -in [gi::getDialogs {seSchCheckSaveDesign} -parent [gi::getWindows 2]]
[21:16:35.21] /i gi::pressButton {ConsoleToggleButton} -in [db::getAttr statusbar -of [gi::getWindows 2]]
[21:16:35.52] /i db::setAttr dockSize -of [gi::getAssistants deMarkerBrowser -from [gi::getWindows 2]] -value 292x553
[21:16:48.30] /# gi::executeAction deCanvasZoomInAtPoint -in [gi::getWindows 2]
[21:16:48.30] /i de::zoom -window [gi::getWindows 2] -factor 2.0 -center {5.15 1.875}
[21:16:48.31] /o {2.90625 0.78125} {7.00625 2.225}
[21:16:48.46] /# gi::executeAction deCanvasZoomInAtPoint -in [gi::getWindows 2]
[21:16:48.46] /i de::zoom -window [gi::getWindows 2] -factor 2.0 -center {5.15 1.875}
[21:16:48.47] /o {4.025 1.325} {6.08125 2.05}
[21:16:50.11] /# gi::executeAction deCanvasZoomOutAtPoint -in [gi::getWindows 2]
[21:16:50.11] /i de::zoom -window [gi::getWindows 2] -factor 0.5 -center {4.8625 1.80625}
[21:16:50.11] /o {3.19375 0.85} {7.29375 2.29375}
[21:16:50.68] /# gi::executeAction deCanvasZoomOutAtPoint -in [gi::getWindows 2]
[21:16:50.68] /i de::zoom -window [gi::getWindows 2] -factor 0.5 -center {4.8625 1.8}
[21:16:50.68] /o {1.51875 -0.1} {9.725 2.79375}
[21:16:52.31] /# gi::executeAction deCanvasZoomInAtPoint -in [gi::getWindows 2]
[21:16:52.31] /i de::zoom -window [gi::getWindows 2] -factor 2.0 -center {2.43125 1.71875}
[21:16:52.31] /o {1.975 0.80625} {6.08125 2.25625}
[21:16:52.31] /# gi::executeAction deCanvasZoomInAtPoint -in [gi::getWindows 2]
[21:16:52.31] /i de::zoom -window [gi::getWindows 2] -factor 2.0 -center {2.43125 1.71875}
[21:16:52.31] /o {2.20625 1.2625} {4.25625 1.9875}
[21:16:53.22] /# gi::executeAction deCanvasZoomInAtPoint -in [gi::getWindows 2]
[21:16:53.22] /i de::zoom -window [gi::getWindows 2] -factor 2.0 -center {2.91875 1.70625}
[21:16:53.22] /o {2.5625 1.4875} {3.5875 1.84375}
[21:16:53.27] /# gi::executeAction deCanvasZoomOutAtPoint -in [gi::getWindows 2]
[21:16:53.27] /i de::zoom -window [gi::getWindows 2] -factor 0.5 -center {2.91875 1.70625}
[21:16:53.27] /o {2.20625 1.2625} {4.25625 1.9875}
[21:16:53.85] /# gi::executeAction deCanvasZoomOutAtPoint -in [gi::getWindows 2]
[21:16:53.85] /i de::zoom -window [gi::getWindows 2] -factor 0.5 -center {2.91875 1.70625}
[21:16:53.85] /o {1.4875 0.81875} {5.59375 2.26875}
[21:16:56.81] /# gi::executeAction deAddPoint -in [gi::getWindows 2]
[21:16:56.81] /i de::addPoint {2.73125 1.7625} -context [db::getNext [de::getContexts -window 2]]
[21:16:57.91] /# gi::executeAction deAbortCommand -in [gi::getWindows 2]
[21:16:57.91] /i de::abortCommand -context [db::getNext [de::getContexts -window 2]]
[21:17:02.29] /# gi::executeAction dePan -in [gi::getWindows 2]
[21:17:02.29] /i ide::pan [db::getNext [de::getContexts -window 2]]
[21:17:02.65] /# gi::executeAction deStartDrag -in [gi::getWindows 2]
[21:17:02.65] /i de::startDrag {3.9 1.51875} -context [db::getNext [de::getContexts -window 2]]
[21:17:03.37] /# gi::executeAction deEndDrag -in [gi::getWindows 2]
[21:17:03.37] /i de::endDrag {3.875 1.51875} -context [db::getNext [de::getContexts -window 2]]
[21:17:03.37] /r dePanToPoint {4.4875 1.7375}
[21:17:03.72] /# gi::executeAction deCanvasZoomOutAtPoint -in [gi::getWindows 2]
[21:17:03.72] /i de::zoom -window [gi::getWindows 2] -factor 0.5 -center {6.01875 1.6375}
[21:17:03.72] /o {-1.1375 0.3875} {7.06875 3.28125}
[21:17:03.83] /# gi::executeAction deCanvasZoomOutAtPoint -in [gi::getWindows 2]
[21:17:03.84] /i de::zoom -window [gi::getWindows 2] -factor 0.5 -center {6.01875 1.63125}
[21:17:03.84] /o {-8.3 -0.85625} {8.11875 4.93125}
[21:17:04.97] /# gi::executeAction deStartDrag -in [gi::getWindows 2]
[21:17:04.97] /i de::startDrag {6.3375 2.225} -context [db::getNext [de::getContexts -window 2]]
[21:17:07.49] /# gi::executeAction deEndDrag -in [gi::getWindows 2]
[21:17:07.49] /i de::endDrag {6.31875 2.225} -context [db::getNext [de::getContexts -window 2]]
[21:17:07.49] /r dePanToPoint {8.6 1.36875}
[21:17:08.08] /# gi::executeAction deAddPoint -in [gi::getWindows 2]
[21:17:08.08] /i de::addPoint {7.4375 2.74375} -context [db::getNext [de::getContexts -window 2]]
[21:17:09.10] /# gi::executeAction deStartDrag -in [gi::getWindows 2]
[21:17:09.10] /i de::startDrag {8.35 2.98125} -context [db::getNext [de::getContexts -window 2]]
[21:17:10.12] /# gi::executeAction deEndDrag -in [gi::getWindows 2]
[21:17:10.12] /i de::endDrag {8.35 2.9875} -context [db::getNext [de::getContexts -window 2]]
[21:17:10.12] /r dePanToPoint {8.50625 1.2125}
[21:17:29.29] /# gi::executeAction giPostContextMenu -in [gi::getAssistants giConsole -from [gi::getWindows 2]]
[21:17:30.97] /# gi::executeAction giConsoleAssistantCopy -in [gi::getAssistants giConsole -from [gi::getWindows 2]]
[21:18:06.07] /# gi::executeAction deCanvasZoomInAtPoint -in [gi::getWindows 2]
[21:18:06.07] /i de::zoom -window [gi::getWindows 2] -factor 2.0 -center {3.35 3.775}
[21:18:06.07] /o {1.825 1.05} {10.03125 3.94375}
[21:18:06.61] /# gi::executeAction deCanvasZoomInAtPoint -in [gi::getWindows 2]
[21:18:06.61] /i de::zoom -window [gi::getWindows 2] -factor 2.0 -center {3.4125 3.63125}
[21:18:06.61] /o {2.61875 2.3375} {6.71875 3.7875}
[21:18:08.04] /# gi::executeAction deCanvasZoomOutAtPoint -in [gi::getWindows 2]
[21:18:08.04] /i de::zoom -window [gi::getWindows 2] -factor 0.5 -center {3.4625 3.4625}
[21:18:08.04] /o {1.775 1.21875} {9.98125 4.1125}
[21:20:28.68] /# gi::executeAction deAddPoint -in [gi::getWindows 2]
[21:20:28.68] /i de::addPoint {3.03125 1.7625} -context [db::getNext [de::getContexts -window 2]]
[21:20:28.86] /# gi::executeAction deCompleteShape -in [gi::getWindows 2]
[21:20:28.86] /i de::completeShape -context [db::getNext [de::getContexts -window 2]]
[21:20:30.60] /# gi::executeAction deAbortCommand -in [gi::getWindows 2]
[21:20:30.60] /i de::abortCommand -context [db::getNext [de::getContexts -window 2]]
[21:20:31.34] /# gi::executeAction deSelectActive -in [gi::getWindows 2]
[21:20:31.35] /i de::deselectAll [db::getNext [de::getContexts -window 2]]
[21:20:31.35] /i de::select [de::getActiveFigure [gi::getWindows 2] -point {3.175 1.7625} -index 0 -intent none]
[21:20:31.35] /o oa:0x1f20fa90
[21:20:31.52] /i de::select [se::getNetComponents [de::getActiveFigure [gi::getWindows 2] -point {3.175 1.7625} -index 0 -intent none] -of branch]
[21:20:31.53] /o oa:0x1e4aa1d0
[21:20:33.25] /# gi::executeAction dePan -in [gi::getWindows 2]
[21:20:33.25] /i ide::pan [db::getNext [de::getContexts -window 2]]
[21:20:33.59] /# gi::executeAction deStartDrag -in [gi::getWindows 2]
[21:20:33.60] /i de::startDrag {5.86875 1.725} -context [db::getNext [de::getContexts -window 2]]
[21:20:35.87] /# gi::executeAction deEndDrag -in [gi::getWindows 2]
[21:20:35.87] /i de::endDrag {5.875 1.725} -context [db::getNext [de::getContexts -window 2]]
[21:20:35.87] /r dePanToPoint {6.25625 1.15}
[21:20:42.06] /# gi::executeAction deStartDrag -in [gi::getWindows 2]
[21:20:42.06] /i de::startDrag {7.2 0.28125} -context [db::getNext [de::getContexts -window 2]]
[21:20:45.86] /# gi::executeAction deEndDrag -in [gi::getWindows 2]
[21:20:45.86] /i de::endDrag {7.2125 0.2625} -context [db::getNext [de::getContexts -window 2]]
[21:20:45.87] /r dePanToPoint {4.6375 1.4875}
[21:20:46.52] /# gi::executeAction deStartDrag -in [gi::getWindows 2]
[21:20:46.52] /i de::startDrag {5.6 2.13125} -context [db::getNext [de::getContexts -window 2]]
[21:20:47.33] /# gi::executeAction deEndDrag -in [gi::getWindows 2]
[21:20:47.33] /i de::endDrag {5.6125 2.125} -context [db::getNext [de::getContexts -window 2]]
[21:20:47.33] /r dePanToPoint {3.8 2.93125}
[21:20:47.80] /# gi::executeAction deCanvasZoomInAtPoint -in [gi::getWindows 2]
[21:20:47.80] /i de::zoom -window [gi::getWindows 2] -factor 2.0 -center {3.7625 3.125}
[21:20:47.80] /o {1.73125 2.30625} {5.83125 3.75}
[21:20:47.87] /# gi::executeAction deCanvasZoomInAtPoint -in [gi::getWindows 2]
[21:20:47.87] /i de::zoom -window [gi::getWindows 2] -factor 2.0 -center {3.7625 3.125}
[21:20:47.87] /o {2.74375 2.71875} {4.8 3.4375}
[21:20:49.66] /# gi::executeAction deCanvasZoomOutAtPoint -in [gi::getWindows 2]
[21:20:49.66] /i de::zoom -window [gi::getWindows 2] -factor 0.5 -center {3.775 3.05}
[21:20:49.66] /o {1.71875 2.38125} {5.81875 3.825}
[21:20:49.81] /# gi::executeAction deCanvasZoomOutAtPoint -in [gi::getWindows 2]
[21:20:49.81] /i de::zoom -window [gi::getWindows 2] -factor 0.5 -center {3.78125 3.05}
[21:20:49.81] /o {-0.35 1.7125} {7.8625 4.60625}
[21:20:50.29] /# gi::executeAction deCanvasZoomInAtPoint -in [gi::getWindows 2]
[21:20:50.29] /i de::zoom -window [gi::getWindows 2] -factor 2.0 -center {3.7875 3.05}
[21:20:50.29] /o {1.71875 2.38125} {5.825 3.825}
[21:20:50.81] /# gi::executeAction deAddPoint -in [gi::getWindows 2]
[21:20:50.81] /i de::addPoint {3.69375 3.075} -context [db::getNext [de::getContexts -window 2]]
[21:20:51.75] /# gi::executeAction deStartDrag -in [gi::getWindows 2]
[21:20:51.75] /i de::startDrag {3.775 2.8625} -context [db::getNext [de::getContexts -window 2]]
[21:20:52.28] /# gi::executeAction deEndDrag -in [gi::getWindows 2]
[21:20:52.28] /i de::endDrag {3.775 2.875} -context [db::getNext [de::getContexts -window 2]]
[21:20:52.28] /r dePanToPoint {3.66875 2.35625}
[21:20:52.86] /# gi::executeAction deStartDrag -in [gi::getWindows 2]
[21:20:52.86] /i de::startDrag {4.03125 2.4625} -context [db::getNext [de::getContexts -window 2]]
[21:20:53.51] /# gi::executeAction deEndDrag -in [gi::getWindows 2]
[21:20:53.51] /i de::endDrag {4.03125 2.41875} -context [db::getNext [de::getContexts -window 2]]
[21:20:53.51] /r dePanToPoint {3.6 3.18125}
[21:20:54.32] /# gi::executeAction deAbortCommand -in [gi::getWindows 2]
[21:20:54.32] /i de::abortCommand -context [db::getNext [de::getContexts -window 2]]
[21:20:55.80] /# gi::executeAction deSelectActive -in [gi::getWindows 2]
[21:20:55.80] /i de::deselectAll [db::getNext [de::getContexts -window 2]]
[21:20:55.80] /i de::select [de::getActiveFigure [gi::getWindows 2] -point {3.375 3.24375} -index 0 -intent none]
[21:20:55.80] /o oa:0x1e7f2ae0
[21:20:56.57] /# gi::executeAction giPostContextMenu -in [gi::getWindows 2]
[21:20:56.58] /i gi::executeAction menuPreShow -in [gi::getWindows 2]
[21:20:56.58] /r giMenuAccess db::getNext [gi::getMenus seSchWireContextMenu]
[21:21:01.17] /# gi::executeAction seSelectNet -in [gi::getWindows 2]
[21:21:01.17] /i de::select [se::getNetComponents [de::getActiveFigure [gi::getWindows 2] -point {3.375 3.24375} -index 0 -intent none] -of net]
[21:21:01.17] /o oa:0x1e90f890
[21:21:03.12] /# gi::executeAction giPostContextMenu -in [gi::getWindows 2]
[21:21:03.13] /i gi::executeAction menuPreShow -in [gi::getWindows 2]
[21:21:03.13] /r giMenuAccess db::getNext [gi::getMenus seSchWireContextMenu]
[21:21:04.68] /# gi::executeAction seSelectConnected -in [gi::getWindows 2]
[21:21:04.68] /i de::select [se::getNetComponents [de::getActiveFigure [gi::getWindows 2] -point {3.3875 3.2} -index 0 -intent none] -of subnet]
[21:21:04.68] /o oa:0x1f3f55b0
[21:21:06.24] /# gi::executeAction deCanvasZoomOutAtPoint -in [gi::getWindows 2]
[21:21:06.24] /i de::zoom -window [gi::getWindows 2] -factor 0.5 -center {4.26875 3.175}
[21:21:06.24] /o {-1.175 1.75} {7.03125 4.64375}
[21:21:06.64] /# gi::executeAction deCanvasZoomOutAtPoint -in [gi::getWindows 2]
[21:21:06.64] /i de::zoom -window [gi::getWindows 2] -factor 0.5 -center {4.55625 2.93125}
[21:21:06.64] /o {-6.9 0.5625} {9.5125 6.35}
[21:21:07.59] /i gi::executeAction deCanvasDragSelect -in [gi::getWindows 2]
[21:21:07.59] /r deCanvasDragStart 5.225 2.60625
[21:21:09.04] /# gi::executeAction deCanvasDragEnd -in [gi::getWindows 2]
[21:21:09.04] /i gi::executeAction deCanvasDragEnd -in [gi::getWindows 2]
[21:21:09.04] /r deCanvasDragEnd 5.48125 3.275
[21:21:11.35] /# gi::executeAction deSelectActive -in [gi::getWindows 2]
[21:21:11.35] /i de::deselectAll [db::getNext [de::getContexts -window 2]]
[21:21:11.35] /i de::select [de::getActiveFigure [gi::getWindows 2] -point {3.39375 3.24375} -index 0 -intent none]
[21:21:11.35] /o oa:0x1dde3690
[21:21:11.75] /# gi::executeAction giPostContextMenu -in [gi::getWindows 2]
[21:21:11.77] /i gi::executeAction menuPreShow -in [gi::getWindows 2]
[21:21:11.77] /r giMenuAccess db::getNext [gi::getMenus seSchWireContextMenu]
[21:21:12.77] /# gi::executeAction seSelectConnected -in [gi::getWindows 2]
[21:21:12.77] /i de::select [se::getNetComponents [de::getActiveFigure [gi::getWindows 2] -point {3.39375 3.24375} -index 0 -intent none] -of subnet]
[21:21:12.78] /o oa:0x1f3ef8e0
[21:21:14.13] /# gi::executeAction dePan -in [gi::getWindows 2]
[21:21:14.13] /i ide::pan [db::getNext [de::getContexts -window 2]]
[21:21:14.48] /# gi::executeAction deStartDrag -in [gi::getWindows 2]
[21:21:14.48] /i de::startDrag {5.99375 2.875} -context [db::getNext [de::getContexts -window 2]]
[21:21:17.85] /# gi::executeAction deEndDrag -in [gi::getWindows 2]
[21:21:17.85] /i de::endDrag {5.9875 2.8875} -context [db::getNext [de::getContexts -window 2]]
[21:21:17.85] /r dePanToPoint {6.7625 1.16875}
[21:21:18.30] /# gi::executeAction deAddPoint -in [gi::getWindows 2]
[21:21:18.30] /i de::addPoint {5.9875 2.8875} -context [db::getNext [de::getContexts -window 2]]
[21:21:19.58] /# gi::executeAction deStartDrag -in [gi::getWindows 2]
[21:21:19.58] /i de::startDrag {5.80625 2.6} -context [db::getNext [de::getContexts -window 2]]
[21:21:22.08] /# gi::executeAction deEndDrag -in [gi::getWindows 2]
[21:21:22.08] /i de::endDrag {5.79375 2.6} -context [db::getNext [de::getContexts -window 2]]
[21:21:22.08] /r dePanToPoint {7.75625 0.98125}
[21:21:22.33] /# gi::executeAction deAbortCommand -in [gi::getWindows 2]
[21:21:22.33] /i de::abortCommand -context [db::getNext [de::getContexts -window 2]]
[21:21:24.22] /# gi::executeAction deSelectActive -in [gi::getWindows 2]
[21:21:24.22] /i de::deselectAll [db::getNext [de::getContexts -window 2]]
[21:21:24.22] /i de::deselectAllLogic -context [db::getNext [de::getContexts -window 2]]
[21:21:26.45] /# gi::executeAction deSelectActive -in [gi::getWindows 2]
[21:21:26.45] /i de::deselectAllLogic -context [db::getNext [de::getContexts -window 2]]
[21:21:28.23] /# gi::executeAction deSelectActive -in [gi::getWindows 2]
[21:21:28.23] /i de::deselectAll [db::getNext [de::getContexts -window 2]]
[21:21:28.23] /i de::select [de::getActiveFigure [gi::getWindows 2] -point {2.71875 1.74375} -index 0 -intent none]
[21:21:28.23] /o oa:0x1e8b3440
[21:21:30.79] /# gi::executeAction deSelectActive -in [gi::getWindows 2]
[21:21:30.79] /i de::deselectAll [db::getNext [de::getContexts -window 2]]
[21:21:30.79] /i de::select [de::getActiveFigure [gi::getWindows 2] -point {3.1875 1.74375} -index 0 -intent none]
[21:21:30.79] /o oa:0x1e9b03e0
[21:21:32.59] /# gi::executeAction deSelectActive -in [gi::getWindows 2]
[21:21:32.59] /i de::deselectAll [db::getNext [de::getContexts -window 2]]
[21:21:32.59] /i de::select [de::getActiveFigure [gi::getWindows 2] -point {3.36875 1.79375} -index 0 -intent none]
[21:21:32.59] /o oa:0x1ddb6700
[21:21:33.73] /# gi::executeAction deSelectActive -in [gi::getWindows 2]
[21:21:33.73] /i de::deselectAll [db::getNext [de::getContexts -window 2]]
[21:21:33.73] /i de::select [de::getActiveFigure [gi::getWindows 2] -point {3.075 1.73125} -index 0 -intent none]
[21:21:33.73] /o oa:0x1e7a5420
[21:21:36.99] /# gi::executeAction deSelectActive -in [gi::getWindows 2]
[21:21:36.99] /i de::deselectAll [db::getNext [de::getContexts -window 2]]
[21:21:36.99] /i de::select [de::getActiveFigure [gi::getWindows 2] -point {3.36875 1.84375} -index 0 -intent none]
[21:21:36.99] /o oa:0x1e8e33f0
[21:21:51.14] /# gi::executeAction giPostContextMenu -in [gi::getWindows 2]
[21:21:51.17] /i gi::executeAction menuPreShow -in [gi::getWindows 2]
[21:21:51.17] /r giMenuAccess db::getNext [gi::getMenus seSchWireContextMenu]
[21:21:53.31] /# gi::executeAction seSchCreateWireNameAtPoint -in [gi::getWindows 2]
[21:21:53.31] /i ide::editCanvasText -object [::se::internal::_getSegmentLabel [db::getAttr object -of [de::getActiveFigure [gi::getWindows 2] -point {3.4 1.8125} -index 0 -intent none]] {3.375 1.8125} [db::getNext [de::getContexts -window 2]]]
[21:21:56.45] /# gi::executeAction deCanvasZoomInAtPoint -in [gi::getWindows 2]
[21:21:56.45] /i de::zoom -window [gi::getWindows 2] -factor 2.0 -center {4.3 2.1}
[21:21:56.45] /o {1.925 0.09375} {10.13125 2.9875}
[21:22:00.00] /i de::abortCommand
[21:22:01.94] /# gi::executeAction deSelectActive -in [gi::getWindows 2]
[21:22:01.94] /i de::deselectAll [db::getNext [de::getContexts -window 2]]
[21:22:01.94] /i de::deselectAllLogic -context [db::getNext [de::getContexts -window 2]]
[21:22:02.57] /# gi::executeAction deSelectActive -in [gi::getWindows 2]
[21:22:02.57] /i de::deselectAllLogic -context [db::getNext [de::getContexts -window 2]]
[21:22:03.38] /# gi::executeAction deSelectActive -in [gi::getWindows 2]
[21:22:03.38] /i de::deselectAll [db::getNext [de::getContexts -window 2]]
[21:22:03.38] /i de::select [de::getActiveFigure [gi::getWindows 2] -point {3.38125 1.875} -index 0 -intent none]
[21:22:03.38] /o oa:0x1ec0f950
[21:22:04.63] /# gi::executeAction deSelectActive -in [gi::getWindows 2]
[21:22:04.63] /i de::deselectAll [db::getNext [de::getContexts -window 2]]
[21:22:04.63] /i de::deselectAllLogic -context [db::getNext [de::getContexts -window 2]]
[21:22:07.05] /# gi::executeAction seSchCheckAndSave -in [gi::getWindows 2]
[21:22:07.05] /i ise::check
[21:22:07.10] /m Information: 
              /c Cross view checking for dff/dff/symbol with dff/dff/schematic
              /c 	[error] Missing Terminal
              /c 		Terminal d found in schematic is missing in symbol
              /c 	[error] Missing Terminal
              /c 		Terminal clk found in schematic is missing in symbol
              /c 	[error] Missing Terminal
              /c 		Terminal q found in schematic is missing in symbol
              /c 	[error] Extra Terminal
              /c 		Extra terminal CLK found in symbol not found in schematic
              /c 	[error] Extra Terminal
              /c 		Extra terminal D found in symbol not found in schematic
              /c 	[error] Extra Terminal
              /c 		Extra terminal Q found in symbol not found in schematic (DE_EDIT-007)
[21:22:07.10] /m Information: 
[21:22:07.10] /o Checking "dff/dff/schematic"
[21:22:07.10] /o 	[warning] Floating Input Instance Pins
[21:22:07.10] /o 		Input pin 'clk' of instance 'I16' is floating
[21:22:07.10] /o 		Input pin 'clkb' of instance 'I17' is floating
[21:22:07.10] /o 		Input pin 'clkb' of instance 'I18' is floating
[21:22:07.10] /o 		Input pin 'clkb' of instance 'I19' is floating
[21:22:07.10] /o 		Input pin 'in' of instance 'I19' is floating
[21:22:07.10] /o 		Input pin 'in' of instance 'I21' is floating
[21:22:07.10] /o 		Input pin 'in' of instance 'I22' is floating
[21:22:07.10] /o 		Input pin 'out' of instance 'I15' is floating
[21:22:07.10] /o 		Input pin 'out' of instance 'I20' is floating
[21:22:07.10] /o 		Input pin 'out' of instance 'I23' is floating
[21:22:07.10] /o 	[warning] Floating Output Pins
[21:22:07.10] /o 		Output pin 'q' is floating
[21:22:07.10] /o 6 Error(s),11 Warning(s),0 Message(s) found   in "dff/dff/schematic"
[21:22:07.10] /m Information: Checking process is completed: marking the design violations
[21:22:07.11] /m Information: Marking of designs is completed
[21:22:07.36] /r giDialog gi::setActiveDialog [gi::getDialogs {seSchCheckSaveDesign} -parent [gi::getWindows 2]]
[21:22:07.66] /r giDialog db::setAttr geometry -of [gi::getDialogs {seSchCheckSaveDesign} -parent [gi::getWindows 2]] -value 377x82+772+484
[21:22:09.23] /r giDialog gi::pressButton {save} -in [gi::getDialogs {seSchCheckSaveDesign} -parent [gi::getWindows 2]]
[21:22:15.16] /# gi::executeAction deSelectActive -in [gi::getWindows 2]
[21:22:15.16] /i de::deselectAllLogic -context [db::getNext [de::getContexts -window 2]]
[21:22:15.85] /# gi::executeAction deCanvasZoomOutAtPoint -in [gi::getWindows 2]
[21:22:15.85] /i de::zoom -window [gi::getWindows 2] -factor 0.5 -center {5.425 1.75625}
[21:22:15.85] /o {-1.575 -1.5625} {14.8375 4.21875}
[21:22:16.62] /# gi::executeAction deCanvasZoomInAtPoint -in [gi::getWindows 2]
[21:22:16.62] /i de::zoom -window [gi::getWindows 2] -factor 2.0 -center {8.19375 1.35625}
[21:22:16.62] /o {3.30625 -0.10625} {11.51875 2.7875}
[21:22:17.29] /# gi::executeAction deCanvasZoomInAtPoint -in [gi::getWindows 2]
[21:22:17.29] /i de::zoom -window [gi::getWindows 2] -factor 2.0 -center {8.25 1.35}
[21:22:17.29] /o {5.78125 0.625} {9.88125 2.06875}
[21:22:17.83] /# gi::executeAction deCanvasZoomOutAtPoint -in [gi::getWindows 2]
[21:22:17.83] /i de::zoom -window [gi::getWindows 2] -factor 0.5 -center {8.23125 1.35}
[21:22:17.83] /o {3.325 -0.10625} {11.5375 2.7875}
[21:22:22.27] /# gi::executeAction dePan -in [gi::getWindows 2]
[21:22:22.27] /i ide::pan [db::getNext [de::getContexts -window 2]]
[21:22:22.76] /# gi::executeAction deStartDrag -in [gi::getWindows 2]
[21:22:22.76] /i de::startDrag {4.44375 2.16875} -context [db::getNext [de::getContexts -window 2]]
[21:22:23.59] /# gi::executeAction deEndDrag -in [gi::getWindows 2]
[21:22:23.59] /i de::endDrag {4.44375 2.16875} -context [db::getNext [de::getContexts -window 2]]
[21:22:23.59] /r dePanToPoint {4.44375 1.86875}
[21:22:23.93] /# gi::executeAction deCanvasZoomInAtPoint -in [gi::getWindows 2]
[21:22:23.93] /i de::zoom -window [gi::getWindows 2] -factor 2.0 -center {3.65625 1.90625}
[21:22:23.94] /o {2.0 1.1625} {6.1 2.6125}
[21:22:23.99] /# gi::executeAction deCanvasZoomInAtPoint -in [gi::getWindows 2]
[21:22:24.00] /i de::zoom -window [gi::getWindows 2] -factor 2.0 -center {3.65625 1.90625}
[21:22:24.00] /o {2.825 1.5375} {4.88125 2.25625}
[21:22:25.04] /# gi::executeAction deAbortCommand -in [gi::getWindows 2]
[21:22:25.04] /i de::abortCommand -context [db::getNext [de::getContexts -window 2]]
[21:22:25.40] /# gi::executeAction deSelectActive -in [gi::getWindows 2]
[21:22:25.40] /i de::deselectAll [db::getNext [de::getContexts -window 2]]
[21:22:25.40] /i de::select [de::getActiveFigure [gi::getWindows 2] -point {3.3375 1.8125} -index 0 -intent none]
[21:22:25.40] /o oa:0x1e9377f0
[21:22:25.63] /i ide::editCanvasText -object [de::getActiveFigure [gi::getWindows 2] -point {3.3375 1.8125} -index 0 -intent none]
[21:22:26.97] /i de::abortCommand
[21:22:27.92] /# gi::executeAction deSelectActive -in [gi::getWindows 2]
[21:22:27.92] /i de::cycleActiveFigure [gi::getWindows 2] -direction next
[21:22:27.92] /o oa:0x1e3a86d0
[21:22:28.06] /i ide::editCanvasText -object [de::getActiveFigure [gi::getWindows 2] -point {3.3375 1.825} -index 0 -intent none]
[21:22:30.08] /i de::abortCommand
[21:22:31.25] /# gi::executeAction deSelectActive -in [gi::getWindows 2]
[21:22:31.25] /i de::deselectAll [db::getNext [de::getContexts -window 2]]
[21:22:31.25] /i de::select [de::getActiveFigure [gi::getWindows 2] -point {3.34375 1.825} -index 0 -intent none]
[21:22:31.25] /o oa:0x1dd9a770
[21:22:31.40] /i de::select [se::getNetComponents [de::getActiveFigure [gi::getWindows 2] -point {3.34375 1.825} -index 0 -intent none] -of branch]
[21:22:31.40] /o oa:0x1e7a4a30
[21:22:31.91] /# gi::executeAction deSelectActive -in [gi::getWindows 2]
[21:22:31.91] /i de::deselectAll [db::getNext [de::getContexts -window 2]]
[21:22:31.91] /i de::select [de::getActiveFigure [gi::getWindows 2] -point {3.34375 1.825} -index 0 -intent none]
[21:22:31.91] /o oa:0x1e903730
[21:22:32.06] /i de::select [se::getNetComponents [de::getActiveFigure [gi::getWindows 2] -point {3.34375 1.825} -index 0 -intent none] -of branch]
[21:22:32.06] /o oa:0x1e8f4fd0
[21:22:33.26] /# gi::executeAction deSelectActive -in [gi::getWindows 2]
[21:22:33.26] /i de::deselectAll [db::getNext [de::getContexts -window 2]]
[21:22:33.26] /i de::deselectAllLogic -context [db::getNext [de::getContexts -window 2]]
[21:22:34.03] /# gi::executeAction deSelectActive -in [gi::getWindows 2]
[21:22:34.03] /i de::deselectAll [db::getNext [de::getContexts -window 2]]
[21:22:34.04] /i de::select [de::getActiveFigure [gi::getWindows 2] -point {3.2875 1.8} -index 0 -intent none]
[21:22:34.04] /o oa:0x1e480810
[21:22:34.40] /# gi::executeAction deSelectActive -in [gi::getWindows 2]
[21:22:34.40] /i de::cycleActiveFigure [gi::getWindows 2] -direction next
[21:22:34.40] /o oa:0x1f499cb0
[21:22:34.53] /i ide::editCanvasText -object [de::getActiveFigure [gi::getWindows 2] -point {3.30625 1.80625} -index 0 -intent none]
[21:22:35.18] /i de::commandOption {clk}
[21:22:35.74] /# gi::executeAction deSelectActive -in [gi::getWindows 2]
[21:22:35.74] /i de::deselectAll [db::getNext [de::getContexts -window 2]]
[21:22:35.74] /i de::select [de::getActiveFigure [gi::getWindows 2] -point {3.2375 1.75} -index 0 -intent none]
[21:22:35.74] /o oa:0x1990f5a0
[21:22:36.65] /# gi::executeAction deSelectActive -in [gi::getWindows 2]
[21:22:36.65] /i de::deselectAll [db::getNext [de::getContexts -window 2]]
[21:22:36.65] /i de::select [de::getActiveFigure [gi::getWindows 2] -point {3.33125 1.79375} -index 0 -intent none]
[21:22:36.65] /o oa:0x1e085340
[21:22:36.82] /i ide::editCanvasText -object [de::getActiveFigure [gi::getWindows 2] -point {3.33125 1.79375} -index 0 -intent none]
[21:22:37.45] /i de::commandOption {clk}
[21:22:37.97] /# gi::executeAction deSelectActive -in [gi::getWindows 2]
[21:22:37.97] /i de::deselectAll [db::getNext [de::getContexts -window 2]]
[21:22:37.97] /i de::select [de::getActiveFigure [gi::getWindows 2] -point {3.35625 1.83125} -index 0 -intent none]
[21:22:37.97] /o oa:0x1e73bdb0
[21:22:38.13] /i de::select [se::getNetComponents [de::getActiveFigure [gi::getWindows 2] -point {3.35625 1.83125} -index 0 -intent none] -of branch]
[21:22:38.13] /o oa:0x1ec24000
[21:22:39.55] /# gi::executeAction seDelete -in [gi::getWindows 2]
[21:22:39.55] /i ise::delete
[21:22:41.33] /# gi::executeAction dePan -in [gi::getWindows 2]
[21:22:41.33] /i ide::pan [db::getNext [de::getContexts -window 2]]
[21:22:41.66] /# gi::executeAction deStartDrag -in [gi::getWindows 2]
[21:22:41.66] /i de::startDrag {3.225 1.73125} -context [db::getNext [de::getContexts -window 2]]
[21:22:42.70] /# gi::executeAction deEndDrag -in [gi::getWindows 2]
[21:22:42.70] /i de::endDrag {3.225 1.73125} -context [db::getNext [de::getContexts -window 2]]
[21:22:42.70] /r dePanToPoint {3.29375 1.88125}
[21:22:42.93] /# gi::executeAction deCanvasZoomOutAtPoint -in [gi::getWindows 2]
[21:22:42.93] /i de::zoom -window [gi::getWindows 2] -factor 0.5 -center {3.225 1.73125}
[21:22:42.93] /o {1.30625 1.3125} {5.4125 2.7625}
[21:22:43.70] /# gi::executeAction deStartDrag -in [gi::getWindows 2]
[21:22:43.70] /i de::startDrag {3.54375 1.625} -context [db::getNext [de::getContexts -window 2]]
[21:22:44.45] /# gi::executeAction deEndDrag -in [gi::getWindows 2]
[21:22:44.45] /i de::endDrag {3.54375 1.63125} -context [db::getNext [de::getContexts -window 2]]
[21:22:44.45] /r dePanToPoint {3.7875 1.70625}
[21:22:45.66] /# gi::executeAction seSchCreateWire -in [gi::getWindows 2]
[21:22:45.66] /i ise::createWire
[21:22:46.42] /# gi::executeAction deAddPoint -in [gi::getWindows 2]
[21:22:46.42] /i de::addPoint {3.38125 1.98125} -context [db::getNext [de::getContexts -window 2]]
[21:22:46.55] /i de::setCursor -point {3.375 1.9375 }
[21:22:48.79] /# gi::executeAction deAddPoint -in [gi::getWindows 2]
[21:22:48.79] /i de::addPoint {3.35625 1.725} -context [db::getNext [de::getContexts -window 2]]
[21:22:48.97] /i de::setCursor -point {3.3125 1.75 }
[21:22:51.46] /# gi::executeAction deAddPoint -in [gi::getWindows 2]
[21:22:51.46] /i de::addPoint {2.78125 1.7625} -context [db::getNext [de::getContexts -window 2]]
[21:22:52.41] /# gi::executeAction seSchCreateSchematicPin -in [gi::getWindows 2]
[21:22:52.41] /i ise::createSchematicPin
[21:22:54.21] /i gi::setField {schematicPinType} -value {input} -in [gi::getToolbars {deCommandOptions} -from [gi::getWindows 2]]
[21:22:56.10] /# gi::executeAction deAbortCommand -in [gi::getWindows 2]
[21:22:56.10] /i de::abortCommand -context [db::getNext [de::getContexts -window 2]]
[21:22:56.82] /# gi::executeAction seSchCreateWire -in [gi::getWindows 2]
[21:22:56.82] /i ise::createWire
[21:22:57.74] /# gi::executeAction deAddPoint -in [gi::getWindows 2]
[21:22:57.74] /i de::addPoint {3.36875 1.99375} -context [db::getNext [de::getContexts -window 2]]
[21:22:57.87] /i de::setCursor -point {3.375 1.9375 }
[21:23:00.02] /# gi::executeAction deAddPoint -in [gi::getWindows 2]
[21:23:00.02] /i de::addPoint {3.36875 1.6875} -context [db::getNext [de::getContexts -window 2]]
[21:23:00.14] /i de::setCursor -point {3.3125 1.6875 }
[21:23:01.79] /# gi::executeAction deAddPoint -in [gi::getWindows 2]
[21:23:01.79] /i de::addPoint {2.825 1.7} -context [db::getNext [de::getContexts -window 2]]
[21:23:01.93] /# gi::executeAction deCompleteShape -in [gi::getWindows 2]
[21:23:01.93] /i de::completeShape -context [db::getNext [de::getContexts -window 2]]
[21:23:03.14] /# gi::executeAction seSchCreateSchematicPin -in [gi::getWindows 2]
[21:23:03.14] /i ise::createSchematicPin
[21:23:06.12] /# gi::executeAction deAddPoint -in [gi::getWindows 2]
[21:23:06.12] /i de::addPoint {2.80625 1.675} -context [db::getNext [de::getContexts -window 2]]
[21:23:06.91] /# gi::executeAction deAbortCommand -in [gi::getWindows 2]
[21:23:06.91] /i de::abortCommand -context [db::getNext [de::getContexts -window 2]]
[21:23:07.94] /# gi::executeAction deSelectActive -in [gi::getWindows 2]
[21:23:07.94] /i de::deselectAll [db::getNext [de::getContexts -window 2]]
[21:23:07.94] /i de::select [de::getActiveFigure [gi::getWindows 2] -point {2.5375 1.69375} -index 0 -intent none]
[21:23:07.94] /o oa:0x1fcae030
[21:23:08.09] /i ide::editCanvasText -object [de::getActiveFigure [gi::getWindows 2] -point {2.5375 1.69375} -index 0 -intent none]
[21:23:10.32] /i de::commandOption {clk}
[21:23:12.66] /# gi::executeAction deSelectActive -in [gi::getWindows 2]
[21:23:12.66] /i de::deselectAll [db::getNext [de::getContexts -window 2]]
[21:23:12.66] /i de::select [de::getActiveFigure [gi::getWindows 2] -point {3.3875 1.81875} -index 0 -intent none]
[21:23:12.66] /o oa:0x1eb63940
[21:23:13.56] /# gi::executeAction deSelectActive -in [gi::getWindows 2]
[21:23:13.56] /i de::cycleActiveFigure [gi::getWindows 2] -direction next
[21:23:13.56] /o oa:0x197d8100
[21:23:13.74] /i de::select [se::getNetComponents [de::getActiveFigure [gi::getWindows 2] -point {3.3875 1.81875} -index 0 -intent none] -of branch]
[21:23:13.74] /o oa:0x1f3a4c60
[21:23:14.25] /# gi::executeAction giPostContextMenu -in [gi::getWindows 2]
[21:23:14.27] /i gi::executeAction menuPreShow -in [gi::getWindows 2]
[21:23:14.27] /r giMenuAccess db::getNext [gi::getMenus seSchWireContextMenu]
[21:23:17.01] /# gi::executeAction giPostContextMenu -in [gi::getWindows 2]
[21:23:17.03] /i gi::executeAction menuPreShow -in [gi::getWindows 2]
[21:23:17.03] /r giMenuAccess db::getNext [gi::getMenus seSchWireContextMenu]
[21:23:18.57] /# gi::executeAction seSchCreateWireNameAtPoint -in [gi::getWindows 2]
[21:23:18.57] /i ide::editCanvasText -object [::se::internal::_getSegmentLabel [db::getAttr object -of [de::getActiveFigure [gi::getWindows 2] -point {3.38125 1.8625} -index 0 -intent none]] {3.375 1.875} [db::getNext [de::getContexts -window 2]]]
[21:23:20.54] /i de::commandOption {clk}
[21:23:21.94] /# gi::executeAction deCanvasZoomOutAtPoint -in [gi::getWindows 2]
[21:23:21.94] /i de::zoom -window [gi::getWindows 2] -factor 0.5 -center {4.16875 1.95}
[21:23:21.94] /o {-0.69375 0.01875} {7.51875 2.9125}
[21:23:22.65] /# gi::executeAction deSelectActive -in [gi::getWindows 2]
[21:23:22.65] /i de::deselectAll [db::getNext [de::getContexts -window 2]]
[21:23:22.65] /i de::deselectAllLogic -context [db::getNext [de::getContexts -window 2]]
[21:23:28.50] /# gi::executeAction seSchCheckAndSave -in [gi::getWindows 2]
[21:23:28.50] /i ise::check
[21:23:28.52] /m Information: 
              /c Cross view checking for dff/dff/symbol with dff/dff/schematic
              /c 	[error] Missing Terminal
              /c 		Terminal d found in schematic is missing in symbol
              /c 	[error] Missing Terminal
              /c 		Terminal clk found in schematic is missing in symbol
              /c 	[error] Missing Terminal
              /c 		Terminal q found in schematic is missing in symbol
              /c 	[error] Extra Terminal
              /c 		Extra terminal CLK found in symbol not found in schematic
              /c 	[error] Extra Terminal
              /c 		Extra terminal D found in symbol not found in schematic
              /c 	[error] Extra Terminal
              /c 		Extra terminal Q found in symbol not found in schematic (DE_EDIT-007)
[21:23:28.52] /m Information: 
[21:23:28.52] /o Checking "dff/dff/schematic"
[21:23:28.52] /o 	[warning] Floating Input Instance Pins
[21:23:28.52] /o 		Input pin 'clk' of instance 'I16' is floating
[21:23:28.52] /o 		Input pin 'clkb' of instance 'I17' is floating
[21:23:28.52] /o 		Input pin 'clkb' of instance 'I18' is floating
[21:23:28.52] /o 		Input pin 'clkb' of instance 'I19' is floating
[21:23:28.52] /o 		Input pin 'in' of instance 'I19' is floating
[21:23:28.52] /o 		Input pin 'in' of instance 'I21' is floating
[21:23:28.52] /o 		Input pin 'in' of instance 'I22' is floating
[21:23:28.52] /o 		Input pin 'out' of instance 'I15' is floating
[21:23:28.52] /o 		Input pin 'out' of instance 'I20' is floating
[21:23:28.52] /o 		Input pin 'out' of instance 'I23' is floating
[21:23:28.52] /o 	[warning] Floating Output Pins
[21:23:28.52] /o 		Output pin 'q' is floating
[21:23:28.52] /o 6 Error(s),11 Warning(s),0 Message(s) found   in "dff/dff/schematic"
[21:23:28.52] /m Information: Checking process is completed: marking the design violations
[21:23:28.53] /m Information: Marking of designs is completed
[21:23:28.82] /r giDialog gi::setActiveDialog [gi::getDialogs {seSchCheckSaveDesign} -parent [gi::getWindows 2]]
[21:23:29.06] /r giDialog db::setAttr geometry -of [gi::getDialogs {seSchCheckSaveDesign} -parent [gi::getWindows 2]] -value 377x82+772+484
[21:23:30.58] /r giDialog gi::pressButton {save} -in [gi::getDialogs {seSchCheckSaveDesign} -parent [gi::getWindows 2]]
[21:23:38.55] /# gi::executeAction deSelectActive -in [gi::getWindows 2]
[21:23:38.55] /i de::deselectAllLogic -context [db::getNext [de::getContexts -window 2]]
[21:23:39.82] /# gi::executeAction dePan -in [gi::getWindows 2]
[21:23:39.82] /i ide::pan [db::getNext [de::getContexts -window 2]]
[21:23:40.32] /# gi::executeAction deStartDrag -in [gi::getWindows 2]
[21:23:40.32] /i de::startDrag {2.98125 0.48125} -context [db::getNext [de::getContexts -window 2]]
[21:23:41.66] /# gi::executeAction deEndDrag -in [gi::getWindows 2]
[21:23:41.66] /i de::endDrag {2.975 0.48125} -context [db::getNext [de::getContexts -window 2]]
[21:23:41.66] /r dePanToPoint {5.375 1.30625}
[21:24:23.22] /# gi::executeAction deAddPoint -in [gi::getWindows 2]
[21:24:23.22] /i de::addPoint {3.05 1.7125} -context [db::getNext [de::getContexts -window 2]]
[21:24:24.52] /# gi::executeAction deStartDrag -in [gi::getWindows 2]
[21:24:24.52] /i de::startDrag {3.8625 1.5} -context [db::getNext [de::getContexts -window 2]]
[21:24:25.64] /# gi::executeAction deEndDrag -in [gi::getWindows 2]
[21:24:25.64] /i de::endDrag {3.85625 1.5} -context [db::getNext [de::getContexts -window 2]]
[21:24:25.65] /r dePanToPoint {5.18125 1.5125}
[21:24:25.79] /# gi::executeAction deAbortCommand -in [gi::getWindows 2]
[21:24:25.79] /i de::abortCommand -context [db::getNext [de::getContexts -window 2]]
[21:24:27.27] /# gi::executeAction deSelectActive -in [gi::getWindows 2]
[21:24:27.27] /i de::deselectAll [db::getNext [de::getContexts -window 2]]
[21:24:27.27] /i de::select [de::getActiveFigure [gi::getWindows 2] -point {3.10625 1.65625} -index 0 -intent none]
[21:24:27.27] /o oa:0x1ea4f860
[21:24:27.48] /i de::select [se::getNetComponents [de::getActiveFigure [gi::getWindows 2] -point {3.10625 1.65625} -index 0 -intent none] -of branch]
[21:24:27.49] /o oa:0x1e9e2480
[21:24:29.02] /# gi::executeAction giPostContextMenu -in [gi::getWindows 2]
[21:24:29.03] /i gi::executeAction menuPreShow -in [gi::getWindows 2]
[21:24:29.03] /r giMenuAccess db::getNext [gi::getMenus seSchWireContextMenu]
[21:24:30.36] /# gi::executeAction seSelectConnected -in [gi::getWindows 2]
[21:24:30.36] /i de::select [se::getNetComponents [de::getActiveFigure [gi::getWindows 2] -point {3.31875 1.65625} -index 0 -intent none] -of subnet]
[21:24:30.37] /o oa:0x1e7f29b0
[21:24:31.61] /i gi::executeAction deCanvasDragSelect -in [gi::getWindows 2]
[21:24:31.61] /r deCanvasDragStart 6.18125 1.7875
[21:24:32.65] /# gi::executeAction deCanvasDragEnd -in [gi::getWindows 2]
[21:24:32.66] /i gi::executeAction deCanvasDragEnd -in [gi::getWindows 2]
[21:24:32.69] /r deCanvasDragEnd 5.825 2.35
[21:24:32.89] /i gi::executeAction deCanvasDragCancel -in [gi::getWindows 2]
[21:24:33.73] /i gi::executeAction deCanvasDragSelect -in [gi::getWindows 2]
[21:24:33.73] /r deCanvasDragStart 5.39375 1.61875
[21:24:34.25] /# gi::executeAction deCanvasDragEnd -in [gi::getWindows 2]
[21:24:34.25] /i gi::executeAction deCanvasDragEnd -in [gi::getWindows 2]
[21:24:34.25] /r deCanvasDragEnd 5.39375 2.1375
[21:24:34.75] /# gi::executeAction dePan -in [gi::getWindows 2]
[21:24:34.75] /i ide::pan [db::getNext [de::getContexts -window 2]]
[21:24:35.08] /# gi::executeAction deStartDrag -in [gi::getWindows 2]
[21:24:35.08] /i de::startDrag {5.1875 1.425} -context [db::getNext [de::getContexts -window 2]]
[21:24:35.66] /# gi::executeAction deEndDrag -in [gi::getWindows 2]
[21:24:35.66] /i de::endDrag {5.1875 1.44375} -context [db::getNext [de::getContexts -window 2]]
[21:24:35.66] /r dePanToPoint {5.08125 0.6875}
[21:24:35.92] /# gi::executeAction deCanvasZoomInAtPoint -in [gi::getWindows 2]
[21:24:35.92] /i de::zoom -window [gi::getWindows 2] -factor 2.0 -center {5.05625 0.7375}
[21:24:35.92] /o {3.01875 -0.0125} {7.125 1.4375}
[21:24:36.62] /# gi::executeAction deAbortCommand -in [gi::getWindows 2]
[21:24:36.62] /i de::abortCommand -context [db::getNext [de::getContexts -window 2]]
[21:24:37.57] /# gi::executeAction deSelectActive -in [gi::getWindows 2]
[21:24:37.57] /i de::deselectAll [db::getNext [de::getContexts -window 2]]
[21:24:37.57] /i de::select [de::getActiveFigure [gi::getWindows 2] -point {4.7 0.48125} -index 0 -intent none]
[21:24:37.57] /o oa:0x1e981390
[21:24:37.75] /i de::select [se::getNetComponents [de::getActiveFigure [gi::getWindows 2] -point {4.7 0.48125} -index 0 -intent none] -of branch]
[21:24:37.75] /o oa:0x1e8974c0
[21:24:39.59] /i gi::executeAction deCanvasDragSelect -in [gi::getWindows 2]
[21:24:39.59] /r deCanvasDragStart 5.075 0.49375
[21:24:40.25] /# gi::executeAction deCanvasDragEnd -in [gi::getWindows 2]
[21:24:40.25] /i gi::executeAction deCanvasDragEnd -in [gi::getWindows 2]
[21:24:40.25] /r deCanvasDragEnd 4.80625 0.56875
[21:24:40.89] /# gi::executeAction deCanvasZoomOutAtPoint -in [gi::getWindows 2]
[21:24:40.89] /i de::zoom -window [gi::getWindows 2] -factor 0.5 -center {5.06875 0.575}
[21:24:40.89] /o {0.96875 -0.59375} {9.175 2.29375}
[21:24:41.55] /i gi::executeAction deCanvasDragCancel -in [gi::getWindows 2]
[21:25:10.29] /# gi::executeAction deCanvasZoomInAtPoint -in [gi::getWindows 2]
[21:25:10.29] /i de::zoom -window [gi::getWindows 2] -factor 2.0 -center {4.54375 1.7875}
[21:25:10.29] /o {2.75625 0.59375} {6.8625 2.04375}
[21:25:10.37] /# gi::executeAction deCanvasZoomInAtPoint -in [gi::getWindows 2]
[21:25:10.37] /i de::zoom -window [gi::getWindows 2] -factor 2.0 -center {4.54375 1.7875}
[21:25:10.37] /o {3.65 1.19375} {5.7 1.9125}
[21:25:10.43] /# gi::executeAction deCanvasZoomInAtPoint -in [gi::getWindows 2]
[21:25:10.43] /i de::zoom -window [gi::getWindows 2] -factor 2.0 -center {4.54375 1.7875}
[21:25:10.43] /o {4.09375 1.4875} {5.125 1.85}
[21:25:11.00] /# gi::executeAction deCanvasZoomInAtPoint -in [gi::getWindows 2]
[21:25:11.00] /i de::zoom -window [gi::getWindows 2] -factor 2.0 -center {4.74375 1.7625}
[21:25:11.00] /o {4.41875 1.625} {4.93125 1.80625}
[21:25:11.13] /# gi::executeAction deCanvasZoomInAtPoint -in [gi::getWindows 2]
[21:25:11.13] /i de::zoom -window [gi::getWindows 2] -factor 2.0 -center {4.75 1.7625}
[21:25:11.13] /o {4.5875 1.69375} {4.84375 1.7875}
[21:25:14.82] /# gi::executeAction deCanvasZoomOutAtPoint -in [gi::getWindows 2]
[21:25:14.82] /i de::zoom -window [gi::getWindows 2] -factor 0.5 -center {4.69375 1.73125}
[21:25:14.82] /o {4.475 1.65625} {4.9875 1.8375}
[21:25:14.90] /# gi::executeAction deCanvasZoomOutAtPoint -in [gi::getWindows 2]
[21:25:14.90] /i de::zoom -window [gi::getWindows 2] -factor 0.5 -center {4.7 1.73125}
[21:25:14.90] /o {4.25 1.58125} {5.28125 1.94375}
[21:25:15.49] /# gi::executeAction deCanvasZoomInAtPoint -in [gi::getWindows 2]
[21:25:15.49] /i de::zoom -window [gi::getWindows 2] -factor 2.0 -center {4.70625 1.74375}
[21:25:15.49] /o {4.48125 1.6625} {4.99375 1.84375}
[21:25:16.47] /# gi::executeAction deSelectActive -in [gi::getWindows 2]
[21:25:16.47] /i de::deselectAllLogic -context [db::getNext [de::getContexts -window 2]]
[21:25:19.56] /# gi::executeAction deCanvasZoomOutAtPoint -in [gi::getWindows 2]
[21:25:19.56] /i de::zoom -window [gi::getWindows 2] -factor 0.5 -center {4.70625 1.7}
[21:25:19.56] /o {4.25 1.625} {5.28125 1.9875}
[21:25:24.59] /# gi::executeAction seSchCreateWire -in [gi::getWindows 2]
[21:25:24.59] /i ise::createWire
[21:25:26.72] /# gi::executeAction deAddPoint -in [gi::getWindows 2]
[21:25:26.72] /i de::addPoint {4.6875 1.6875} -context [db::getNext [de::getContexts -window 2]]
[21:25:28.00] /i de::setCursor -point {4.6875 1.75 }
[21:25:31.04] /# gi::executeAction deAddPoint -in [gi::getWindows 2]
[21:25:31.04] /i de::addPoint {4.6875 1.65625} -context [db::getNext [de::getContexts -window 2]]
[21:25:31.71] /i de::setCursor -point {4.75 1.6875 }
[21:25:31.82] /i de::setCursor -point {4.75 1.75 }
[21:25:31.84] /i de::setCursor -point {4.8125 1.75 }
[21:25:34.02] /# gi::executeAction deAbortCommand -in [gi::getWindows 2]
[21:25:34.02] /i de::abortCommand -context [db::getNext [de::getContexts -window 2]]
[21:25:35.13] /# gi::executeAction seSchCreateWire -in [gi::getWindows 2]
[21:25:35.14] /i ise::createWire
[21:25:36.47] /# gi::executeAction deAddPoint -in [gi::getWindows 2]
[21:25:36.47] /i de::addPoint {4.69375 1.675} -context [db::getNext [de::getContexts -window 2]]
[21:25:37.15] /i de::setCursor -point {4.6875 1.75 }
[21:25:39.30] /# gi::executeAction deAddPoint -in [gi::getWindows 2]
[21:25:39.30] /i de::addPoint {4.6875 1.8625} -context [db::getNext [de::getContexts -window 2]]
[21:25:41.01] /# gi::executeAction deAbortCommand -in [gi::getWindows 2]
[21:25:41.01] /i de::abortCommand -context [db::getNext [de::getContexts -window 2]]
[21:25:42.04] /# gi::executeAction deSelectActive -in [gi::getWindows 2]
[21:25:42.04] /i de::deselectAll [db::getNext [de::getContexts -window 2]]
[21:25:42.04] /i de::select [de::getActiveFigure [gi::getWindows 2] -point {4.69375 1.8625} -index 0 -intent none]
[21:25:42.04] /o oa:0x1e95b1c0
[21:25:43.38] /# gi::executeAction deSelectActive -in [gi::getWindows 2]
[21:25:43.38] /i de::deselectAll [db::getNext [de::getContexts -window 2]]
[21:25:43.38] /i de::select [de::getActiveFigure [gi::getWindows 2] -point {4.6875 1.7625} -index 0 -intent none]
[21:25:43.38] /o oa:0x1e8618b0
[21:25:44.53] /# gi::executeAction deSelectActive -in [gi::getWindows 2]
[21:25:44.54] /i de::cycleActiveFigure [gi::getWindows 2] -direction next
[21:25:44.54] /o oa:0x1e9b2440
[21:25:45.49] /# gi::executeAction deSelectActive -in [gi::getWindows 2]
[21:25:45.49] /i de::deselectAll [db::getNext [de::getContexts -window 2]]
[21:25:45.49] /i de::deselectAllLogic -context [db::getNext [de::getContexts -window 2]]
[21:25:46.63] /# gi::executeAction deSelectActive -in [gi::getWindows 2]
[21:25:46.63] /i de::deselectAll [db::getNext [de::getContexts -window 2]]
[21:25:46.63] /i de::select [de::getActiveFigure [gi::getWindows 2] -point {4.6875 1.75} -index 0 -intent none]
[21:25:46.63] /o oa:0x1dd21ab0
[21:25:47.21] /# gi::executeAction giPostContextMenu -in [gi::getWindows 2]
[21:25:47.22] /i gi::executeAction menuPreShow -in [gi::getWindows 2]
[21:25:47.22] /r giMenuAccess db::getNext [gi::getMenus seSchWireContextMenu]
[21:25:48.69] /# gi::executeAction seDeleteActive -in [gi::getWindows 2]
[21:25:48.69] /i ise::delete -object [de::getActiveFigure [gi::getWindows 2] -point {4.6875 1.75} -index 0 -intent none]
[21:25:49.32] /# gi::executeAction deSelectActive -in [gi::getWindows 2]
[21:25:49.32] /i de::deselectAllLogic -context [db::getNext [de::getContexts -window 2]]
[21:25:50.46] /# gi::executeAction seSchCreateWire -in [gi::getWindows 2]
[21:25:50.46] /i ise::createWire
[21:25:51.28] /# gi::executeAction deAddPoint -in [gi::getWindows 2]
[21:25:51.28] /i de::addPoint {4.7 1.7} -context [db::getNext [de::getContexts -window 2]]
[21:25:51.45] /i de::setCursor -point {4.6875 1.75 }
[21:25:53.86] /# gi::executeAction deAddPoint -in [gi::getWindows 2]
[21:25:53.86] /i de::addPoint {4.7 1.90625} -context [db::getNext [de::getContexts -window 2]]
[21:25:54.58] /# gi::executeAction deAbortCommand -in [gi::getWindows 2]
[21:25:54.58] /i de::abortCommand -context [db::getNext [de::getContexts -window 2]]
[21:25:55.47] /# gi::executeAction deSelectActive -in [gi::getWindows 2]
[21:25:55.47] /i de::deselectAllLogic -context [db::getNext [de::getContexts -window 2]]
[21:25:56.29] /# gi::executeAction deSelectActive -in [gi::getWindows 2]
[21:25:56.29] /i de::deselectAll [db::getNext [de::getContexts -window 2]]
[21:25:56.29] /i de::select [de::getActiveFigure [gi::getWindows 2] -point {4.69375 1.89375} -index 0 -intent none]
[21:25:56.29] /o oa:0x1fde3e30
[21:25:57.07] /# gi::executeAction giPostContextMenu -in [gi::getWindows 2]
[21:25:57.08] /i gi::executeAction menuPreShow -in [gi::getWindows 2]
[21:25:57.08] /r giMenuAccess db::getNext [gi::getMenus seSchWireContextMenu]
[21:26:00.18] /# gi::executeAction seSchCreateWireNameAtPoint -in [gi::getWindows 2]
[21:26:00.18] /i ide::editCanvasText -object [::se::internal::_getSegmentLabel [db::getAttr object -of [de::getActiveFigure [gi::getWindows 2] -point {4.69375 1.89375} -index 0 -intent none]] {4.6875 1.875} [db::getNext [de::getContexts -window 2]]]
[21:26:03.25] /i de::commandOption {clkb}
[21:26:04.33] /# gi::executeAction dePan -in [gi::getWindows 2]
[21:26:04.33] /i ide::pan [db::getNext [de::getContexts -window 2]]
[21:26:04.57] /# gi::executeAction deStartDrag -in [gi::getWindows 2]
[21:26:04.57] /i de::startDrag {4.46875 1.86875} -context [db::getNext [de::getContexts -window 2]]
[21:26:05.05] /# gi::executeAction deEndDrag -in [gi::getWindows 2]
[21:26:05.06] /i de::endDrag {4.46875 1.8625} -context [db::getNext [de::getContexts -window 2]]
[21:26:05.06] /r dePanToPoint {4.125 2.01875}
[21:26:05.60] /# gi::executeAction deStartDrag -in [gi::getWindows 2]
[21:26:05.60] /i de::startDrag {3.93125 2.06875} -context [db::getNext [de::getContexts -window 2]]
[21:26:06.02] /# gi::executeAction deEndDrag -in [gi::getWindows 2]
[21:26:06.02] /i de::endDrag {3.94375 2.0625} -context [db::getNext [de::getContexts -window 2]]
[21:26:06.02] /r dePanToPoint {3.66875 2.29375}
[21:26:06.59] /# gi::executeAction deStartDrag -in [gi::getWindows 2]
[21:26:06.59] /i de::startDrag {3.6375 2.3625} -context [db::getNext [de::getContexts -window 2]]
[21:26:07.09] /# gi::executeAction deEndDrag -in [gi::getWindows 2]
[21:26:07.09] /i de::endDrag {3.66875 2.2875} -context [db::getNext [de::getContexts -window 2]]
[21:26:07.09] /r dePanToPoint {3.45625 2.73125}
[21:26:07.73] /# gi::executeAction deStartDrag -in [gi::getWindows 2]
[21:26:07.73] /i de::startDrag {3.5625 2.8125} -context [db::getNext [de::getContexts -window 2]]
[21:26:08.33] /# gi::executeAction deEndDrag -in [gi::getWindows 2]
[21:26:08.35] /i de::endDrag {3.5625 2.8125} -context [db::getNext [de::getContexts -window 2]]
[21:26:08.35] /r dePanToPoint {3.46875 2.9375}
[21:26:08.86] /# gi::executeAction deStartDrag -in [gi::getWindows 2]
[21:26:08.86] /i de::startDrag {3.5875 3.025} -context [db::getNext [de::getContexts -window 2]]
[21:26:09.77] /# gi::executeAction deEndDrag -in [gi::getWindows 2]
[21:26:09.77] /i de::endDrag {3.5875 3.025} -context [db::getNext [de::getContexts -window 2]]
[21:26:09.77] /r dePanToPoint {3.475 3.11875}
[21:26:10.86] /# gi::executeAction deAbortCommand -in [gi::getWindows 2]
[21:26:10.86] /i de::abortCommand -context [db::getNext [de::getContexts -window 2]]
[21:26:11.87] /# gi::executeAction deSelectActive -in [gi::getWindows 2]
[21:26:11.87] /i de::deselectAll [db::getNext [de::getContexts -window 2]]
[21:26:11.88] /i de::select [de::getActiveFigure [gi::getWindows 2] -point {3.38125 3.1375} -index 0 -intent none]
[21:26:11.88] /o oa:0x1f3a59c0
[21:26:12.60] /i gi::executeAction deCanvasDragSelect -in [gi::getWindows 2]
[21:26:12.60] /r deCanvasDragStart 3.5 3.2
[21:26:12.91] /# gi::executeAction deCanvasDragEnd -in [gi::getWindows 2]
[21:26:12.91] /i gi::executeAction deCanvasDragEnd -in [gi::getWindows 2]
[21:26:12.91] /r deCanvasDragEnd 3.54375 3.10625
[21:26:13.39] /# gi::executeAction dePan -in [gi::getWindows 2]
[21:26:13.39] /i ide::pan [db::getNext [de::getContexts -window 2]]
[21:26:13.66] /# gi::executeAction deStartDrag -in [gi::getWindows 2]
[21:26:13.67] /i de::startDrag {3.5375 3.19375} -context [db::getNext [de::getContexts -window 2]]
[21:26:14.99] /# gi::executeAction deEndDrag -in [gi::getWindows 2]
[21:26:14.99] /i de::endDrag {3.5375 3.19375} -context [db::getNext [de::getContexts -window 2]]
[21:26:14.99] /r dePanToPoint {3.7 3.1}
[21:26:15.34] /# gi::executeAction deCanvasZoomOutAtPoint -in [gi::getWindows 2]
[21:26:15.34] /i de::zoom -window [gi::getWindows 2] -factor 0.5 -center {3.73125 3.175}
[21:26:15.34] /o {2.64375 2.66875} {4.69375 3.39375}
[21:26:18.01] /# gi::executeAction seSchCheckAndSave -in [gi::getWindows 2]
[21:26:18.01] /i ise::check
[21:26:18.03] /m Information: 
              /c Cross view checking for dff/dff/symbol with dff/dff/schematic
              /c 	[error] Missing Terminal
              /c 		Terminal d found in schematic is missing in symbol
              /c 	[error] Missing Terminal
              /c 		Terminal clk found in schematic is missing in symbol
              /c 	[error] Missing Terminal
              /c 		Terminal q found in schematic is missing in symbol
              /c 	[error] Extra Terminal
              /c 		Extra terminal CLK found in symbol not found in schematic
              /c 	[error] Extra Terminal
              /c 		Extra terminal D found in symbol not found in schematic
              /c 	[error] Extra Terminal
              /c 		Extra terminal Q found in symbol not found in schematic (DE_EDIT-007)
[21:26:18.03] /m Information: 
[21:26:18.03] /o Checking "dff/dff/schematic"
[21:26:18.03] /o 	[warning] Floating Input Instance Pins
[21:26:18.03] /o 		Input pin 'clk' of instance 'I16' is floating
[21:26:18.03] /o 		Input pin 'clkb' of instance 'I17' is floating
[21:26:18.03] /o 		Input pin 'clkb' of instance 'I18' is floating
[21:26:18.03] /o 		Input pin 'clkb' of instance 'I19' is floating
[21:26:18.03] /o 		Input pin 'in' of instance 'I19' is floating
[21:26:18.03] /o 		Input pin 'in' of instance 'I21' is floating
[21:26:18.03] /o 		Input pin 'in' of instance 'I22' is floating
[21:26:18.03] /o 		Input pin 'out' of instance 'I15' is floating
[21:26:18.03] /o 		Input pin 'out' of instance 'I20' is floating
[21:26:18.03] /o 		Input pin 'out' of instance 'I23' is floating
[21:26:18.03] /o 	[warning] Floating Output Pins
[21:26:18.03] /o 		Output pin 'q' is floating
[21:26:18.04] /o 6 Error(s),11 Warning(s),0 Message(s) found   in "dff/dff/schematic"
[21:26:18.04] /m Information: Checking process is completed: marking the design violations
[21:26:18.04] /m Information: Marking of designs is completed
[21:26:18.27] /r giDialog gi::setActiveDialog [gi::getDialogs {seSchCheckSaveDesign} -parent [gi::getWindows 2]]
[21:26:18.53] /r giDialog db::setAttr geometry -of [gi::getDialogs {seSchCheckSaveDesign} -parent [gi::getWindows 2]] -value 377x82+772+484
[21:26:20.04] /r giDialog gi::pressButton {save} -in [gi::getDialogs {seSchCheckSaveDesign} -parent [gi::getWindows 2]]
[21:26:36.72] /# gi::executeAction giPostContextMenu -in [gi::getAssistants giConsole -from [gi::getWindows 2]]
[21:26:38.39] /# gi::executeAction giConsoleAssistantCopy -in [gi::getAssistants giConsole -from [gi::getWindows 2]]
[21:26:55.59] /# gi::executeAction deCanvasZoomOutAtPoint -in [gi::getWindows 2]
[21:26:55.59] /i de::zoom -window [gi::getWindows 2] -factor 0.5 -center {3.99375 2.8125}
[21:26:55.59] /o {1.29375 2.525} {5.4 3.975}
[21:26:57.91] /i gi::createWindow -windowType [gi::getWindowTypes giHomePage]
[21:26:57.92] /r giWindowId 3
[21:26:57.95] /r giWindowGeometry 1040x800
[21:27:00.17] /# gi::pressButton {/scroll/scrollArea/scrollAreaInnerWidget/applications/dmLibraryManager} -in [gi::getWindows 3]
[21:27:00.18] /# 
[21:27:00.18] /i dm::openLibraryManager
[21:27:00.18] /r giWindowId 4
[21:27:00.21] /r giWindowGeometry 660x600+50+84
[21:27:00.44] /o oa:0x1fc87640
[21:27:00.45] /i gi::closeWindows [gi::getWindows 3]
[21:27:02.40] /i gi::setCurrentIndex {libs} -index {basic} -in [gi::getWindows 4]
[21:27:02.43] /i gi::setItemSelection {libs} -index {basic} -in [gi::getWindows 4]
[21:27:02.99] /i gi::setCurrentIndex {libs} -index {dff} -in [gi::getWindows 4]
[21:27:03.00] /i gi::setItemSelection {libs} -index {dff} -in [gi::getWindows 4]
[21:27:04.15] /i gi::setCurrentIndex {cells} -index {dff} -in [gi::getWindows 4]
[21:27:04.16] /i gi::setItemSelection {cells} -index {dff} -in [gi::getWindows 4]
[21:27:06.30] /i gi::setCurrentIndex {views} -index {symbol} -in [gi::getWindows 4]
[21:27:06.30] /i gi::setItemSelection {views} -index {symbol} -in [gi::getWindows 4]
[21:27:06.48] /i gi::executeAction dmOpen -in [gi::getWindows 4]
[21:27:06.54] /r giWindowId 5
[21:27:06.55] /r giWindowGeometry 1632x849
[21:27:11.40] /i gi::executeAction giCloseWindow -in [gi::getWindows 5]
[21:27:11.42] /i gi::setActiveWindow 4
[21:27:11.42] /i gi::setActiveWindow 4 -raise true
[21:27:15.43] /i gi::executeAction dmDeleteCellView -in [gi::getWindows 4]
[21:27:15.63] /r giDialog gi::setActiveDialog [gi::getDialogs {dmDelete}]
[21:27:15.73] /r giDialog db::setAttr geometry -of [gi::getDialogs {dmDelete}] -value 354x92+773+420
[21:27:17.07] /r giDialog gi::pressButton {delete} -in [gi::getDialogs {dmDelete}]
[21:27:17.09] /# db::destroy [dm::findCellView symbol -cell [dm::findCell dff -lib [oa::LibFind [oa::ScalarName [oa::CdbaNS] dff ]]]]
[21:27:17.11] /# gi::setCurrentIndex {views} -index {schematic} -in [gi::getWindows 4]
[21:27:17.11] /# gi::setItemSelection {views} -index {} -in [gi::getWindows 4]
[21:27:19.23] /i gi::setActiveWindow 2
[21:27:19.23] /i gi::setActiveWindow 2 -raise true
[21:27:21.67] /# gi::executeAction seSchCheckAndSave -in [gi::getWindows 2]
[21:27:21.67] /i ise::check
[21:27:21.68] /m Information: 
[21:27:21.68] /o Checking "dff/dff/schematic"
[21:27:21.68] /o 	[warning] Floating Input Instance Pins
[21:27:21.68] /o 		Input pin 'clk' of instance 'I16' is floating
[21:27:21.68] /o 		Input pin 'clkb' of instance 'I17' is floating
[21:27:21.68] /o 		Input pin 'clkb' of instance 'I18' is floating
[21:27:21.68] /o 		Input pin 'clkb' of instance 'I19' is floating
[21:27:21.68] /o 		Input pin 'in' of instance 'I19' is floating
[21:27:21.68] /o 		Input pin 'in' of instance 'I21' is floating
[21:27:21.68] /o 		Input pin 'in' of instance 'I22' is floating
[21:27:21.68] /o 		Input pin 'out' of instance 'I15' is floating
[21:27:21.68] /o 		Input pin 'out' of instance 'I20' is floating
[21:27:21.68] /o 		Input pin 'out' of instance 'I23' is floating
[21:27:21.68] /o 	[warning] Floating Output Pins
[21:27:21.68] /o 		Output pin 'q' is floating
[21:27:21.68] /o 0 Error(s),11 Warning(s),0 Message(s) found   in "dff/dff/schematic"
[21:27:21.68] /m Information: Checking process is completed: marking the design violations
[21:27:21.86] /m Information: Marking of designs is completed
[21:27:21.86] /o true
[21:27:32.78] /# gi::executeAction seSchCheckAndSave -in [gi::getWindows 2]
[21:27:32.78] /i ise::check
[21:27:32.80] /m Information: 
[21:27:32.80] /o Checking "dff/dff/schematic"
[21:27:32.80] /o 	[warning] Floating Input Instance Pins
[21:27:32.80] /o 		Input pin 'clk' of instance 'I16' is floating
[21:27:32.80] /o 		Input pin 'clkb' of instance 'I17' is floating
[21:27:32.80] /o 		Input pin 'clkb' of instance 'I18' is floating
[21:27:32.80] /o 		Input pin 'clkb' of instance 'I19' is floating
[21:27:32.80] /o 		Input pin 'in' of instance 'I19' is floating
[21:27:32.80] /o 		Input pin 'in' of instance 'I21' is floating
[21:27:32.80] /o 		Input pin 'in' of instance 'I22' is floating
[21:27:32.80] /o 		Input pin 'out' of instance 'I15' is floating
[21:27:32.80] /o 		Input pin 'out' of instance 'I20' is floating
[21:27:32.80] /o 		Input pin 'out' of instance 'I23' is floating
[21:27:32.80] /o 	[warning] Floating Output Pins
[21:27:32.80] /o 		Output pin 'q' is floating
[21:27:32.80] /o 0 Error(s),11 Warning(s),0 Message(s) found   in "dff/dff/schematic"
[21:27:32.80] /m Information: Checking process is completed: marking the design violations
[21:27:32.94] /m Information: Marking of designs is completed
[21:27:32.94] /o true
[21:27:45.38] /# gi::executeAction giPostContextMenu -in [gi::getAssistants giConsole -from [gi::getWindows 2]]
[21:27:46.46] /# gi::executeAction giConsoleAssistantCopy -in [gi::getAssistants giConsole -from [gi::getWindows 2]]
[21:28:13.77] /# gi::executeAction dePan -in [gi::getWindows 2]
[21:28:13.77] /i ide::pan [db::getNext [de::getContexts -window 2]]
[21:28:14.17] /# gi::executeAction deStartDrag -in [gi::getWindows 2]
[21:28:14.17] /i de::startDrag {3.64375 2.825} -context [db::getNext [de::getContexts -window 2]]
[21:28:14.97] /# gi::executeAction deEndDrag -in [gi::getWindows 2]
[21:28:14.97] /i de::endDrag {3.64375 2.825} -context [db::getNext [de::getContexts -window 2]]
[21:28:14.97] /r dePanToPoint {3.19375 2.2}
[21:28:15.75] /# gi::executeAction deStartDrag -in [gi::getWindows 2]
[21:28:15.75] /i de::startDrag {2.66875 2.25625} -context [db::getNext [de::getContexts -window 2]]
[21:28:16.20] /# gi::executeAction deEndDrag -in [gi::getWindows 2]
[21:28:16.20] /i de::endDrag {2.66875 2.2625} -context [db::getNext [de::getContexts -window 2]]
[21:28:16.20] /r dePanToPoint {3.28125 1.79375}
[21:28:16.47] /# gi::executeAction deAbortCommand -in [gi::getWindows 2]
[21:28:16.47] /i de::abortCommand -context [db::getNext [de::getContexts -window 2]]
[21:28:17.34] /# gi::executeAction deSelectActive -in [gi::getWindows 2]
[21:28:17.34] /i de::deselectAll [db::getNext [de::getContexts -window 2]]
[21:28:17.34] /i de::select [de::getActiveFigure [gi::getWindows 2] -point {2.6 1.6875} -index 0 -intent none]
[21:28:17.34] /o oa:0x176a5fe0
[21:28:17.52] /i ide::editCanvasText -object [de::getActiveFigure [gi::getWindows 2] -point {2.6 1.6875} -index 0 -intent none]
[21:28:18.65] /i gi::executeAction deObjectActivation -in [gi::getWindows 2]
[21:28:19.08] /i gi::executeAction deObjectActivation -in [gi::getWindows 2]
[21:28:19.82] /i de::commandOption {CLK}
[21:28:21.46] /# gi::executeAction deSelectActive -in [gi::getWindows 2]
[21:28:21.46] /i de::deselectAll [db::getNext [de::getContexts -window 2]]
[21:28:21.46] /i de::select [de::getActiveFigure [gi::getWindows 2] -point {2.60625 1.1375} -index 0 -intent none]
[21:28:21.46] /o oa:0x1f8ea2f0
[21:28:21.63] /i ide::editCanvasText -object [de::getActiveFigure [gi::getWindows 2] -point {2.60625 1.1375} -index 0 -intent none]
[21:28:22.98] /i de::commandOption {D}
[21:28:24.04] /# gi::executeAction deCanvasZoomOutAtPoint -in [gi::getWindows 2]
[21:28:24.04] /i de::zoom -window [gi::getWindows 2] -factor 0.5 -center {2.875 1.45}
[21:28:24.04] /o {-0.4125 0.7} {7.8 3.59375}
[21:28:24.93] /# gi::executeAction deCanvasZoomInAtPoint -in [gi::getWindows 2]
[21:28:24.93] /i de::zoom -window [gi::getWindows 2] -factor 2.0 -center {3.5 1.875}
[21:28:24.93] /o {1.54375 1.2875} {5.65 2.73125}
[21:28:26.32] /# gi::executeAction deSelectActive -in [gi::getWindows 2]
[21:28:26.32] /i de::deselectAll [db::getNext [de::getContexts -window 2]]
[21:28:26.32] /i de::select [de::getActiveFigure [gi::getWindows 2] -point {3.33125 1.8625} -index 0 -intent none]
[21:28:26.32] /o oa:0x1dd8d640
[21:28:26.50] /i ide::editCanvasText -object [de::getActiveFigure [gi::getWindows 2] -point {3.33125 1.8625} -index 0 -intent none]
[21:28:28.66] /i de::commandOption {clk}
[21:28:29.69] /i gi::executeAction deCanvasDragSelect -in [gi::getWindows 2]
[21:28:29.69] /r deCanvasDragStart 4.3125 2.38125
[21:28:30.18] /# gi::executeAction deCanvasDragEnd -in [gi::getWindows 2]
[21:28:30.18] /i gi::executeAction deCanvasDragEnd -in [gi::getWindows 2]
[21:28:30.19] /r deCanvasDragEnd 3.71875 2.06875
[21:28:30.46] /# gi::executeAction deCanvasZoomOutAtPoint -in [gi::getWindows 2]
[21:28:30.46] /i de::zoom -window [gi::getWindows 2] -factor 0.5 -center {3.7125 2.06875}
[21:28:30.46] /o {-0.625 0.50625} {7.5875 3.4}
[21:28:32.10] /# gi::executeAction dePan -in [gi::getWindows 2]
[21:28:32.10] /i ide::pan [db::getNext [de::getContexts -window 2]]
[21:28:32.57] /# gi::executeAction deStartDrag -in [gi::getWindows 2]
[21:28:32.57] /i de::startDrag {5.85625 2.025} -context [db::getNext [de::getContexts -window 2]]
[21:28:33.35] /# gi::executeAction deEndDrag -in [gi::getWindows 2]
[21:28:33.35] /i de::endDrag {5.85625 2.025} -context [db::getNext [de::getContexts -window 2]]
[21:28:33.35] /r dePanToPoint {7.84375 1.11875}
[21:28:34.51] /# gi::executeAction deStartDrag -in [gi::getWindows 2]
[21:28:34.51] /i de::startDrag {11.2875 0.525} -context [db::getNext [de::getContexts -window 2]]
[21:28:35.88] /# gi::executeAction deEndDrag -in [gi::getWindows 2]
[21:28:35.88] /i de::endDrag {11.28125 0.525} -context [db::getNext [de::getContexts -window 2]]
[21:28:35.88] /r dePanToPoint {13.36875 1.13125}
[21:28:36.24] /# gi::executeAction deAbortCommand -in [gi::getWindows 2]
[21:28:36.24] /i de::abortCommand -context [db::getNext [de::getContexts -window 2]]
[21:28:37.27] /# gi::executeAction deSelectActive -in [gi::getWindows 2]
[21:28:37.27] /i de::deselectAll [db::getNext [de::getContexts -window 2]]
[21:28:37.27] /i de::select [de::getActiveFigure [gi::getWindows 2] -point {15.30625 1.1} -index 0 -intent none]
[21:28:37.28] /o oa:0x1fe1e6b0
[21:28:37.46] /i ide::editCanvasText -object [de::getActiveFigure [gi::getWindows 2] -point {15.30625 1.1} -index 0 -intent none]
[21:28:38.67] /i gi::executeAction deObjectActivation -in [gi::getWindows 2]
[21:28:38.74] /i gi::executeAction deObjectActivation -in [gi::getWindows 2]
[21:28:38.97] /i de::commandOption {Q}
[21:28:40.11] /# gi::executeAction deSelectActive -in [gi::getWindows 2]
[21:28:40.11] /i de::deselectAll [db::getNext [de::getContexts -window 2]]
[21:28:40.11] /i de::deselectAllLogic -context [db::getNext [de::getContexts -window 2]]
[21:28:44.38] /# gi::executeAction seSchCheckAndSave -in [gi::getWindows 2]
[21:28:44.38] /i ise::check
[21:28:44.40] /m Information: 
[21:28:44.40] /o Checking "dff/dff/schematic"
[21:28:44.40] /o 	[warning] Floating Input Instance Pins
[21:28:44.40] /o 		Input pin 'clk' of instance 'I16' is floating
[21:28:44.40] /o 		Input pin 'clk' of instance 'I17' is floating
[21:28:44.40] /o 		Input pin 'clk' of instance 'I18' is floating
[21:28:44.40] /o 		Input pin 'clk' of instance 'I19' is floating
[21:28:44.40] /o 		Input pin 'clkb' of instance 'I16' is floating
[21:28:44.40] /o 		Input pin 'clkb' of instance 'I17' is floating
[21:28:44.40] /o 		Input pin 'clkb' of instance 'I18' is floating
[21:28:44.40] /o 		Input pin 'clkb' of instance 'I19' is floating
[21:28:44.40] /o 		Input pin 'in' of instance 'I19' is floating
[21:28:44.40] /o 		Input pin 'in' of instance 'I21' is floating
[21:28:44.40] /o 		Input pin 'in' of instance 'I22' is floating
[21:28:44.40] /o 		Input pin 'out' of instance 'I15' is floating
[21:28:44.40] /o 		Input pin 'out' of instance 'I20' is floating
[21:28:44.40] /o 		Input pin 'out' of instance 'I23' is floating
[21:28:44.40] /o 	[warning] Floating Output Pins
[21:28:44.40] /o 		Output pin 'Q' is floating
[21:28:44.40] /o 0 Error(s),15 Warning(s),0 Message(s) found   in "dff/dff/schematic"
[21:28:44.40] /m Information: Checking process is completed: marking the design violations
[21:28:44.58] /m Information: Marking of designs is completed
[21:28:44.59] /o true
[21:29:00.98] /# gi::executeAction giPostContextMenu -in [gi::getAssistants giConsole -from [gi::getWindows 2]]
[21:29:02.25] /# gi::executeAction giConsoleAssistantCopy -in [gi::getAssistants giConsole -from [gi::getWindows 2]]
[21:30:12.40] /# gi::executeAction deCanvasZoomOutAtPoint -in [gi::getWindows 2]
[21:30:12.40] /i de::zoom -window [gi::getWindows 2] -factor 0.5 -center {11.225 1.3875}
[21:30:12.40] /o {7.3125 -2.01875} {23.73125 3.76875}
[21:30:13.47] /# gi::executeAction deCanvasZoomInAtPoint -in [gi::getWindows 2]
[21:30:13.47] /i de::zoom -window [gi::getWindows 2] -factor 2.0 -center {11.7 2.14375}
[21:30:13.47] /o {9.50625 0.0625} {17.7125 2.95625}
[21:30:15.43] /# gi::executeAction dePan -in [gi::getWindows 2]
[21:30:15.43] /i ide::pan [db::getNext [de::getContexts -window 2]]
[21:30:15.71] /# gi::executeAction deStartDrag -in [gi::getWindows 2]
[21:30:15.71] /i de::startDrag {11.35625 1.875} -context [db::getNext [de::getContexts -window 2]]
[21:30:16.44] /# gi::executeAction deEndDrag -in [gi::getWindows 2]
[21:30:16.44] /i de::endDrag {11.35625 1.86875} -context [db::getNext [de::getContexts -window 2]]
[21:30:16.44] /r dePanToPoint {9.08125 1.55}
[21:30:17.03] /# gi::executeAction deStartDrag -in [gi::getWindows 2]
[21:30:17.03] /i de::startDrag {6.85625 2.21875} -context [db::getNext [de::getContexts -window 2]]
[21:30:18.01] /# gi::executeAction deEndDrag -in [gi::getWindows 2]
[21:30:18.01] /i de::endDrag {6.89375 2.21875} -context [db::getNext [de::getContexts -window 2]]
[21:30:18.01] /r dePanToPoint {4.71875 2.375}
[21:30:21.51] /# gi::executeAction deStartDrag -in [gi::getWindows 2]
[21:30:21.51] /i de::startDrag {5.86875 2.05} -context [db::getNext [de::getContexts -window 2]]
[21:30:27.98] /# gi::executeAction deEndDrag -in [gi::getWindows 2]
[21:30:27.98] /i de::endDrag {5.86875 2.04375} -context [db::getNext [de::getContexts -window 2]]
[21:30:27.98] /r dePanToPoint {5.0375 2.75}
[21:30:28.62] /# gi::executeAction deAddPoint -in [gi::getWindows 2]
[21:30:28.62] /i de::addPoint {5.86875 2.04375} -context [db::getNext [de::getContexts -window 2]]
[21:30:29.43] /# gi::executeAction deCanvasZoomOutAtPoint -in [gi::getWindows 2]
[21:30:29.43] /i de::zoom -window [gi::getWindows 2] -factor 0.5 -center {6.20625 1.98125}
[21:30:29.43] /o {-2.675 -0.7875} {13.7375 5.0}
[21:30:30.24] /# gi::executeAction deStartDrag -in [gi::getWindows 2]
[21:30:30.24] /i de::startDrag {7.7 2.71875} -context [db::getNext [de::getContexts -window 2]]
[21:30:31.36] /# gi::executeAction deEndDrag -in [gi::getWindows 2]
[21:30:31.36] /i de::endDrag {7.69375 2.71875} -context [db::getNext [de::getContexts -window 2]]
[21:30:31.36] /r dePanToPoint {7.71875 1.13125}
[21:30:32.63] /# gi::executeAction deAbortCommand -in [gi::getWindows 2]
[21:30:32.63] /i de::abortCommand -context [db::getNext [de::getContexts -window 2]]
[21:30:33.36] /i gi::executeAction deCanvasDragCancel -in [gi::getWindows 2]
[21:30:34.23] /i gi::executeAction deCanvasDragCancel -in [gi::getWindows 2]
[21:30:34.53] /i gi::executeAction deCanvasDragCancel -in [gi::getWindows 2]
[21:30:36.30] /# gi::executeAction deSelectActive -in [gi::getWindows 2]
[21:30:36.30] /i de::deselectAllLogic -context [db::getNext [de::getContexts -window 2]]
[21:30:37.72] /# gi::executeAction seDelete -in [gi::getWindows 2]
[21:30:37.72] /i ise::delete
[21:30:38.52] /# gi::executeAction deStartDrag -in [gi::getWindows 2]
[21:30:38.52] /i de::startDrag {2.14375 3.6375} -context [db::getNext [de::getContexts -window 2]]
[21:30:39.42] /# gi::executeAction deEndDrag -in [gi::getWindows 2]
[21:30:39.42] /i de::endDrag {3.81875 1.2625} -context [db::getNext [de::getContexts -window 2]]
[21:30:43.70] /# gi::executeAction deCanvasZoomInAtPoint -in [gi::getWindows 2]
[21:30:43.70] /i de::zoom -window [gi::getWindows 2] -factor 2.0 -center {3.00625 0.79375}
[21:30:43.70] /o {1.25625 -0.48125} {9.46875 2.4125}
[21:30:44.98] /# gi::executeAction deAbortCommand -in [gi::getWindows 2]
[21:30:44.98] /i de::abortCommand -context [db::getNext [de::getContexts -window 2]]
[21:30:45.97] /# gi::executeAction deSelectActive -in [gi::getWindows 2]
[21:30:45.97] /i de::deselectAll [db::getNext [de::getContexts -window 2]]
[21:30:45.97] /i de::select [de::getActiveFigure [gi::getWindows 2] -point {2.76875 1.10625} -index 0 -intent none]
[21:30:45.97] /o oa:0x20207700
[21:30:47.80] /# gi::executeAction seButton1DragStart -in [gi::getWindows 2]
[21:30:47.81] /i ise::stretch -point {2.75 1.125}
[21:30:51.30] /# gi::executeAction deEndDrag -in [gi::getWindows 2]
[21:30:51.30] /i de::endDrag {3.3 1.09375} -context [db::getNext [de::getContexts -window 2]]
[21:30:51.63] /# gi::executeAction deSelectActive -in [gi::getWindows 2]
[21:30:51.63] /i de::deselectAll [db::getNext [de::getContexts -window 2]]
[21:30:51.63] /i de::deselectAllLogic -context [db::getNext [de::getContexts -window 2]]
[21:30:53.32] /# gi::executeAction seButton1DragStart -in [gi::getWindows 2]
[21:30:53.32] /i ise::stretch -object [de::getActiveFigure [gi::getWindows 2] -point {3.31875 1.1} -index 0 -intent none] -point {3.3125 1.125}
[21:30:55.05] /# gi::executeAction deEndDrag -in [gi::getWindows 2]
[21:30:55.05] /i de::endDrag {2.475 1.09375} -context [db::getNext [de::getContexts -window 2]]
[21:30:55.40] /# gi::executeAction deSelectActive -in [gi::getWindows 2]
[21:30:55.41] /i de::deselectAllLogic -context [db::getNext [de::getContexts -window 2]]
[21:30:56.21] /# gi::executeAction dePan -in [gi::getWindows 2]
[21:30:56.21] /i ide::pan [db::getNext [de::getContexts -window 2]]
[21:30:56.62] /# gi::executeAction deStartDrag -in [gi::getWindows 2]
[21:30:56.62] /i de::startDrag {3.53125 0.09375} -context [db::getNext [de::getContexts -window 2]]
[21:30:57.27] /# gi::executeAction deEndDrag -in [gi::getWindows 2]
[21:30:57.27] /i de::endDrag {3.53125 0.1} -context [db::getNext [de::getContexts -window 2]]
[21:30:57.27] /r dePanToPoint {5.09375 -0.51875}
[21:30:57.69] /# gi::executeAction deCanvasZoomOutAtPoint -in [gi::getWindows 2]
[21:30:57.69] /i de::zoom -window [gi::getWindows 2] -factor 0.5 -center {3.70625 -0.15625}
[21:30:57.69] /o {-1.725 -3.78125} {14.69375 2.00625}
[21:30:58.76] /# gi::executeAction deStartDrag -in [gi::getWindows 2]
[21:30:58.76] /i de::startDrag {5.075 -0.425} -context [db::getNext [de::getContexts -window 2]]
[21:31:00.21] /# gi::executeAction deEndDrag -in [gi::getWindows 2]
[21:31:00.21] /i de::endDrag {5.06875 -0.43125} -context [db::getNext [de::getContexts -window 2]]
[21:31:00.21] /r dePanToPoint {7.1 -0.325}
[21:31:02.64] /i de::undoTransaction -design [db::getAttr editDesign -of [de::getContexts -window 2]] -steps 1
[21:31:02.83] /i de::undoTransaction -design [db::getAttr editDesign -of [de::getContexts -window 2]] -steps 1
[21:31:03.01] /i de::undoTransaction -design [db::getAttr editDesign -of [de::getContexts -window 2]] -steps 1
[21:31:03.38] /i de::undoTransaction -design [db::getAttr editDesign -of [de::getContexts -window 2]] -steps 1
[21:31:03.81] /i de::undoTransaction -design [db::getAttr editDesign -of [de::getContexts -window 2]] -steps 1
[21:31:04.39] /i de::undoTransaction -design [db::getAttr editDesign -of [de::getContexts -window 2]] -steps 1
[21:31:04.82] /i de::undoTransaction -design [db::getAttr editDesign -of [de::getContexts -window 2]] -steps 1
[21:31:05.17] /i de::undoTransaction -design [db::getAttr editDesign -of [de::getContexts -window 2]] -steps 1
[21:31:05.49] /i de::undoTransaction -design [db::getAttr editDesign -of [de::getContexts -window 2]] -steps 1
[21:31:05.71] /i de::undoTransaction -design [db::getAttr editDesign -of [de::getContexts -window 2]] -steps 1
[21:31:05.88] /i de::undoTransaction -design [db::getAttr editDesign -of [de::getContexts -window 2]] -steps 1
[21:31:06.06] /i de::undoTransaction -design [db::getAttr editDesign -of [de::getContexts -window 2]] -steps 1
[21:31:06.29] /i de::undoTransaction -design [db::getAttr editDesign -of [de::getContexts -window 2]] -steps 1
[21:31:06.79] /i de::undoTransaction -design [db::getAttr editDesign -of [de::getContexts -window 2]] -steps 1
[21:31:06.97] /i de::undoTransaction -design [db::getAttr editDesign -of [de::getContexts -window 2]] -steps 1
[21:31:07.12] /i de::undoTransaction -design [db::getAttr editDesign -of [de::getContexts -window 2]] -steps 1
[21:31:07.32] /i de::undoTransaction -design [db::getAttr editDesign -of [de::getContexts -window 2]] -steps 1
[21:31:07.72] /i de::undoTransaction -design [db::getAttr editDesign -of [de::getContexts -window 2]] -steps 1
[21:31:07.91] /i de::undoTransaction -design [db::getAttr editDesign -of [de::getContexts -window 2]] -steps 1
[21:31:08.24] /i de::undoTransaction -design [db::getAttr editDesign -of [de::getContexts -window 2]] -steps 1
[21:31:08.41] /i de::undoTransaction -design [db::getAttr editDesign -of [de::getContexts -window 2]] -steps 1
[21:31:08.57] /i de::undoTransaction -design [db::getAttr editDesign -of [de::getContexts -window 2]] -steps 1
[21:31:08.93] /i de::undoTransaction -design [db::getAttr editDesign -of [de::getContexts -window 2]] -steps 1
[21:31:09.09] /i de::undoTransaction -design [db::getAttr editDesign -of [de::getContexts -window 2]] -steps 1
[21:31:09.27] /i de::undoTransaction -design [db::getAttr editDesign -of [de::getContexts -window 2]] -steps 1
[21:31:09.44] /i de::undoTransaction -design [db::getAttr editDesign -of [de::getContexts -window 2]] -steps 1
[21:31:09.62] /i de::undoTransaction -design [db::getAttr editDesign -of [de::getContexts -window 2]] -steps 1
[21:31:09.79] /i de::undoTransaction -design [db::getAttr editDesign -of [de::getContexts -window 2]] -steps 1
[21:31:09.97] /i de::undoTransaction -design [db::getAttr editDesign -of [de::getContexts -window 2]] -steps 1
[21:31:10.15] /i de::undoTransaction -design [db::getAttr editDesign -of [de::getContexts -window 2]] -steps 1
[21:31:10.34] /i de::undoTransaction -design [db::getAttr editDesign -of [de::getContexts -window 2]] -steps 1
[21:31:10.56] /i de::undoTransaction -design [db::getAttr editDesign -of [de::getContexts -window 2]] -steps 1
[21:31:10.76] /i de::undoTransaction -design [db::getAttr editDesign -of [de::getContexts -window 2]] -steps 1
[21:31:10.97] /i de::undoTransaction -design [db::getAttr editDesign -of [de::getContexts -window 2]] -steps 1
[21:31:11.18] /i de::undoTransaction -design [db::getAttr editDesign -of [de::getContexts -window 2]] -steps 1
[21:31:11.52] /i de::undoTransaction -design [db::getAttr editDesign -of [de::getContexts -window 2]] -steps 1
[21:31:11.92] /i de::undoTransaction -design [db::getAttr editDesign -of [de::getContexts -window 2]] -steps 1
[21:31:12.15] /i de::undoTransaction -design [db::getAttr editDesign -of [de::getContexts -window 2]] -steps 1
[21:31:12.48] /i de::undoTransaction -design [db::getAttr editDesign -of [de::getContexts -window 2]] -steps 1
[21:31:12.87] /i de::undoTransaction -design [db::getAttr editDesign -of [de::getContexts -window 2]] -steps 1
[21:31:13.36] /i de::undoTransaction -design [db::getAttr editDesign -of [de::getContexts -window 2]] -steps 1
[21:31:13.64] /i de::undoTransaction -design [db::getAttr editDesign -of [de::getContexts -window 2]] -steps 1
[21:31:14.02] /i de::undoTransaction -design [db::getAttr editDesign -of [de::getContexts -window 2]] -steps 1
[21:31:16.15] /# gi::executeAction deAddPoint -in [gi::getWindows 2]
[21:31:16.15] /i de::addPoint {3.69375 -0.83125} -context [db::getNext [de::getContexts -window 2]]
[21:31:17.21] /# gi::executeAction deCanvasZoomInAtPoint -in [gi::getWindows 2]
[21:31:17.21] /i de::zoom -window [gi::getWindows 2] -factor 2.0 -center {2.275 -0.175}
[21:31:17.21] /o {-1.11875 -1.95} {7.0875 0.94375}
[21:31:18.15] /# gi::executeAction dePan -in [gi::getWindows 2]
[21:31:18.15] /i ide::pan [db::getNext [de::getContexts -window 2]]
[21:31:18.35] /# gi::executeAction deStartDrag -in [gi::getWindows 2]
[21:31:18.35] /i de::startDrag {3.23125 0.21875} -context [db::getNext [de::getContexts -window 2]]
[21:31:19.06] /# gi::executeAction deEndDrag -in [gi::getWindows 2]
[21:31:19.06] /i de::endDrag {3.23125 0.2} -context [db::getNext [de::getContexts -window 2]]
[21:31:19.06] /r dePanToPoint {3.78125 1.38125}
[21:31:19.76] /# gi::executeAction deAbortCommand -in [gi::getWindows 2]
[21:31:19.76] /i de::abortCommand -context [db::getNext [de::getContexts -window 2]]
[21:31:20.87] /i gi::executeAction deCanvasDragSelect -in [gi::getWindows 2]
[21:31:20.87] /r deCanvasDragStart 4.44375 2.20625
[21:31:22.50] /# gi::executeAction deCanvasDragEnd -in [gi::getWindows 2]
[21:31:22.50] /i gi::executeAction deCanvasDragEnd -in [gi::getWindows 2]
[21:31:22.51] /r deCanvasDragEnd 4.125 2.125
[21:31:23.34] /# gi::executeAction dePan -in [gi::getWindows 2]
[21:31:23.34] /i ide::pan [db::getNext [de::getContexts -window 2]]
[21:31:23.60] /# gi::executeAction deStartDrag -in [gi::getWindows 2]
[21:31:23.60] /i de::startDrag {4.4125 2.20625} -context [db::getNext [de::getContexts -window 2]]
[21:31:24.84] /# gi::executeAction deEndDrag -in [gi::getWindows 2]
[21:31:24.84] /i de::endDrag {4.4125 2.2125} -context [db::getNext [de::getContexts -window 2]]
[21:31:24.84] /r dePanToPoint {4.2125 2.45}
[21:31:25.29] /# gi::executeAction seDelete -in [gi::getWindows 2]
[21:31:25.29] /i ise::delete
[21:31:26.13] /# gi::executeAction deStartDrag -in [gi::getWindows 2]
[21:31:26.13] /i de::startDrag {2.15 3.5875} -context [db::getNext [de::getContexts -window 2]]
[21:31:27.07] /# gi::executeAction deEndDrag -in [gi::getWindows 2]
[21:31:27.07] /i de::endDrag {3.7125 1.48125} -context [db::getNext [de::getContexts -window 2]]
[21:31:27.27] /# gi::executeAction deAddPoint -in [gi::getWindows 2]
[21:31:27.27] /i de::addPoint {3.7125 1.48125} -context [db::getNext [de::getContexts -window 2]]
[21:31:28.05] /# gi::executeAction deStartDrag -in [gi::getWindows 2]
[21:31:28.05] /i de::startDrag {2.7125 3.45625} -context [db::getNext [de::getContexts -window 2]]
[21:31:28.41] /# gi::executeAction deEndDrag -in [gi::getWindows 2]
[21:31:28.41] /i de::endDrag {3.94375 1.8625} -context [db::getNext [de::getContexts -window 2]]
[21:31:29.60] /# gi::executeAction dePan -in [gi::getWindows 2]
[21:31:29.60] /i ide::pan [db::getNext [de::getContexts -window 2]]
[21:31:29.86] /# gi::executeAction deStartDrag -in [gi::getWindows 2]
[21:31:29.86] /i de::startDrag {6.05 2.4} -context [db::getNext [de::getContexts -window 2]]
[21:31:30.29] /# gi::executeAction deEndDrag -in [gi::getWindows 2]
[21:31:30.29] /i de::endDrag {6.05 2.4} -context [db::getNext [de::getContexts -window 2]]
[21:31:30.30] /r dePanToPoint {9.91875 2.275}
[21:31:30.86] /# gi::executeAction deStartDrag -in [gi::getWindows 2]
[21:31:30.86] /i de::startDrag {12.3375 2.4125} -context [db::getNext [de::getContexts -window 2]]
[21:31:31.29] /# gi::executeAction deEndDrag -in [gi::getWindows 2]
[21:31:31.29] /i de::endDrag {12.15 2.45625} -context [db::getNext [de::getContexts -window 2]]
[21:31:31.29] /r dePanToPoint {14.56875 1.39375}
[21:31:32.96] /# gi::executeAction seSchCreateSchematicPin -in [gi::getWindows 2]
[21:31:32.96] /i ise::createSchematicPin
[21:31:34.85] /i gi::setField {schematicPinType} -value {inputOutput} -in [gi::getToolbars {deCommandOptions} -from [gi::getWindows 2]]
[21:31:36.04] /i gi::setField {schematicPinType} -value {output} -in [gi::getToolbars {deCommandOptions} -from [gi::getWindows 2]]
[21:31:38.45] /# gi::executeAction deAddPoint -in [gi::getWindows 2]
[21:31:38.45] /i de::addPoint {15.13125 1.125} -context [db::getNext [de::getContexts -window 2]]
[21:31:39.40] /# gi::executeAction deAbortCommand -in [gi::getWindows 2]
[21:31:39.40] /i de::abortCommand -context [db::getNext [de::getContexts -window 2]]
[21:31:40.44] /# gi::executeAction deSelectActive -in [gi::getWindows 2]
[21:31:40.44] /i de::deselectAll [db::getNext [de::getContexts -window 2]]
[21:31:40.44] /i de::select [de::getActiveFigure [gi::getWindows 2] -point {15.38125 1.11875} -index 0 -intent none]
[21:31:40.44] /o oa:0x1e38fa70
[21:31:40.60] /i ide::editCanvasText -object [de::getActiveFigure [gi::getWindows 2] -point {15.38125 1.11875} -index 0 -intent none]
[21:31:41.98] /i de::commandOption {Q}
[21:31:42.98] /# gi::executeAction dePan -in [gi::getWindows 2]
[21:31:42.98] /i ide::pan [db::getNext [de::getContexts -window 2]]
[21:31:43.28] /# gi::executeAction deStartDrag -in [gi::getWindows 2]
[21:31:43.28] /i de::startDrag {12.075 1.95625} -context [db::getNext [de::getContexts -window 2]]
[21:31:43.85] /# gi::executeAction deEndDrag -in [gi::getWindows 2]
[21:31:43.85] /i de::endDrag {12.10625 1.95625} -context [db::getNext [de::getContexts -window 2]]
[21:31:43.85] /r dePanToPoint {9.7125 1.45}
[21:31:44.55] /# gi::executeAction deStartDrag -in [gi::getWindows 2]
[21:31:44.55] /i de::startDrag {7.01875 1.6875} -context [db::getNext [de::getContexts -window 2]]
[21:31:45.35] /# gi::executeAction deEndDrag -in [gi::getWindows 2]
[21:31:45.35] /i de::endDrag {7.0375 1.69375} -context [db::getNext [de::getContexts -window 2]]
[21:31:45.35] /r dePanToPoint {4.33125 1.1375}
[21:31:46.24] /# gi::executeAction deAbortCommand -in [gi::getWindows 2]
[21:31:46.24] /i de::abortCommand -context [db::getNext [de::getContexts -window 2]]
[21:31:47.44] /# gi::executeAction deSelectActive -in [gi::getWindows 2]
[21:31:47.44] /i de::deselectAll [db::getNext [de::getContexts -window 2]]
[21:31:47.44] /i de::select [de::getActiveFigure [gi::getWindows 2] -point {2.60625 1.125} -index 0 -intent none]
[21:31:47.44] /o oa:0x1dd99a60
[21:31:47.61] /i ide::editCanvasText -object [de::getActiveFigure [gi::getWindows 2] -point {2.60625 1.125} -index 0 -intent none]
[21:31:49.09] /i de::commandOption {D}
[21:31:49.66] /i gi::executeAction deCanvasDragSelect -in [gi::getWindows 2]
[21:31:49.66] /r deCanvasDragStart 3.4125 1.4375
[21:31:50.05] /# gi::executeAction deCanvasDragEnd -in [gi::getWindows 2]
[21:31:50.05] /i gi::executeAction deCanvasDragEnd -in [gi::getWindows 2]
[21:31:50.07] /r deCanvasDragEnd 2.3125 2.43125
[21:31:51.00] /# gi::executeAction deCanvasZoomOutAtPoint -in [gi::getWindows 2]
[21:31:51.00] /i de::zoom -window [gi::getWindows 2] -factor 0.5 -center {3.73125 0.79375}
[21:31:51.00] /o {-3.26875 -1.40625} {13.14375 4.375}
[21:31:54.29] /# gi::executeAction dePan -in [gi::getWindows 2]
[21:31:54.29] /i ide::pan [db::getNext [de::getContexts -window 2]]
[21:31:54.64] /# gi::executeAction deStartDrag -in [gi::getWindows 2]
[21:31:54.64] /i de::startDrag {4.40625 -0.625} -context [db::getNext [de::getContexts -window 2]]
[21:31:56.76] /# gi::executeAction deEndDrag -in [gi::getWindows 2]
[21:31:56.76] /i de::endDrag {4.41875 -0.63125} -context [db::getNext [de::getContexts -window 2]]
[21:31:56.76] /r dePanToPoint {4.50625 0.3}
[21:31:56.88] /# gi::executeAction seCreateInst -in [gi::getWindows 2]
[21:31:56.88] /i ise::createInst
[21:31:56.99] /o seSchematic
[21:31:57.13] /i gi::setActiveDialog [gi::getDialogs {seCreateInst} -parent [gi::getWindows 2]]
[21:31:57.34] /i db::setAttr geometry -of [gi::getDialogs {seCreateInst}] -value 359x337+0+71
[21:32:17.12] /# gi::executeAction deAddPoint -in [gi::getWindows 2]
[21:32:17.12] /i de::addPoint {2.61875 -1.59375} -context [db::getNext [de::getContexts -window 2]]
[21:32:19.19] /# gi::executeAction deAbortCommand -in [gi::getWindows 2]
[21:32:19.19] /i de::abortCommand -context [db::getNext [de::getContexts -window 2]]
[21:32:21.48] /# gi::executeAction seSchCreateWire -in [gi::getWindows 2]
[21:32:21.48] /i ise::createWire
[21:32:22.42] /# gi::executeAction deAddPoint -in [gi::getWindows 2]
[21:32:22.42] /i de::addPoint {2.61875 -1.6875} -context [db::getNext [de::getContexts -window 2]]
[21:32:22.52] /i de::setCursor -point {2.5625 -1.6875 }
[21:32:23.99] /i de::setCursor -point {2.625 -1.625 }
[21:32:24.20] /i de::setCursor -point {2.5625 -1.625 }
[21:32:24.25] /i de::setCursor -point {2.5 -1.625 }
[21:32:25.08] /i de::setCursor -point {2.5625 -1.8125 }
[21:32:25.16] /# gi::executeAction deCanvasZoomInAtPoint -in [gi::getWindows 2]
[21:32:25.16] /i de::zoom -window [gi::getWindows 2] -factor 2.0 -center {2.575 -1.81875}
[21:32:25.16] /o {-0.5625 -2.20625} {7.64375 0.6875}
[21:32:25.79] /# gi::executeAction deAbortCommand -in [gi::getWindows 2]
[21:32:25.79] /i de::abortCommand -context [db::getNext [de::getContexts -window 2]]
[21:32:26.82] /# gi::executeAction seSchCreateWire -in [gi::getWindows 2]
[21:32:26.82] /i ise::createWire
[21:32:27.41] /# gi::executeAction deAddPoint -in [gi::getWindows 2]
[21:32:27.41] /i de::addPoint {2.64375 -1.63125} -context [db::getNext [de::getContexts -window 2]]
[21:32:27.53] /i de::setCursor -point {2.5625 -1.625 }
[21:32:29.56] /# gi::executeAction deAddPoint -in [gi::getWindows 2]
[21:32:29.56] /i de::addPoint {1.94375 -1.6375} -context [db::getNext [de::getContexts -window 2]]
[21:32:31.70] /# gi::executeAction deAddPoint -in [gi::getWindows 2]
[21:32:31.70] /i de::addPoint {1.95625 -1.625} -context [db::getNext [de::getContexts -window 2]]
[21:32:31.81] /# gi::executeAction deCompleteShape -in [gi::getWindows 2]
[21:32:31.81] /i de::completeShape -context [db::getNext [de::getContexts -window 2]]
[21:32:32.36] /# gi::executeAction deCanvasZoomOutAtPoint -in [gi::getWindows 2]
[21:32:32.36] /i de::zoom -window [gi::getWindows 2] -factor 0.5 -center {4.68125 -0.6375}
[21:32:32.36] /o {-5.80625 -3.76875} {10.60625 2.0125}
[21:32:34.93] /# gi::executeAction deAddPoint -in [gi::getWindows 2]
[21:32:34.93] /i de::addPoint {3.7375 -1.68125} -context [db::getNext [de::getContexts -window 2]]
[21:32:35.08] /i de::setCursor -point {3.75 -1.625 }
[21:32:37.41] /# gi::executeAction deAbortCommand -in [gi::getWindows 2]
[21:32:37.41] /i de::abortCommand -context [db::getNext [de::getContexts -window 2]]
[21:32:37.97] /# gi::executeAction seSchCreateWire -in [gi::getWindows 2]
[21:32:37.97] /i ise::createWire
[21:32:39.53] /# gi::executeAction deAddPoint -in [gi::getWindows 2]
[21:32:39.53] /i de::addPoint {3.70625 -1.6375} -context [db::getNext [de::getContexts -window 2]]
[21:32:39.63] /i de::setCursor -point {3.6875 -1.5625 }
[21:32:49.87] /# gi::executeAction deAddPoint -in [gi::getWindows 2]
[21:32:49.87] /i de::addPoint {4.675 1.65625} -context [db::getNext [de::getContexts -window 2]]
[21:32:54.35] /# gi::executeAction deAbortCommand -in [gi::getWindows 2]
[21:32:54.35] /i de::abortCommand -context [db::getNext [de::getContexts -window 2]]
[21:32:54.98] /i gi::executeAction deCanvasDragCancel -in [gi::getWindows 2]
[21:32:56.35] /i de::undoTransaction -design [db::getAttr editDesign -of [de::getContexts -window 2]] -steps 1
[21:32:59.67] /# gi::executeAction deCanvasZoomInAtPoint -in [gi::getWindows 2]
[21:32:59.67] /i de::zoom -window [gi::getWindows 2] -factor 2.0 -center {5.9 1.28125}
[21:32:59.67] /o {0.05 -1.24375} {8.25625 1.65}
[21:33:01.07] /# gi::executeAction dePan -in [gi::getWindows 2]
[21:33:01.07] /i ide::pan [db::getNext [de::getContexts -window 2]]
[21:33:01.50] /# gi::executeAction deStartDrag -in [gi::getWindows 2]
[21:33:01.50] /i de::startDrag {5.86875 1.3625} -context [db::getNext [de::getContexts -window 2]]
[21:33:03.59] /# gi::executeAction deEndDrag -in [gi::getWindows 2]
[21:33:03.60] /i de::endDrag {5.88125 1.3625} -context [db::getNext [de::getContexts -window 2]]
[21:33:03.60] /r dePanToPoint {6.8 0.2125}
[21:33:05.11] /i db::setAttr shown -of [gi::getAssistants giConsole -from [gi::getWindows 2]] -value false
[21:33:05.43] /i db::setAttr dockSize -of [gi::getAssistants deMarkerBrowser -from [gi::getWindows 2]] -value 292x770
[21:33:07.66] /i db::setAttr shown -of [gi::getAssistants deMarkerBrowser -from [gi::getWindows 2]] -value false
[21:33:08.37] /# gi::executeAction deStartDrag -in [gi::getWindows 2]
[21:33:08.37] /i de::startDrag {10.0125 0.03125} -context [db::getNext [de::getContexts -window 2]]
[21:33:09.84] /# gi::executeAction deEndDrag -in [gi::getWindows 2]
[21:33:09.84] /i de::endDrag {9.9875 0.03125} -context [db::getNext [de::getContexts -window 2]]
[21:33:09.86] /r dePanToPoint {7.36875 0.16875}
[21:33:10.92] /# gi::executeAction deAddPoint -in [gi::getWindows 2]
[21:33:10.92] /i de::addPoint {6.275 1.7} -context [db::getNext [de::getContexts -window 2]]
[21:33:11.96] /# gi::executeAction deStartDrag -in [gi::getWindows 2]
[21:33:11.96] /i de::startDrag {5.875 1.9} -context [db::getNext [de::getContexts -window 2]]
[21:33:13.42] /# gi::executeAction deEndDrag -in [gi::getWindows 2]
[21:33:13.42] /i de::endDrag {5.86875 1.9} -context [db::getNext [de::getContexts -window 2]]
[21:33:13.42] /r dePanToPoint {7.43125 0.325}
[21:33:13.45] /# gi::executeAction deAbortCommand -in [gi::getWindows 2]
[21:33:13.45] /i de::abortCommand -context [db::getNext [de::getContexts -window 2]]
[21:33:14.40] /# gi::executeAction seDelete -in [gi::getWindows 2]
[21:33:14.40] /i ise::delete
[21:33:17.90] /# gi::executeAction deAddPoint -in [gi::getWindows 2]
[21:33:17.90] /i de::addPoint {4.7125 1.8625} -context [db::getNext [de::getContexts -window 2]]
[21:33:19.92] /# gi::executeAction deAddPoint -in [gi::getWindows 2]
[21:33:19.92] /i de::addPoint {4.70625 0.36875} -context [db::getNext [de::getContexts -window 2]]
[21:33:22.41] /# gi::executeAction deAddPoint -in [gi::getWindows 2]
[21:33:22.41] /i de::addPoint {6.3375 0.2375} -context [db::getNext [de::getContexts -window 2]]
[21:33:24.28] /# gi::executeAction deAddPoint -in [gi::getWindows 2]
[21:33:24.28] /i de::addPoint {6.33125 -1.23125} -context [db::getNext [de::getContexts -window 2]]
[21:33:26.62] /# gi::executeAction deAddPoint -in [gi::getWindows 2]
[21:33:26.62] /i de::addPoint {10.10625 0.3625} -context [db::getNext [de::getContexts -window 2]]
[21:33:28.71] /# gi::executeAction deAddPoint -in [gi::getWindows 2]
[21:33:28.71] /i de::addPoint {10.14375 1.8125} -context [db::getNext [de::getContexts -window 2]]
[21:33:30.45] /# gi::executeAction deAddPoint -in [gi::getWindows 2]
[21:33:30.45] /i de::addPoint {10.13125 1.85} -context [db::getNext [de::getContexts -window 2]]
[21:33:32.59] /# gi::executeAction deAddPoint -in [gi::getWindows 2]
[21:33:32.59] /i de::addPoint {11.79375 0.1625} -context [db::getNext [de::getContexts -window 2]]
[21:33:35.24] /# gi::executeAction deAddPoint -in [gi::getWindows 2]
[21:33:35.24] /i de::addPoint {11.81875 -1.2875} -context [db::getNext [de::getContexts -window 2]]
[21:33:36.81] /# gi::executeAction deAbortCommand -in [gi::getWindows 2]
[21:33:36.81] /i de::abortCommand -context [db::getNext [de::getContexts -window 2]]
[21:33:38.16] /# gi::executeAction seSchCreateWire -in [gi::getWindows 2]
[21:33:38.16] /i ise::createWire
[21:33:40.77] /# gi::executeAction deAddPoint -in [gi::getWindows 2]
[21:33:40.77] /i de::addPoint {3.7 -1.61875} -context [db::getNext [de::getContexts -window 2]]
[21:33:40.84] /i de::setCursor -point {3.6875 -1.5625 }
[21:33:51.91] /# gi::executeAction deAddPoint -in [gi::getWindows 2]
[21:33:51.91] /i de::addPoint {3.95 1.69375} -context [db::getNext [de::getContexts -window 2]]
[21:33:52.32] /i de::setCursor -point {4 1.6875 }
[21:33:56.23] /# gi::executeAction deAddPoint -in [gi::getWindows 2]
[21:33:56.23] /i de::addPoint {4.66875 1.675} -context [db::getNext [de::getContexts -window 2]]
[21:33:57.92] /# gi::executeAction deAddPoint -in [gi::getWindows 2]
[21:33:57.92] /i de::addPoint {6.33125 0.01875} -context [db::getNext [de::getContexts -window 2]]
[21:33:59.15] /i de::setCursor -point {6.25 0.0625 }
[21:33:59.33] /i de::setCursor -point {6.3125 0.0625 }
[21:33:59.43] /i de::setCursor -point {6.4375 0.125 }
[21:33:59.46] /i de::setCursor -point {6.4375 0.1875 }
[21:34:00.47] /i de::setCursor -point {6.4375 0.125 }
[21:34:00.51] /i de::setCursor -point {6.5 0.125 }
[21:34:00.54] /# gi::executeAction deAbortCommand -in [gi::getWindows 2]
[21:34:00.54] /i de::abortCommand -context [db::getNext [de::getContexts -window 2]]
[21:34:01.18] /# gi::executeAction seSchCreateWire -in [gi::getWindows 2]
[21:34:01.18] /i ise::createWire
[21:34:02.26] /# gi::executeAction deAddPoint -in [gi::getWindows 2]
[21:34:02.26] /i de::addPoint {6.325 0.05625} -context [db::getNext [de::getContexts -window 2]]
[21:34:02.36] /i de::setCursor -point {6.25 0.0625 }
[21:34:06.42] /# gi::executeAction deAddPoint -in [gi::getWindows 2]
[21:34:06.42] /i de::addPoint {3.93125 0.05625} -context [db::getNext [de::getContexts -window 2]]
[21:34:08.07] /# gi::executeAction deAddPoint -in [gi::getWindows 2]
[21:34:08.07] /i de::addPoint {3.93125 -1.60625} -context [db::getNext [de::getContexts -window 2]]
[21:34:10.19] /# gi::executeAction deAddPoint -in [gi::getWindows 2]
[21:34:10.19] /i de::addPoint {10.125 0.56875} -context [db::getNext [de::getContexts -window 2]]
[21:34:13.68] /# gi::executeAction deAddPoint -in [gi::getWindows 2]
[21:34:13.68] /i de::addPoint {10.10625 -1.625} -context [db::getNext [de::getContexts -window 2]]
[21:34:15.00] /# gi::executeAction deAddPoint -in [gi::getWindows 2]
[21:34:15.00] /i de::addPoint {11.80625 -1.14375} -context [db::getNext [de::getContexts -window 2]]
[21:34:18.19] /# gi::executeAction deCanvasZoomOutAtPoint -in [gi::getWindows 2]
[21:34:18.19] /i de::zoom -window [gi::getWindows 2] -factor 0.5 -center {4.3 -1.1375}
[21:34:18.19] /o {0.79375 -2.23125} {20.33125 5.825}
[21:34:19.34] /# gi::executeAction deCanvasZoomInAtPoint -in [gi::getWindows 2]
[21:34:19.34] /i de::zoom -window [gi::getWindows 2] -factor 2.0 -center {1.975 -1.575}
[21:34:19.34] /o {1.3875 -1.90625} {11.15 2.125}
[21:34:22.74] /# gi::executeAction deCanvasZoomOutAtPoint -in [gi::getWindows 2]
[21:34:22.74] /i de::zoom -window [gi::getWindows 2] -factor 0.5 -center {6.39375 -1.1375}
[21:34:22.74] /o {-3.625 -2.66875} {15.9125 5.3875}
[21:34:49.82] /# gi::executeAction deAddPoint -in [gi::getWindows 2]
[21:34:49.82] /i de::addPoint {2.26875 -1.625} -context [db::getNext [de::getContexts -window 2]]
[21:34:49.97] /i de::setCursor -point {2.25 -1.6875 }
[21:34:53.59] /# gi::executeAction deAddPoint -in [gi::getWindows 2]
[21:34:53.59] /i de::addPoint {6.25625 -2.1375} -context [db::getNext [de::getContexts -window 2]]
[21:34:53.76] /i de::setCursor -point {6.1875 -2.0625 }
[21:34:53.82] /i de::setCursor -point {6 -1.9375 }
[21:34:56.07] /# gi::executeAction deAddPoint -in [gi::getWindows 2]
[21:34:56.07] /i de::addPoint {6.30625 -1.05} -context [db::getNext [de::getContexts -window 2]]
[21:34:58.59] /# gi::executeAction deAddPoint -in [gi::getWindows 2]
[21:34:58.59] /i de::addPoint {4.69375 0.55625} -context [db::getNext [de::getContexts -window 2]]
[21:34:58.66] /i de::setCursor -point {4.6875 0.5 }
[21:35:00.48] /# gi::executeAction deAddPoint -in [gi::getWindows 2]
[21:35:00.48] /i de::addPoint {4.69375 -2.14375} -context [db::getNext [de::getContexts -window 2]]
[21:35:01.95] /# gi::executeAction deAddPoint -in [gi::getWindows 2]
[21:35:01.95] /i de::addPoint {6.3375 -2.1375} -context [db::getNext [de::getContexts -window 2]]
[21:35:02.03] /i de::setCursor -point {6.375 -2.125 }
[21:35:22.53] /# gi::executeAction deCanvasZoomInAtPoint -in [gi::getWindows 2]
[21:35:22.53] /i de::zoom -window [gi::getWindows 2] -factor 2.0 -center {12.6875 1.675}
[21:35:22.53] /o {4.53125 -0.5} {14.3 3.53125}
[21:35:24.76] /# gi::executeAction deAddPoint -in [gi::getWindows 2]
[21:35:24.77] /i de::addPoint {12.6625 1.675} -context [db::getNext [de::getContexts -window 2]]
[21:35:30.91] /# gi::executeAction deAddPoint -in [gi::getWindows 2]
[21:35:30.91] /i de::addPoint {10.20625 1.68125} -context [db::getNext [de::getContexts -window 2]]
[21:35:33.91] /i de::setCursor -point {10.1875 1.625 }
[21:35:34.00] /i de::setCursor -point {10.125 1.625 }
[21:35:35.79] /# gi::executeAction deAbortCommand -in [gi::getWindows 2]
[21:35:35.79] /i de::abortCommand -context [db::getNext [de::getContexts -window 2]]
[21:35:37.37] /# gi::executeAction seSchCreateWire -in [gi::getWindows 2]
[21:35:37.37] /i ise::createWire
[21:35:38.17] /# gi::executeAction deAddPoint -in [gi::getWindows 2]
[21:35:38.17] /i de::addPoint {10.13125 1.68125} -context [db::getNext [de::getContexts -window 2]]
[21:35:38.56] /i de::setCursor -point {10.1875 1.6875 }
[21:35:39.58] /# gi::executeAction deAddPoint -in [gi::getWindows 2]
[21:35:39.58] /i de::addPoint {10.175 1.6875} -context [db::getNext [de::getContexts -window 2]]
[21:35:40.04] /# gi::executeAction deAbortCommand -in [gi::getWindows 2]
[21:35:40.04] /i de::abortCommand -context [db::getNext [de::getContexts -window 2]]
[21:35:40.63] /# gi::executeAction deCanvasZoomInAtPoint -in [gi::getWindows 2]
[21:35:40.63] /i de::zoom -window [gi::getWindows 2] -factor 2.0 -center {10.325 1.7375}
[21:35:40.63] /o {7.43125 0.61875} {12.3125 2.63125}
[21:35:42.05] /# gi::executeAction seStretch -in [gi::getWindows 2]
[21:35:42.05] /i ise::stretch
[21:35:43.43] /# gi::executeAction deAddPoint -in [gi::getWindows 2]
[21:35:43.43] /i de::addPoint {10.16875 1.86875} -context [db::getNext [de::getContexts -window 2]]
[21:35:45.93] /# gi::executeAction deAddPoint -in [gi::getWindows 2]
[21:35:45.93] /i de::addPoint {10.2 1.8} -context [db::getNext [de::getContexts -window 2]]
[21:35:46.57] /# gi::executeAction deCanvasZoomOutAtPoint -in [gi::getWindows 2]
[21:35:46.57] /i de::zoom -window [gi::getWindows 2] -factor 0.5 -center {10.94375 1.8875}
[21:35:46.57] /o {3.9125 -0.65} {13.68125 3.38125}
[21:35:48.38] /# gi::executeAction seSchCreateWire -in [gi::getWindows 2]
[21:35:48.38] /i ise::createWire
[21:35:49.89] /# gi::executeAction deAddPoint -in [gi::getWindows 2]
[21:35:49.89] /i de::addPoint {11.8125 0.0125} -context [db::getNext [de::getContexts -window 2]]
[21:35:49.95] /i de::setCursor -point {11.875 0 }
[21:35:49.95] /i de::setCursor -point {11.875 0.0625 }
[21:35:49.98] /i de::setCursor -point {11.9375 0.0625 }
[21:35:55.33] /# gi::executeAction deAddPoint -in [gi::getWindows 2]
[21:35:55.33] /i de::addPoint {12.86875 0.16875} -context [db::getNext [de::getContexts -window 2]]
[21:35:56.27] /# gi::executeAction deCanvasZoomOutAtPoint -in [gi::getWindows 2]
[21:35:56.27] /i de::zoom -window [gi::getWindows 2] -factor 0.5 -center {12.9 0.01875}
[21:35:56.27] /o {-5.075 -1.3125} {14.4625 6.74375}
[21:35:56.82] /# gi::executeAction deAbortCommand -in [gi::getWindows 2]
[21:35:56.82] /i de::abortCommand -context [db::getNext [de::getContexts -window 2]]
[21:35:57.90] /# gi::executeAction seStretch -in [gi::getWindows 2]
[21:35:57.90] /i ise::stretch
[21:35:58.43] /# gi::executeAction deStartDrag -in [gi::getWindows 2]
[21:35:58.43] /i de::startDrag {8.4125 2.24375} -context [db::getNext [de::getContexts -window 2]]
[21:35:59.54] /# gi::executeAction deEndDrag -in [gi::getWindows 2]
[21:35:59.54] /i de::endDrag {6.5625 3.79375} -context [db::getNext [de::getContexts -window 2]]
[21:35:59.92] /# gi::executeAction dePan -in [gi::getWindows 2]
[21:35:59.92] /i ide::pan [db::getNext [de::getContexts -window 2]]
[21:36:00.17] /# gi::executeAction deStartDrag -in [gi::getWindows 2]
[21:36:00.17] /i de::startDrag {7.48125 3.41875} -context [db::getNext [de::getContexts -window 2]]
[21:36:01.82] /# gi::executeAction deEndDrag -in [gi::getWindows 2]
[21:36:01.82] /i de::endDrag {7.46875 3.45} -context [db::getNext [de::getContexts -window 2]]
[21:36:01.83] /r dePanToPoint {7.81875 0.75625}
[21:36:03.64] /# gi::executeAction seStretch -in [gi::getWindows 2]
[21:36:03.64] /i ise::stretch
[21:36:05.77] /# gi::executeAction deAbortCommand -in [gi::getWindows 2]
[21:36:05.77] /i de::abortCommand -context [db::getNext [de::getContexts -window 2]]
[21:36:08.01] /# gi::executeAction seSchCreateSchematicPin -in [gi::getWindows 2]
[21:36:08.01] /i ise::createSchematicPin
[21:36:10.41] /i gi::setField {schematicPinType} -value {input} -in [gi::getToolbars {deCommandOptions} -from [gi::getWindows 2]]
[21:36:14.15] /# gi::executeAction deAddPoint -in [gi::getWindows 2]
[21:36:14.16] /i de::addPoint {1.90625 -1.6375} -context [db::getNext [de::getContexts -window 2]]
[21:36:15.79] /# gi::executeAction deAbortCommand -in [gi::getWindows 2]
[21:36:15.79] /i de::abortCommand -context [db::getNext [de::getContexts -window 2]]
[21:36:17.43] /# gi::executeAction deSelectActive -in [gi::getWindows 2]
[21:36:17.43] /i de::deselectAll [db::getNext [de::getContexts -window 2]]
[21:36:17.44] /i de::select [de::getActiveFigure [gi::getWindows 2] -point {1.70625 -1.6375} -index 0 -intent none]
[21:36:17.44] /o oa:0x203df7a0
[21:36:17.64] /i ide::editCanvasText -object [de::getActiveFigure [gi::getWindows 2] -point {1.70625 -1.6375} -index 0 -intent none]
[21:36:19.33] /# gi::executeAction deCanvasZoomInAtPoint -in [gi::getWindows 2]
[21:36:19.33] /i de::zoom -window [gi::getWindows 2] -factor 2.0 -center {1.96875 -1.625}
[21:36:19.33] /o {0.0125 -2.45} {9.78125 1.58125}
[21:36:20.29] /i de::abortCommand
[21:36:21.77] /i gi::executeAction deCanvasDragCancel -in [gi::getWindows 2]
[21:36:23.06] /# gi::executeAction deSelectActive -in [gi::getWindows 2]
[21:36:23.06] /i de::cycleActiveFigure [gi::getWindows 2] -direction next
[21:36:23.06] /o oa:0x1ddc6b60
[21:36:23.21] /i ide::editCanvasText -object [de::getActiveFigure [gi::getWindows 2] -point {1.675 -1.63125} -index 0 -intent none]
[21:36:24.44] /i gi::executeAction deObjectActivation -in [gi::getWindows 2]
[21:36:24.80] /i gi::executeAction deObjectActivation -in [gi::getWindows 2]
[21:36:25.79] /i de::commandOption {CLK}
[21:36:26.75] /# gi::executeAction deSelectActive -in [gi::getWindows 2]
[21:36:26.75] /i de::deselectAll [db::getNext [de::getContexts -window 2]]
[21:36:26.75] /i de::deselectAllLogic -context [db::getNext [de::getContexts -window 2]]
[21:36:27.96] /# gi::executeAction seButton1DragStart -in [gi::getWindows 2]
[21:36:27.96] /i ise::stretch -object [de::getActiveFigure [gi::getWindows 2] -point {2.75625 1.0875} -index 0 -intent none] -point {2.75 1.0625}
[21:36:30.54] /# gi::executeAction deEndDrag -in [gi::getWindows 2]
[21:36:30.54] /i de::endDrag {1.85625 1.075} -context [db::getNext [de::getContexts -window 2]]
[21:36:31.00] /# gi::executeAction deSelectActive -in [gi::getWindows 2]
[21:36:31.00] /i de::deselectAllLogic -context [db::getNext [de::getContexts -window 2]]
[21:36:31.34] /# gi::executeAction deCanvasZoomOutAtPoint -in [gi::getWindows 2]
[21:36:31.34] /i de::zoom -window [gi::getWindows 2] -factor 0.5 -center {6.7875 0.64375}
[21:36:31.35] /o {-6.7625 -5.5375} {12.76875 2.51875}
[21:36:34.10] /# gi::executeAction seSchCheckAndSave -in [gi::getWindows 2]
[21:36:34.10] /i ise::check
[21:36:34.12] /m Information: 
[21:36:34.12] /o Checking "dff/dff/schematic"
[21:36:34.12] /o 	[warning] Floating Input Instance Pins
[21:36:34.12] /o 		Input pin 'clk' of instance 'I16' is floating
[21:36:34.12] /o 		Input pin 'clkb' of instance 'I17' is floating
[21:36:34.12] /o 		Input pin 'clkb' of instance 'I18' is floating
[21:36:34.12] /o 		Input pin 'clkb' of instance 'I19' is floating
[21:36:34.12] /o 		Input pin 'in' of instance 'I19' is floating
[21:36:34.12] /o 		Input pin 'in' of instance 'I21' is floating
[21:36:34.12] /o 		Input pin 'in' of instance 'I22' is floating
[21:36:34.12] /o 		Input pin 'out' of instance 'I20' is floating
[21:36:34.12] /o 		Input pin 'out' of instance 'I23' is floating
[21:36:34.12] /o 		Input pin 'out' of instance 'I24' is floating
[21:36:34.12] /o 	[warning] Floating Output Pins
[21:36:34.12] /o 		Output pin 'Q' is floating
[21:36:34.12] /o 0 Error(s),11 Warning(s),0 Message(s) found   in "dff/dff/schematic"
[21:36:34.12] /m Information: Checking process is completed: marking the design violations
[21:36:34.27] /m Information: Marking of designs is completed
[21:36:34.27] /o true
[21:36:37.90] /i gi::pressButton {ConsoleToggleButton} -in [db::getAttr statusbar -of [gi::getWindows 2]]
[21:36:50.18] /# gi::executeAction seSchCheckAndSave -in [gi::getWindows 2]
[21:36:50.18] /i ise::check
[21:36:50.19] /m Information: 
[21:36:50.19] /o Checking "dff/dff/schematic"
[21:36:50.19] /o 	[warning] Floating Input Instance Pins
[21:36:50.19] /o 		Input pin 'clk' of instance 'I16' is floating
[21:36:50.19] /o 		Input pin 'clkb' of instance 'I17' is floating
[21:36:50.19] /o 		Input pin 'clkb' of instance 'I18' is floating
[21:36:50.19] /o 		Input pin 'clkb' of instance 'I19' is floating
[21:36:50.19] /o 		Input pin 'in' of instance 'I19' is floating
[21:36:50.19] /o 		Input pin 'in' of instance 'I21' is floating
[21:36:50.19] /o 		Input pin 'in' of instance 'I22' is floating
[21:36:50.19] /o 		Input pin 'out' of instance 'I20' is floating
[21:36:50.19] /o 		Input pin 'out' of instance 'I23' is floating
[21:36:50.19] /o 		Input pin 'out' of instance 'I24' is floating
[21:36:50.19] /o 	[warning] Floating Output Pins
[21:36:50.19] /o 		Output pin 'Q' is floating
[21:36:50.19] /o 0 Error(s),11 Warning(s),0 Message(s) found   in "dff/dff/schematic"
[21:36:50.19] /m Information: Checking process is completed: marking the design violations
[21:36:50.31] /m Information: Marking of designs is completed
[21:36:50.31] /o true
[21:37:07.24] /i db::setAttr shown -of [gi::getAssistants giConsole -from [gi::getWindows 2]] -value false
[21:37:08.95] /# gi::executeAction dePan -in [gi::getWindows 2]
[21:37:08.96] /i ide::pan [db::getNext [de::getContexts -window 2]]
[21:37:09.27] /# gi::executeAction deStartDrag -in [gi::getWindows 2]
[21:37:09.27] /i de::startDrag {7.70625 -3.5375} -context [db::getNext [de::getContexts -window 2]]
[21:37:10.85] /# gi::executeAction deEndDrag -in [gi::getWindows 2]
[21:37:10.85] /i de::endDrag {7.6875 -3.5625} -context [db::getNext [de::getContexts -window 2]]
[21:37:10.85] /r dePanToPoint {9.4125 -0.4625}
[21:37:11.70] /# gi::executeAction deAbortCommand -in [gi::getWindows 2]
[21:37:11.70] /i de::abortCommand -context [db::getNext [de::getContexts -window 2]]
[21:37:13.94] /# gi::executeAction deSelectActive -in [gi::getWindows 2]
[21:37:13.94] /i de::deselectAllLogic -context [db::getNext [de::getContexts -window 2]]
[21:37:16.73] /# gi::executeAction deCanvasZoomInAtPoint -in [gi::getWindows 2]
[21:37:16.73] /i de::zoom -window [gi::getWindows 2] -factor 2.0 -center {3.59375 -1.21875}
[21:37:16.73] /o {1.61875 -2.85625} {11.3875 1.175}
[21:37:18.02] /# gi::executeAction deCanvasZoomInAtPoint -in [gi::getWindows 2]
[21:37:18.02] /i de::zoom -window [gi::getWindows 2] -factor 2.0 -center {3.8875 -1.45625}
[21:37:18.02] /o {2.75625 -2.15625} {7.6375 -0.14375}
[21:37:18.15] /# gi::executeAction deCanvasZoomInAtPoint -in [gi::getWindows 2]
[21:37:18.15] /i de::zoom -window [gi::getWindows 2] -factor 2.0 -center {3.8875 -1.45625}
[21:37:18.15] /o {3.31875 -1.80625} {5.7625 -0.8}
[21:37:21.07] /i gi::executeAction deCanvasDragCancel -in [gi::getWindows 2]
[21:37:21.53] /# gi::executeAction deSelectActive -in [gi::getWindows 2]
[21:37:21.53] /i de::deselectAll [db::getNext [de::getContexts -window 2]]
[21:37:21.53] /i de::select [de::getActiveFigure [gi::getWindows 2] -point {3.775 -1.63125} -index 0 -intent none]
[21:37:21.53] /o oa:0x198ec6b0
[21:37:22.27] /# gi::executeAction deCanvasZoomOutAtPoint -in [gi::getWindows 2]
[21:37:22.27] /i de::zoom -window [gi::getWindows 2] -factor 0.5 -center {4.3625 -1.38125}
[21:37:22.27] /o {2.28125 -2.23125} {7.1625 -0.21875}
[21:37:22.34] /# gi::executeAction deCanvasZoomOutAtPoint -in [gi::getWindows 2]
[21:37:22.34] /i de::zoom -window [gi::getWindows 2] -factor 0.5 -center {4.35625 -1.375}
[21:37:22.34] /o {0.2 -3.0875} {9.96875 0.94375}
[21:37:23.03] /# gi::executeAction deCanvasZoomOutAtPoint -in [gi::getWindows 2]
[21:37:23.03] /i de::zoom -window [gi::getWindows 2] -factor 0.5 -center {5.525 -1.05625}
[21:37:23.04] /o {-5.11875 -5.11875} {14.4125 2.9375}
[21:37:24.57] /# gi::executeAction dePan -in [gi::getWindows 2]
[21:37:24.57] /i ide::pan [db::getNext [de::getContexts -window 2]]
[21:37:24.93] /# gi::executeAction deStartDrag -in [gi::getWindows 2]
[21:37:24.93] /i de::startDrag {5.4875 -1.05625} -context [db::getNext [de::getContexts -window 2]]
[21:37:26.23] /# gi::executeAction deEndDrag -in [gi::getWindows 2]
[21:37:26.23] /i de::endDrag {5.4875 -1.08125} -context [db::getNext [de::getContexts -window 2]]
[21:37:26.24] /r dePanToPoint {6.1625 -0.33125}
[21:37:27.33] /# gi::executeAction deCanvasZoomInAtPoint -in [gi::getWindows 2]
[21:37:27.33] /i de::zoom -window [gi::getWindows 2] -factor 2.0 -center {4.94375 0.65625}
[21:37:27.33] /o {0.66875 -1.85625} {10.4375 2.175}
[21:37:28.99] /# gi::executeAction deCanvasZoomOutAtPoint -in [gi::getWindows 2]
[21:37:28.99] /i de::zoom -window [gi::getWindows 2] -factor 0.5 -center {4.9625 0.65}
[21:37:28.99] /o {-3.61875 -4.35625} {15.9125 3.7}
[21:37:33.38] /i gi::executeAction deSaveDesign -in [gi::getWindows 2]
[21:37:33.39] /m Information: Saving design 'dff dff schematic'. (DESIGN_WINDOW-004)
[21:37:42.13] /i de::undoTransaction -design [db::getAttr editDesign -of [de::getContexts -window 2]] -steps 1
[21:37:42.33] /i de::undoTransaction -design [db::getAttr editDesign -of [de::getContexts -window 2]] -steps 1
[21:37:42.64] /i de::undoTransaction -design [db::getAttr editDesign -of [de::getContexts -window 2]] -steps 1
[21:37:42.87] /i de::undoTransaction -design [db::getAttr editDesign -of [de::getContexts -window 2]] -steps 1
[21:37:43.05] /i de::undoTransaction -design [db::getAttr editDesign -of [de::getContexts -window 2]] -steps 1
[21:37:43.21] /i de::undoTransaction -design [db::getAttr editDesign -of [de::getContexts -window 2]] -steps 1
[21:37:43.38] /i de::undoTransaction -design [db::getAttr editDesign -of [de::getContexts -window 2]] -steps 1
[21:37:43.56] /i de::undoTransaction -design [db::getAttr editDesign -of [de::getContexts -window 2]] -steps 1
[21:37:43.71] /i de::undoTransaction -design [db::getAttr editDesign -of [de::getContexts -window 2]] -steps 1
[21:37:43.86] /i de::undoTransaction -design [db::getAttr editDesign -of [de::getContexts -window 2]] -steps 1
[21:37:44.04] /i de::undoTransaction -design [db::getAttr editDesign -of [de::getContexts -window 2]] -steps 1
[21:37:44.21] /i de::undoTransaction -design [db::getAttr editDesign -of [de::getContexts -window 2]] -steps 1
[21:37:44.39] /i de::undoTransaction -design [db::getAttr editDesign -of [de::getContexts -window 2]] -steps 1
[21:37:44.73] /i de::undoTransaction -design [db::getAttr editDesign -of [de::getContexts -window 2]] -steps 1
[21:37:44.92] /i de::undoTransaction -design [db::getAttr editDesign -of [de::getContexts -window 2]] -steps 1
[21:37:45.11] /i de::undoTransaction -design [db::getAttr editDesign -of [de::getContexts -window 2]] -steps 1
[21:37:45.29] /i de::undoTransaction -design [db::getAttr editDesign -of [de::getContexts -window 2]] -steps 1
[21:37:45.50] /i de::undoTransaction -design [db::getAttr editDesign -of [de::getContexts -window 2]] -steps 1
[21:37:45.73] /i de::undoTransaction -design [db::getAttr editDesign -of [de::getContexts -window 2]] -steps 1
[21:37:45.91] /i de::undoTransaction -design [db::getAttr editDesign -of [de::getContexts -window 2]] -steps 1
[21:37:46.11] /i de::undoTransaction -design [db::getAttr editDesign -of [de::getContexts -window 2]] -steps 1
[21:37:46.28] /i de::undoTransaction -design [db::getAttr editDesign -of [de::getContexts -window 2]] -steps 1
[21:37:46.72] /i de::undoTransaction -design [db::getAttr editDesign -of [de::getContexts -window 2]] -steps 1
[21:37:46.89] /i de::undoTransaction -design [db::getAttr editDesign -of [de::getContexts -window 2]] -steps 1
[21:37:47.09] /i de::undoTransaction -design [db::getAttr editDesign -of [de::getContexts -window 2]] -steps 1
[21:37:47.28] /i de::undoTransaction -design [db::getAttr editDesign -of [de::getContexts -window 2]] -steps 1
[21:37:47.46] /i de::undoTransaction -design [db::getAttr editDesign -of [de::getContexts -window 2]] -steps 1
[21:37:47.92] /i de::undoTransaction -design [db::getAttr editDesign -of [de::getContexts -window 2]] -steps 1
[21:37:48.15] /i de::undoTransaction -design [db::getAttr editDesign -of [de::getContexts -window 2]] -steps 1
[21:37:48.33] /i de::undoTransaction -design [db::getAttr editDesign -of [de::getContexts -window 2]] -steps 1
[21:37:48.50] /i de::undoTransaction -design [db::getAttr editDesign -of [de::getContexts -window 2]] -steps 1
[21:37:48.84] /i de::undoTransaction -design [db::getAttr editDesign -of [de::getContexts -window 2]] -steps 1
[21:37:49.30] /i de::undoTransaction -design [db::getAttr editDesign -of [de::getContexts -window 2]] -steps 1
[21:37:49.51] /i de::undoTransaction -design [db::getAttr editDesign -of [de::getContexts -window 2]] -steps 1
[21:37:49.76] /i de::undoTransaction -design [db::getAttr editDesign -of [de::getContexts -window 2]] -steps 1
[21:37:49.97] /i de::undoTransaction -design [db::getAttr editDesign -of [de::getContexts -window 2]] -steps 1
[21:37:50.16] /i de::undoTransaction -design [db::getAttr editDesign -of [de::getContexts -window 2]] -steps 1
[21:37:50.39] /i de::undoTransaction -design [db::getAttr editDesign -of [de::getContexts -window 2]] -steps 1
[21:37:50.59] /i de::undoTransaction -design [db::getAttr editDesign -of [de::getContexts -window 2]] -steps 1
[21:37:50.79] /i de::undoTransaction -design [db::getAttr editDesign -of [de::getContexts -window 2]] -steps 1
[21:37:51.59] /i de::undoTransaction -design [db::getAttr editDesign -of [de::getContexts -window 2]] -steps 1
[21:37:53.08] /i de::redoTransaction -design [db::getAttr editDesign -of [de::getContexts -window 2]] -steps 1
[21:37:53.24] /i de::redoTransaction -design [db::getAttr editDesign -of [de::getContexts -window 2]] -steps 1
[21:37:53.57] /i de::redoTransaction -design [db::getAttr editDesign -of [de::getContexts -window 2]] -steps 1
[21:37:55.51] /i de::redoTransaction -design [db::getAttr editDesign -of [de::getContexts -window 2]] -steps 1
[21:37:56.24] /i de::redoTransaction -design [db::getAttr editDesign -of [de::getContexts -window 2]] -steps 1
[21:37:56.41] /i de::redoTransaction -design [db::getAttr editDesign -of [de::getContexts -window 2]] -steps 1
[21:37:56.58] /i de::redoTransaction -design [db::getAttr editDesign -of [de::getContexts -window 2]] -steps 1
[21:37:56.76] /i de::redoTransaction -design [db::getAttr editDesign -of [de::getContexts -window 2]] -steps 1
[21:37:56.93] /i de::redoTransaction -design [db::getAttr editDesign -of [de::getContexts -window 2]] -steps 1
[21:37:57.14] /i de::redoTransaction -design [db::getAttr editDesign -of [de::getContexts -window 2]] -steps 1
[21:37:57.48] /i de::redoTransaction -design [db::getAttr editDesign -of [de::getContexts -window 2]] -steps 1
[21:37:58.03] /i de::redoTransaction -design [db::getAttr editDesign -of [de::getContexts -window 2]] -steps 1
[21:37:59.94] /i de::undoTransaction -design [db::getAttr editDesign -of [de::getContexts -window 2]] -steps 1
[21:38:00.82] /# gi::executeAction deCanvasZoomInAtPoint -in [gi::getWindows 2]
[21:38:00.82] /i de::zoom -window [gi::getWindows 2] -factor 2.0 -center {4.75 3.03125}
[21:38:00.82] /o {0.5625 -0.6625} {10.33125 3.3625}
[21:38:02.67] /# gi::executeAction dePan -in [gi::getWindows 2]
[21:38:02.67] /i ide::pan [db::getNext [de::getContexts -window 2]]
[21:38:03.14] /# gi::executeAction deAddPoint -in [gi::getWindows 2]
[21:38:03.14] /i de::addPoint {4.45 2.6875} -context [db::getNext [de::getContexts -window 2]]
[21:38:03.53] /# gi::executeAction deAbortCommand -in [gi::getWindows 2]
[21:38:03.53] /i de::abortCommand -context [db::getNext [de::getContexts -window 2]]
[21:38:05.32] /# gi::executeAction deSelectActive -in [gi::getWindows 2]
[21:38:05.32] /i de::deselectAll [db::getNext [de::getContexts -window 2]]
[21:38:05.32] /i de::select [de::getActiveFigure [gi::getWindows 2] -point {2.56875 1.75} -index 0 -intent none]
[21:38:05.32] /o oa:0x1e814620
[21:38:05.47] /i ide::editCanvasText -object [de::getActiveFigure [gi::getWindows 2] -point {2.56875 1.75} -index 0 -intent none]
[21:38:06.70] /i gi::executeAction deObjectActivation -in [gi::getWindows 2]
[21:38:07.07] /i gi::executeAction deObjectActivation -in [gi::getWindows 2]
[21:38:07.84] /i de::commandOption {CLK}
[21:38:09.48] /# gi::executeAction deSelectActive -in [gi::getWindows 2]
[21:38:09.48] /i de::deselectAll [db::getNext [de::getContexts -window 2]]
[21:38:09.48] /i de::select [de::getActiveFigure [gi::getWindows 2] -point {3.38125 1.825} -index 0 -intent none]
[21:38:09.48] /o oa:0x1fc89430
[21:38:12.20] /# gi::executeAction seCopy -in [gi::getWindows 2]
[21:38:12.20] /i ise::copy
[21:38:12.31] /# gi::executeAction seSchCreateWireName -in [gi::getWindows 2]
[21:38:12.31] /i ise::createWireName
[21:38:12.47] /w Warning: Nothing is bound to the 'k' in the current active set. (WINDOW-015)
[21:38:19.89] /i gi::setField {wireNameName} -value {clk} -in [gi::getToolbars {deCommandOptions} -from [gi::getWindows 2]]
[21:39:36.74] /# gi::executeAction deAddPoint -in [gi::getWindows 2]
[21:39:36.74] /i de::addPoint {5.31875 3.875} -context [db::getNext [de::getContexts -window 2]]
[21:39:38.63] /# gi::executeAction deAbortCommand -in [gi::getWindows 2]
[21:39:38.63] /i de::abortCommand -context [db::getNext [de::getContexts -window 2]]
[21:39:40.78] /# gi::executeAction deSelectActive -in [gi::getWindows 2]
[21:39:40.78] /i de::deselectAll [db::getNext [de::getContexts -window 2]]
[21:39:40.78] /i de::deselectAllLogic -context [db::getNext [de::getContexts -window 2]]
[21:39:41.48] /# gi::executeAction deSelectActive -in [gi::getWindows 2]
[21:39:41.48] /i de::deselectAll [db::getNext [de::getContexts -window 2]]
[21:39:41.48] /i de::select [de::getActiveFigure [gi::getWindows 2] -point {3.375 1.8625} -index 0 -intent none]
[21:39:41.49] /o oa:0x1fe415a0
[21:39:41.84] /# gi::executeAction giPostContextMenu -in [gi::getWindows 2]
[21:39:41.86] /i gi::executeAction menuPreShow -in [gi::getWindows 2]
[21:39:41.86] /r giMenuAccess db::getNext [gi::getMenus seSchWireContextMenu]
[21:39:43.27] /# gi::executeAction seSchCreateWireNameAtPoint -in [gi::getWindows 2]
[21:39:43.27] /i ide::editCanvasText -object [::se::internal::_getSegmentLabel [db::getAttr object -of [de::getActiveFigure [gi::getWindows 2] -point {3.375 1.8625} -index 0 -intent none]] {3.375 1.875} [db::getNext [de::getContexts -window 2]]]
[21:39:45.50] /i de::commandOption {clk}
[21:39:46.44] /# gi::executeAction dePan -in [gi::getWindows 2]
[21:39:46.44] /i ide::pan [db::getNext [de::getContexts -window 2]]
[21:39:46.70] /# gi::executeAction deStartDrag -in [gi::getWindows 2]
[21:39:46.70] /i de::startDrag {5.94375 2} -context [db::getNext [de::getContexts -window 2]]
[21:39:49.92] /# gi::executeAction deEndDrag -in [gi::getWindows 2]
[21:39:49.92] /i de::endDrag {5.94375 2.00625} -context [db::getNext [de::getContexts -window 2]]
[21:39:49.92] /r dePanToPoint {7.81875 0.625}
[21:39:50.03] /# gi::executeAction deAbortCommand -in [gi::getWindows 2]
[21:39:50.03] /i de::abortCommand -context [db::getNext [de::getContexts -window 2]]
[21:39:52.01] /# gi::executeAction deSelectActive -in [gi::getWindows 2]
[21:39:52.01] /i de::deselectAll [db::getNext [de::getContexts -window 2]]
[21:39:52.01] /i de::select [de::getActiveFigure [gi::getWindows 2] -point {4.68125 1.86875} -index 0 -intent none]
[21:39:52.01] /o oa:0x1fc898b0
[21:39:52.29] /# gi::executeAction giPostContextMenu -in [gi::getWindows 2]
[21:39:52.30] /i gi::executeAction menuPreShow -in [gi::getWindows 2]
[21:39:52.30] /r giMenuAccess db::getNext [gi::getMenus seSchWireContextMenu]
[21:39:53.52] /# gi::executeAction seSchCreateWireNameAtPoint -in [gi::getWindows 2]
[21:39:53.52] /i ide::editCanvasText -object [::se::internal::_getSegmentLabel [db::getAttr object -of [de::getActiveFigure [gi::getWindows 2] -point {4.68125 1.86875} -index 0 -intent none]] {4.6875 1.875} [db::getNext [de::getContexts -window 2]]]
[21:39:56.29] /i de::commandOption {clkb}
[21:39:58.37] /# gi::executeAction dePan -in [gi::getWindows 2]
[21:39:58.37] /i ide::pan [db::getNext [de::getContexts -window 2]]
[21:39:58.67] /# gi::executeAction deStartDrag -in [gi::getWindows 2]
[21:39:58.67] /i de::startDrag {4.7375 2.2625} -context [db::getNext [de::getContexts -window 2]]
[21:40:01.73] /# gi::executeAction deEndDrag -in [gi::getWindows 2]
[21:40:01.73] /i de::endDrag {4.71875 2.26875} -context [db::getNext [de::getContexts -window 2]]
[21:40:01.73] /r dePanToPoint {7.8125 1.06875}
[21:40:01.77] /# gi::executeAction deAbortCommand -in [gi::getWindows 2]
[21:40:01.77] /i de::abortCommand -context [db::getNext [de::getContexts -window 2]]
[21:40:04.52] /# gi::executeAction deSelectActive -in [gi::getWindows 2]
[21:40:04.52] /i de::deselectAll [db::getNext [de::getContexts -window 2]]
[21:40:04.52] /i de::select [de::getActiveFigure [gi::getWindows 2] -point {4.68125 0.375} -index 0 -intent none]
[21:40:04.52] /o oa:0x204bdb80
[21:40:05.85] /# gi::executeAction deSelectActive -in [gi::getWindows 2]
[21:40:05.85] /i de::cycleActiveFigure [gi::getWindows 2] -direction next
[21:40:05.85] /o oa:0x173e8690
[21:40:05.85] /i de::deselectAll [db::getNext [de::getContexts -window 2]]
[21:40:05.85] /i de::select [de::getActiveFigure [gi::getWindows 2] -point {4.70625 0.39375} -index 1 -intent none]
[21:40:05.85] /o oa:0x1e4a6f80
[21:40:07.03] /# gi::executeAction giPostContextMenu -in [gi::getWindows 2]
[21:40:07.04] /i gi::executeAction menuPreShow -in [gi::getWindows 2]
[21:40:07.04] /r giMenuAccess db::getNext [gi::getMenus seSchWireContextMenu]
[21:40:08.63] /# gi::executeAction seSchCreateWireNameAtPoint -in [gi::getWindows 2]
[21:40:08.63] /i ide::editCanvasText -object [::se::internal::_getSegmentLabel [db::getAttr object -of [de::getActiveFigure [gi::getWindows 2] -point {4.7 0.45625} -index 0 -intent none]] {4.6875 0.4375} [db::getNext [de::getContexts -window 2]]]
[21:40:10.47] /i de::commandOption {clk}
[21:40:12.18] /# gi::executeAction deSelectActive -in [gi::getWindows 2]
[21:40:12.18] /i de::deselectAll [db::getNext [de::getContexts -window 2]]
[21:40:12.18] /i de::select [de::getActiveFigure [gi::getWindows 2] -point {6.31875 0.21875} -index 0 -intent none]
[21:40:12.18] /o oa:0x1e8c2110
[21:40:12.44] /# gi::executeAction giPostContextMenu -in [gi::getWindows 2]
[21:40:12.45] /i gi::executeAction menuPreShow -in [gi::getWindows 2]
[21:40:12.45] /r giMenuAccess db::getNext [gi::getMenus seSchWireContextMenu]
[21:40:13.68] /# gi::executeAction seSchCreateWireNameAtPoint -in [gi::getWindows 2]
[21:40:13.68] /i ide::editCanvasText -object [::se::internal::_getSegmentLabel [db::getAttr object -of [de::getActiveFigure [gi::getWindows 2] -point {6.31875 0.21875} -index 0 -intent none]] {6.3125 0.25} [db::getNext [de::getContexts -window 2]]]
[21:40:16.22] /i de::commandOption {clkb}
[21:40:17.22] /# gi::executeAction dePan -in [gi::getWindows 2]
[21:40:17.22] /i ide::pan [db::getNext [de::getContexts -window 2]]
[21:40:17.61] /# gi::executeAction deStartDrag -in [gi::getWindows 2]
[21:40:17.61] /i de::startDrag {7.20625 -0.1} -context [db::getNext [de::getContexts -window 2]]
[21:40:18.64] /# gi::executeAction deEndDrag -in [gi::getWindows 2]
[21:40:18.64] /i de::endDrag {7.18125 -0.0875} -context [db::getNext [de::getContexts -window 2]]
[21:40:18.64] /r dePanToPoint {8.825 0.3625}
[21:40:18.82] /# gi::executeAction deAbortCommand -in [gi::getWindows 2]
[21:40:18.82] /i de::abortCommand -context [db::getNext [de::getContexts -window 2]]
[21:40:19.82] /# gi::executeAction deSelectActive -in [gi::getWindows 2]
[21:40:19.82] /i de::deselectAll [db::getNext [de::getContexts -window 2]]
[21:40:19.82] /i de::select [de::getActiveFigure [gi::getWindows 2] -point {6.3 -1.23125} -index 0 -intent none]
[21:40:19.82] /o oa:0x1e9aec50
[21:40:20.10] /# gi::executeAction giPostContextMenu -in [gi::getWindows 2]
[21:40:20.11] /i gi::executeAction menuPreShow -in [gi::getWindows 2]
[21:40:20.11] /r giMenuAccess db::getNext [gi::getMenus seSchWireContextMenu]
[21:40:23.30] /# gi::executeAction deSelectActive -in [gi::getWindows 2]
[21:40:23.30] /i de::cycleActiveFigure [gi::getWindows 2] -direction next
[21:40:23.30] /o oa:0x1e981fe0
[21:40:23.30] /i de::deselectAll [db::getNext [de::getContexts -window 2]]
[21:40:23.30] /i de::select [de::getActiveFigure [gi::getWindows 2] -point {6.31875 -1.225} -index 1 -intent none]
[21:40:23.30] /o oa:0x20556790
[21:40:23.44] /i de::select [se::getNetComponents [de::getActiveFigure [gi::getWindows 2] -point {6.31875 -1.225} -index 1 -intent none] -of branch]
[21:40:23.44] /o oa:0x1e7df490
[21:40:23.86] /# gi::executeAction giPostContextMenu -in [gi::getWindows 2]
[21:40:23.87] /i gi::executeAction menuPreShow -in [gi::getWindows 2]
[21:40:23.87] /r giMenuAccess db::getNext [gi::getMenus seSchWireContextMenu]
[21:40:24.95] /# gi::executeAction seSchCreateWireNameAtPoint -in [gi::getWindows 2]
[21:40:24.95] /i ide::editCanvasText -object [::se::internal::_getSegmentLabel [db::getAttr object -of [de::getActiveFigure [gi::getWindows 2] -point {6.31875 -1.225} -index 1 -intent none]] {6.3125 -1.25} [db::getNext [de::getContexts -window 2]]]
[21:40:28.59] /i de::commandOption {clk}
[21:40:30.18] /# gi::executeAction deSelectActive -in [gi::getWindows 2]
[21:40:30.18] /i de::deselectAll [db::getNext [de::getContexts -window 2]]
[21:40:30.18] /i de::select [de::getActiveFigure [gi::getWindows 2] -point {6.3125 0.2375} -index 0 -intent none]
[21:40:30.18] /o oa:0x1f3dba30
[21:40:30.42] /# gi::executeAction deCanvasZoomInAtPoint -in [gi::getWindows 2]
[21:40:30.42] /i de::zoom -window [gi::getWindows 2] -factor 2.0 -center {6.3125 0.24375}
[21:40:30.42] /o {5.13125 -0.7} {10.0125 1.3125}
[21:40:30.53] /# gi::executeAction deCanvasZoomInAtPoint -in [gi::getWindows 2]
[21:40:30.53] /i de::zoom -window [gi::getWindows 2] -factor 2.0 -center {6.3125 0.24375}
[21:40:30.53] /o {5.71875 -0.23125} {8.1625 0.775}
[21:40:31.20] /# gi::executeAction deSelectActive -in [gi::getWindows 2]
[21:40:31.20] /i de::deselectAll [db::getNext [de::getContexts -window 2]]
[21:40:31.20] /i de::deselectAllLogic -context [db::getNext [de::getContexts -window 2]]
[21:40:32.15] /# gi::executeAction deSelectActive -in [gi::getWindows 2]
[21:40:32.15] /i de::deselectAll [db::getNext [de::getContexts -window 2]]
[21:40:32.15] /i de::select [de::getActiveFigure [gi::getWindows 2] -point {6.3125 0.13125} -index 0 -intent none]
[21:40:32.15] /o oa:0x1d8b2480
[21:40:33.01] /# gi::executeAction deSelectActive -in [gi::getWindows 2]
[21:40:33.01] /i de::cycleActiveFigure [gi::getWindows 2] -direction next
[21:40:33.01] /o oa:0x1e882050
[21:40:34.11] /# gi::executeAction deSelectActive -in [gi::getWindows 2]
[21:40:34.11] /i de::deselectAll [db::getNext [de::getContexts -window 2]]
[21:40:34.11] /i de::select [de::getActiveFigure [gi::getWindows 2] -point {6.28125 0.2375} -index 0 -intent none]
[21:40:34.11] /o oa:0x1e977540
[21:40:34.33] /i ide::editCanvasText -object [de::getActiveFigure [gi::getWindows 2] -point {6.28125 0.2375} -index 0 -intent none]
[21:40:35.74] /i de::abortCommand
[21:40:37.87] /# gi::executeAction seDelete -in [gi::getWindows 2]
[21:40:37.87] /i ise::delete
[21:40:39.92] /# gi::executeAction deSelectActive -in [gi::getWindows 2]
[21:40:39.92] /i de::deselectAll [db::getNext [de::getContexts -window 2]]
[21:40:39.92] /i de::select [de::getActiveFigure [gi::getWindows 2] -point {6.3125 0.125} -index 0 -intent none]
[21:40:39.92] /o oa:0x1f2016c0
[21:40:40.64] /# gi::executeAction deSelectActive -in [gi::getWindows 2]
[21:40:40.64] /i de::cycleActiveFigure [gi::getWindows 2] -direction next
[21:40:40.64] /o oa:0x1ec09d80
[21:40:41.02] /# gi::executeAction giPostContextMenu -in [gi::getWindows 2]
[21:40:41.03] /i gi::executeAction menuPreShow -in [gi::getWindows 2]
[21:40:41.03] /r giMenuAccess db::getNext [gi::getMenus seSchWireContextMenu]
[21:40:42.14] /# gi::executeAction seSchCreateWireNameAtPoint -in [gi::getWindows 2]
[21:40:42.14] /i ide::editCanvasText -object [::se::internal::_getSegmentLabel [db::getAttr object -of [de::getActiveFigure [gi::getWindows 2] -point {6.3125 0.125} -index 0 -intent none]] {6.3125 0.125} [db::getNext [de::getContexts -window 2]]]
[21:40:44.51] /i de::commandOption {clkb}
[21:40:45.24] /# gi::executeAction dePan -in [gi::getWindows 2]
[21:40:45.24] /i ide::pan [db::getNext [de::getContexts -window 2]]
[21:40:45.49] /# gi::executeAction deStartDrag -in [gi::getWindows 2]
[21:40:45.49] /i de::startDrag {6.1875 0.50625} -context [db::getNext [de::getContexts -window 2]]
[21:40:46.30] /# gi::executeAction deEndDrag -in [gi::getWindows 2]
[21:40:46.30] /i de::endDrag {6.23125 0.4875} -context [db::getNext [de::getContexts -window 2]]
[21:40:46.30] /r dePanToPoint {5.8125 0.65}
[21:40:46.52] /# gi::executeAction deCanvasZoomOutAtPoint -in [gi::getWindows 2]
[21:40:46.52] /i de::zoom -window [gi::getWindows 2] -factor 0.5 -center {5.6875 0.7375}
[21:40:46.52] /o {3.5 -0.4375} {8.38125 1.575}
[21:40:46.65] /# gi::executeAction deCanvasZoomOutAtPoint -in [gi::getWindows 2]
[21:40:46.65] /i de::zoom -window [gi::getWindows 2] -factor 0.5 -center {5.68125 0.7375}
[21:40:46.65] /o {1.31875 -1.6125} {11.08125 2.4125}
[21:40:47.64] /# gi::executeAction deCanvasZoomInAtPoint -in [gi::getWindows 2]
[21:40:47.64] /i de::zoom -window [gi::getWindows 2] -factor 2.0 -center {4.7625 1.11875}
[21:40:47.65] /o {3.0375 -0.25} {7.925 1.76875}
[21:40:47.74] /# gi::executeAction deCanvasZoomInAtPoint -in [gi::getWindows 2]
[21:40:47.74] /i de::zoom -window [gi::getWindows 2] -factor 2.0 -center {4.7625 1.11875}
[21:40:47.74] /o {3.9 0.4375} {6.34375 1.44375}
[21:40:48.30] /# gi::executeAction deCanvasZoomOutAtPoint -in [gi::getWindows 2]
[21:40:48.30] /i de::zoom -window [gi::getWindows 2] -factor 0.5 -center {4.775 0.95}
[21:40:48.30] /o {3.025 -0.08125} {7.9125 1.9375}
[21:40:48.70] /# gi::executeAction deAbortCommand -in [gi::getWindows 2]
[21:40:48.70] /i de::abortCommand -context [db::getNext [de::getContexts -window 2]]
[21:40:49.93] /# gi::executeAction deSelectActive -in [gi::getWindows 2]
[21:40:49.93] /i de::deselectAll [db::getNext [de::getContexts -window 2]]
[21:40:49.93] /i de::select [de::getActiveFigure [gi::getWindows 2] -point {4.68125 0.5} -index 0 -intent none]
[21:40:49.93] /o oa:0x1f3ec2b0
[21:40:50.07] /i de::select [se::getNetComponents [de::getActiveFigure [gi::getWindows 2] -point {4.68125 0.5} -index 0 -intent none] -of branch]
[21:40:50.07] /o oa:0x20452b80
[21:40:51.78] /# gi::executeAction deSelectActive -in [gi::getWindows 2]
[21:40:51.78] /i de::deselectAll [db::getNext [de::getContexts -window 2]]
[21:40:51.78] /i de::deselectAllLogic -context [db::getNext [de::getContexts -window 2]]
[21:40:52.65] /# gi::executeAction deSelectActive -in [gi::getWindows 2]
[21:40:52.65] /i de::deselectAll [db::getNext [de::getContexts -window 2]]
[21:40:52.65] /i de::select [de::getActiveFigure [gi::getWindows 2] -point {4.6875 1.75625} -index 0 -intent none]
[21:40:52.65] /o oa:0x1eb826e0
[21:40:52.82] /i de::select [se::getNetComponents [de::getActiveFigure [gi::getWindows 2] -point {4.6875 1.75625} -index 0 -intent none] -of branch]
[21:40:52.82] /o oa:0x1e38ae60
[21:40:53.59] /# gi::executeAction deSelectActive -in [gi::getWindows 2]
[21:40:53.59] /i de::deselectAll [db::getNext [de::getContexts -window 2]]
[21:40:53.60] /i de::deselectAllLogic -context [db::getNext [de::getContexts -window 2]]
[21:40:54.33] /# gi::executeAction dePan -in [gi::getWindows 2]
[21:40:54.33] /i ide::pan [db::getNext [de::getContexts -window 2]]
[21:40:54.56] /# gi::executeAction deStartDrag -in [gi::getWindows 2]
[21:40:54.56] /i de::startDrag {6.71875 1.375} -context [db::getNext [de::getContexts -window 2]]
[21:40:55.72] /# gi::executeAction deEndDrag -in [gi::getWindows 2]
[21:40:55.72] /i de::endDrag {6.71875 1.375} -context [db::getNext [de::getContexts -window 2]]
[21:40:55.73] /r dePanToPoint {8.26875 0.21875}
[21:40:56.29] /# gi::executeAction deStartDrag -in [gi::getWindows 2]
[21:40:56.29] /i de::startDrag {7.18125 0.19375} -context [db::getNext [de::getContexts -window 2]]
[21:40:57.97] /# gi::executeAction deEndDrag -in [gi::getWindows 2]
[21:40:57.97] /i de::endDrag {7.18125 0.18125} -context [db::getNext [de::getContexts -window 2]]
[21:40:57.97] /r dePanToPoint {9.51875 0.15}
[21:40:58.93] /# gi::executeAction deStartDrag -in [gi::getWindows 2]
[21:40:58.93] /i de::startDrag {11.41875 0.70625} -context [db::getNext [de::getContexts -window 2]]
[21:41:00.76] /# gi::executeAction deEndDrag -in [gi::getWindows 2]
[21:41:00.76] /i de::endDrag {11.4125 0.70625} -context [db::getNext [de::getContexts -window 2]]
[21:41:00.76] /r dePanToPoint {11.2875 0.99375}
[21:41:00.78] /# gi::executeAction deAbortCommand -in [gi::getWindows 2]
[21:41:00.78] /i de::abortCommand -context [db::getNext [de::getContexts -window 2]]
[21:41:02.42] /# gi::executeAction deSelectActive -in [gi::getWindows 2]
[21:41:02.42] /i de::deselectAll [db::getNext [de::getContexts -window 2]]
[21:41:02.42] /i de::select [de::getActiveFigure [gi::getWindows 2] -point {10.125 1.78125} -index 0 -intent none]
[21:41:02.42] /o oa:0x1de391a0
[21:41:02.56] /i de::select [se::getNetComponents [de::getActiveFigure [gi::getWindows 2] -point {10.125 1.78125} -index 0 -intent none] -of branch]
[21:41:02.56] /o oa:0x1d54b110
[21:41:03.32] /# gi::executeAction giPostContextMenu -in [gi::getWindows 2]
[21:41:03.33] /i gi::executeAction menuPreShow -in [gi::getWindows 2]
[21:41:03.33] /r giMenuAccess db::getNext [gi::getMenus seSchWireContextMenu]
[21:41:04.85] /# gi::executeAction seSchCreateWireNameAtPoint -in [gi::getWindows 2]
[21:41:04.85] /i ide::editCanvasText -object [::se::internal::_getSegmentLabel [db::getAttr object -of [de::getActiveFigure [gi::getWindows 2] -point {10.125 1.78125} -index 0 -intent none]] {10.125 1.8125} [db::getNext [de::getContexts -window 2]]]
[21:41:07.26] /i de::commandOption {clk}
[21:41:08.78] /# gi::executeAction deSelectActive -in [gi::getWindows 2]
[21:41:08.78] /i de::deselectAll [db::getNext [de::getContexts -window 2]]
[21:41:08.78] /i de::select [de::getActiveFigure [gi::getWindows 2] -point {10.125 0.4875} -index 0 -intent none]
[21:41:08.78] /o oa:0x1e95bcb0
[21:41:08.92] /i de::select [se::getNetComponents [de::getActiveFigure [gi::getWindows 2] -point {10.125 0.4875} -index 0 -intent none] -of branch]
[21:41:08.92] /o oa:0x1fcac610
[21:41:09.21] /# gi::executeAction giPostContextMenu -in [gi::getWindows 2]
[21:41:09.22] /i gi::executeAction menuPreShow -in [gi::getWindows 2]
[21:41:09.22] /r giMenuAccess db::getNext [gi::getMenus seSchWireContextMenu]
[21:41:10.57] /# gi::executeAction seSchCreateWireNameAtPoint -in [gi::getWindows 2]
[21:41:10.57] /i ide::editCanvasText -object [::se::internal::_getSegmentLabel [db::getAttr object -of [de::getActiveFigure [gi::getWindows 2] -point {10.125 0.4875} -index 0 -intent none]] {10.125 0.5} [db::getNext [de::getContexts -window 2]]]
[21:41:12.68] /i de::commandOption {clkb}
[21:41:13.79] /# gi::executeAction dePan -in [gi::getWindows 2]
[21:41:13.79] /i ide::pan [db::getNext [de::getContexts -window 2]]
[21:41:14.03] /# gi::executeAction deStartDrag -in [gi::getWindows 2]
[21:41:14.03] /i de::startDrag {12.46875 0.35625} -context [db::getNext [de::getContexts -window 2]]
[21:41:15.66] /# gi::executeAction deEndDrag -in [gi::getWindows 2]
[21:41:15.66] /i de::endDrag {12.45625 0.35625} -context [db::getNext [de::getContexts -window 2]]
[21:41:15.67] /r dePanToPoint {12.63125 -0.0875}
[21:41:15.76] /# gi::executeAction deAbortCommand -in [gi::getWindows 2]
[21:41:15.76] /i de::abortCommand -context [db::getNext [de::getContexts -window 2]]
[21:41:17.65] /# gi::executeAction dePan -in [gi::getWindows 2]
[21:41:17.65] /i ide::pan [db::getNext [de::getContexts -window 2]]
[21:41:17.96] /# gi::executeAction deStartDrag -in [gi::getWindows 2]
[21:41:17.96] /i de::startDrag {12.53125 -0.1625} -context [db::getNext [de::getContexts -window 2]]
[21:41:18.64] /# gi::executeAction deAbortCommand -in [gi::getWindows 2]
[21:41:18.64] /i de::abortCommand -context [db::getNext [de::getContexts -window 2]]
[21:41:18.69] /# gi::executeAction deCanvasDragEnd -in [gi::getWindows 2]
[21:41:20.18] /# gi::executeAction deSelectActive -in [gi::getWindows 2]
[21:41:20.18] /i de::deselectAll [db::getNext [de::getContexts -window 2]]
[21:41:20.18] /i de::select [de::getActiveFigure [gi::getWindows 2] -point {11.81875 0.15} -index 0 -intent none]
[21:41:20.18] /o oa:0x1e939dd0
[21:41:20.31] /i de::select [se::getNetComponents [de::getActiveFigure [gi::getWindows 2] -point {11.81875 0.15} -index 0 -intent none] -of branch]
[21:41:20.31] /o oa:0x1fe363a0
[21:41:20.63] /# gi::executeAction giPostContextMenu -in [gi::getWindows 2]
[21:41:20.64] /i gi::executeAction menuPreShow -in [gi::getWindows 2]
[21:41:20.64] /r giMenuAccess db::getNext [gi::getMenus seSchWireContextMenu]
[21:41:21.85] /# gi::executeAction seSchCreateWireNameAtPoint -in [gi::getWindows 2]
[21:41:21.85] /i ide::editCanvasText -object [::se::internal::_getSegmentLabel [db::getAttr object -of [de::getActiveFigure [gi::getWindows 2] -point {11.81875 0.15} -index 0 -intent none]] {11.8125 0.125} [db::getNext [de::getContexts -window 2]]]
[21:41:23.39] /i de::commandOption {clk}
[21:41:24.80] /# gi::executeAction deSelectActive -in [gi::getWindows 2]
[21:41:24.80] /i de::deselectAll [db::getNext [de::getContexts -window 2]]
[21:41:24.80] /i de::select [de::getActiveFigure [gi::getWindows 2] -point {11.8125 -1.325} -index 0 -intent none]
[21:41:24.80] /o oa:0x1f123190
[21:41:24.95] /i de::select [se::getNetComponents [de::getActiveFigure [gi::getWindows 2] -point {11.8125 -1.325} -index 0 -intent none] -of branch]
[21:41:24.95] /o oa:0x20556790
[21:41:25.42] /# gi::executeAction giPostContextMenu -in [gi::getWindows 2]
[21:41:25.43] /i gi::executeAction menuPreShow -in [gi::getWindows 2]
[21:41:25.43] /r giMenuAccess db::getNext [gi::getMenus seSchWireContextMenu]
[21:41:26.43] /# gi::executeAction seSchCreateWireNameAtPoint -in [gi::getWindows 2]
[21:41:26.43] /i ide::editCanvasText -object [::se::internal::_getSegmentLabel [db::getAttr object -of [de::getActiveFigure [gi::getWindows 2] -point {11.8125 -1.325} -index 0 -intent none]] {11.8125 -1.3125} [db::getNext [de::getContexts -window 2]]]
[21:41:28.24] /i de::commandOption {clkb}
[21:41:30.30] /# gi::executeAction deCanvasZoomOutAtPoint -in [gi::getWindows 2]
[21:41:30.30] /i de::zoom -window [gi::getWindows 2] -factor 0.5 -center {12.20625 -0.125}
[21:41:30.30] /o {8.65 -3.10625} {18.4125 0.91875}
[21:41:31.56] /# gi::executeAction dePan -in [gi::getWindows 2]
[21:41:31.56] /i ide::pan [db::getNext [de::getContexts -window 2]]
[21:41:31.84] /# gi::executeAction deStartDrag -in [gi::getWindows 2]
[21:41:31.84] /i de::startDrag {12.58125 0.34375} -context [db::getNext [de::getContexts -window 2]]
[21:41:33.53] /# gi::executeAction deEndDrag -in [gi::getWindows 2]
[21:41:33.53] /i de::endDrag {12.5625 0.35625} -context [db::getNext [de::getContexts -window 2]]
[21:41:33.53] /r dePanToPoint {12.3875 0.64375}
[21:41:34.16] /# gi::executeAction seSchCreateSchematicPin -in [gi::getWindows 2]
[21:41:34.16] /i ise::createSchematicPin
[21:41:37.01] /i gi::setField {schematicPinType} -value {output} -in [gi::getToolbars {deCommandOptions} -from [gi::getWindows 2]]
[21:41:38.99] /# gi::executeAction deAddPoint -in [gi::getWindows 2]
[21:41:38.99] /i de::addPoint {15.1375 1.10625} -context [db::getNext [de::getContexts -window 2]]
[21:41:39.83] /# gi::executeAction deAbortCommand -in [gi::getWindows 2]
[21:41:39.83] /i de::abortCommand -context [db::getNext [de::getContexts -window 2]]
[21:41:40.64] /# gi::executeAction deSelectActive -in [gi::getWindows 2]
[21:41:40.64] /i de::deselectAll [db::getNext [de::getContexts -window 2]]
[21:41:40.64] /i de::select [de::getActiveFigure [gi::getWindows 2] -point {15.3875 1.13125} -index 0 -intent none]
[21:41:40.64] /o oa:0x1f533a60
[21:41:41.01] /# gi::executeAction deSelectActive -in [gi::getWindows 2]
[21:41:41.01] /i de::cycleActiveFigure [gi::getWindows 2] -direction next
[21:41:41.01] /o oa:0x1e95cf10
[21:41:41.17] /i ide::editCanvasText -object [de::getActiveFigure [gi::getWindows 2] -point {15.3875 1.13125} -index 0 -intent none]
[21:41:42.22] /i gi::executeAction deObjectActivation -in [gi::getWindows 2]
[21:41:42.30] /i gi::executeAction deObjectActivation -in [gi::getWindows 2]
[21:41:42.88] /i de::commandOption {Q}
[21:41:43.82] /# gi::executeAction dePan -in [gi::getWindows 2]
[21:41:43.82] /i ide::pan [db::getNext [de::getContexts -window 2]]
[21:41:44.16] /# gi::executeAction deStartDrag -in [gi::getWindows 2]
[21:41:44.16] /i de::startDrag {9.66875 1.8375} -context [db::getNext [de::getContexts -window 2]]
[21:41:44.81] /# gi::executeAction deEndDrag -in [gi::getWindows 2]
[21:41:44.81] /i de::endDrag {9.68125 1.8375} -context [db::getNext [de::getContexts -window 2]]
[21:41:44.81] /r dePanToPoint {6.58125 1.0125}
[21:41:45.89] /# gi::executeAction deStartDrag -in [gi::getWindows 2]
[21:41:45.89] /i de::startDrag {4.175 2.1375} -context [db::getNext [de::getContexts -window 2]]
[21:41:46.26] /# gi::executeAction deEndDrag -in [gi::getWindows 2]
[21:41:46.26] /i de::endDrag {4.2 2.1375} -context [db::getNext [de::getContexts -window 2]]
[21:41:46.26] /r dePanToPoint {5.7375 1.1625}
[21:41:46.45] /# gi::executeAction deAbortCommand -in [gi::getWindows 2]
[21:41:46.45] /i de::abortCommand -context [db::getNext [de::getContexts -window 2]]
[21:41:47.88] /# gi::executeAction deSelectActive -in [gi::getWindows 2]
[21:41:47.88] /i de::deselectAll [db::getNext [de::getContexts -window 2]]
[21:41:47.88] /i de::select [de::getActiveFigure [gi::getWindows 2] -point {2.6125 1.13125} -index 0 -intent none]
[21:41:47.88] /o oa:0x1fce9790
[21:41:48.02] /i ide::editCanvasText -object [de::getActiveFigure [gi::getWindows 2] -point {2.6125 1.13125} -index 0 -intent none]
[21:41:49.52] /i de::commandOption {D}
[21:41:52.08] /# gi::executeAction seSchCheckAndSave -in [gi::getWindows 2]
[21:41:52.08] /i ise::check
[21:41:52.10] /m Information: 
[21:41:52.10] /o Checking "dff/dff/schematic"
[21:41:52.10] /o 	[warning] Floating Input Instance Pins
[21:41:52.10] /o 		Input pin 'clk' of instance 'I16' is floating
[21:41:52.10] /o 		Input pin 'clkb' of instance 'I17' is floating
[21:41:52.10] /o 		Input pin 'clkb' of instance 'I18' is floating
[21:41:52.10] /o 		Input pin 'clkb' of instance 'I19' is floating
[21:41:52.10] /o 		Input pin 'in' of instance 'I19' is floating
[21:41:52.10] /o 		Input pin 'in' of instance 'I21' is floating
[21:41:52.10] /o 		Input pin 'in' of instance 'I22' is floating
[21:41:52.10] /o 		Input pin 'out' of instance 'I15' is floating
[21:41:52.10] /o 		Input pin 'out' of instance 'I20' is floating
[21:41:52.10] /o 		Input pin 'out' of instance 'I23' is floating
[21:41:52.10] /o 	[warning] Floating Output Pins
[21:41:52.10] /o 		Output pin 'Q' is floating
[21:41:52.10] /o 0 Error(s),11 Warning(s),0 Message(s) found   in "dff/dff/schematic"
[21:41:52.10] /m Information: Checking process is completed: marking the design violations
[21:41:52.24] /m Information: Marking of designs is completed
[21:41:52.24] /o true
[21:42:01.29] /# gi::executeAction deCellviewFromCellview -in [gi::getWindows 2]
[21:42:01.29] /i db::showCellViewFromCellView -src [db::getAttr container -of [db::getAttr editFile -of [db::getNext [de::getContexts -window 2]]]] 
[21:42:01.34] /o oa:0x1e78f160
[21:42:01.53] /i gi::setActiveDialog [gi::getDialogs {dbCellViewFromCellView}]
[21:42:01.77] /i db::setAttr geometry -of [gi::getDialogs {dbCellViewFromCellView}] -value 628x339+636+320
[21:42:03.18] /i gi::pressButton {ok} -in [gi::getDialogs {dbCellViewFromCellView}]
[21:42:03.92] /r giWindowId 6
[21:42:03.94] /r giWindowGeometry 1632x849
[21:42:05.88] /# gi::executeAction deCanvasZoomOutAtPoint -in [gi::getWindows 6]
[21:42:05.88] /i de::zoom -window [gi::getWindows 6] -factor 0.5 -center {1 0.05}
[21:42:05.88] /o {-2.9 -1.15625} {2.2875 0.98125}
[21:42:14.89] /# gi::executeAction seButton1DragStart -in [gi::getWindows 6]
[21:42:14.89] /i ise::stretch -object [de::getActiveFigure [gi::getWindows 6] -point {0.83125 0.4125} -index 0 -intent none] -point {0.8125 0.4375}
[21:42:18.80] /# gi::executeAction deEndDrag -in [gi::getWindows 6]
[21:42:18.80] /i de::endDrag {0.375 0.4875} -context [db::getNext [de::getContexts -window 6]]
[21:42:19.18] /# gi::executeAction deSelectActive -in [gi::getWindows 6]
[21:42:19.18] /i de::deselectAllLogic -context [db::getNext [de::getContexts -window 6]]
[21:42:20.56] /# gi::executeAction seButton1DragStart -in [gi::getWindows 6]
[21:42:20.56] /i ise::stretch -object [de::getActiveFigure [gi::getWindows 6] -point {0.30625 -0.16875} -index 0 -intent none] -point {0.3125 -0.1875}
[21:42:21.27] /# gi::executeAction deEndDrag -in [gi::getWindows 6]
[21:42:21.27] /i de::endDrag {1.0125 -0.25625} -context [db::getNext [de::getContexts -window 6]]
[21:42:22.28] /# gi::executeAction seButton1DragStart -in [gi::getWindows 6]
[21:42:22.28] /i ise::stretch -object [de::getActiveFigure [gi::getWindows 6] -point {0.2875 -0.30625} -index 0 -intent none] -point {0.3125 -0.3125}
[21:42:22.54] /# gi::executeAction deEndDrag -in [gi::getWindows 6]
[21:42:22.54] /i de::endDrag {1.225 -0.38125} -context [db::getNext [de::getContexts -window 6]]
[21:42:23.50] /# gi::executeAction seButton1DragStart -in [gi::getWindows 6]
[21:42:23.50] /i ise::stretch -object [de::getActiveFigure [gi::getWindows 6] -point {0.35625 -0.40625} -index 0 -intent none] -point {0.375 -0.4375}
[21:42:23.89] /# gi::executeAction deEndDrag -in [gi::getWindows 6]
[21:42:23.89] /i de::endDrag {1.29375 -0.5125} -context [db::getNext [de::getContexts -window 6]]
[21:42:25.14] /# gi::executeAction seButton1DragStart -in [gi::getWindows 6]
[21:42:25.14] /i ise::stretch -object [de::getActiveFigure [gi::getWindows 6] -point {0.38125 -0.075} -index 0 -intent none] -point {0.375 -0.0625}
[21:42:25.88] /# gi::executeAction deEndDrag -in [gi::getWindows 6]
[21:42:25.88] /i de::endDrag {0.3875 -0.06875} -context [db::getNext [de::getContexts -window 6]]
[21:42:27.60] /# gi::executeAction seButton1DragStart -in [gi::getWindows 6]
[21:42:27.60] /i ise::stretch -object [de::getActiveFigure [gi::getWindows 6] -point {0 -0.1375} -index 0 -intent none] -point {0 -0.125}
[21:42:30.59] /# gi::executeAction deEndDrag -in [gi::getWindows 6]
[21:42:30.59] /i de::endDrag {-0.0125 0.125} -context [db::getNext [de::getContexts -window 6]]
[21:42:31.93] /# gi::executeAction seButton1DragStart -in [gi::getWindows 6]
[21:42:31.93] /i ise::stretch -object [de::getActiveFigure [gi::getWindows 6] -point {0.05625 -0.125} -index 0 -intent none] -point {0.0625 -0.125}
[21:42:33.10] /# gi::executeAction deEndDrag -in [gi::getWindows 6]
[21:42:33.10] /i de::endDrag {0.05625 0.1125} -context [db::getNext [de::getContexts -window 6]]
[21:42:34.53] /# gi::executeAction seButton1DragStart -in [gi::getWindows 6]
[21:42:34.54] /i ise::stretch -object [de::getActiveFigure [gi::getWindows 6] -point {0.7625 -0.06875} -index 0 -intent none] -point {0.75 -0.0625}
[21:42:35.49] /# gi::executeAction deEndDrag -in [gi::getWindows 6]
[21:42:35.49] /i de::endDrag {0.75625 0.125} -context [db::getNext [de::getContexts -window 6]]
[21:42:35.60] /# gi::executeAction deSelectActive -in [gi::getWindows 6]
[21:42:35.60] /i de::deselectAll [db::getNext [de::getContexts -window 6]]
[21:42:35.60] /i de::select [de::getActiveFigure [gi::getWindows 6] -point {0.75625 0.125} -index 0 -intent none]
[21:42:35.60] /o oa:0x1ff24a10
[21:42:36.72] /# gi::executeAction seButton1DragStart -in [gi::getWindows 6]
[21:42:36.72] /i ise::stretch -object [de::getActiveFigure [gi::getWindows 6] -point {0.68125 -0.075} -index 0 -intent none] -point {0.6875 -0.0625}
[21:42:37.72] /# gi::executeAction deEndDrag -in [gi::getWindows 6]
[21:42:37.72] /i de::endDrag {0.69375 0.1125} -context [db::getNext [de::getContexts -window 6]]
[21:42:38.19] /# gi::executeAction deSelectActive -in [gi::getWindows 6]
[21:42:38.19] /i de::deselectAll [db::getNext [de::getContexts -window 6]]
[21:42:38.19] /i de::select [de::getActiveFigure [gi::getWindows 6] -point {0.40625 0.125} -index 0 -intent none]
[21:42:38.19] /o oa:0x204a9860
[21:42:40.23] /# gi::executeAction seButton1DragStart -in [gi::getWindows 6]
[21:42:40.23] /i ise::stretch -object [de::getActiveFigure [gi::getWindows 6] -point {-0.0125 0} -index 0 -intent none] -point {0 0}
[21:42:42.43] /# gi::executeAction deEndDrag -in [gi::getWindows 6]
[21:42:42.43] /i de::endDrag {-0.00625 -0.25} -context [db::getNext [de::getContexts -window 6]]
[21:42:44.20] /# gi::executeAction seButton1DragStart -in [gi::getWindows 6]
[21:42:44.20] /i ise::stretch -object [de::getActiveFigure [gi::getWindows 6] -point {0.08125 -0.0125} -index 0 -intent none] -point {0.0625 0}
[21:42:45.09] /# gi::executeAction deEndDrag -in [gi::getWindows 6]
[21:42:45.09] /i de::endDrag {0.08125 -0.24375} -context [db::getNext [de::getContexts -window 6]]
[21:42:45.75] /# gi::executeAction deSelectActive -in [gi::getWindows 6]
[21:42:45.75] /i de::deselectAll [db::getNext [de::getContexts -window 6]]
[21:42:45.75] /i de::deselectAllLogic -context [db::getNext [de::getContexts -window 6]]
[21:42:47.35] /# gi::executeAction deSelectActive -in [gi::getWindows 6]
[21:42:47.35] /i de::deselectAll [db::getNext [de::getContexts -window 6]]
[21:42:47.35] /i de::select [de::getActiveFigure [gi::getWindows 6] -point {0.40625 -0.0875} -index 0 -intent none]
[21:42:47.36] /o oa:0x1f11f890
[21:42:49.21] /# gi::executeAction seButton1DragStart -in [gi::getWindows 6]
[21:42:49.22] /i ise::stretch -object [de::getActiveFigure [gi::getWindows 6] -point {0.15 0.1125} -index 0 -intent none] -point {0.125 0.125}
[21:42:50.12] /# gi::executeAction deEndDrag -in [gi::getWindows 6]
[21:42:50.12] /i de::endDrag {0.1625 0.1125} -context [db::getNext [de::getContexts -window 6]]
[21:42:50.61] /# gi::executeAction deSelectActive -in [gi::getWindows 6]
[21:42:50.61] /i de::deselectAll [db::getNext [de::getContexts -window 6]]
[21:42:50.61] /i de::select [de::getActiveFigure [gi::getWindows 6] -point {0.43125 0.28125} -index 0 -intent none]
[21:42:50.61] /o oa:0x1ff2ccc0
[21:42:52.26] /# gi::executeAction seButton1DragStart -in [gi::getWindows 6]
[21:42:52.26] /i ise::stretch -object [de::getActiveFigure [gi::getWindows 6] -point {0.59375 0.125} -index 0 -intent none] -point {0.625 0.125}
[21:42:52.81] /# gi::executeAction deEndDrag -in [gi::getWindows 6]
[21:42:52.81] /i de::endDrag {0.575 0.11875} -context [db::getNext [de::getContexts -window 6]]
[21:42:53.16] /# gi::executeAction deSelectActive -in [gi::getWindows 6]
[21:42:53.16] /i de::cycleActiveFigure [gi::getWindows 6] -direction next
[21:42:53.16] /o oa:0x1fec29e0
[21:42:53.16] /i de::deselectAll [db::getNext [de::getContexts -window 6]]
[21:42:53.16] /i de::select [de::getActiveFigure [gi::getWindows 6] -point {0.48125 0.28125} -index 1 -intent none]
[21:42:53.16] /o oa:0x1e8da620
[21:42:54.46] /# gi::executeAction seButton1DragStart -in [gi::getWindows 6]
[21:42:54.46] /i ise::stretch -object [de::getActiveFigure [gi::getWindows 6] -point {0.43125 -0.06875} -index 0 -intent none] -point {0.4375 -0.0625}
[21:42:58.05] /# gi::executeAction deEndDrag -in [gi::getWindows 6]
[21:42:58.05] /i de::endDrag {0.43125 0.2875} -context [db::getNext [de::getContexts -window 6]]
[21:42:58.20] /# gi::executeAction deCanvasZoomOutAtPoint -in [gi::getWindows 6]
[21:42:58.20] /i de::zoom -window [gi::getWindows 6] -factor 0.5 -center {0.43125 0.20625}
[21:42:58.20] /o {-6.23125 -2.51875} {4.14375 1.75625}
[21:42:58.48] /# gi::executeAction deSelectActive -in [gi::getWindows 6]
[21:42:58.48] /i de::cycleActiveFigure [gi::getWindows 6] -direction next
[21:42:58.48] /o oa:0x1e38b8b0
[21:42:58.48] /i de::deselectAll [db::getNext [de::getContexts -window 6]]
[21:42:58.48] /i de::select [de::getActiveFigure [gi::getWindows 6] -point {0.45625 -0.31875} -index 1 -intent none]
[21:42:58.48] /o oa:0x1f2103b0
[21:42:59.17] /# gi::executeAction deCanvasZoomInAtPoint -in [gi::getWindows 6]
[21:42:59.17] /i de::zoom -window [gi::getWindows 6] -factor 2.0 -center {0.54375 -0.3125}
[21:42:59.17] /o {-2.84375 -1.41875} {2.34375 0.725}
[21:43:00.44] /# gi::executeAction seButton1DragStart -in [gi::getWindows 6]
[21:43:00.44] /i ise::stretch -object [de::getActiveFigure [gi::getWindows 6] -point {0.18125 -0.24375} -index 0 -intent none] -point {0.1875 -0.25}
[21:43:01.21] /# gi::executeAction deEndDrag -in [gi::getWindows 6]
[21:43:01.21] /i de::endDrag {0.44375 -0.11875} -context [db::getNext [de::getContexts -window 6]]
[21:43:02.15] /# gi::executeAction seButton1DragStart -in [gi::getWindows 6]
[21:43:02.15] /i ise::stretch -object [de::getActiveFigure [gi::getWindows 6] -point {1.2875 -0.33125} -index 0 -intent none] -point {1.3125 -0.3125}
[21:43:03.30] /# gi::executeAction deEndDrag -in [gi::getWindows 6]
[21:43:03.30] /i de::endDrag {1.04375 -0.2375} -context [db::getNext [de::getContexts -window 6]]
[21:43:04.08] /# gi::executeAction seButton1DragStart -in [gi::getWindows 6]
[21:43:04.08] /i ise::stretch -object [de::getActiveFigure [gi::getWindows 6] -point {1.31875 -0.48125} -index 0 -intent none] -point {1.3125 -0.5}
[21:43:05.36] /# gi::executeAction deEndDrag -in [gi::getWindows 6]
[21:43:05.36] /i de::endDrag {1.04375 -0.34375} -context [db::getNext [de::getContexts -window 6]]
[21:43:05.75] /# gi::executeAction deSelectActive -in [gi::getWindows 6]
[21:43:05.75] /i de::deselectAll [db::getNext [de::getContexts -window 6]]
[21:43:05.75] /i de::deselectAllLogic -context [db::getNext [de::getContexts -window 6]]
[21:43:08.78] /# gi::executeAction seCreateShape -in [gi::getWindows 6]
[21:43:08.78] /i ise::createShape
[21:43:11.32] /i gi::pressButton {seShapeTypeLine} -in [gi::getToolbars {deCommandOptions} -from [gi::getWindows 6]]
[21:43:18.14] /# gi::executeAction deAddPoint -in [gi::getWindows 6]
[21:43:18.15] /i de::addPoint {0.1375 -0.13125} -context [db::getNext [de::getContexts -window 6]]
[21:43:19.57] /# gi::executeAction deAddPoint -in [gi::getWindows 6]
[21:43:19.58] /i de::addPoint {0.25 -0.24375} -context [db::getNext [de::getContexts -window 6]]
[21:43:21.22] /# gi::executeAction deAddPoint -in [gi::getWindows 6]
[21:43:21.22] /i de::addPoint {0.14375 -0.36875} -context [db::getNext [de::getContexts -window 6]]
[21:43:21.36] /# gi::executeAction deCompleteShape -in [gi::getWindows 6]
[21:43:21.36] /i de::completeShape -context [db::getNext [de::getContexts -window 6]]
[21:43:22.92] /# gi::executeAction deAbortCommand -in [gi::getWindows 6]
[21:43:22.92] /i de::abortCommand -context [db::getNext [de::getContexts -window 6]]
[21:43:24.22] /# gi::executeAction seButton1DragStart -in [gi::getWindows 6]
[21:43:24.22] /i ise::stretch -object [de::getActiveFigure [gi::getWindows 6] -point {0.475 -0.13125} -index 0 -intent none] -point {0.5 -0.125}
[21:43:26.14] /# gi::executeAction deEndDrag -in [gi::getWindows 6]
[21:43:26.14] /i de::endDrag {0.40625 -0.23125} -context [db::getNext [de::getContexts -window 6]]
[21:43:26.64] /# gi::executeAction deSelectActive -in [gi::getWindows 6]
[21:43:26.65] /i de::deselectAllLogic -context [db::getNext [de::getContexts -window 6]]
[21:43:37.91] /i gi::executeAction deSaveDesign -in [gi::getWindows 6]
[21:43:37.91] /m Information: Saving design 'dff dff symbol'. (DESIGN_WINDOW-004)
[21:43:39.04] /i gi::executeAction deSaveDesign -in [gi::getWindows 6]
[21:43:39.05] /m Information: Saving design 'dff dff symbol'. (DESIGN_WINDOW-004)
[21:43:40.44] /i gi::executeAction deSaveDesign -in [gi::getWindows 6]
[21:43:40.44] /m Information: Saving design 'dff dff symbol'. (DESIGN_WINDOW-004)
[21:43:41.42] /i gi::executeAction deSaveDesign -in [gi::getWindows 6]
[21:43:41.42] /m Information: Saving design 'dff dff symbol'. (DESIGN_WINDOW-004)
[21:43:45.20] /i gi::setActiveWindow 4
[21:43:45.20] /i gi::setActiveWindow 4 -raise true
[21:43:47.02] /i gi::setCurrentIndex {cellCategories} -index {Uncategorized} -in [gi::getWindows 4]
[21:43:47.02] /i gi::setItemSelection {cellCategories} -index {Uncategorized} -in [gi::getWindows 4]
[21:43:47.58] /i gi::setCurrentIndex {cellCategories} -index {All} -in [gi::getWindows 4]
[21:43:47.58] /i gi::setItemSelection {cellCategories} -index {All} -in [gi::getWindows 4]
[21:43:48.15] /i gi::setCurrentIndex {cells} -index {dff} -in [gi::getWindows 4]
[21:43:48.15] /i gi::setItemSelection {cells} -index {dff} -in [gi::getWindows 4]
[21:43:49.12] /i gi::setCurrentIndex {views} -index {symbol} -in [gi::getWindows 4]
[21:43:49.12] /i gi::setItemSelection {views} -index {symbol} -in [gi::getWindows 4]
[21:43:49.33] /i gi::executeAction dmOpen -in [gi::getWindows 4]
[21:43:49.34] /r giWindowId 7
[21:43:49.35] /r giWindowGeometry 1632x849
[21:43:52.46] /i gi::executeAction giCloseWindow -in [gi::getWindows 7]
[21:43:52.47] /i gi::setActiveWindow 4
[21:43:52.47] /i gi::setActiveWindow 4 -raise true
[21:43:54.39] /i gi::executeAction giCloseWindow -in [gi::getWindows 2]
[21:43:55.95] /i gi::setCurrentIndex {cells} -index {dff_test} -in [gi::getWindows 4]
[21:43:55.96] /i gi::setItemSelection {cells} -index {dff_test} -in [gi::getWindows 4]
[21:43:56.72] /i gi::setCurrentIndex {views} -index {schematic} -in [gi::getWindows 4]
[21:43:56.73] /i gi::setItemSelection {views} -index {schematic} -in [gi::getWindows 4]
[21:43:56.88] /i gi::executeAction dmOpen -in [gi::getWindows 4]
[21:43:56.94] /r giWindowId 8
[21:43:56.94] /r giWindowGeometry 1632x849
[21:43:57.35] /m Information: 
[21:43:57.35] /o Checking "dff/dff_test/schematic"
[21:43:57.35] /o No rule violations found in "dff/dff_test/schematic"
[21:43:57.35] /m Information: Checking process is completed: marking the design violations
[21:43:57.35] /m Information: Marking of designs is completed
[21:43:59.42] /# gi::executeAction deSelectActive -in [gi::getWindows 8]
[21:43:59.42] /i de::deselectAllLogic -context [db::getNext [de::getContexts -window 8]]
[21:44:02.22] /# gi::executeAction seStretch -in [gi::getWindows 8]
[21:44:02.22] /i ise::stretch
[21:44:02.93] /# gi::executeAction deStartDrag -in [gi::getWindows 8]
[21:44:02.93] /i de::startDrag {6.475 1.4375} -context [db::getNext [de::getContexts -window 8]]
[21:44:03.90] /# gi::executeAction deEndDrag -in [gi::getWindows 8]
[21:44:03.90] /i de::endDrag {6.45625 1.40625} -context [db::getNext [de::getContexts -window 8]]
[21:44:05.02] /# gi::executeAction deAddPoint -in [gi::getWindows 8]
[21:44:05.02] /i de::addPoint {6.45625 1.40625} -context [db::getNext [de::getContexts -window 8]]
[21:44:11.06] /# gi::executeAction deAddPoint -in [gi::getWindows 8]
[21:44:11.06] /i de::addPoint {4.8125 1.94375} -context [db::getNext [de::getContexts -window 8]]
[21:44:12.43] /# gi::executeAction deAbortCommand -in [gi::getWindows 8]
[21:44:12.43] /i de::abortCommand -context [db::getNext [de::getContexts -window 8]]
[21:44:14.66] /# gi::executeAction seButton1DragStart -in [gi::getWindows 8]
[21:44:14.66] /i ise::stretch -object [de::getActiveFigure [gi::getWindows 8] -point {4.1375 1.60625} -index 0 -intent none] -point {4.125 1.625}
[21:44:16.11] /# gi::executeAction deEndDrag -in [gi::getWindows 8]
[21:44:16.11] /i de::endDrag {4.11875 1.6625} -context [db::getNext [de::getContexts -window 8]]
[21:44:16.58] /# gi::executeAction deSelectActive -in [gi::getWindows 8]
[21:44:16.58] /i de::deselectAllLogic -context [db::getNext [de::getContexts -window 8]]
[21:44:24.57] /i gi::executeAction deSaveDesign -in [gi::getWindows 8]
[21:44:24.57] /m Information: Saving design 'dff dff_test schematic'. (DESIGN_WINDOW-004)
[21:44:28.11] /# gi::executeAction seShowConsoleForWindow -in [gi::getWindows 8]
[21:44:28.11] /i sa::showConsole -context [db::getNext [de::getContexts -window 8]]
[21:44:34.34] /m Information: License 'SAE' checked out. (LICENSE-003)
[21:44:34.47] /r giWindowId 9
[21:44:34.50] /r giWindowGeometry 600x500
[21:44:34.86] /o oa:0x23b1d0c0
[21:44:35.16] /m Information: Launching Background sae_shell Server Process "cd /root/Excercise/DFlipFlop && sae_shell -log sae_shell_session0_job1 -libDefFile /root/Excercise/DFlipFlop/lib.defs"
[21:44:37.18] /# gi::executeAction saShowEditAnalyses -in [gi::getWindows 9]
[21:44:37.18] /i sa::showEditAnalyses -parent 9 -analysisName "" 
[21:44:37.77] /o oa:0x1c313ad0
[21:44:38.48] /i gi::setActiveDialog [gi::getDialogs {saEditAnalysesDialogXsaeSession0} -parent [gi::getWindows 9]]
[21:44:38.78] /i db::setAttr geometry -of [gi::getDialogs {saEditAnalysesDialogXsaeSession0} -parent [gi::getWindows 9]] -value 633x680+762+298
[21:44:48.62] /i gi::setField {/analysesGroups/tabGeneral/anaPane/step} -value {10ps} -in [gi::getDialogs {saEditAnalysesDialogXsaeSession0} -parent [gi::getWindows 9]]
[21:44:51.73] /m Information: Received ready-for-commands signal from background job 'sae_shell_session0_job1' after 16 seconds.
[21:44:55.57] /i gi::setField {/analysesGroups/tabGeneral/anaPane/stop} -value {100n} -in [gi::getDialogs {saEditAnalysesDialogXsaeSession0} -parent [gi::getWindows 9]]
[21:44:55.57] /i gi::pressButton {/ok} -in [gi::getDialogs {saEditAnalysesDialogXsaeSession0} -parent [gi::getWindows 9]]
[21:44:57.97] /# gi::executeAction saEditModels -in [gi::getWindows 9]
[21:44:57.97] /i sa::showModelFiles -parent 9
[21:44:58.09] /i gi::setActiveDialog [gi::getDialogs {saModelFilesSetup} -parent [gi::getWindows 9]]
[21:44:58.33] /i db::setAttr geometry -of [gi::getDialogs {saModelFilesSetup} -parent [gi::getWindows 9]] -value 760x500+728+209
[21:45:00.08] /i gi::setCurrentIndex {modelFilesTable} -index {0,1} -in [gi::getDialogs {saModelFilesSetup} -parent [gi::getWindows 9]]
[21:45:27.38] /r giFileDialog accept ../lab1vlsi/PDK/hspice/reference_models.inc
[21:45:27.38] /i gi::setField {modelFilesTable} -index {0,1} -value {/root/Excercise/lab1vlsi/PDK/hspice/reference_models.inc} -in [gi::getDialogs {saModelFilesSetup} -parent [gi::getWindows 9]]
[21:45:27.39] /i gi::setField {modelFilesTable} -index {0,1} -value {/root/Excercise/lab1vlsi/PDK/hspice/reference_models.inc} -in [gi::getDialogs {saModelFilesSetup} -parent [gi::getWindows 9]]
[21:45:28.77] /i gi::pressButton {ok} -in [gi::getDialogs {saModelFilesSetup} -parent [gi::getWindows 9]]
[21:45:28.78] /i gi::setCurrentIndex {outputsTable} -index {0,0} -in [gi::getWindows 9]
[21:45:30.23] /i gi::setCurrentIndex {outputsTable} -index {0,1} -in [gi::getWindows 9]
[21:45:30.23] /i gi::setItemSelection {outputsTable} -index {} -in [gi::getWindows 9]
[21:45:30.23] /i gi::setItemSelection {outputsTable} -index {} -in [gi::getWindows 9]
[21:45:31.69] /i sa::selectOutputs -outputIndex 0 -window [gi::getWindows 9]
[21:45:33.56] /# gi::executeAction deAddPoint -in [gi::getWindows 8]
[21:45:33.56] /i de::addPoint {3.64375 2.0625} -context [db::getNext [de::getContexts -window 8]]
[21:45:34.60] /i gi::setItemSelection {outputsTable} -index {} -in [gi::getWindows 9]
[21:45:34.60] /i gi::setItemSelection {outputsTable} -index {} -in [gi::getWindows 9]
[21:45:36.16] /i sa::selectOutputs -outputIndex 1 -window [gi::getWindows 9]
[21:45:37.66] /# gi::executeAction deAddPoint -in [gi::getWindows 8]
[21:45:37.66] /i de::addPoint {4.1625 1.65} -context [db::getNext [de::getContexts -window 8]]
[21:45:38.98] /# gi::executeAction deAddPoint -in [gi::getWindows 8]
[21:45:38.98] /i de::addPoint {4.19375 1.69375} -context [db::getNext [de::getContexts -window 8]]
[21:45:39.85] /i gi::setCurrentIndex {outputsTable} -index {2,1} -in [gi::getWindows 9]
[21:45:39.85] /i gi::setItemSelection {outputsTable} -index {} -in [gi::getWindows 9]
[21:45:39.85] /i gi::setItemSelection {outputsTable} -index {} -in [gi::getWindows 9]
[21:45:41.16] /i sa::selectOutputs -outputIndex 2 -window [gi::getWindows 9]
[21:45:42.92] /# gi::executeAction deAddPoint -in [gi::getWindows 8]
[21:45:42.92] /i de::addPoint {5.3375 2.04375} -context [db::getNext [de::getContexts -window 8]]
[21:45:45.62] /i gi::pressButton {plotButton} -in [gi::getWindows 9]
[21:45:47.19] /w Warning: Some integration features may not operate correctly because no valid manifest file for tool 'wv' was found in the searched location(s):
              /c     /usr/synopsys/wv/N-2017.12-SP2/platforms/linux64/bin/wv.manifest
              /c     /usr/synopsys/wv/N-2017.12-SP2/platforms/linux64/packages/SX-SNPSCUST-Link
              /c     /usr/synopsys/customcompiler/N-2017.12-SP1-2/auxx/waveform
              /c If you are using a wrapper script, create /usr/synopsys/wv/N-2017.12-SP2/platforms/linux64/bin/wv.manifest as a symbolic link targeted at the tool's original manifest file.
[21:45:47.53] /m Information: Started sharing "Custom WaveView" license. (WAVEFORM-110)
[21:45:47.81] /w Warning: Derived signals will not plot correctly since this version of Custom WaveView is too old.
[21:45:47.82] /m Information: Launching Waveform Viewer "cd /root/simulation/dff,dff_test,schematic/history_1/simulation/default/HSPICE/nominal/results &&  wv -k -cdesigner  -spxrc /tmp/sae_spxrc_sqY1Iu    > /root/simulation/dff,dff_test,schematic/history_1/simulation/default/HSPICE/nominal/results/viewer.log 2>&1"
[21:46:49.97] /m Information: Waveform viewer exited normally.
[21:46:52.95] /i gi::executeAction menuPreShow -in [gi::getWindows 9]
[21:46:52.95] /r giMenuAccess db::getNext [gi::getMenus saConsoleSetupMenu -from [gi::getWindows 9]]
[21:46:53.35] /i gi::executeAction menuPreShow -in [gi::getWindows 9]
[21:46:53.35] /r giMenuAccess db::getNext [gi::getMenus saConsoleSessionMenu -from [gi::getWindows 9]]
[21:46:59.78] /i gi::executeAction menuPreShow -in [gi::getWindows 9]
[21:46:59.78] /r giMenuAccess db::getNext [gi::getMenus saConsoleSimMenu -from [gi::getWindows 9]]
[21:47:00.19] /i gi::executeAction menuPreShow -in [gi::getWindows 9]
[21:47:00.19] /r giMenuAccess db::getNext [gi::getMenus saConsoleOutputsMenu -from [gi::getWindows 9]]
[21:47:01.27] /i gi::executeAction menuPreShow -in [gi::getWindows 9]
[21:47:01.27] /r giMenuAccess db::getNext [gi::getMenus saConsoleSimMenu -from [gi::getWindows 9]]
[21:47:01.68] /i gi::executeAction menuPreShow -in [gi::getWindows 9]
[21:47:01.68] /r giMenuAccess db::getNext [gi::getMenus saConsoleOutputsMenu -from [gi::getWindows 9]]
[21:47:01.85] /i gi::executeAction menuPreShow -in [gi::getWindows 9]
[21:47:01.85] /r giMenuAccess db::getNext [gi::getMenus saVariablesMenu -from [gi::getWindows 9]]
[21:47:02.31] /i gi::executeAction menuPreShow -in [gi::getWindows 9]
[21:47:02.31] /r giMenuAccess db::getNext [gi::getMenus saConsoleOutputsMenu -from [gi::getWindows 9]]
[21:47:04.08] /i gi::executeAction menuPreShow -in [gi::getWindows 9]
[21:47:04.08] /r giMenuAccess db::getNext [gi::getMenus saVariablesMenu -from [gi::getWindows 9]]
[21:47:04.43] /i gi::executeAction menuPreShow -in [gi::getWindows 9]
[21:47:04.43] /r giMenuAccess db::getNext [gi::getMenus saConsoleSetupMenu -from [gi::getWindows 9]]
[21:47:04.86] /i gi::executeAction menuPreShow -in [gi::getWindows 9]
[21:47:04.86] /r giMenuAccess db::getNext [gi::getMenus saVariablesMenu -from [gi::getWindows 9]]
[21:47:04.89] /i gi::executeAction menuPreShow -in [gi::getWindows 9]
[21:47:04.89] /r giMenuAccess db::getNext [gi::getMenus saConsoleOutputsMenu -from [gi::getWindows 9]]
[21:47:04.90] /i gi::executeAction menuPreShow -in [gi::getWindows 9]
[21:47:04.90] /r giMenuAccess db::getNext [gi::getMenus saConsoleSimMenu -from [gi::getWindows 9]]
[21:47:04.92] /i gi::executeAction menuPreShow -in [gi::getWindows 9]
[21:47:04.92] /r giMenuAccess db::getNext [gi::getMenus saResultsMenu -from [gi::getWindows 9]]
[21:47:05.06] /i gi::executeAction menuPreShow -in [gi::getWindows 9]
[21:47:05.06] /r giMenuAccess db::getNext [gi::getMenus saHelpMenu -from [gi::getWindows 9]]
[21:47:10.97] /i gi::executeAction giCloseWindow -in [gi::getWindows 9]
[21:47:11.17] /r giDialog gi::setActiveDialog [gi::getDialogs {giPrompt} -parent [gi::getWindows 9]]
[21:47:11.42] /r giDialog db::setAttr geometry -of [gi::getDialogs {giPrompt} -parent [gi::getWindows 9]] -value 292x82+814+484
[21:47:14.89] /r giDialog gi::pressButton {save} -in [gi::getDialogs {giPrompt} -parent [gi::getWindows 9]]
[21:47:15.37] /r giDialog gi::setActiveDialog [gi::getDialogs {saShowSaveState} -parent [gi::getWindows 9]]
[21:47:15.62] /r giDialog db::setAttr geometry -of [gi::getDialogs {saShowSaveState} -parent [gi::getWindows 9]] -value 501x558+710+246
[21:47:17.94] /r giDialog gi::pressButton {/ok} -in [gi::getDialogs {saShowSaveState} -parent [gi::getWindows 9]]
[21:47:18.00] /i gi::setActiveWindow 8
[21:47:18.00] /i gi::setActiveWindow 8 -raise true
[21:47:21.27] /i gi::setActiveWindow 6
[21:47:21.27] /i gi::setActiveWindow 6 -raise true
[21:47:22.51] /i gi::setActiveWindow 8
[21:47:22.51] /i gi::setActiveWindow 8 -raise true
[21:47:23.33] /i gi::executeAction giCloseWindow -in [gi::getWindows 8]
[21:47:23.36] /i gi::setActiveWindow 6
[21:47:23.36] /i gi::setActiveWindow 6 -raise true
[21:47:25.40] /i gi::executeAction giCloseWindow -in [gi::getWindows 6]
[21:47:25.45] /i gi::setActiveWindow 4
[21:47:25.45] /i gi::setActiveWindow 4 -raise true
[21:47:27.38] /i gi::setCurrentIndex {cells} -index {dff} -in [gi::getWindows 4]
[21:47:27.39] /i gi::setItemSelection {cells} -index {dff} -in [gi::getWindows 4]
[21:47:28.69] /i gi::setCurrentIndex {views} -index {schematic} -in [gi::getWindows 4]
[21:47:28.69] /i gi::setItemSelection {views} -index {schematic} -in [gi::getWindows 4]
[21:47:28.82] /i gi::executeAction dmOpen -in [gi::getWindows 4]
[21:47:28.86] /r giWindowId 10
[21:47:28.86] /r giWindowGeometry 1632x849
[21:47:29.06] /o "dff/dff/schematic" design does not need checking
[21:47:30.60] /i gi::setActiveWindow 4
[21:47:30.60] /i gi::setActiveWindow 4 -raise true
[21:47:31.49] /i gi::setCurrentIndex {views} -index {layout} -in [gi::getWindows 4]
[21:47:31.49] /i gi::setItemSelection {views} -index {layout} -in [gi::getWindows 4]
[21:47:31.67] /i gi::executeAction dmOpen -in [gi::getWindows 4]
[21:47:31.81] /m Information: License 'Basic' checked out. (LICENSE-003)
[21:47:31.82] /m Information: License 'Schematic' checked in. (LICENSE-004)
[21:47:31.98] /r giWindowId 11
[21:47:32.00] /r giWindowGeometry 1632x849
[21:47:32.14] /# de::setActiveLPP [de::getLPPs "exclude blockage" -from [db::getAttr editDesign -of [de::getContexts -window 11]]]
[21:47:37.43] /i gi::setField {stopLevel} -value {1} -in [gi::getToolbars {leHierarchy} -from [gi::getWindows 11]]
[21:47:38.26] /# gi::executeAction deSelectActive -in [gi::getWindows 11]
[21:47:38.26] /i de::deselectAllLogic -context [db::getNext [de::getContexts -window 11]]
[21:47:39.54] /i gi::setActiveWindow 10
[21:47:39.54] /i gi::setActiveWindow 10 -raise true
[21:47:40.49] /i gi::setActiveWindow 11
[21:47:40.49] /i gi::setActiveWindow 11 -raise true
[21:47:40.78] /i gi::setActiveWindow 4
[21:47:40.78] /i gi::setActiveWindow 4 -raise true
[21:47:41.03] /i gi::addWindow 10 -to 1 -before 11
[21:47:41.05] /i gi::setActiveWindow 10
[21:47:41.05] /i gi::setActiveWindow 10 -raise true
[21:47:42.60] /i gi::setActiveWindow 11
[21:47:42.60] /i gi::setActiveWindow 11 -raise true
[21:47:43.29] /i gi::setActiveWindow 10
[21:47:43.29] /i gi::setActiveWindow 10 -raise true
[21:50:48.32] /m Information: Stopped sharing "Custom WaveView" license. (WAVEFORM-111)
[21:53:16.94] /i gi::setActiveWindow 11
[21:53:16.94] /i gi::setActiveWindow 11 -raise true
[21:53:18.41] /i gi::setActiveWindow 10
[21:53:18.41] /i gi::setActiveWindow 10 -raise true
[21:53:20.85] /i gi::setActiveWindow 11
[21:53:20.85] /i gi::setActiveWindow 11 -raise true
[21:53:29.32] /# gi::executeAction deCanvasZoomInAtPoint -in [gi::getWindows 11]
[21:53:29.32] /i de::zoom -window [gi::getWindows 11] -factor 2.0 -center {-6.116 -2.7}
[21:53:29.32] /o {-7.762 -4.398} {-1.424 -1.429}
[21:53:29.95] /# gi::executeAction deCanvasZoomOutAtPoint -in [gi::getWindows 11]
[21:53:29.95] /i de::zoom -window [gi::getWindows 11] -factor 0.5 -center {-6.116 -2.7}
[21:53:29.95] /o {-9.408 -6.097} {3.268 -0.158}
[21:53:30.96] /# gi::executeAction deCanvasZoomInAtPoint -in [gi::getWindows 11]
[21:53:30.96] /i de::zoom -window [gi::getWindows 11] -factor 2.0 -center {-2.598 -4.677}
[21:53:30.97] /o {-6.003 -5.387} {0.335 -2.418}
[21:53:35.71] /# gi::executeAction deCanvasZoomOutAtPoint -in [gi::getWindows 11]
[21:53:35.71] /i de::zoom -window [gi::getWindows 11] -factor 0.5 -center {-3.122 -4.354}
[21:53:35.71] /o {-8.884 -6.42} {3.792 -0.481}
[21:53:35.86] /# gi::executeAction deCanvasZoomOutAtPoint -in [gi::getWindows 11]
[21:53:35.86] /i de::zoom -window [gi::getWindows 11] -factor 0.5 -center {-3.123 -4.354}
[21:53:35.86] /o {-14.646 -8.486} {10.708 3.392}
[21:53:36.33] /# gi::executeAction deCanvasZoomInAtPoint -in [gi::getWindows 11]
[21:53:36.33] /i de::zoom -window [gi::getWindows 11] -factor 2.0 -center {-3.123 -4.354}
[21:53:36.33] /o {-8.884 -6.42} {3.792 -0.481}
[21:53:42.34] /# gi::executeAction xtLVSRun -in [gi::getWindows 11]
[21:53:42.34] /i xt::physicalVerification::executeRun lvs 11
[21:53:42.81] /# xt::physicalVerification::executePve lvs 11
[21:53:44.41] /m Information: "Starting netlisting for design "dff/dff/schematic"..." (NETLISTING-010)
[21:53:44.43] /o No Design Integrity rule violations found in "dff/dff/schematic"
[21:53:44.54] /m Information: "Netlisting design "dff/dff/schematic" finished successfully." (NETLISTING-012)
[21:53:44.81] /r giWindowId 12
[21:53:44.85] /r giWindowGeometry 800x600
[21:53:51.93] /m Information: 
              /c =============================
              /c JobID: hercules_lvs_11
              /c --- EXTRACT ERROR SUMMARY ---
              /c LAYOUT ERRORS RESULTS: CLEAN
              /c --- COMPARE ERROR SUMMARY ---
              /c Top block compare result: FAIL
              /c [dff != dff]
              /c > dff != dff (level = 0)
              /c =============================
              /c 
[21:53:52.66] /j ::xt::hercules::vue::_private::registerConnection localhost:36770 tcp7 herculesVue_1 
[21:53:52.72] /j ::xt::hercules::vue::_private::isJobReady 
[21:53:52.72] /o false
[21:53:53.72] /j ::xt::hercules::vue::_private::isJobReady 
[21:53:53.73] /o false
[21:53:54.73] /m Information: Connection established with 'Hercules-VUE' running on 'localhost'.
[21:53:54.73] /j ::xt::hercules::vue::_private::isJobReady 
[21:53:54.73] /o true
[21:53:54.73] /j ::xt::hercules::vue::startFilter LAY 
[21:53:54.75] /j ::xt::hercules::vue::startFilter SCH 
[21:53:55.51] /j ::xt::hercules::vue::setInlibPath /root/Excercise/DFlipFlop/synopsys_custom/dff.hercules.lvs/. 
[21:53:55.52] /j ::xt::hercules::vue::setTopLayLCV dff dff layout 
[21:53:55.53] /j ::xt::hercules::vue::openCell dff dff layout 
[21:53:55.58] /j ::xt::hercules::vue::setTopSchLib dff 
[21:53:58.50] /j ::xt::hercules::vue::clearAllHighlights dff layout 
[21:53:58.52] /j ::xt::hercules::vue::clearAllHighlights {} {} 
[21:54:01.93] /j ::xt::hercules::vue::clearAllHighlights dff layout 
[21:54:01.95] /j ::xt::hercules::vue::clearAllHighlights dff layout 
[21:54:02.01] /j ::xt::hercules::vue::openCellInstance dff layout dff layout 
[21:54:02.03] /j ::xt::hercules::vue::clearAllHighlights {} {} 
[21:54:02.05] /j ::xt::hercules::vue::clearAllHighlights {} {} 
[21:54:02.07] /j ::xt::hercules::vue::openCell dff dff schematic 
[21:55:02.75] /i gi::setActiveWindow 11
[21:55:02.75] /i gi::setActiveWindow 11 -raise true
[21:55:08.75] /j ::xt::hercules::vue::clearAllHighlights dff schematic 
[21:55:08.77] /j ::xt::hercules::vue::setHighlightProperty dff schematic yellow brick 
[21:55:08.79] /j ::xt::hercules::vue::drawSchHighlight clkb net 
[21:55:08.85] /j ::xt::hercules::vue::clearAllHighlights dff schematic 
[21:55:08.87] /j ::xt::hercules::vue::clearAllHighlights dff schematic 
[21:55:08.89] /j ::xt::hercules::vue::clearAllHighlights dff schematic 
[21:55:08.91] /j ::xt::hercules::vue::setHighlightProperty dff schematic yellow brick 
[21:55:08.92] /j ::xt::hercules::vue::drawSchHighlight clkb net 
[21:55:08.98] /j ::xt::hercules::vue::clearAllHighlights dff schematic 
[21:55:09.00] /j ::xt::hercules::vue::setHighlightProperty dff schematic yellow brick 
[21:55:09.02] /j ::xt::hercules::vue::drawSchHighlight clkb net 
[21:55:09.06] /j ::xt::hercules::vue::clearAllHighlights dff schematic 
[21:55:09.08] /j ::xt::hercules::vue::clearAllHighlights dff schematic 
[21:55:09.10] /j ::xt::hercules::vue::clearAllHighlights dff schematic 
[21:55:09.12] /j ::xt::hercules::vue::setHighlightProperty dff schematic yellow brick 
[21:55:09.12] /j ::xt::hercules::vue::drawSchHighlight clkb net 
[21:55:09.15] /j ::xt::hercules::vue::clearAllHighlights dff layout 
[21:55:09.16] /j ::xt::hercules::vue::clearAllHighlights dff layout 
[21:55:09.19] /j ::xt::hercules::vue::clearAllHighlights dff layout 
[21:55:09.20] /j ::xt::hercules::vue::clearAllHighlights dff layout 
[21:55:11.27] /i gi::setActiveWindow 11
[21:55:11.27] /i gi::setActiveWindow 11 -raise true
[21:55:11.52] /i gi::setActiveWindow 10
[21:55:11.52] /i gi::setActiveWindow 10 -raise true
[21:55:49.92] /i gi::executeAction menuPreShow -in [gi::getWindows 10]
[21:55:49.92] /r giMenuAccess db::getNext [gi::getMenus giPopupMenu]
[21:55:52.89] /i gi::setActiveWindow 11
[21:55:52.89] /i gi::setActiveWindow 11 -raise true
[21:55:54.83] /# gi::executeAction dePan -in [gi::getWindows 11]
[21:55:54.83] /i ide::pan [db::getNext [de::getContexts -window 11]]
[21:55:55.55] /# gi::executeAction deStartDrag -in [gi::getWindows 11]
[21:55:55.55] /i de::startDrag {-8.005 -2.345} -context [db::getNext [de::getContexts -window 11]]
[21:55:56.00] /# gi::executeAction deEndDrag -in [gi::getWindows 11]
[21:55:56.00] /i de::endDrag {-7.972 -2.345} -context [db::getNext [de::getContexts -window 11]]
[21:55:56.00] /r dePanToPoint {-2.933 -3.418}
[21:55:56.22] /# gi::executeAction deCanvasZoomInAtPoint -in [gi::getWindows 11]
[21:55:56.22] /i de::zoom -window [gi::getWindows 11] -factor 2.0 -center {-7.972 -2.345}
[21:55:56.22] /o {-8.622 -4.366} {-2.284 -1.397}
[21:55:56.33] /# gi::executeAction deCanvasZoomInAtPoint -in [gi::getWindows 11]
[21:55:56.33] /i de::zoom -window [gi::getWindows 11] -factor 2.0 -center {-8.005 -2.345}
[21:55:56.33] /o {-8.313 -3.356} {-5.144 -1.871}
[21:55:57.20] /# gi::executeAction deStartDrag -in [gi::getWindows 11]
[21:55:57.20] /i de::startDrag {-7.892 -2.466} -context [db::getNext [de::getContexts -window 11]]
[21:55:58.13] /# gi::executeAction deEndDrag -in [gi::getWindows 11]
[21:55:58.13] /i de::endDrag {-7.896 -2.462} -context [db::getNext [de::getContexts -window 11]]
[21:55:58.13] /r dePanToPoint {-6.565 -2.843}
[21:55:59.55] /# gi::executeAction deCanvasZoomOutAtPoint -in [gi::getWindows 11]
[21:55:59.55] /i de::zoom -window [gi::getWindows 11] -factor 0.5 -center {-7.749 -2.646}
[21:55:59.55] /o {-8.551 -4.525} {-2.213 -1.556}
[21:55:59.63] /# gi::executeAction deCanvasZoomOutAtPoint -in [gi::getWindows 11]
[21:55:59.63] /i de::zoom -window [gi::getWindows 11] -factor 0.5 -center {-7.748 -2.645}
[21:55:59.63] /o {-9.354 -6.406} {3.323 -0.467}
[21:56:01.94] /# gi::executeAction deCanvasZoomInAtPoint -in [gi::getWindows 11]
[21:56:01.94] /i de::zoom -window [gi::getWindows 11] -factor 2.0 -center {-6.861 -3.154}
[21:56:01.94] /o {-8.108 -4.78} {-1.769 -1.81}
[21:56:06.60] /# gi::executeAction deStartDrag -in [gi::getWindows 11]
[21:56:06.60] /i de::startDrag {-7.938 -2.42} -context [db::getNext [de::getContexts -window 11]]
[21:56:09.51] /# gi::executeAction deEndDrag -in [gi::getWindows 11]
[21:56:09.51] /i de::endDrag {-7.938 -2.424} -context [db::getNext [de::getContexts -window 11]]
[21:56:09.51] /r dePanToPoint {-4.966 -2.932}
[21:56:16.50] /# gi::executeAction deStartDrag -in [gi::getWindows 11]
[21:56:16.50] /i de::startDrag {-5.687 -3.626} -context [db::getNext [de::getContexts -window 11]]
[21:56:17.13] /# gi::executeAction deEndDrag -in [gi::getWindows 11]
[21:56:17.13] /i de::endDrag {-5.695 -3.606} -context [db::getNext [de::getContexts -window 11]]
[21:56:17.13] /r dePanToPoint {-4.882 -3.424}
[21:56:21.92] /# gi::executeAction deAbortCommand -in [gi::getWindows 11]
[21:56:21.92] /i de::abortCommand -context [db::getNext [de::getContexts -window 11]]
[21:56:23.27] /# gi::executeAction deSelectActive -in [gi::getWindows 11]
[21:56:23.28] /i de::deselectAll [db::getNext [de::getContexts -window 11]]
[21:56:23.28] /i de::select [de::getActiveFigure [gi::getWindows 11] -point {-7.385 -2.722} -index 0 -intent none]
[21:56:23.28] /o oa:0x2542f480
[21:56:27.90] /# gi::executeAction leDelete -in [gi::getWindows 11]
[21:56:27.90] /i ile::delete
[21:56:28.93] /# gi::executeAction deSelectActive -in [gi::getWindows 11]
[21:56:28.93] /i de::deselectAllLogic -context [db::getNext [de::getContexts -window 11]]
[21:56:45.64] /# gi::executeAction deCanvasZoomInAtPoint -in [gi::getWindows 11]
[21:56:45.64] /i de::zoom -window [gi::getWindows 11] -factor 2.0 -center {-7.434 -3.448}
[21:56:45.64] /o {-7.743 -4.178} {-4.573 -2.694}
[21:56:47.89] /# gi::executeAction dePan -in [gi::getWindows 11]
[21:56:47.89] /i ide::pan [db::getNext [de::getContexts -window 11]]
[21:56:48.44] /# gi::executeAction deStartDrag -in [gi::getWindows 11]
[21:56:48.44] /i de::startDrag {-7.26 -3.468} -context [db::getNext [de::getContexts -window 11]]
[21:56:48.93] /# gi::executeAction deEndDrag -in [gi::getWindows 11]
[21:56:48.93] /i de::endDrag {-7.258 -3.468} -context [db::getNext [de::getContexts -window 11]]
[21:56:48.93] /r dePanToPoint {-6.293 -3.482}
[21:56:50.24] /# gi::setCurrentIndex {lpps} -index {poly pin} -in [gi::getAssistants leObjectLayerPanel -from [gi::getWindows 11]]
[21:56:50.24] /# gi::setItemSelection {lpps} -index {poly pin} -in [gi::getAssistants leObjectLayerPanel -from [gi::getWindows 11]]
[21:56:50.33] /# gi::executeAction leOLPSetActiveLPP -in [gi::getAssistants leObjectLayerPanel -from [gi::getWindows 11]]
[21:56:50.33] /i de::setActiveLPP [de::getLPPs -from [oa::DesignFind dff dff layout] -filter {%lpp =="poly pin"}]
[21:56:52.68] /# gi::executeAction leRectangle -in [gi::getWindows 11]
[21:56:52.68] /i ile::createRectangle
[21:56:55.38] /# gi::executeAction deStartDrag -in [gi::getWindows 11]
[21:56:55.38] /i de::startDrag {-7.184 -3.396} -context [db::getNext [de::getContexts -window 11]]
[21:56:59.24] /# gi::executeAction deEndDrag -in [gi::getWindows 11]
[21:56:59.24] /i de::endDrag {-7.166 -3.424} -context [db::getNext [de::getContexts -window 11]]
[21:56:59.53] /# gi::executeAction deAbortCommand -in [gi::getWindows 11]
[21:56:59.53] /i de::abortCommand -context [db::getNext [de::getContexts -window 11]]
[21:57:04.64] /i gi::executeAction deCanvasDragCancel -in [gi::getWindows 11]
[21:57:05.09] /# gi::executeAction deSelectActive -in [gi::getWindows 11]
[21:57:05.09] /i de::deselectAllLogic -context [db::getNext [de::getContexts -window 11]]
[21:57:07.24] /# gi::executeAction deSelectActive -in [gi::getWindows 11]
[21:57:07.24] /i de::deselectAll [db::getNext [de::getContexts -window 11]]
[21:57:07.24] /i de::select [de::getActiveFigure [gi::getWindows 11] -point {-7.174 -3.416} -index 0 -intent none]
[21:57:07.24] /o oa:0x25232700
[21:57:09.03] /# gi::executeAction leDelete -in [gi::getWindows 11]
[21:57:09.03] /i ile::delete
[21:57:10.66] /# gi::executeAction leOLPSetActiveLPP -in [gi::getAssistants leObjectLayerPanel -from [gi::getWindows 11]]
[21:57:10.67] /i de::setActiveLPP [de::getLPPs -from [oa::DesignFind dff dff layout] -filter {%lpp =="poly pin"}]
[21:57:11.20] /# gi::executeAction leRectangle -in [gi::getWindows 11]
[21:57:11.20] /i ile::createRectangle
[21:57:15.14] /i gi::executeAction deObjectActivation -in [gi::getWindows 11]
[21:57:21.05] /# gi::executeAction lePin -in [gi::getWindows 11]
[21:57:21.05] /i ile::createPin
[21:57:23.43] /i gi::setField {pinLabel} -value {true} -in [gi::getToolbars {deCommandOptions} -from [gi::getWindows 11]]
[21:57:26.10] /i gi::setField {termName} -value {CLK} -in [gi::getToolbars {deCommandOptions} -from [gi::getWindows 11]]
[21:57:30.07] /# gi::executeAction deAddPoint -in [gi::getWindows 11]
[21:57:30.07] /i de::addPoint {-7.178 -3.378} -context [db::getNext [de::getContexts -window 11]]
[21:57:30.66] /# gi::executeAction deStartDrag -in [gi::getWindows 11]
[21:57:30.66] /i de::startDrag {-7.178 -3.378} -context [db::getNext [de::getContexts -window 11]]
[21:57:33.27] /# gi::executeAction deEndDrag -in [gi::getWindows 11]
[21:57:33.27] /i de::endDrag {-7.105 -3.428} -context [db::getNext [de::getContexts -window 11]]
[21:57:45.95] /# gi::setCurrentIndex {lpps} -index {m1 drw} -in [gi::getAssistants leObjectLayerPanel -from [gi::getWindows 11]]
[21:57:45.95] /# gi::setItemSelection {lpps} -index {m1 drw} -in [gi::getAssistants leObjectLayerPanel -from [gi::getWindows 11]]
[21:57:46.18] /# gi::executeAction leOLPSetActiveLPP -in [gi::getAssistants leObjectLayerPanel -from [gi::getWindows 11]]
[21:57:46.18] /i de::setActiveLPP [de::getLPPs -from [oa::DesignFind dff dff layout] -filter {%lpp =="m1 drawing"}]
[21:57:46.92] /# gi::setCurrentIndex {lpps} -index {m1 pin} -in [gi::getAssistants leObjectLayerPanel -from [gi::getWindows 11]]
[21:57:46.92] /# gi::setItemSelection {lpps} -index {m1 pin} -in [gi::getAssistants leObjectLayerPanel -from [gi::getWindows 11]]
[21:57:47.01] /# gi::executeAction leOLPSetActiveLPP -in [gi::getAssistants leObjectLayerPanel -from [gi::getWindows 11]]
[21:57:47.01] /i de::setActiveLPP [de::getLPPs -from [oa::DesignFind dff dff layout] -filter {%lpp =="m1 pin"}]
[21:57:50.61] /i gi::setField {termName} -value {clkb} -in [gi::getToolbars {deCommandOptions} -from [gi::getWindows 11]]
[21:57:54.45] /# gi::executeAction deStartDrag -in [gi::getWindows 11]
[21:57:54.45] /i de::startDrag {-7.004 -3.608} -context [db::getNext [de::getContexts -window 11]]
[21:57:56.30] /# gi::executeAction deEndDrag -in [gi::getWindows 11]
[21:57:56.30] /i de::endDrag {-6.932 -3.668} -context [db::getNext [de::getContexts -window 11]]
[21:59:14.84] /# gi::executeAction dePan -in [gi::getWindows 11]
[21:59:14.84] /i ide::pan [db::getNext [de::getContexts -window 11]]
[21:59:14.93] /i gi::executeAction deObjectActivation -in [gi::getWindows 11]
[21:59:15.61] /# gi::executeAction deStartDrag -in [gi::getWindows 11]
[21:59:15.61] /i de::startDrag {-6.46 -3.002} -context [db::getNext [de::getContexts -window 11]]
[21:59:16.57] /# gi::executeAction deEndDrag -in [gi::getWindows 11]
[21:59:16.57] /i de::endDrag {-6.462 -3.004} -context [db::getNext [de::getContexts -window 11]]
[21:59:16.57] /r dePanToPoint {-5.988 -3.016}
[21:59:16.95] /# gi::executeAction deCanvasZoomOutAtPoint -in [gi::getWindows 11]
[21:59:16.95] /i de::zoom -window [gi::getWindows 11] -factor 0.5 -center {-6.026 -2.92}
[21:59:16.95] /o {-9.12 -4.598} {-2.782 -1.628}
[21:59:17.94] /# gi::executeAction deStartDrag -in [gi::getWindows 11]
[21:59:17.94] /i de::startDrag {-5.578 -3.117} -context [db::getNext [de::getContexts -window 11]]
[21:59:18.52] /# gi::executeAction deEndDrag -in [gi::getWindows 11]
[21:59:18.52] /i de::endDrag {-5.586 -3.117} -context [db::getNext [de::getContexts -window 11]]
[21:59:18.52] /r dePanToPoint {-5.709 -3.23}
[21:59:23.01] /# gi::executeAction deCanvasZoomInAtPoint -in [gi::getWindows 11]
[21:59:23.01] /i de::zoom -window [gi::getWindows 11] -factor 2.0 -center {-6.389 -2.746}
[21:59:23.01] /o {-7.634 -3.73} {-4.464 -2.246}
[21:59:23.83] /# gi::executeAction deCanvasZoomOutAtPoint -in [gi::getWindows 11]
[21:59:23.83] /i de::zoom -window [gi::getWindows 11] -factor 0.5 -center {-6.389 -2.746}
[21:59:23.83] /o {-8.878 -4.715} {-2.54 -1.745}
[21:59:24.35] /# gi::executeAction deCanvasZoomInAtPoint -in [gi::getWindows 11]
[21:59:24.35] /i de::zoom -window [gi::getWindows 11] -factor 2.0 -center {-6.308 -2.847}
[21:59:24.35] /o {-7.593 -3.781} {-4.424 -2.296}
[21:59:25.52] /# gi::executeAction deCanvasZoomOutAtPoint -in [gi::getWindows 11]
[21:59:25.52] /i de::zoom -window [gi::getWindows 11] -factor 0.5 -center {-6.308 -2.847}
[21:59:25.52] /o {-8.878 -4.715} {-2.54 -1.745}
[21:59:29.89] /# gi::executeAction deStartDrag -in [gi::getWindows 11]
[21:59:29.89] /i de::startDrag {-3.677 -3.908} -context [db::getNext [de::getContexts -window 11]]
[21:59:37.39] /# gi::executeAction deEndDrag -in [gi::getWindows 11]
[21:59:37.39] /i de::endDrag {-3.673 -3.908} -context [db::getNext [de::getContexts -window 11]]
[21:59:37.39] /r dePanToPoint {-4.506 -3.193}
[21:59:39.98] /i gi::setActiveWindow 10
[21:59:39.98] /i gi::setActiveWindow 10 -raise true
[21:59:43.20] /i gi::setActiveWindow 11
[21:59:43.20] /i gi::setActiveWindow 11 -raise true
[21:59:44.32] /i gi::setActiveWindow 10
[21:59:44.32] /i gi::setActiveWindow 10 -raise true
[21:59:47.00] /i gi::setActiveWindow 11
[21:59:47.00] /i gi::setActiveWindow 11 -raise true
[21:59:48.30] /# gi::executeAction deStartDrag -in [gi::getWindows 11]
[21:59:48.30] /i de::startDrag {-1.632 -3.081} -context [db::getNext [de::getContexts -window 11]]
[21:59:51.54] /# gi::executeAction deEndDrag -in [gi::getWindows 11]
[21:59:51.54] /i de::endDrag {-1.624 -3.081} -context [db::getNext [de::getContexts -window 11]]
[21:59:51.54] /r dePanToPoint {-3.845 -3.577}
[21:59:53.08] /i gi::executeAction giCloseWindow -in [gi::getWindows 12]
[21:59:56.06] /j ::xt::hercules::vue::clearAllHighlights dff schematic 
[21:59:56.10] /j ::xt::hercules::vue::clearAllHighlights dff layout 
[21:59:56.23] /m Information: Connection closed with 'Hercules-VUE' running on 'localhost'.
[21:59:59.73] /i gi::executeAction deSaveDesign -in [gi::getWindows 11]
[21:59:59.73] /m Information: Saving design 'dff dff layout'. (DESIGN_WINDOW-004)
[22:00:00.29] /i gi::executeAction deSaveDesign -in [gi::getWindows 11]
[22:00:00.29] /m Information: Saving design 'dff dff layout'. (DESIGN_WINDOW-004)
[22:00:03.60] /# gi::executeAction xtLVSRun -in [gi::getWindows 11]
[22:00:03.60] /i xt::physicalVerification::executeRun lvs 11
[22:00:03.90] /# xt::physicalVerification::executePve lvs 11
[22:00:05.27] /m Information: "Starting netlisting for design "dff/dff/schematic"..." (NETLISTING-010)
[22:00:05.28] /o No Design Integrity rule violations found in "dff/dff/schematic"
[22:00:05.34] /m Information: "Netlisting design "dff/dff/schematic" finished successfully." (NETLISTING-012)
[22:00:05.63] /r giWindowId 13
[22:00:05.65] /r giWindowGeometry 800x600
[22:00:12.03] /m Information: 
              /c =============================
              /c JobID: hercules_lvs_12
              /c --- EXTRACT ERROR SUMMARY ---
              /c LAYOUT ERRORS RESULTS: CLEAN
              /c --- COMPARE ERROR SUMMARY ---
              /c Top block compare result: FAIL
              /c [dff != dff]
              /c > dff != dff (level = 0)
              /c =============================
              /c 
[22:00:12.60] /j ::xt::hercules::vue::_private::registerConnection localhost:59045 tcp13 herculesVue_2 
[22:00:12.66] /j ::xt::hercules::vue::_private::isJobReady 
[22:00:12.66] /o false
[22:00:13.67] /j ::xt::hercules::vue::_private::isJobReady 
[22:00:13.67] /o false
[22:00:14.68] /m Information: Connection established with 'Hercules-VUE' running on 'localhost'.
[22:00:14.68] /j ::xt::hercules::vue::_private::isJobReady 
[22:00:14.68] /o true
[22:00:14.68] /j ::xt::hercules::vue::startFilter LAY 
[22:00:14.70] /j ::xt::hercules::vue::startFilter SCH 
[22:00:15.35] /j ::xt::hercules::vue::setInlibPath /root/Excercise/DFlipFlop/synopsys_custom/dff.hercules.lvs/. 
[22:00:15.37] /j ::xt::hercules::vue::setTopLayLCV dff dff layout 
[22:00:15.39] /j ::xt::hercules::vue::openCell dff dff layout 
[22:00:15.41] /j ::xt::hercules::vue::setTopSchLib dff 
[22:00:17.29] /j ::xt::hercules::vue::clearAllHighlights dff layout 
[22:00:17.32] /j ::xt::hercules::vue::clearAllHighlights {} {} 
[22:00:18.39] /j ::xt::hercules::vue::clearAllHighlights dff layout 
[22:00:18.41] /j ::xt::hercules::vue::clearAllHighlights dff layout 
[22:00:18.42] /j ::xt::hercules::vue::openCellInstance dff layout dff layout 
[22:00:18.43] /j ::xt::hercules::vue::clearAllHighlights {} {} 
[22:00:18.45] /j ::xt::hercules::vue::clearAllHighlights {} {} 
[22:00:18.47] /j ::xt::hercules::vue::openCell dff dff schematic 
[22:00:28.15] /j ::xt::hercules::vue::clearAllHighlights dff schematic 
[22:00:28.17] /j ::xt::hercules::vue::clearAllHighlights dff schematic 
[22:00:28.19] /j ::xt::hercules::vue::clearAllHighlights dff layout 
[22:00:28.21] /j ::xt::hercules::vue::clearAllHighlights dff layout 
[22:00:28.22] /j ::xt::hercules::vue::setHighlightProperty dff layout yellow brick 
[22:00:28.23] /j ::xt::hercules::vue::addPolygonBegin 132 
[22:00:28.28] /j ::xt::hercules::vue::addPolygonPoints {1.065 -1.590 1.065 -2.525 1.070 -2.525 1.070 -2.780 0.705 -2.780 0.705 -2.825 0.670 -2.825 0.670 -3.280 0.680 -3.280 0.680 -3.430 0.650 -3.430 0.650 -3.460 -3.385 -3.460 -3.385 -3.670 -2.575 -3.670 -2.575 -3.650 -2.545 -3.650 -2.545 -3.620 -2.395 -3.620 -2.395 -3.650 -2.365 -3.650 -2.365 -3.865 -2.360 -3.865 -2.360 -3.950 -2.090 -3.950 -2.090 -3.945 -1.980 -3.945 -1.980 -4.175 -1.985 -4.175 -1.985 -4.735 -2.085 -4.735 -2.085 -4.175 -2.090 -4.175 -2.090 -4.055 -2.360 -4.055 -2.360 -4.095 -2.550 -4.095 -2.550 -3.865 -2.495 -3.865 -2.495 -3.830 -3.415 -3.830 -3.415 -3.840 -3.565 -3.840 -3.565 -3.810 -3.595 -3.810 -3.595 -3.660 -3.565 -3.660 -3.565 -3.630 -3.485 -3.630 -3.485 -3.465 -6.640 -3.460 -6.640 -3.475 -6.790 -3.475 -6.790 -3.460 -6.795 -3.460 -6.795 -3.305 -6.789 -3.305 -6.785 -2.795 -6.815 -2.795 -6.815 -2.785 -7.275 -2.785 -7.275 -2.800 -7.305 -2.800 -7.305 -2.830 -7.315 -2.830 -7.315 -2.905 -7.310 -2.905 -7.310 -2.970 -7.190 -2.970 -7.190 -2.785 -7.090 -2.785 -7.090 -4.750 -7.190 -4.750 -7.190 -3.075 -7.310 -3.075 -7.310 -3.135 -7.500 -3.135 -7.500 -2.905 -7.445 -2.905 -7.445 -2.830 -7.455 -2.830 -7.455 -2.800 -7.485 -2.800 -7.485 -2.650 -7.455 -2.650 -7.455 -2.620 -7.305 -2.620 -7.305 -2.635 -7.190 -2.635 -7.190 -2.575 -7.195 -2.575 -7.195 -1.595 -7.095 -1.595 -7.095 -2.390 -7.090 -2.390 -7.090 -2.635 -6.785 -2.635 -6.785 -2.615 -6.705 -2.615 -6.705 -2.450 -6.690 -2.450 -6.690 -2.385 -6.500 -2.385 -6.500 -2.515 -6.175 -2.515 -6.175 -1.600 -6.075 -1.600 -6.075 -2.615 -6.605 -2.615 -6.605 -2.795 -6.635 -2.795 -6.639 -3.305 -3.595 -3.310 -3.595 -3.285 -3.565 -3.285 -3.565 -3.255 -3.415 -3.255 -3.415 -3.285 -3.385 -3.285 -3.385 -3.290 0.470 -3.290 0.470 -3.280 0.500 -3.280 0.500 -3.250 0.550 -3.250 0.550 -2.825 0.515 -2.825 0.515 -2.595 0.705 -2.595 0.705 -2.680 0.965 -2.680 0.965 -1.590 1.065 -1.590} 
[22:00:28.28] /j ::xt::hercules::vue::addPolygonEnd 
[22:00:28.28] /j ::xt::hercules::vue::drawHighlights dff layout all 
[22:00:28.29] /j ::xt::hercules::vue::setViewPort extents {-8.571 -5.145 2.141 -1.195} LAY 
[22:00:33.52] /i gi::setActiveWindow 13
[22:00:33.52] /i gi::setActiveWindow 13 -raise true
[22:00:33.69] /i gi::setActiveWindow 11
[22:00:33.69] /i gi::setActiveWindow 11 -raise true
[22:00:59.12] /i gi::setActiveWindow 10
[22:00:59.12] /i gi::setActiveWindow 10 -raise true
[22:01:00.18] /i gi::setActiveWindow 11
[22:01:00.18] /i gi::setActiveWindow 11 -raise true
[22:01:03.08] /i gi::setActiveWindow 10
[22:01:03.08] /i gi::setActiveWindow 10 -raise true
[22:01:07.00] /i gi::setActiveWindow 11
[22:01:07.00] /i gi::setActiveWindow 11 -raise true
[22:02:33.38] /# gi::executeAction deCanvasZoomInAtPoint -in [gi::getWindows 11]
[22:02:33.38] /i de::zoom -window [gi::getWindows 11] -factor 2.0 -center {-2.421 -2.74}
[22:02:33.38] /o {-5.496 -4.21} {-0.14 -1.7}
[22:02:34.73] /# gi::executeAction deCanvasZoomOutAtPoint -in [gi::getWindows 11]
[22:02:34.73] /i de::zoom -window [gi::getWindows 11] -factor 0.5 -center {-2.84 -3.255}
[22:02:34.73] /o {-8.152 -5.164} {2.56 -0.146}
[22:03:23.25] /# gi::executeAction deCanvasZoomInAtPoint -in [gi::getWindows 11]
[22:03:23.26] /i de::zoom -window [gi::getWindows 11] -factor 2.0 -center {-3.693 -4.632}
[22:03:23.26] /o {-5.922 -4.898} {-0.567 -2.389}
[22:03:24.12] /# gi::executeAction deCanvasZoomOutAtPoint -in [gi::getWindows 11]
[22:03:24.12] /i de::zoom -window [gi::getWindows 11] -factor 0.5 -center {-3.1 -4.639}
[22:03:24.12] /o {-8.745 -5.157} {1.967 -0.139}
[22:03:33.25] /# gi::executeAction deCanvasZoomInAtPoint -in [gi::getWindows 11]
[22:03:33.25] /i de::zoom -window [gi::getWindows 11] -factor 2.0 -center {-2.82 -3.923}
[22:03:33.25] /o {-5.782 -4.54} {-0.427 -2.031}
[22:03:38.77] /# gi::executeAction deCanvasZoomInAtPoint -in [gi::getWindows 11]
[22:03:38.77] /i de::zoom -window [gi::getWindows 11] -factor 2.0 -center {-1.886 -4.353}
[22:03:38.77] /o {-3.834 -4.447} {-1.156 -3.192}
[22:03:39.99] /# gi::executeAction deCanvasZoomOutAtPoint -in [gi::getWindows 11]
[22:03:39.99] /i de::zoom -window [gi::getWindows 11] -factor 0.5 -center {-2.08 -4.358}
[22:03:39.99] /o {-5.588 -4.535} {-0.233 -2.026}
[22:03:40.96] /# gi::executeAction deAddPoint -in [gi::getWindows 11]
[22:03:40.96] /i de::addPoint {-1.531 -3.819} -context [db::getNext [de::getContexts -window 11]]
[22:03:43.13] /# gi::executeAction deStartDrag -in [gi::getWindows 11]
[22:03:43.13] /i de::startDrag {-1.413 -3.826} -context [db::getNext [de::getContexts -window 11]]
[22:03:44.45] /# gi::executeAction deEndDrag -in [gi::getWindows 11]
[22:03:44.45] /i de::endDrag {-1.41 -3.826} -context [db::getNext [de::getContexts -window 11]]
[22:03:44.45] /r dePanToPoint {-2.813 -3.808}
[22:03:45.49] /# gi::executeAction deAbortCommand -in [gi::getWindows 11]
[22:03:45.49] /i de::abortCommand -context [db::getNext [de::getContexts -window 11]]
[22:03:46.74] /# gi::executeAction leVia -in [gi::getWindows 11]
[22:03:46.74] /i ile::createVia
[22:03:46.84] /o oa:0x23af9750
[22:03:51.83] /i gi::setField {viaDefName} -value {poly_cust} -in [gi::getToolbars {deCommandOptions} -from [gi::getWindows 11]]
[22:03:59.33] /# gi::executeAction deCanvasZoomInAtPoint -in [gi::getWindows 11]
[22:03:59.33] /i de::zoom -window [gi::getWindows 11] -factor 2.0 -center {-3.479 -4}
[22:03:59.33] /o {-4.485 -4.532} {-1.807 -3.277}
[22:04:08.27] /# gi::executeAction deAddPoint -in [gi::getWindows 11]
[22:04:08.27] /i de::addPoint {-3.481 -3.993} -context [db::getNext [de::getContexts -window 11]]
[22:04:10.35] /# gi::executeAction deAbortCommand -in [gi::getWindows 11]
[22:04:10.35] /i de::abortCommand -context [db::getNext [de::getContexts -window 11]]
[22:04:16.77] /# gi::setCurrentIndex {lpps} -index {poly drw} -in [gi::getAssistants leObjectLayerPanel -from [gi::getWindows 11]]
[22:04:16.77] /# gi::setItemSelection {lpps} -index {poly drw} -in [gi::getAssistants leObjectLayerPanel -from [gi::getWindows 11]]
[22:04:16.85] /# gi::executeAction leOLPSetActiveLPP -in [gi::getAssistants leObjectLayerPanel -from [gi::getWindows 11]]
[22:04:16.85] /i de::setActiveLPP [de::getLPPs -from [oa::DesignFind dff dff layout] -filter {%lpp =="poly drawing"}]
[22:04:17.71] /# gi::executeAction leRectangle -in [gi::getWindows 11]
[22:04:17.71] /i ile::createRectangle
[22:04:22.49] /# gi::executeAction deAddPoint -in [gi::getWindows 11]
[22:04:22.49] /i de::addPoint {-3.106 -4.24} -context [db::getNext [de::getContexts -window 11]]
[22:04:31.18] /# gi::executeAction deAddPoint -in [gi::getWindows 11]
[22:04:31.18] /i de::addPoint {-3.004 -3.93} -context [db::getNext [de::getContexts -window 11]]
[22:04:32.93] /# gi::executeAction deAddPoint -in [gi::getWindows 11]
[22:04:32.93] /i de::addPoint {-3.004 -3.93} -context [db::getNext [de::getContexts -window 11]]
[22:04:44.54] /# gi::executeAction deAddPoint -in [gi::getWindows 11]
[22:04:44.54] /i de::addPoint {-3.576 -4.049} -context [db::getNext [de::getContexts -window 11]]
[22:04:48.39] /# gi::setCurrentIndex {lpps} -index {m1 drw} -in [gi::getAssistants leObjectLayerPanel -from [gi::getWindows 11]]
[22:04:48.39] /# gi::setItemSelection {lpps} -index {m1 drw} -in [gi::getAssistants leObjectLayerPanel -from [gi::getWindows 11]]
[22:04:48.47] /# gi::executeAction leOLPSetActiveLPP -in [gi::getAssistants leObjectLayerPanel -from [gi::getWindows 11]]
[22:04:48.48] /i de::setActiveLPP [de::getLPPs -from [oa::DesignFind dff dff layout] -filter {%lpp =="m1 drawing"}]
[22:04:51.41] /# gi::executeAction deAddPoint -in [gi::getWindows 11]
[22:04:51.41] /i de::addPoint {-3.397 -4.044} -context [db::getNext [de::getContexts -window 11]]
[22:05:03.11] /# gi::executeAction deAddPoint -in [gi::getWindows 11]
[22:05:03.11] /i de::addPoint {-3.566 -3.659} -context [db::getNext [de::getContexts -window 11]]
[22:05:03.84] /# gi::executeAction deAbortCommand -in [gi::getWindows 11]
[22:05:03.84] /i de::abortCommand -context [db::getNext [de::getContexts -window 11]]
[22:05:05.62] /i gi::executeAction deSaveDesign -in [gi::getWindows 11]
[22:05:05.62] /m Information: Saving design 'dff dff layout'. (DESIGN_WINDOW-004)
[22:05:06.37] /i gi::executeAction deSaveDesign -in [gi::getWindows 11]
[22:05:06.37] /m Information: Saving design 'dff dff layout'. (DESIGN_WINDOW-004)
[22:05:08.23] /# gi::executeAction deCanvasZoomOutAtPoint -in [gi::getWindows 11]
[22:05:08.23] /i de::zoom -window [gi::getWindows 11] -factor 0.5 -center {-2.491 -4.181}
[22:05:08.24] /o {-6.479 -4.882} {-1.123 -2.373}
[22:05:12.53] /i gi::executeAction giCloseWindow -in [gi::getWindows 13]
[22:05:40.70] /# gi::executeAction deCanvasZoomOutAtPoint -in [gi::getWindows 11]
[22:05:40.70] /i de::zoom -window [gi::getWindows 11] -factor 0.5 -center {-5.02 -3.188}
[22:05:40.70] /o {-7.938 -6.577} {2.774 -1.558}
[22:06:12.13] /j ::xt::hercules::vue::clearAllHighlights dff layout 
[22:06:12.17] /j ::xt::hercules::vue::clearAllHighlights dff schematic 
[22:06:12.84] /m Information: Connection closed with 'Hercules-VUE' running on 'localhost'.
[22:06:19.08] /i gi::executeAction deSaveDesign -in [gi::getWindows 11]
[22:06:19.09] /m Information: Saving design 'dff dff layout'. (DESIGN_WINDOW-004)
[22:06:22.87] /# gi::executeAction xtLVSRun -in [gi::getWindows 11]
[22:06:22.87] /i xt::physicalVerification::executeRun lvs 11
[22:06:23.51] /# xt::physicalVerification::executePve lvs 11
[22:06:25.64] /m Information: "Starting netlisting for design "dff/dff/schematic"..." (NETLISTING-010)
[22:06:25.67] /o No Design Integrity rule violations found in "dff/dff/schematic"
[22:06:25.80] /m Information: "Netlisting design "dff/dff/schematic" finished successfully." (NETLISTING-012)
[22:06:26.15] /r giWindowId 14
[22:06:26.25] /r giWindowGeometry 800x600
[22:06:36.55] /m Information: 
              /c =============================
              /c JobID: hercules_lvs_13
              /c --- EXTRACT ERROR SUMMARY ---
              /c LAYOUT ERRORS RESULTS: CLEAN
              /c --- COMPARE ERROR SUMMARY ---
              /c Top block compare result: FAIL
              /c [dff != dff]
              /c > dff != dff (level = 0)
              /c =============================
              /c 
[22:06:37.36] /j ::xt::hercules::vue::_private::registerConnection localhost:54586 tcp19 herculesVue_3 
[22:06:37.41] /j ::xt::hercules::vue::_private::isJobReady 
[22:06:37.41] /o false
[22:06:38.42] /m Information: Connection established with 'Hercules-VUE' running on 'localhost'.
[22:06:38.42] /j ::xt::hercules::vue::_private::isJobReady 
[22:06:38.42] /o true
[22:06:38.45] /j ::xt::hercules::vue::startFilter LAY 
[22:06:38.46] /j ::xt::hercules::vue::startFilter SCH 
[22:06:39.06] /j ::xt::hercules::vue::setTopSchLib dff 
[22:06:39.07] /j ::xt::hercules::vue::setInlibPath /root/Excercise/DFlipFlop/synopsys_custom/dff.hercules.lvs/. 
[22:06:39.09] /j ::xt::hercules::vue::setTopLayLCV dff dff layout 
[22:06:39.11] /j ::xt::hercules::vue::openCell dff dff layout 
[22:06:41.31] /j ::xt::hercules::vue::clearAllHighlights {} {} 
[22:06:41.33] /j ::xt::hercules::vue::clearAllHighlights dff layout 
[22:06:44.11] /j ::xt::hercules::vue::clearAllHighlights {} {} 
[22:06:44.12] /j ::xt::hercules::vue::clearAllHighlights {} {} 
[22:06:44.15] /j ::xt::hercules::vue::openCell dff dff schematic 
[22:06:44.16] /j ::xt::hercules::vue::clearAllHighlights dff layout 
[22:06:44.18] /j ::xt::hercules::vue::clearAllHighlights dff layout 
[22:06:44.21] /j ::xt::hercules::vue::openCellInstance dff layout dff layout 
[22:06:54.67] /j ::xt::hercules::vue::clearAllHighlights dff layout 
[22:06:54.69] /j ::xt::hercules::vue::clearAllHighlights dff layout 
[22:06:54.70] /j ::xt::hercules::vue::setHighlightProperty dff layout yellow brick 
[22:06:54.72] /j ::xt::hercules::vue::addPolygonBegin 32 
[22:06:54.77] /j ::xt::hercules::vue::addPolygonPoints {-5.055 -1.600 -5.055 -2.390 -5.045 -2.390 -5.045 -4.740 -5.145 -4.740 -5.145 -2.830 -5.440 -2.830 -5.440 -2.860 -5.630 -2.860 -5.630 -2.800 -5.890 -2.800 -5.890 -4.250 -5.850 -4.250 -5.850 -4.610 -6.070 -4.610 -6.070 -4.250 -5.995 -4.250 -5.995 -2.450 -6.075 -2.450 -6.075 -1.730 -5.855 -1.730 -5.855 -2.450 -5.890 -2.450 -5.890 -2.700 -5.630 -2.700 -5.630 -2.630 -5.440 -2.630 -5.440 -2.700 -5.145 -2.700 -5.145 -2.580 -5.155 -2.580 -5.155 -1.600 -5.055 -1.600} 
[22:06:54.77] /j ::xt::hercules::vue::addPolygonEnd 
[22:06:54.77] /j ::xt::hercules::vue::drawHighlights dff layout all 
[22:06:54.78] /j ::xt::hercules::vue::setViewPort extents {-6.204 -5.133 -4.916 -1.207} LAY 
[22:06:54.80] /j ::xt::hercules::vue::clearAllHighlights dff layout 
[22:06:54.83] /j ::xt::hercules::vue::clearAllHighlights dff layout 
[22:06:54.84] /j ::xt::hercules::vue::setHighlightProperty dff layout yellow brick 
[22:06:54.86] /j ::xt::hercules::vue::addPolygonBegin 32 
[22:06:54.90] /j ::xt::hercules::vue::addPolygonPoints {-5.055 -1.600 -5.055 -2.390 -5.045 -2.390 -5.045 -4.740 -5.145 -4.740 -5.145 -2.830 -5.440 -2.830 -5.440 -2.860 -5.630 -2.860 -5.630 -2.800 -5.890 -2.800 -5.890 -4.250 -5.850 -4.250 -5.850 -4.610 -6.070 -4.610 -6.070 -4.250 -5.995 -4.250 -5.995 -2.450 -6.075 -2.450 -6.075 -1.730 -5.855 -1.730 -5.855 -2.450 -5.890 -2.450 -5.890 -2.700 -5.630 -2.700 -5.630 -2.630 -5.440 -2.630 -5.440 -2.700 -5.145 -2.700 -5.145 -2.580 -5.155 -2.580 -5.155 -1.600 -5.055 -1.600} 
[22:06:54.90] /j ::xt::hercules::vue::addPolygonEnd 
[22:06:54.90] /j ::xt::hercules::vue::drawHighlights dff layout all 
[22:06:54.93] /j ::xt::hercules::vue::setViewPort extents {-6.204 -5.133 -4.916 -1.207} LAY 
[22:06:54.95] /j ::xt::hercules::vue::clearAllHighlights dff schematic 
[22:06:54.97] /j ::xt::hercules::vue::clearAllHighlights dff schematic 
[22:06:54.99] /j ::xt::hercules::vue::clearAllHighlights dff schematic 
[22:06:55.01] /j ::xt::hercules::vue::clearAllHighlights dff schematic 
[22:06:55.94] /i gi::setActiveWindow 14
[22:06:55.94] /i gi::setActiveWindow 14 -raise true
[22:06:56.14] /i gi::setActiveWindow 11
[22:06:56.14] /i gi::setActiveWindow 11 -raise true
[22:07:00.99] /# gi::executeAction dePan -in [gi::getWindows 11]
[22:07:00.99] /i ide::pan [db::getNext [de::getContexts -window 11]]
[22:07:01.49] /# gi::executeAction deStartDrag -in [gi::getWindows 11]
[22:07:01.49] /i de::startDrag {-5.568 -3.149} -context [db::getNext [de::getContexts -window 11]]
[22:07:04.28] /# gi::executeAction deEndDrag -in [gi::getWindows 11]
[22:07:04.28] /i de::endDrag {-5.547 -3.149} -context [db::getNext [de::getContexts -window 11]]
[22:07:04.28] /r dePanToPoint {-4.061 -3.138}
[22:07:06.00] /# gi::executeAction deAbortCommand -in [gi::getWindows 11]
[22:07:06.00] /i de::abortCommand -context [db::getNext [de::getContexts -window 11]]
[22:07:06.48] /# gi::executeAction deSelectActive -in [gi::getWindows 11]
[22:07:06.48] /i de::deselectAllLogic -context [db::getNext [de::getContexts -window 11]]
[22:08:21.36] /# gi::executeAction deSelectActive -in [gi::getWindows 11]
[22:08:21.36] /i de::deselectAllLogic -context [db::getNext [de::getContexts -window 11]]
[22:08:22.20] /# gi::executeAction deCanvasZoomInAtPoint -in [gi::getWindows 11]
[22:08:22.20] /i de::zoom -window [gi::getWindows 11] -factor 2.0 -center {-4.683 -1.767}
[22:08:22.20] /o {-6.467 -3.434} {-2.277 -1.471}
[22:08:26.71] /# gi::executeAction deCanvasZoomOutAtPoint -in [gi::getWindows 11]
[22:08:26.71] /i de::zoom -window [gi::getWindows 11] -factor 0.5 -center {-4.261 -1.919}
[22:08:26.71] /o {-8.673 -4.949} {-0.293 -1.023}
[22:08:28.21] /# gi::executeAction deCanvasZoomOutAtPoint -in [gi::getWindows 11]
[22:08:28.21] /i de::zoom -window [gi::getWindows 11] -factor 0.5 -center {-2.352 -4.597}
[22:08:28.21] /o {-14.994 -5.301} {1.766 2.551}
[22:08:29.78] /# gi::executeAction deCanvasZoomInAtPoint -in [gi::getWindows 11]
[22:08:29.78] /i de::zoom -window [gi::getWindows 11] -factor 2.0 -center {-3.024 -2.143}
[22:08:29.78] /o {-9.009 -3.722} {-0.629 0.204}
[22:08:30.46] /# gi::executeAction deCanvasZoomInAtPoint -in [gi::getWindows 11]
[22:08:30.46] /i de::zoom -window [gi::getWindows 11] -factor 2.0 -center {-3.024 -2.143}
[22:08:30.46] /o {-6.017 -2.932} {-1.827 -0.969}
[22:08:31.52] /# gi::executeAction deCanvasZoomOutAtPoint -in [gi::getWindows 11]
[22:08:31.52] /i de::zoom -window [gi::getWindows 11] -factor 0.5 -center {-3.024 -2.143}
[22:08:31.52] /o {-9.009 -3.722} {-0.629 0.204}
[22:08:32.69] /# gi::executeAction deCanvasZoomInAtPoint -in [gi::getWindows 11]
[22:08:32.69] /i de::zoom -window [gi::getWindows 11] -factor 2.0 -center {-3.024 -2.143}
[22:08:32.69] /o {-6.017 -2.932} {-1.827 -0.969}
[22:08:34.42] /# gi::executeAction deCanvasZoomOutAtPoint -in [gi::getWindows 11]
[22:08:34.42] /i de::zoom -window [gi::getWindows 11] -factor 0.5 -center {-3.024 -2.143}
[22:08:34.42] /o {-9.009 -3.722} {-0.629 0.204}
[22:08:37.31] /# gi::executeAction deCanvasZoomOutAtPoint -in [gi::getWindows 11]
[22:08:37.31] /i de::zoom -window [gi::getWindows 11] -factor 0.5 -center {-3.152 -2.575}
[22:08:37.32] /o {-14.866 -4.869} {1.894 2.983}
[22:08:37.78] /# gi::executeAction deCanvasZoomInAtPoint -in [gi::getWindows 11]
[22:08:37.78] /i de::zoom -window [gi::getWindows 11] -factor 2.0 -center {-3.11 -2.607}
[22:08:37.78] /o {-8.988 -3.738} {-0.608 0.188}
[22:08:37.88] /# gi::executeAction deCanvasZoomInAtPoint -in [gi::getWindows 11]
[22:08:37.88] /i de::zoom -window [gi::getWindows 11] -factor 2.0 -center {-3.11 -2.607}
[22:08:37.88] /o {-6.049 -3.172} {-1.859 -1.209}
[22:08:41.35] /# gi::executeAction deSelectActive -in [gi::getWindows 11]
[22:08:41.35] /i de::deselectAll [db::getNext [de::getContexts -window 11]]
[22:08:41.35] /i de::select [de::getActiveFigure [gi::getWindows 11] -point {-3.225 -2.594} -index 0 -intent none]
[22:08:41.35] /o oa:0x1c990810
[22:08:42.67] /# gi::executeAction leMove -in [gi::getWindows 11]
[22:08:42.67] /i ile::move
[22:08:43.20] /# gi::executeAction deAddPoint -in [gi::getWindows 11]
[22:08:43.20] /i de::addPoint {-3.222 -2.53} -context [db::getNext [de::getContexts -window 11]]
[22:08:45.85] /# gi::executeAction deAddPoint -in [gi::getWindows 11]
[22:08:45.85] /i de::addPoint {-3.235 -2.527} -context [db::getNext [de::getContexts -window 11]]
[22:08:46.71] /# gi::executeAction dePan -in [gi::getWindows 11]
[22:08:46.71] /i ide::pan [db::getNext [de::getContexts -window 11]]
[22:08:47.65] /# gi::executeAction deStartDrag -in [gi::getWindows 11]
[22:08:47.65] /i de::startDrag {-2.958 -2.604} -context [db::getNext [de::getContexts -window 11]]
[22:08:51.71] /# gi::executeAction deEndDrag -in [gi::getWindows 11]
[22:08:51.72] /i de::endDrag {-2.955 -2.61} -context [db::getNext [de::getContexts -window 11]]
[22:08:51.72] /r dePanToPoint {-4.794 -2.18}
[22:08:53.70] /# gi::executeAction deStartDrag -in [gi::getWindows 11]
[22:08:53.70] /i de::startDrag {-4.47 -2.316} -context [db::getNext [de::getContexts -window 11]]
[22:08:54.99] /# gi::executeAction deEndDrag -in [gi::getWindows 11]
[22:08:54.99] /i de::endDrag {-4.473 -2.316} -context [db::getNext [de::getContexts -window 11]]
[22:08:54.99] /r dePanToPoint {-4.698 -2.215}
[22:08:58.27] /# gi::executeAction leVia -in [gi::getWindows 11]
[22:08:58.27] /i ile::createVia
[22:08:58.32] /o oa:0x24c8c930
[22:09:04.15] /i gi::setField {viaDefName} -value {via12} -in [gi::getToolbars {deCommandOptions} -from [gi::getWindows 11]]
[22:09:22.46] /# gi::executeAction deAddPoint -in [gi::getWindows 11]
[22:09:22.46] /i de::addPoint {-5.582 -2.468} -context [db::getNext [de::getContexts -window 11]]
[22:09:30.87] /# gi::executeAction deAddPoint -in [gi::getWindows 11]
[22:09:30.87] /i de::addPoint {-3.502 -2.474} -context [db::getNext [de::getContexts -window 11]]
[22:09:31.89] /# gi::executeAction deAbortCommand -in [gi::getWindows 11]
[22:09:31.89] /i de::abortCommand -context [db::getNext [de::getContexts -window 11]]
[22:09:41.24] /# gi::executeAction leRectangle -in [gi::getWindows 11]
[22:09:41.24] /i ile::createRectangle
[22:09:46.49] /# gi::executeAction deCanvasZoomInAtPoint -in [gi::getWindows 11]
[22:09:46.49] /i de::zoom -window [gi::getWindows 11] -factor 2.0 -center {-5.476 -2.423}
[22:09:46.49] /o {-6.135 -2.81} {-4.04 -1.828}
[22:09:48.47] /# gi::executeAction deAddPoint -in [gi::getWindows 11]
[22:09:48.47] /i de::addPoint {-5.532 -2.395} -context [db::getNext [de::getContexts -window 11]]
[22:09:52.51] /# gi::executeAction deAddPoint -in [gi::getWindows 11]
[22:09:52.51] /i de::addPoint {-5.992 -2.546} -context [db::getNext [de::getContexts -window 11]]
[22:09:53.29] /# gi::executeAction deCanvasZoomOutAtPoint -in [gi::getWindows 11]
[22:09:53.29] /i de::zoom -window [gi::getWindows 11] -factor 0.5 -center {-5.641 -2.455}
[22:09:53.30] /o {-6.628 -3.165} {-2.438 -1.202}
[22:09:54.43] /# gi::executeAction deCanvasZoomInAtPoint -in [gi::getWindows 11]
[22:09:54.43] /i de::zoom -window [gi::getWindows 11] -factor 2.0 -center {-3.22 -2.463}
[22:09:54.43] /o {-4.924 -2.814} {-2.829 -1.832}
[22:09:56.82] /# gi::executeAction deAddPoint -in [gi::getWindows 11]
[22:09:56.82] /i de::addPoint {-3.559 -2.406} -context [db::getNext [de::getContexts -window 11]]
[22:10:02.05] /# gi::executeAction deAddPoint -in [gi::getWindows 11]
[22:10:02.05] /i de::addPoint {-3.192 -2.552} -context [db::getNext [de::getContexts -window 11]]
[22:10:02.55] /# gi::executeAction deCanvasZoomOutAtPoint -in [gi::getWindows 11]
[22:10:02.55] /i de::zoom -window [gi::getWindows 11] -factor 0.5 -center {-3.273 -2.532}
[22:10:02.55] /o {-6.575 -3.096} {-2.385 -1.133}
[22:10:03.73] /# gi::setCurrentIndex {lpps} -index {m2 drw} -in [gi::getAssistants leObjectLayerPanel -from [gi::getWindows 11]]
[22:10:03.73] /# gi::setItemSelection {lpps} -index {m2 drw} -in [gi::getAssistants leObjectLayerPanel -from [gi::getWindows 11]]
[22:10:03.81] /# gi::executeAction leOLPSetActiveLPP -in [gi::getAssistants leObjectLayerPanel -from [gi::getWindows 11]]
[22:10:03.81] /i de::setActiveLPP [de::getLPPs -from [oa::DesignFind dff dff layout] -filter {%lpp =="m2 drawing"}]
[22:10:06.25] /# gi::executeAction deCanvasZoomInAtPoint -in [gi::getWindows 11]
[22:10:06.25] /i de::zoom -window [gi::getWindows 11] -factor 2.0 -center {-5.634 -2.373}
[22:10:06.25] /o {-6.105 -2.734} {-4.01 -1.753}
[22:10:07.28] /# gi::executeAction deCanvasZoomOutAtPoint -in [gi::getWindows 11]
[22:10:07.28] /i de::zoom -window [gi::getWindows 11] -factor 0.5 -center {-5.615 -2.373}
[22:10:07.29] /o {-6.594 -3.096} {-2.404 -1.133}
[22:10:10.47] /# gi::executeAction deAddPoint -in [gi::getWindows 11]
[22:10:10.47] /i de::addPoint {-5.653 -2.367} -context [db::getNext [de::getContexts -window 11]]
[22:10:20.63] /# gi::executeAction deAddPoint -in [gi::getWindows 11]
[22:10:20.63] /i de::addPoint {-3.423 -2.581} -context [db::getNext [de::getContexts -window 11]]
[22:10:22.14] /# gi::executeAction deAbortCommand -in [gi::getWindows 11]
[22:10:22.14] /i de::abortCommand -context [db::getNext [de::getContexts -window 11]]
[22:10:23.81] /i gi::executeAction deSaveDesign -in [gi::getWindows 11]
[22:10:23.81] /m Information: Saving design 'dff dff layout'. (DESIGN_WINDOW-004)
[22:10:27.69] /# gi::executeAction deCanvasZoomOutAtPoint -in [gi::getWindows 11]
[22:10:27.69] /i de::zoom -window [gi::getWindows 11] -factor 0.5 -center {-3.594 -2.306}
[22:10:27.70] /o {-9.594 -3.885} {-1.214 0.041}
[22:10:40.57] /j ::xt::hercules::vue::clearAllHighlights dff schematic 
[22:10:40.65] /j ::xt::hercules::vue::clearAllHighlights dff layout 
[22:10:40.87] /m Information: Connection closed with 'Hercules-VUE' running on 'localhost'.
[22:10:41.97] /i gi::executeAction giCloseWindow -in [gi::getWindows 14]
[22:10:43.15] /# gi::executeAction deSelectActive -in [gi::getWindows 11]
[22:10:43.15] /i de::deselectAll [db::getNext [de::getContexts -window 11]]
[22:10:43.15] /i de::deselectAllLogic -context [db::getNext [de::getContexts -window 11]]
[22:10:43.87] /i gi::executeAction deSaveDesign -in [gi::getWindows 11]
[22:10:43.87] /m Information: Saving design 'dff dff layout'. (DESIGN_WINDOW-004)
[22:10:44.70] /i gi::executeAction deSaveDesign -in [gi::getWindows 11]
[22:10:44.71] /m Information: Saving design 'dff dff layout'. (DESIGN_WINDOW-004)
[22:10:45.19] /i gi::executeAction deSaveDesign -in [gi::getWindows 11]
[22:10:45.20] /m Information: Saving design 'dff dff layout'. (DESIGN_WINDOW-004)
[22:10:50.95] /# gi::executeAction xtLVSRun -in [gi::getWindows 11]
[22:10:50.95] /i xt::physicalVerification::executeRun lvs 11
[22:10:51.35] /# xt::physicalVerification::executePve lvs 11
[22:10:52.71] /m Information: "Starting netlisting for design "dff/dff/schematic"..." (NETLISTING-010)
[22:10:52.73] /o No Design Integrity rule violations found in "dff/dff/schematic"
[22:10:52.81] /m Information: "Netlisting design "dff/dff/schematic" finished successfully." (NETLISTING-012)
[22:10:53.01] /r giWindowId 15
[22:10:53.04] /r giWindowGeometry 800x600
[22:11:00.25] /m Information: 
              /c =============================
              /c JobID: hercules_lvs_14
              /c --- EXTRACT ERROR SUMMARY ---
              /c LAYOUT ERRORS RESULTS: CLEAN
              /c --- COMPARE ERROR SUMMARY ---
              /c Top block compare result: FAIL
              /c [dff != dff]
              /c > dff != dff (level = 0)
              /c =============================
              /c 
[22:11:01.04] /j ::xt::hercules::vue::_private::registerConnection localhost:33487 tcp25 herculesVue_4 
[22:11:01.09] /j ::xt::hercules::vue::_private::isJobReady 
[22:11:01.09] /o false
[22:11:02.09] /j ::xt::hercules::vue::_private::isJobReady 
[22:11:02.09] /o false
[22:11:03.10] /m Information: Connection established with 'Hercules-VUE' running on 'localhost'.
[22:11:03.10] /j ::xt::hercules::vue::_private::isJobReady 
[22:11:03.10] /o true
[22:11:03.13] /j ::xt::hercules::vue::startFilter LAY 
[22:11:03.15] /j ::xt::hercules::vue::startFilter SCH 
[22:11:03.91] /j ::xt::hercules::vue::setTopSchLib dff 
[22:11:03.92] /j ::xt::hercules::vue::setInlibPath /root/Excercise/DFlipFlop/synopsys_custom/dff.hercules.lvs/. 
[22:11:03.93] /j ::xt::hercules::vue::setTopLayLCV dff dff layout 
[22:11:03.95] /j ::xt::hercules::vue::openCell dff dff layout 
[22:11:06.27] /j ::xt::hercules::vue::clearAllHighlights {} {} 
[22:11:06.29] /j ::xt::hercules::vue::clearAllHighlights dff layout 
[22:11:07.17] /j ::xt::hercules::vue::clearAllHighlights dff layout 
[22:11:07.19] /j ::xt::hercules::vue::clearAllHighlights dff layout 
[22:11:07.21] /j ::xt::hercules::vue::openCellInstance dff layout dff layout 
[22:11:07.22] /j ::xt::hercules::vue::clearAllHighlights {} {} 
[22:11:07.23] /j ::xt::hercules::vue::clearAllHighlights {} {} 
[22:11:07.25] /j ::xt::hercules::vue::openCell dff dff schematic 
[22:11:16.25] /j ::xt::hercules::vue::clearAllHighlights dff schematic 
[22:11:16.29] /j ::xt::hercules::vue::clearAllHighlights dff schematic 
[22:11:16.32] /j ::xt::hercules::vue::clearAllHighlights dff layout 
[22:11:16.32] /j ::xt::hercules::vue::clearAllHighlights dff layout 
[22:11:16.33] /j ::xt::hercules::vue::setHighlightProperty dff layout yellow brick 
[22:11:16.33] /j ::xt::hercules::vue::addPolygonBegin 12 
[22:11:16.37] /j ::xt::hercules::vue::addPolygonPoints {-2.095 -1.730 -2.095 -2.450 -2.160 -2.450 -2.160 -4.245 -2.085 -4.245 -2.085 -4.605 -2.305 -4.605 -2.305 -4.245 -2.265 -4.245 -2.265 -2.450 -2.315 -2.450 -2.315 -1.730 -2.095 -1.730} 
[22:11:16.37] /j ::xt::hercules::vue::addPolygonEnd 
[22:11:16.37] /j ::xt::hercules::vue::drawHighlights dff layout all 
[22:11:16.40] /j ::xt::hercules::vue::setViewPort extents {-2.344 -4.964 -2.056 -1.371} LAY 
[22:11:17.92] /i gi::setActiveWindow 15
[22:11:17.92] /i gi::setActiveWindow 15 -raise true
[22:11:18.08] /i gi::setActiveWindow 11
[22:11:18.08] /i gi::setActiveWindow 11 -raise true
[22:13:21.61] /# gi::executeAction dePan -in [gi::getWindows 11]
[22:13:21.61] /i ide::pan [db::getNext [de::getContexts -window 11]]
[22:13:21.99] /# gi::executeAction deStartDrag -in [gi::getWindows 11]
[22:13:21.99] /i de::startDrag {-4.243 -3.753} -context [db::getNext [de::getContexts -window 11]]
[22:13:26.51] /# gi::executeAction deEndDrag -in [gi::getWindows 11]
[22:13:26.51] /i de::endDrag {-4.248 -3.753} -context [db::getNext [de::getContexts -window 11]]
[22:13:26.51] /r dePanToPoint {-2.561 -3.157}
[22:13:30.58] /# gi::executeAction leVia -in [gi::getWindows 11]
[22:13:30.58] /i ile::createVia
[22:13:30.62] /o oa:0x207c9190
[22:13:42.61] /# gi::executeAction deAddPoint -in [gi::getWindows 11]
[22:13:42.61] /i de::addPoint {-4.629 -1.967} -context [db::getNext [de::getContexts -window 11]]
[22:13:47.92] /# gi::executeAction deAddPoint -in [gi::getWindows 11]
[22:13:47.92] /i de::addPoint {-2.52 -1.971} -context [db::getNext [de::getContexts -window 11]]
[22:13:48.85] /# gi::executeAction deAbortCommand -in [gi::getWindows 11]
[22:13:48.85] /i de::abortCommand -context [db::getNext [de::getContexts -window 11]]
[22:13:58.97] /# gi::setCurrentIndex {lpps} -index {m1 drw} -in [gi::getAssistants leObjectLayerPanel -from [gi::getWindows 11]]
[22:13:58.97] /# gi::setItemSelection {lpps} -index {m1 drw} -in [gi::getAssistants leObjectLayerPanel -from [gi::getWindows 11]]
[22:13:59.06] /# gi::executeAction leOLPSetActiveLPP -in [gi::getAssistants leObjectLayerPanel -from [gi::getWindows 11]]
[22:13:59.06] /i de::setActiveLPP [de::getLPPs -from [oa::DesignFind dff dff layout] -filter {%lpp =="m1 drawing"}]
[22:14:00.32] /# gi::executeAction leRectangle -in [gi::getWindows 11]
[22:14:00.32] /i ile::createRectangle
[22:14:01.03] /# gi::executeAction deCanvasZoomInAtPoint -in [gi::getWindows 11]
[22:14:01.03] /i de::zoom -window [gi::getWindows 11] -factor 2.0 -center {-4.59 -2.069}
[22:14:01.03] /o {-5.493 -3.512} {-1.658 -1.715}
[22:14:11.40] /# gi::executeAction deAddPoint -in [gi::getWindows 11]
[22:14:11.40] /i de::addPoint {-4.585 -1.893} -context [db::getNext [de::getContexts -window 11]]
[22:14:17.67] /# gi::executeAction deAddPoint -in [gi::getWindows 11]
[22:14:17.67] /i de::addPoint {-4.98 -2.042} -context [db::getNext [de::getContexts -window 11]]
[22:14:26.93] /# gi::executeAction deAddPoint -in [gi::getWindows 11]
[22:14:26.93] /i de::addPoint {-2.552 -1.896} -context [db::getNext [de::getContexts -window 11]]
[22:14:31.74] /# gi::executeAction deAddPoint -in [gi::getWindows 11]
[22:14:31.74] /i de::addPoint {-2.168 -2.047} -context [db::getNext [de::getContexts -window 11]]
[22:14:33.78] /# gi::setCurrentIndex {lpps} -index {m2 drw} -in [gi::getAssistants leObjectLayerPanel -from [gi::getWindows 11]]
[22:14:33.79] /# gi::setItemSelection {lpps} -index {m2 drw} -in [gi::getAssistants leObjectLayerPanel -from [gi::getWindows 11]]
[22:14:33.85] /# gi::executeAction leOLPSetActiveLPP -in [gi::getAssistants leObjectLayerPanel -from [gi::getWindows 11]]
[22:14:33.85] /i de::setActiveLPP [de::getLPPs -from [oa::DesignFind dff dff layout] -filter {%lpp =="m2 drawing"}]
[22:14:37.96] /# gi::executeAction deAddPoint -in [gi::getWindows 11]
[22:14:37.96] /i de::addPoint {-4.702 -1.862} -context [db::getNext [de::getContexts -window 11]]
[22:14:57.72] /# gi::executeAction deAddPoint -in [gi::getWindows 11]
[22:14:57.72] /i de::addPoint {-2.447 -2.076} -context [db::getNext [de::getContexts -window 11]]
[22:15:00.40] /# gi::executeAction deAbortCommand -in [gi::getWindows 11]
[22:15:00.40] /i de::abortCommand -context [db::getNext [de::getContexts -window 11]]
[22:15:01.60] /i gi::executeAction deSaveDesign -in [gi::getWindows 11]
[22:15:01.60] /m Information: Saving design 'dff dff layout'. (DESIGN_WINDOW-004)
[22:15:04.41] /i gi::executeAction deSaveDesign -in [gi::getWindows 11]
[22:15:04.41] /m Information: Saving design 'dff dff layout'. (DESIGN_WINDOW-004)
[22:15:04.86] /# gi::executeAction deCanvasZoomOutAtPoint -in [gi::getWindows 11]
[22:15:04.86] /i de::zoom -window [gi::getWindows 11] -factor 0.5 -center {-2.784 -2.289}
[22:15:04.86] /o {-8.202 -4.734} {-0.533 -1.141}
[22:15:09.52] /j ::xt::hercules::vue::clearAllHighlights dff layout 
[22:15:09.53] /j ::xt::hercules::vue::clearAllHighlights dff schematic 
[22:15:10.14] /m Information: Connection closed with 'Hercules-VUE' running on 'localhost'.
[22:15:11.33] /i gi::executeAction giCloseWindow -in [gi::getWindows 15]
[22:15:14.67] /# gi::executeAction xtLVSRun -in [gi::getWindows 11]
[22:15:14.67] /i xt::physicalVerification::executeRun lvs 11
[22:15:14.98] /# xt::physicalVerification::executePve lvs 11
[22:15:16.41] /m Information: "Starting netlisting for design "dff/dff/schematic"..." (NETLISTING-010)
[22:15:16.42] /o No Design Integrity rule violations found in "dff/dff/schematic"
[22:15:16.49] /m Information: "Netlisting design "dff/dff/schematic" finished successfully." (NETLISTING-012)
[22:15:16.81] /r giWindowId 16
[22:15:16.85] /r giWindowGeometry 800x600
[22:15:22.63] /m Information: 
              /c =============================
              /c JobID: hercules_lvs_15
              /c --- EXTRACT ERROR SUMMARY ---
              /c LAYOUT ERRORS RESULTS: CLEAN
              /c --- COMPARE ERROR SUMMARY ---
              /c Top block compare result: FAIL
              /c [dff != dff]
              /c > dff != dff (level = 0)
              /c =============================
              /c 
[22:15:23.32] /j ::xt::hercules::vue::_private::registerConnection localhost:40519 tcp31 herculesVue_5 
[22:15:23.37] /j ::xt::hercules::vue::_private::isJobReady 
[22:15:23.37] /o false
[22:15:24.37] /j ::xt::hercules::vue::_private::isJobReady 
[22:15:24.37] /o false
[22:15:25.37] /m Information: Connection established with 'Hercules-VUE' running on 'localhost'.
[22:15:25.37] /j ::xt::hercules::vue::_private::isJobReady 
[22:15:25.37] /o true
[22:15:25.37] /j ::xt::hercules::vue::startFilter LAY 
[22:15:25.40] /j ::xt::hercules::vue::startFilter SCH 
[22:15:25.95] /j ::xt::hercules::vue::setInlibPath /root/Excercise/DFlipFlop/synopsys_custom/dff.hercules.lvs/. 
[22:15:25.97] /j ::xt::hercules::vue::setTopLayLCV dff dff layout 
[22:15:25.99] /j ::xt::hercules::vue::openCell dff dff layout 
[22:15:26.01] /j ::xt::hercules::vue::setTopSchLib dff 
[22:15:27.47] /j ::xt::hercules::vue::clearAllHighlights {} {} 
[22:15:27.49] /j ::xt::hercules::vue::clearAllHighlights dff layout 
[22:15:29.05] /j ::xt::hercules::vue::clearAllHighlights {} {} 
[22:15:29.07] /j ::xt::hercules::vue::clearAllHighlights {} {} 
[22:15:29.09] /j ::xt::hercules::vue::openCell dff dff schematic 
[22:15:29.11] /j ::xt::hercules::vue::clearAllHighlights dff layout 
[22:15:29.12] /j ::xt::hercules::vue::clearAllHighlights dff layout 
[22:15:29.13] /j ::xt::hercules::vue::openCellInstance dff layout dff layout 
[22:15:40.26] /j ::xt::hercules::vue::clearAllHighlights dff layout 
[22:15:40.28] /j ::xt::hercules::vue::clearAllHighlights dff layout 
[22:15:40.30] /j ::xt::hercules::vue::setHighlightProperty dff layout yellow brick 
[22:15:40.32] /j ::xt::hercules::vue::addPolygonBegin 142 
[22:15:40.36] /j ::xt::hercules::vue::addPolygonPoints {1.065 -1.590 1.065 -2.525 1.070 -2.525 1.070 -2.780 0.705 -2.780 0.705 -2.825 0.670 -2.825 0.670 -3.280 0.680 -3.280 0.680 -3.430 0.650 -3.430 0.650 -3.460 -3.385 -3.460 -3.385 -3.670 -2.575 -3.670 -2.575 -3.650 -2.545 -3.650 -2.545 -3.620 -2.395 -3.620 -2.395 -3.650 -2.365 -3.650 -2.365 -3.865 -2.360 -3.865 -2.360 -3.950 -2.090 -3.950 -2.090 -3.945 -1.980 -3.945 -1.980 -4.175 -1.985 -4.175 -1.985 -4.735 -2.085 -4.735 -2.085 -4.175 -2.090 -4.175 -2.090 -4.055 -2.360 -4.055 -2.360 -4.095 -2.550 -4.095 -2.550 -3.865 -2.495 -3.865 -2.495 -3.830 -3.395 -3.830 -3.395 -3.880 -3.385 -3.880 -3.385 -3.930 -3.005 -3.930 -3.005 -4.735 -3.105 -4.735 -3.105 -4.050 -3.385 -4.050 -3.385 -4.110 -3.575 -4.110 -3.575 -3.880 -3.565 -3.880 -3.565 -3.810 -3.595 -3.810 -3.595 -3.660 -3.565 -3.660 -3.565 -3.630 -3.485 -3.630 -3.485 -3.465 -6.640 -3.460 -6.640 -3.475 -6.790 -3.475 -6.790 -3.460 -6.795 -3.460 -6.795 -3.305 -6.789 -3.305 -6.785 -2.795 -6.815 -2.795 -6.815 -2.785 -7.275 -2.785 -7.275 -2.800 -7.305 -2.800 -7.305 -2.830 -7.315 -2.830 -7.315 -2.905 -7.310 -2.905 -7.310 -2.970 -7.190 -2.970 -7.190 -2.785 -7.090 -2.785 -7.090 -4.750 -7.190 -4.750 -7.190 -3.075 -7.310 -3.075 -7.310 -3.135 -7.500 -3.135 -7.500 -2.905 -7.445 -2.905 -7.445 -2.830 -7.455 -2.830 -7.455 -2.800 -7.485 -2.800 -7.485 -2.650 -7.455 -2.650 -7.455 -2.620 -7.305 -2.620 -7.305 -2.635 -7.190 -2.635 -7.190 -2.575 -7.195 -2.575 -7.195 -1.595 -7.095 -1.595 -7.095 -2.390 -7.090 -2.390 -7.090 -2.635 -6.785 -2.635 -6.785 -2.615 -6.705 -2.615 -6.705 -2.450 -6.690 -2.450 -6.690 -2.385 -6.500 -2.385 -6.500 -2.515 -6.175 -2.515 -6.175 -1.600 -6.075 -1.600 -6.075 -2.615 -6.605 -2.615 -6.605 -2.795 -6.635 -2.795 -6.639 -3.305 -3.595 -3.310 -3.595 -3.285 -3.565 -3.285 -3.565 -3.255 -3.415 -3.255 -3.415 -3.285 -3.385 -3.285 -3.385 -3.290 0.470 -3.290 0.470 -3.280 0.500 -3.280 0.500 -3.250 0.550 -3.250 0.550 -2.825 0.515 -2.825 0.515 -2.595 0.705 -2.595 0.705 -2.680 0.965 -2.680 0.965 -1.590 1.065 -1.590} 
[22:15:40.36] /j ::xt::hercules::vue::addPolygonEnd 
[22:15:40.36] /j ::xt::hercules::vue::drawHighlights dff layout all 
[22:15:40.38] /j ::xt::hercules::vue::setViewPort extents {-8.571 -5.145 2.141 -1.195} LAY 
[22:15:40.40] /j ::xt::hercules::vue::clearAllHighlights dff layout 
[22:15:40.42] /j ::xt::hercules::vue::clearAllHighlights dff layout 
[22:15:40.42] /j ::xt::hercules::vue::setHighlightProperty dff layout yellow brick 
[22:15:40.44] /j ::xt::hercules::vue::addPolygonBegin 142 
[22:15:40.50] /j ::xt::hercules::vue::addPolygonPoints {1.065 -1.590 1.065 -2.525 1.070 -2.525 1.070 -2.780 0.705 -2.780 0.705 -2.825 0.670 -2.825 0.670 -3.280 0.680 -3.280 0.680 -3.430 0.650 -3.430 0.650 -3.460 -3.385 -3.460 -3.385 -3.670 -2.575 -3.670 -2.575 -3.650 -2.545 -3.650 -2.545 -3.620 -2.395 -3.620 -2.395 -3.650 -2.365 -3.650 -2.365 -3.865 -2.360 -3.865 -2.360 -3.950 -2.090 -3.950 -2.090 -3.945 -1.980 -3.945 -1.980 -4.175 -1.985 -4.175 -1.985 -4.735 -2.085 -4.735 -2.085 -4.175 -2.090 -4.175 -2.090 -4.055 -2.360 -4.055 -2.360 -4.095 -2.550 -4.095 -2.550 -3.865 -2.495 -3.865 -2.495 -3.830 -3.395 -3.830 -3.395 -3.880 -3.385 -3.880 -3.385 -3.930 -3.005 -3.930 -3.005 -4.735 -3.105 -4.735 -3.105 -4.050 -3.385 -4.050 -3.385 -4.110 -3.575 -4.110 -3.575 -3.880 -3.565 -3.880 -3.565 -3.810 -3.595 -3.810 -3.595 -3.660 -3.565 -3.660 -3.565 -3.630 -3.485 -3.630 -3.485 -3.465 -6.640 -3.460 -6.640 -3.475 -6.790 -3.475 -6.790 -3.460 -6.795 -3.460 -6.795 -3.305 -6.789 -3.305 -6.785 -2.795 -6.815 -2.795 -6.815 -2.785 -7.275 -2.785 -7.275 -2.800 -7.305 -2.800 -7.305 -2.830 -7.315 -2.830 -7.315 -2.905 -7.310 -2.905 -7.310 -2.970 -7.190 -2.970 -7.190 -2.785 -7.090 -2.785 -7.090 -4.750 -7.190 -4.750 -7.190 -3.075 -7.310 -3.075 -7.310 -3.135 -7.500 -3.135 -7.500 -2.905 -7.445 -2.905 -7.445 -2.830 -7.455 -2.830 -7.455 -2.800 -7.485 -2.800 -7.485 -2.650 -7.455 -2.650 -7.455 -2.620 -7.305 -2.620 -7.305 -2.635 -7.190 -2.635 -7.190 -2.575 -7.195 -2.575 -7.195 -1.595 -7.095 -1.595 -7.095 -2.390 -7.090 -2.390 -7.090 -2.635 -6.785 -2.635 -6.785 -2.615 -6.705 -2.615 -6.705 -2.450 -6.690 -2.450 -6.690 -2.385 -6.500 -2.385 -6.500 -2.515 -6.175 -2.515 -6.175 -1.600 -6.075 -1.600 -6.075 -2.615 -6.605 -2.615 -6.605 -2.795 -6.635 -2.795 -6.639 -3.305 -3.595 -3.310 -3.595 -3.285 -3.565 -3.285 -3.565 -3.255 -3.415 -3.255 -3.415 -3.285 -3.385 -3.285 -3.385 -3.290 0.470 -3.290 0.470 -3.280 0.500 -3.280 0.500 -3.250 0.550 -3.250 0.550 -2.825 0.515 -2.825 0.515 -2.595 0.705 -2.595 0.705 -2.680 0.965 -2.680 0.965 -1.590 1.065 -1.590} 
[22:15:40.52] /j ::xt::hercules::vue::addPolygonEnd 
[22:15:40.56] /j ::xt::hercules::vue::drawHighlights dff layout all 
[22:15:40.58] /j ::xt::hercules::vue::setViewPort extents {-8.571 -5.145 2.141 -1.195} LAY 
[22:15:40.60] /j ::xt::hercules::vue::clearAllHighlights dff schematic 
[22:15:40.62] /j ::xt::hercules::vue::clearAllHighlights dff schematic 
[22:15:40.62] /j ::xt::hercules::vue::clearAllHighlights dff schematic 
[22:15:40.64] /j ::xt::hercules::vue::clearAllHighlights dff schematic 
[22:15:41.89] /i gi::setActiveWindow 16
[22:15:41.89] /i gi::setActiveWindow 16 -raise true
[22:15:42.05] /i gi::setActiveWindow 11
[22:15:42.05] /i gi::setActiveWindow 11 -raise true
[22:37:12.58] /i gi::setActiveWindow 10
[22:37:12.59] /i gi::setActiveWindow 10 -raise true
[22:37:17.92] /i gi::setActiveWindow 11
[22:37:17.92] /i gi::setActiveWindow 11 -raise true
[22:37:26.66] /i gi::setActiveWindow 10
[22:37:26.66] /i gi::setActiveWindow 10 -raise true
[22:37:57.45] /j ::xt::hercules::vue::clearAllHighlights dff layout 
[22:37:57.47] /j ::xt::hercules::vue::clearAllHighlights dff layout 
[22:37:57.49] /j ::xt::hercules::vue::setHighlightProperty dff layout yellow brick 
[22:37:57.51] /j ::xt::hercules::vue::addPolygonBegin 142 
[22:37:57.57] /j ::xt::hercules::vue::addPolygonPoints {-1.995 -1.600 -1.995 -2.795 -2.365 -2.795 -2.365 -2.830 -2.375 -2.830 -2.375 -3.040 -2.405 -3.040 -2.405 -3.070 -2.555 -3.070 -2.555 -3.040 -2.585 -3.040 -2.585 -3.035 -3.385 -3.035 -3.385 -3.040 -3.415 -3.040 -3.415 -3.070 -3.565 -3.070 -3.565 -3.040 -3.595 -3.040 -3.595 -3.035 -5.170 -3.035 -5.170 -3.040 -5.200 -3.040 -5.200 -3.070 -5.225 -3.070 -5.225 -3.720 -5.195 -3.720 -5.195 -3.750 -5.165 -3.750 -5.165 -3.900 -5.195 -3.900 -5.195 -4.060 0.380 -4.060 0.380 -4.035 0.350 -4.035 0.350 -3.885 0.380 -3.885 0.380 -3.635 0.510 -3.635 0.510 -3.570 0.700 -3.570 0.700 -3.705 1.075 -3.705 1.075 -4.710 0.975 -4.710 0.975 -3.800 0.510 -3.800 0.510 -3.735 0.480 -3.735 0.480 -3.855 0.530 -3.855 0.530 -3.885 0.560 -3.885 0.560 -4.035 0.530 -4.035 0.530 -4.060 0.535 -4.060 0.535 -4.210 -5.345 -4.210 -5.345 -3.910 -6.495 -3.910 -6.495 -3.935 -6.510 -3.935 -6.510 -3.955 -6.480 -3.955 -6.480 -4.020 -6.070 -4.020 -6.070 -4.740 -6.170 -4.740 -6.170 -4.120 -6.480 -4.120 -6.480 -4.185 -6.670 -4.185 -6.670 -4.125 -6.915 -4.125 -6.915 -4.260 -6.870 -4.260 -6.870 -4.620 -7.090 -4.620 -7.090 -4.260 -7.015 -4.260 -7.015 -2.445 -7.090 -2.445 -7.090 -2.390 -7.095 -2.390 -7.095 -1.725 -6.875 -1.725 -6.875 -2.445 -6.915 -2.445 -6.915 -4.020 -6.670 -4.020 -6.670 -3.955 -6.620 -3.955 -6.620 -3.935 -6.645 -3.935 -6.646 -3.905 -6.675 -3.905 -6.675 -3.755 -6.645 -3.755 -6.645 -3.725 -6.495 -3.725 -6.495 -3.755 -6.465 -3.755 -6.465 -3.760 -5.375 -3.760 -5.375 -3.750 -5.350 -3.750 -5.350 -3.040 -5.380 -3.040 -5.380 -2.890 -5.350 -2.890 -5.350 -2.860 -5.200 -2.860 -5.200 -2.885 -3.565 -2.885 -3.565 -2.860 -3.515 -2.860 -3.515 -2.830 -3.565 -2.830 -3.565 -2.600 -3.375 -2.600 -3.375 -2.685 -3.115 -2.685 -3.115 -1.600 -3.015 -1.600 -3.015 -2.685 -3.010 -2.685 -3.010 -2.810 -3.375 -2.810 -3.375 -2.830 -3.385 -2.830 -3.385 -2.885 -2.555 -2.885 -2.555 -2.860 -2.510 -2.860 -2.510 -2.830 -2.555 -2.830 -2.555 -2.600 -2.365 -2.600 -2.365 -2.655 -2.095 -2.655 -2.095 -1.600 -1.995 -1.600} 
[22:37:57.57] /j ::xt::hercules::vue::addPolygonEnd 
[22:37:57.57] /j ::xt::hercules::vue::drawHighlights dff layout all 
[22:37:57.59] /j ::xt::hercules::vue::setViewPort extents {-8.116 -5.133 2.096 -1.207} LAY 
[22:37:57.61] /j ::xt::hercules::vue::clearAllHighlights dff layout 
[22:37:57.63] /j ::xt::hercules::vue::clearAllHighlights dff layout 
[22:37:57.63] /j ::xt::hercules::vue::setHighlightProperty dff layout yellow brick 
[22:37:57.66] /j ::xt::hercules::vue::addPolygonBegin 142 
[22:37:57.69] /j ::xt::hercules::vue::addPolygonPoints {-1.995 -1.600 -1.995 -2.795 -2.365 -2.795 -2.365 -2.830 -2.375 -2.830 -2.375 -3.040 -2.405 -3.040 -2.405 -3.070 -2.555 -3.070 -2.555 -3.040 -2.585 -3.040 -2.585 -3.035 -3.385 -3.035 -3.385 -3.040 -3.415 -3.040 -3.415 -3.070 -3.565 -3.070 -3.565 -3.040 -3.595 -3.040 -3.595 -3.035 -5.170 -3.035 -5.170 -3.040 -5.200 -3.040 -5.200 -3.070 -5.225 -3.070 -5.225 -3.720 -5.195 -3.720 -5.195 -3.750 -5.165 -3.750 -5.165 -3.900 -5.195 -3.900 -5.195 -4.060 0.380 -4.060 0.380 -4.035 0.350 -4.035 0.350 -3.885 0.380 -3.885 0.380 -3.635 0.510 -3.635 0.510 -3.570 0.700 -3.570 0.700 -3.705 1.075 -3.705 1.075 -4.710 0.975 -4.710 0.975 -3.800 0.510 -3.800 0.510 -3.735 0.480 -3.735 0.480 -3.855 0.530 -3.855 0.530 -3.885 0.560 -3.885 0.560 -4.035 0.530 -4.035 0.530 -4.060 0.535 -4.060 0.535 -4.210 -5.345 -4.210 -5.345 -3.910 -6.495 -3.910 -6.495 -3.935 -6.510 -3.935 -6.510 -3.955 -6.480 -3.955 -6.480 -4.020 -6.070 -4.020 -6.070 -4.740 -6.170 -4.740 -6.170 -4.120 -6.480 -4.120 -6.480 -4.185 -6.670 -4.185 -6.670 -4.125 -6.915 -4.125 -6.915 -4.260 -6.870 -4.260 -6.870 -4.620 -7.090 -4.620 -7.090 -4.260 -7.015 -4.260 -7.015 -2.445 -7.090 -2.445 -7.090 -2.390 -7.095 -2.390 -7.095 -1.725 -6.875 -1.725 -6.875 -2.445 -6.915 -2.445 -6.915 -4.020 -6.670 -4.020 -6.670 -3.955 -6.620 -3.955 -6.620 -3.935 -6.645 -3.935 -6.646 -3.905 -6.675 -3.905 -6.675 -3.755 -6.645 -3.755 -6.645 -3.725 -6.495 -3.725 -6.495 -3.755 -6.465 -3.755 -6.465 -3.760 -5.375 -3.760 -5.375 -3.750 -5.350 -3.750 -5.350 -3.040 -5.380 -3.040 -5.380 -2.890 -5.350 -2.890 -5.350 -2.860 -5.200 -2.860 -5.200 -2.885 -3.565 -2.885 -3.565 -2.860 -3.515 -2.860 -3.515 -2.830 -3.565 -2.830 -3.565 -2.600 -3.375 -2.600 -3.375 -2.685 -3.115 -2.685 -3.115 -1.600 -3.015 -1.600 -3.015 -2.685 -3.010 -2.685 -3.010 -2.810 -3.375 -2.810 -3.375 -2.830 -3.385 -2.830 -3.385 -2.885 -2.555 -2.885 -2.555 -2.860 -2.510 -2.860 -2.510 -2.830 -2.555 -2.830 -2.555 -2.600 -2.365 -2.600 -2.365 -2.655 -2.095 -2.655 -2.095 -1.600 -1.995 -1.600} 
[22:37:57.71] /j ::xt::hercules::vue::addPolygonEnd 
[22:37:57.77] /j ::xt::hercules::vue::drawHighlights dff layout all 
[22:37:57.80] /j ::xt::hercules::vue::setViewPort extents {-8.116 -5.133 2.096 -1.207} LAY 
[22:37:57.81] /j ::xt::hercules::vue::clearAllHighlights dff schematic 
[22:37:57.82] /j ::xt::hercules::vue::clearAllHighlights dff schematic 
[22:37:57.83] /j ::xt::hercules::vue::clearAllHighlights dff schematic 
[22:37:57.85] /j ::xt::hercules::vue::clearAllHighlights dff schematic 
[22:38:00.05] /i gi::setActiveWindow 10
[22:38:00.05] /i gi::setActiveWindow 10 -raise true
[22:38:01.59] /i gi::setActiveWindow 11
[22:38:01.59] /i gi::setActiveWindow 11 -raise true
[22:40:15.04] /i gi::setActiveWindow 10
[22:40:15.04] /i gi::setActiveWindow 10 -raise true
[22:40:18.47] /# gi::executeAction deCanvasZoomInAtPoint -in [gi::getWindows 10]
[22:40:18.47] /i de::zoom -window [gi::getWindows 10] -factor 2.0 -center {5.19375 1.73125}
[22:40:18.47] /o {3.48125 -0.00625} {10.6625 2.95625}
[22:40:19.98] /# gi::executeAction deCanvasZoomOutAtPoint -in [gi::getWindows 10]
[22:40:19.98] /i de::zoom -window [gi::getWindows 10] -factor 0.5 -center {5.19375 1.73125}
[22:40:19.98] /o {1.76875 -1.74375} {16.1375 4.1875}
[22:40:22.89] /i gi::setActiveWindow 11
[22:40:22.89] /i gi::setActiveWindow 11 -raise true
[22:40:27.92] /i gi::setActiveWindow 10
[22:40:27.92] /i gi::setActiveWindow 10 -raise true
[22:40:31.00] /# gi::executeAction deCanvasZoomInAtPoint -in [gi::getWindows 10]
[22:40:31.00] /i de::zoom -window [gi::getWindows 10] -factor 2.0 -center {6.68125 0.04375}
[22:40:31.00] /o {4.225 -0.85} {11.40625 2.1125}
[22:40:31.96] /# gi::executeAction deCanvasZoomOutAtPoint -in [gi::getWindows 10]
[22:40:31.96] /i de::zoom -window [gi::getWindows 10] -factor 0.5 -center {6.68125 0.04375}
[22:40:31.96] /o {1.76875 -1.74375} {16.1375 4.1875}
[22:46:00.05] /# gi::executeAction deCanvasPanSouthWest -in [gi::getWindows 10]
[22:46:00.05] /i de::pan -window [gi::getWindows 10] -direction SW -multiplier 0.5
[22:46:00.05] /o {-5.4125 -4.70625} {8.95625 1.21875}
[22:46:02.37] /# gi::executeAction dePan -in [gi::getWindows 10]
[22:46:02.37] /i ide::pan [db::getNext [de::getContexts -window 10]]
[22:46:02.70] /# gi::executeAction deStartDrag -in [gi::getWindows 10]
[22:46:02.70] /i de::startDrag {3.7375 -0.8375} -context [db::getNext [de::getContexts -window 10]]
[22:46:07.39] /# gi::executeAction deEndDrag -in [gi::getWindows 10]
[22:46:07.39] /i de::endDrag {3.75 -0.8375} -context [db::getNext [de::getContexts -window 10]]
[22:46:07.39] /r dePanToPoint {9.28125 0.91875}
[22:53:27.42] /# gi::executeAction deAddPoint -in [gi::getWindows 10]
[22:53:27.42] /i de::addPoint {11.78125 -0.6125} -context [db::getNext [de::getContexts -window 10]]
[22:53:30.67] /# gi::executeAction deAbortCommand -in [gi::getWindows 10]
[22:53:30.67] /i de::abortCommand -context [db::getNext [de::getContexts -window 10]]
[22:53:31.26] /# gi::executeAction deCanvasZoomInAtPoint -in [gi::getWindows 10]
[22:53:31.26] /i de::zoom -window [gi::getWindows 10] -factor 2.0 -center {12.43125 0.20625}
[22:53:31.26] /o {8.5125 -1.6875} {15.7 1.28125}
[22:53:32.26] /# gi::executeAction deSelectActive -in [gi::getWindows 10]
[22:53:32.26] /i de::deselectAll [db::getNext [de::getContexts -window 10]]
[22:53:32.26] /i de::select [de::getActiveFigure [gi::getWindows 10] -point {11.85625 -0.58125} -index 0 -intent none]
[22:53:32.26] /o oa:0x1b850cc0
[22:53:34.68] /# gi::executeAction seFlipVerticalCenter -in [gi::getWindows 10]
[22:53:34.68] /i se::move [de::getSelected -design [db::getAttr editDesign -of [db::getNext [de::getContexts -window 10]]]]  -rotate MX
[22:53:37.68] /# gi::executeAction deSelectActive -in [gi::getWindows 10]
[22:53:37.68] /i de::deselectAll [db::getNext [de::getContexts -window 10]]
[22:53:37.68] /i de::deselectAllLogic -context [db::getNext [de::getContexts -window 10]]
[22:53:47.21] /# gi::executeAction deCanvasZoomOutAtPoint -in [gi::getWindows 10]
[22:53:47.21] /i de::zoom -window [gi::getWindows 10] -factor 0.5 -center {10.125 -0.3375}
[22:53:47.21] /o {6.90625 -3.03125} {21.26875 2.89375}
[22:53:49.24] /# gi::executeAction dePan -in [gi::getWindows 10]
[22:53:49.24] /i ide::pan [db::getNext [de::getContexts -window 10]]
[22:53:49.69] /# gi::executeAction deStartDrag -in [gi::getWindows 10]
[22:53:49.69] /i de::startDrag {11.2 1.95625} -context [db::getNext [de::getContexts -window 10]]
[22:53:50.21] /# gi::executeAction deEndDrag -in [gi::getWindows 10]
[22:53:50.21] /i de::endDrag {11.2125 1.95625} -context [db::getNext [de::getContexts -window 10]]
[22:53:50.21] /r dePanToPoint {12.19375 0.40625}
[22:53:50.40] /# gi::executeAction deCanvasZoomInAtPoint -in [gi::getWindows 10]
[22:53:50.40] /i de::zoom -window [gi::getWindows 10] -factor 2.0 -center {11.2125 1.95625}
[22:53:50.40] /o {8.1125 -0.3} {15.29375 2.6625}
[22:53:51.39] /# gi::executeAction deStartDrag -in [gi::getWindows 10]
[22:53:51.39] /i de::startDrag {11.1375 1.76875} -context [db::getNext [de::getContexts -window 10]]
[22:53:51.90] /# gi::executeAction deEndDrag -in [gi::getWindows 10]
[22:53:51.92] /i de::endDrag {11.13125 1.775} -context [db::getNext [de::getContexts -window 10]]
[22:53:51.92] /r dePanToPoint {12.41875 0.38125}
[22:53:52.66] /# gi::executeAction deStartDrag -in [gi::getWindows 10]
[22:53:52.66] /i de::startDrag {12.5375 -0.0875} -context [db::getNext [de::getContexts -window 10]]
[22:53:55.87] /# gi::executeAction deEndDrag -in [gi::getWindows 10]
[22:53:55.87] /i de::endDrag {12.6375 -0.0875} -context [db::getNext [de::getContexts -window 10]]
[22:53:55.87] /r dePanToPoint {11.71875 -0.13125}
[22:53:56.26] /# gi::executeAction deCanvasZoomOutAtPoint -in [gi::getWindows 10]
[22:53:56.26] /i de::zoom -window [gi::getWindows 10] -factor 0.5 -center {12.6375 -0.0875}
[22:53:56.27] /o {3.61875 -3.1375} {17.98125 2.79375}
[22:54:04.07] /# gi::executeAction seSchCheckAndSave -in [gi::getWindows 10]
[22:54:04.07] /i ise::check
[22:54:04.12] /m Information: 
              /c Cross view checking for dff/dff/symbol with dff/dff/schematic
              /c No violations found. (DE_EDIT-007)
[22:54:04.13] /m Information: 
[22:54:04.13] /o Checking "dff/dff/schematic"
[22:54:04.13] /o 	[warning] Floating Input Instance Pins
[22:54:04.13] /o 		Input pin 'clk' of instance 'I16' is floating
[22:54:04.13] /o 		Input pin 'clk' of instance 'I18' is floating
[22:54:04.13] /o 		Input pin 'clkb' of instance 'I17' is floating
[22:54:04.13] /o 		Input pin 'clkb' of instance 'I19' is floating
[22:54:04.13] /o 		Input pin 'in' of instance 'I19' is floating
[22:54:04.13] /o 		Input pin 'in' of instance 'I21' is floating
[22:54:04.13] /o 		Input pin 'in' of instance 'I22' is floating
[22:54:04.13] /o 		Input pin 'out' of instance 'I15' is floating
[22:54:04.13] /o 		Input pin 'out' of instance 'I20' is floating
[22:54:04.13] /o 		Input pin 'out' of instance 'I23' is floating
[22:54:04.13] /o 	[warning] Floating Output Pins
[22:54:04.13] /o 		Output pin 'Q' is floating
[22:54:04.13] /o 0 Error(s),11 Warning(s),0 Message(s) found   in "dff/dff/schematic"
[22:54:04.13] /m Information: Checking process is completed: marking the design violations
[22:54:04.32] /m Information: Marking of designs is completed
[22:54:04.32] /o true
[22:54:10.49] /i gi::pressButton {ConsoleToggleButton} -in [db::getAttr statusbar -of [gi::getWindows 10]]
[22:54:13.00] /i gi::pressButton {ConsoleToggleButton} -in [db::getAttr statusbar -of [gi::getWindows 10]]
[22:54:14.50] /i gi::setActiveWindow 11
[22:54:14.50] /i gi::setActiveWindow 11 -raise true
[22:54:19.02] /j ::xt::hercules::vue::clearAllHighlights dff schematic 
[22:54:19.03] /j ::xt::hercules::vue::clearAllHighlights dff layout 
[22:54:19.23] /m Information: Connection closed with 'Hercules-VUE' running on 'localhost'.
[22:54:28.63] /# gi::executeAction xtLVSRun -in [gi::getWindows 11]
[22:54:28.63] /i xt::physicalVerification::executeRun lvs 11
[22:54:28.88] /# xt::physicalVerification::executePve lvs 11
[22:54:30.34] /m Information: "Starting netlisting for design "dff/dff/schematic"..." (NETLISTING-010)
[22:54:30.36] /o No Design Integrity rule violations found in "dff/dff/schematic"
[22:54:30.45] /m Information: "Netlisting design "dff/dff/schematic" finished successfully." (NETLISTING-012)
[22:54:37.03] /m Information: 
              /c =============================
              /c JobID: hercules_lvs_16
              /c --- EXTRACT ERROR SUMMARY ---
              /c LAYOUT ERRORS RESULTS: CLEAN
              /c --- COMPARE ERROR SUMMARY ---
              /c Top block compare result: FAIL
              /c [dff != dff]
              /c > dff != dff (level = 0)
              /c =============================
              /c 
[22:54:38.02] /j ::xt::hercules::vue::_private::registerConnection localhost:56653 tcp37 herculesVue_6 
[22:54:38.04] /i gi::setActiveWindow 10
[22:54:38.04] /i gi::setActiveWindow 10 -raise true
[22:54:38.07] /j ::xt::hercules::vue::_private::isJobReady 
[22:54:38.07] /o false
[22:54:39.07] /j ::xt::hercules::vue::_private::isJobReady 
[22:54:39.07] /o false
[22:54:40.08] /m Information: Connection established with 'Hercules-VUE' running on 'localhost'.
[22:54:40.08] /j ::xt::hercules::vue::_private::isJobReady 
[22:54:40.08] /o true
[22:54:40.08] /j ::xt::hercules::vue::startFilter LAY 
[22:54:40.13] /i gi::setActiveWindow 16
[22:54:40.13] /i gi::setActiveWindow 16 -raise true
[22:54:40.15] /j ::xt::hercules::vue::startFilter SCH 
[22:54:40.79] /j ::xt::hercules::vue::setInlibPath /root/Excercise/DFlipFlop/synopsys_custom/dff.hercules.lvs/. 
[22:54:40.81] /j ::xt::hercules::vue::setTopLayLCV dff dff layout 
[22:54:40.83] /j ::xt::hercules::vue::openCell dff dff layout 
[22:54:40.85] /j ::xt::hercules::vue::setTopSchLib dff 
[22:54:45.77] /j ::xt::hercules::vue::clearAllHighlights {} {} 
[22:54:45.80] /j ::xt::hercules::vue::clearAllHighlights dff layout 
[22:54:47.00] /j ::xt::hercules::vue::clearAllHighlights {} {} 
[22:54:47.02] /j ::xt::hercules::vue::clearAllHighlights {} {} 
[22:54:47.02] /j ::xt::hercules::vue::openCell dff dff schematic 
[22:54:47.06] /j ::xt::hercules::vue::clearAllHighlights dff layout 
[22:54:47.08] /j ::xt::hercules::vue::clearAllHighlights dff layout 
[22:54:47.10] /j ::xt::hercules::vue::openCellInstance dff layout dff layout 
[22:55:45.55] /j ::xt::hercules::vue::clearAllHighlights dff schematic 
[22:55:45.57] /j ::xt::hercules::vue::clearAllHighlights dff schematic 
[22:55:45.59] /j ::xt::hercules::vue::clearAllHighlights dff schematic 
[22:55:45.62] /j ::xt::hercules::vue::setHighlightProperty dff schematic lime brick 
[22:55:45.65] /j ::xt::hercules::vue::drawSchHighlight XI20/MM2 device 
[22:55:45.80] /j ::xt::hercules::vue::clearAllHighlights dff schematic 
[22:55:45.83] /j ::xt::hercules::vue::clearAllHighlights dff schematic 
[22:55:45.84] /j ::xt::hercules::vue::clearAllHighlights dff schematic 
[22:55:45.86] /j ::xt::hercules::vue::setHighlightProperty dff schematic lime brick 
[22:55:45.88] /j ::xt::hercules::vue::drawSchHighlight XI20/MM2 device 
[22:55:45.92] /j ::xt::hercules::vue::clearAllHighlights dff layout 
[22:55:45.94] /j ::xt::hercules::vue::clearAllHighlights dff layout 
[22:55:45.96] /j ::xt::hercules::vue::setHighlightProperty dff layout lime brick 
[22:55:45.99] /j ::xt::hercules::vue::addPolygonBegin 7 
[22:55:46.02] /j ::xt::hercules::vue::addPolygonPoints {-5.055 -1.730 -5.055 -2.390 -5.045 -2.390 -5.045 -2.450 -5.155 -2.450 -5.155 -1.730 -5.055 -1.730 } 
[22:55:46.02] /j ::xt::hercules::vue::addPolygonEnd 
[22:55:46.02] /j ::xt::hercules::vue::drawHighlights dff layout all 
[22:55:46.03] /j ::xt::hercules::vue::setViewPort extents {-5.169 -2.540 -5.031 -1.640} LAY 
[22:55:46.04] /j ::xt::hercules::vue::clearAllHighlights dff layout 
[22:55:46.04] /j ::xt::hercules::vue::clearAllHighlights dff layout 
[22:55:46.04] /j ::xt::hercules::vue::setHighlightProperty dff layout lime brick 
[22:55:46.05] /j ::xt::hercules::vue::addPolygonBegin 7 
[22:55:46.09] /j ::xt::hercules::vue::addPolygonPoints {-5.055 -1.730 -5.055 -2.390 -5.045 -2.390 -5.045 -2.450 -5.155 -2.450 -5.155 -1.730 -5.055 -1.730 } 
[22:55:46.11] /j ::xt::hercules::vue::addPolygonEnd 
[22:55:46.11] /j ::xt::hercules::vue::drawHighlights dff layout all 
[22:55:46.12] /j ::xt::hercules::vue::setViewPort extents {-5.169 -2.540 -5.031 -1.640} LAY 
[22:55:50.49] /i gi::setActiveWindow 16
[22:55:50.50] /i gi::setActiveWindow 16 -raise true
[22:55:51.42] /i gi::setActiveWindow 11
[22:55:51.42] /i gi::setActiveWindow 11 -raise true
[22:55:54.84] /# gi::executeAction deCanvasZoomOutAtPoint -in [gi::getWindows 11]
[22:55:54.84] /i de::zoom -window [gi::getWindows 11] -factor 0.5 -center {-4.874 -2.02}
[22:55:54.84] /o {-7.247 -3.06} {-3.405 -1.26}
[22:55:56.62] /i gi::executeAction deCanvasDragCancel -in [gi::getWindows 11]
[22:55:58.80] /i gi::executeAction dePropertyEditorToggleExtended -in [gi::getWindows 11]
[22:55:58.82] /# db::setAttr shown -of [gi::getAssistants dePropertyEditor -from [gi::getWindows 11]] -value true
[22:55:59.15] /i db::setAttr dockSize -of [gi::getAssistants leObjectLayerPanel -from [gi::getWindows 11]] -value 290x710
[22:55:59.23] /i db::setAttr dockSize -of [gi::getAssistants dePropertyEditor -from [gi::getWindows 11]] -value 290x710
[22:56:00.42] /# gi::executeAction deSelectActive -in [gi::getWindows 11]
[22:56:00.42] /i de::deselectAll [db::getNext [de::getContexts -window 11]]
[22:56:00.42] /i de::select [de::getActiveFigure [gi::getWindows 11] -point {-5.029 -1.847} -index 0 -intent none]
[22:56:00.42] /o oa:0x1c7e7d10
[22:56:04.39] /i gi::setItemSelection {parameters} -index {w,all} -in [gi::getAssistants dePropertyEditor -from [gi::getWindows 11]]
[22:56:04.39] /i gi::setCurrentIndex {parameters} -index {w,Value} -in [gi::getAssistants dePropertyEditor -from [gi::getWindows 11]]
[22:56:13.41] /# gi::executeAction deSelectActive -in [gi::getWindows 11]
[22:56:13.41] /i de::deselectAll [db::getNext [de::getContexts -window 11]]
[22:56:13.41] /i de::select [de::getActiveFigure [gi::getWindows 11] -point {-3.647 -1.492} -index 0 -intent none]
[22:56:13.41] /o oa:0x23be2050
[22:56:22.94] /i gi::setItemSelection {parameters} -index {w,all} -in [gi::getAssistants dePropertyEditor -from [gi::getWindows 11]]
[22:56:22.94] /i gi::setCurrentIndex {parameters} -index {w,Value} -in [gi::getAssistants dePropertyEditor -from [gi::getWindows 11]]
[22:56:30.39] /i gi::setField {parameters} -value {0.7200u} -index {w,Value} -in [gi::getAssistants dePropertyEditor -from [gi::getWindows 11]]
[22:56:30.39] /i gi::executeAction dePropertyEditorApplyChanges -in [gi::getAssistants dePropertyEditor -from [gi::getWindows 11]]
[22:56:33.88] /i gi::executeAction deSaveDesign -in [gi::getWindows 11]
[22:56:33.88] /m Information: Saving design 'dff dff layout'. (DESIGN_WINDOW-004)
[22:56:34.78] /i gi::executeAction deSaveDesign -in [gi::getWindows 11]
[22:56:34.78] /m Information: Saving design 'dff dff layout'. (DESIGN_WINDOW-004)
[22:56:54.68] /j ::xt::hercules::vue::clearAllHighlights dff schematic 
[22:56:54.70] /j ::xt::hercules::vue::clearAllHighlights dff schematic 
[22:56:54.71] /j ::xt::hercules::vue::clearAllHighlights dff schematic 
[22:56:54.73] /j ::xt::hercules::vue::setHighlightProperty dff schematic lime brick 
[22:56:54.74] /j ::xt::hercules::vue::drawSchHighlight XI15/MM2 device 
[22:56:54.77] /j ::xt::hercules::vue::clearAllHighlights dff layout 
[22:56:54.81] /j ::xt::hercules::vue::clearAllHighlights dff layout 
[22:56:54.83] /j ::xt::hercules::vue::setHighlightProperty dff layout lime brick 
[22:56:54.84] /j ::xt::hercules::vue::addPolygonBegin 7 
[22:56:54.88] /j ::xt::hercules::vue::addPolygonPoints {-7.095 -1.725 -7.095 -2.390 -7.090 -2.390 -7.090 -2.445 -7.195 -2.445 -7.195 -1.725 -7.095 -1.725 } 
[22:56:54.88] /j ::xt::hercules::vue::addPolygonEnd 
[22:56:54.88] /j ::xt::hercules::vue::drawHighlights dff layout all 
[22:56:54.92] /j ::xt::hercules::vue::setViewPort extents {-7.208 -2.535 -7.077 -1.635} LAY 
[22:56:54.95] /j ::xt::hercules::vue::clearAllHighlights dff layout 
[22:56:54.98] /j ::xt::hercules::vue::clearAllHighlights dff layout 
[22:56:55.01] /j ::xt::hercules::vue::setHighlightProperty dff layout lime brick 
[22:56:55.03] /j ::xt::hercules::vue::addPolygonBegin 7 
[22:56:55.06] /j ::xt::hercules::vue::addPolygonPoints {-7.095 -1.725 -7.095 -2.390 -7.090 -2.390 -7.090 -2.445 -7.195 -2.445 -7.195 -1.725 -7.095 -1.725 } 
[22:56:55.07] /j ::xt::hercules::vue::addPolygonEnd 
[22:56:55.07] /j ::xt::hercules::vue::drawHighlights dff layout all 
[22:56:55.11] /j ::xt::hercules::vue::setViewPort extents {-7.208 -2.535 -7.077 -1.635} LAY 
[22:56:55.13] /j ::xt::hercules::vue::clearAllHighlights dff schematic 
[22:56:55.13] /j ::xt::hercules::vue::clearAllHighlights dff schematic 
[22:56:55.15] /j ::xt::hercules::vue::clearAllHighlights dff schematic 
[22:56:55.17] /j ::xt::hercules::vue::setHighlightProperty dff schematic lime brick 
[22:56:55.20] /j ::xt::hercules::vue::drawSchHighlight XI15/MM2 device 
[22:56:56.06] /i gi::setActiveWindow 11
[22:56:56.06] /i gi::setActiveWindow 11 -raise true
[22:56:58.04] /# gi::executeAction deSelectActive -in [gi::getWindows 11]
[22:56:58.04] /i de::deselectAll [db::getNext [de::getContexts -window 11]]
[22:56:58.04] /i de::select [de::getActiveFigure [gi::getWindows 11] -point {-7.06 -2.02} -index 0 -intent none]
[22:56:58.04] /o oa:0x1c994e80
[22:57:00.85] /i gi::setItemSelection {parameters} -index {w,all} -in [gi::getAssistants dePropertyEditor -from [gi::getWindows 11]]
[22:57:00.85] /i gi::setCurrentIndex {parameters} -index {w,Value} -in [gi::getAssistants dePropertyEditor -from [gi::getWindows 11]]
[22:57:05.28] /i gi::setField {parameters} -value {0.7200u} -index {w,Value} -in [gi::getAssistants dePropertyEditor -from [gi::getWindows 11]]
[22:57:05.28] /i gi::executeAction dePropertyEditorApplyChanges -in [gi::getAssistants dePropertyEditor -from [gi::getWindows 11]]
[22:57:11.89] /j ::xt::hercules::vue::clearAllHighlights dff layout 
[22:57:11.91] /j ::xt::hercules::vue::clearAllHighlights dff layout 
[22:57:11.93] /j ::xt::hercules::vue::setHighlightProperty dff layout lime brick 
[22:57:11.93] /j ::xt::hercules::vue::addPolygonBegin 7 
[22:57:11.99] /j ::xt::hercules::vue::addPolygonPoints {-0.975 -1.730 -0.975 -2.380 -0.970 -2.380 -0.970 -2.450 -1.075 -2.450 -1.075 -1.730 -0.975 -1.730 } 
[22:57:11.99] /j ::xt::hercules::vue::addPolygonEnd 
[22:57:12.00] /j ::xt::hercules::vue::drawHighlights dff layout all 
[22:57:12.02] /j ::xt::hercules::vue::setViewPort extents {-1.088 -2.540 -0.957 -1.640} LAY 
[22:57:12.04] /j ::xt::hercules::vue::clearAllHighlights dff schematic 
[22:57:12.08] /j ::xt::hercules::vue::clearAllHighlights dff schematic 
[22:57:12.08] /j ::xt::hercules::vue::clearAllHighlights dff schematic 
[22:57:12.09] /j ::xt::hercules::vue::setHighlightProperty dff schematic lime brick 
[22:57:12.11] /j ::xt::hercules::vue::drawSchHighlight XI23/MM2 device 
[22:57:12.15] /j ::xt::hercules::vue::clearAllHighlights dff schematic 
[22:57:12.18] /j ::xt::hercules::vue::clearAllHighlights dff schematic 
[22:57:12.20] /j ::xt::hercules::vue::clearAllHighlights dff schematic 
[22:57:12.22] /j ::xt::hercules::vue::setHighlightProperty dff schematic lime brick 
[22:57:12.23] /j ::xt::hercules::vue::drawSchHighlight XI23/MM2 device 
[22:57:12.34] /j ::xt::hercules::vue::clearAllHighlights dff layout 
[22:57:12.41] /j ::xt::hercules::vue::clearAllHighlights dff layout 
[22:57:12.43] /j ::xt::hercules::vue::setHighlightProperty dff layout lime brick 
[22:57:12.43] /j ::xt::hercules::vue::addPolygonBegin 7 
[22:57:12.48] /j ::xt::hercules::vue::addPolygonPoints {-0.975 -1.730 -0.975 -2.380 -0.970 -2.380 -0.970 -2.450 -1.075 -2.450 -1.075 -1.730 -0.975 -1.730 } 
[22:57:12.48] /j ::xt::hercules::vue::addPolygonEnd 
[22:57:12.48] /j ::xt::hercules::vue::drawHighlights dff layout all 
[22:57:12.49] /j ::xt::hercules::vue::setViewPort extents {-1.088 -2.540 -0.957 -1.640} LAY 
[22:57:15.01] /# gi::executeAction deSelectActive -in [gi::getWindows 11]
[22:57:15.01] /i de::deselectAll [db::getNext [de::getContexts -window 11]]
[22:57:15.01] /i de::select [de::getActiveFigure [gi::getWindows 11] -point {-0.941 -2.141} -index 0 -intent none]
[22:57:15.01] /o oa:0x20e92bc0
[22:57:16.72] /i gi::setItemSelection {parameters} -index {w,all} -in [gi::getAssistants dePropertyEditor -from [gi::getWindows 11]]
[22:57:16.73] /i gi::setCurrentIndex {parameters} -index {w,Value} -in [gi::getAssistants dePropertyEditor -from [gi::getWindows 11]]
[22:57:22.38] /i gi::setField {parameters} -value {0.7200u} -index {w,Value} -in [gi::getAssistants dePropertyEditor -from [gi::getWindows 11]]
[22:57:22.38] /i gi::executeAction dePropertyEditorApplyChanges -in [gi::getAssistants dePropertyEditor -from [gi::getWindows 11]]
[22:57:26.76] /j ::xt::hercules::vue::clearAllHighlights dff layout 
[22:57:26.79] /j ::xt::hercules::vue::clearAllHighlights dff layout 
[22:57:26.83] /j ::xt::hercules::vue::setHighlightProperty dff layout lime brick 
[22:57:26.83] /j ::xt::hercules::vue::addPolygonBegin 7 
[22:57:26.90] /j ::xt::hercules::vue::addPolygonPoints {0.045 -1.725 0.045 -2.375 0.050 -2.375 0.050 -2.445 -0.055 -2.445 -0.055 -1.725 0.045 -1.725 } 
[22:57:26.90] /j ::xt::hercules::vue::addPolygonEnd 
[22:57:26.90] /j ::xt::hercules::vue::drawHighlights dff layout all 
[22:57:26.92] /j ::xt::hercules::vue::setViewPort extents {-0.068 -2.535 0.063 -1.635} LAY 
[22:57:26.98] /j ::xt::hercules::vue::clearAllHighlights dff schematic 
[22:57:27.01] /j ::xt::hercules::vue::clearAllHighlights dff schematic 
[22:57:27.02] /j ::xt::hercules::vue::clearAllHighlights dff schematic 
[22:57:27.06] /j ::xt::hercules::vue::setHighlightProperty dff schematic lime brick 
[22:57:27.08] /j ::xt::hercules::vue::drawSchHighlight XI22/MM2 device 
[22:57:28.00] /i gi::setActiveWindow 11
[22:57:28.00] /i gi::setActiveWindow 11 -raise true
[22:57:29.30] /# gi::executeAction deSelectActive -in [gi::getWindows 11]
[22:57:29.31] /i de::deselectAll [db::getNext [de::getContexts -window 11]]
[22:57:29.31] /i de::select [de::getActiveFigure [gi::getWindows 11] -point {0.092 -2.125} -index 0 -intent none]
[22:57:29.31] /o oa:0x23ee4d10
[22:57:30.76] /i gi::setItemSelection {parameters} -index {w,all} -in [gi::getAssistants dePropertyEditor -from [gi::getWindows 11]]
[22:57:30.76] /i gi::setCurrentIndex {parameters} -index {w,Value} -in [gi::getAssistants dePropertyEditor -from [gi::getWindows 11]]
[22:57:34.75] /i gi::setField {parameters} -value {0.7200u} -index {w,Value} -in [gi::getAssistants dePropertyEditor -from [gi::getWindows 11]]
[22:57:34.75] /i gi::executeAction dePropertyEditorApplyChanges -in [gi::getAssistants dePropertyEditor -from [gi::getWindows 11]]
[22:57:39.05] /j ::xt::hercules::vue::clearAllHighlights dff layout 
[22:57:39.07] /j ::xt::hercules::vue::clearAllHighlights dff layout 
[22:57:39.10] /j ::xt::hercules::vue::setHighlightProperty dff layout lime brick 
[22:57:39.11] /j ::xt::hercules::vue::addPolygonBegin 7 
[22:57:39.15] /j ::xt::hercules::vue::addPolygonPoints {-4.035 -1.730 -4.035 -2.390 -4.030 -2.390 -4.030 -2.450 -4.135 -2.450 -4.135 -1.730 -4.035 -1.730 } 
[22:57:39.15] /j ::xt::hercules::vue::addPolygonEnd 
[22:57:39.15] /j ::xt::hercules::vue::drawHighlights dff layout all 
[22:57:39.17] /j ::xt::hercules::vue::setViewPort extents {-4.148 -2.540 -4.017 -1.640} LAY 
[22:57:39.20] /j ::xt::hercules::vue::clearAllHighlights dff schematic 
[22:57:39.21] /j ::xt::hercules::vue::clearAllHighlights dff schematic 
[22:57:39.24] /j ::xt::hercules::vue::clearAllHighlights dff schematic 
[22:57:39.25] /j ::xt::hercules::vue::setHighlightProperty dff schematic lime brick 
[22:57:39.27] /j ::xt::hercules::vue::drawSchHighlight XI21/MM2 device 
[22:57:40.87] /i gi::setActiveWindow 11
[22:57:40.87] /i gi::setActiveWindow 11 -raise true
[22:57:42.29] /# gi::executeAction deSelectActive -in [gi::getWindows 11]
[22:57:42.29] /i de::deselectAll [db::getNext [de::getContexts -window 11]]
[22:57:42.29] /i de::select [de::getActiveFigure [gi::getWindows 11] -point {-3.98 -2.184} -index 0 -intent none]
[22:57:42.29] /o oa:0x24c58460
[22:57:43.81] /i gi::setItemSelection {parameters} -index {w,all} -in [gi::getAssistants dePropertyEditor -from [gi::getWindows 11]]
[22:57:43.81] /i gi::setCurrentIndex {parameters} -index {w,Value} -in [gi::getAssistants dePropertyEditor -from [gi::getWindows 11]]
[22:57:47.83] /i gi::setField {parameters} -value {0.7200u} -index {w,Value} -in [gi::getAssistants dePropertyEditor -from [gi::getWindows 11]]
[22:57:47.83] /i gi::executeAction dePropertyEditorApplyChanges -in [gi::getAssistants dePropertyEditor -from [gi::getWindows 11]]
[22:57:50.56] /i gi::executeAction deSaveDesign -in [gi::getWindows 11]
[22:57:50.56] /m Information: Saving design 'dff dff layout'. (DESIGN_WINDOW-004)
[22:57:57.11] /# gi::executeAction deCanvasZoomOutAtPoint -in [gi::getWindows 11]
[22:57:57.11] /i de::zoom -window [gi::getWindows 11] -factor 0.5 -center {-3.775 -2.3}
[22:57:57.11] /o {-6.311 -2.78} {-2.469 -0.98}
[22:57:59.55] /i gi::executeAction deSaveDesign -in [gi::getWindows 11]
[22:57:59.55] /m Information: Saving design 'dff dff layout'. (DESIGN_WINDOW-004)
[22:58:04.92] /j ::xt::hercules::vue::clearAllHighlights dff layout 
[22:58:04.95] /j ::xt::hercules::vue::clearAllHighlights dff schematic 
[22:58:05.13] /m Information: Connection closed with 'Hercules-VUE' running on 'localhost'.
[22:58:06.78] /i gi::setActiveWindow 16
[22:58:06.78] /i gi::setActiveWindow 16 -raise true
[22:58:09.73] /i gi::executeAction giCloseWindow -in [gi::getWindows 16]
[22:58:09.84] /i gi::setActiveWindow 11
[22:58:09.85] /i gi::setActiveWindow 11 -raise true
[22:58:13.31] /# gi::executeAction xtLVSRun -in [gi::getWindows 11]
[22:58:13.31] /i xt::physicalVerification::executeRun lvs 11
[22:58:13.57] /# xt::physicalVerification::executePve lvs 11
[22:58:15.02] /m Information: "Starting netlisting for design "dff/dff/schematic"..." (NETLISTING-010)
[22:58:15.04] /o No Design Integrity rule violations found in "dff/dff/schematic"
[22:58:15.15] /m Information: "Netlisting design "dff/dff/schematic" finished successfully." (NETLISTING-012)
[22:58:15.43] /r giWindowId 17
[22:58:15.47] /r giWindowGeometry 800x600
[22:58:17.21] /i gi::setActiveTab {tabs} -tabName {dff.LVS_ERRORS} -in [gi::getWindows 17]
[22:58:22.16] /i gi::setActiveTab {tabs} -tabName {stdout.lvs.log} -in [gi::getWindows 17]
[22:58:22.65] /m Information: 
              /c =============================
              /c JobID: hercules_lvs_17
              /c --- EXTRACT ERROR SUMMARY ---
              /c LAYOUT ERRORS RESULTS: CLEAN
              /c --- COMPARE ERROR SUMMARY ---
              /c Top block compare result: FAIL
              /c [dff != dff]
              /c > dff != dff (level = 0)
              /c =============================
              /c 
[22:58:23.43] /j ::xt::hercules::vue::_private::registerConnection localhost:59312 tcp43 herculesVue_7 
[22:58:23.49] /j ::xt::hercules::vue::_private::isJobReady 
[22:58:23.49] /o false
[22:58:24.49] /j ::xt::hercules::vue::_private::isJobReady 
[22:58:24.49] /o false
[22:58:25.50] /m Information: Connection established with 'Hercules-VUE' running on 'localhost'.
[22:58:25.50] /j ::xt::hercules::vue::_private::isJobReady 
[22:58:25.50] /o true
[22:58:25.50] /j ::xt::hercules::vue::startFilter LAY 
[22:58:25.50] /j ::xt::hercules::vue::startFilter SCH 
[22:58:25.51] /i gi::setActiveTab {tabs} -tabName {dff.LVS_ERRORS} -in [gi::getWindows 17]
[22:58:25.99] /j ::xt::hercules::vue::setTopSchLib dff 
[22:58:26.03] /j ::xt::hercules::vue::setInlibPath /root/Excercise/DFlipFlop/synopsys_custom/dff.hercules.lvs/. 
[22:58:26.03] /j ::xt::hercules::vue::setTopLayLCV dff dff layout 
[22:58:26.04] /j ::xt::hercules::vue::openCell dff dff layout 
[22:58:37.32] /j ::xt::hercules::vue::clearAllHighlights {} {} 
[22:58:37.33] /j ::xt::hercules::vue::clearAllHighlights dff layout 
[22:58:38.95] /j ::xt::hercules::vue::clearAllHighlights dff layout 
[22:58:38.99] /j ::xt::hercules::vue::clearAllHighlights dff layout 
[22:58:39.02] /j ::xt::hercules::vue::openCellInstance dff layout dff layout 
[22:58:39.08] /j ::xt::hercules::vue::clearAllHighlights {} {} 
[22:58:39.10] /j ::xt::hercules::vue::clearAllHighlights {} {} 
[22:58:39.15] /j ::xt::hercules::vue::openCell dff dff schematic 
[22:59:04.72] /j ::xt::hercules::vue::clearAllHighlights dff layout 
[22:59:04.73] /j ::xt::hercules::vue::clearAllHighlights dff layout 
[22:59:04.74] /j ::xt::hercules::vue::setHighlightProperty dff layout lime brick 
[22:59:04.81] /j ::xt::hercules::vue::addPolygonBegin 7 
[22:59:04.81] /j ::xt::hercules::vue::addPolygonPoints {-4.035 -1.730 -4.035 -2.390 -4.030 -2.390 -4.030 -2.450 -4.135 -2.450 -4.135 -1.730 -4.035 -1.730 } 
[22:59:04.81] /j ::xt::hercules::vue::addPolygonEnd 
[22:59:04.81] /j ::xt::hercules::vue::drawHighlights dff layout all 
[22:59:04.85] /j ::xt::hercules::vue::setViewPort extents {-4.148 -2.540 -4.017 -1.640} LAY 
[22:59:04.92] /j ::xt::hercules::vue::clearAllHighlights dff schematic 
[22:59:04.92] /j ::xt::hercules::vue::setHighlightProperty dff schematic lime brick 
[22:59:04.92] /j ::xt::hercules::vue::drawSchHighlight XI21/MM2 device 
[22:59:05.02] /j ::xt::hercules::vue::clearAllHighlights dff schematic 
[22:59:05.05] /j ::xt::hercules::vue::clearAllHighlights dff schematic 
[22:59:05.08] /j ::xt::hercules::vue::clearAllHighlights dff schematic 
[22:59:05.10] /j ::xt::hercules::vue::setHighlightProperty dff schematic lime brick 
[22:59:05.12] /j ::xt::hercules::vue::drawSchHighlight XI21/MM2 device 
[22:59:06.63] /i gi::setActiveWindow 17
[22:59:06.63] /i gi::setActiveWindow 17 -raise true
[22:59:08.28] /i gi::setActiveWindow 11
[22:59:08.28] /i gi::setActiveWindow 11 -raise true
[22:59:10.09] /# gi::executeAction deCanvasZoomOutAtPoint -in [gi::getWindows 11]
[22:59:10.09] /i de::zoom -window [gi::getWindows 11] -factor 0.5 -center {-3.695 -2.067}
[22:59:10.09] /o {-6.391 -3.013} {-2.549 -1.213}
[23:01:49.96] /j ::xt::hercules::vue::clearAllHighlights dff schematic 
[23:01:49.98] /j ::xt::hercules::vue::clearAllHighlights dff schematic 
[23:01:50.00] /j ::xt::hercules::vue::clearAllHighlights dff schematic 
[23:01:50.02] /j ::xt::hercules::vue::setHighlightProperty dff schematic lime brick 
[23:01:50.02] /j ::xt::hercules::vue::drawSchHighlight XI21/MM2 device 
[23:01:50.09] /j ::xt::hercules::vue::clearAllHighlights dff layout 
[23:01:50.16] /j ::xt::hercules::vue::clearAllHighlights dff layout 
[23:01:50.17] /j ::xt::hercules::vue::setHighlightProperty dff layout lime brick 
[23:01:50.17] /j ::xt::hercules::vue::addPolygonBegin 7 
[23:01:50.22] /j ::xt::hercules::vue::addPolygonPoints {-4.035 -1.730 -4.035 -2.390 -4.030 -2.390 -4.030 -2.450 -4.135 -2.450 -4.135 -1.730 -4.035 -1.730 } 
[23:01:50.22] /j ::xt::hercules::vue::addPolygonEnd 
[23:01:50.22] /j ::xt::hercules::vue::drawHighlights dff layout all 
[23:01:50.23] /j ::xt::hercules::vue::setViewPort extents {-4.148 -2.540 -4.017 -1.640} LAY 
[23:01:53.59] /# gi::executeAction deSelectActive -in [gi::getWindows 11]
[23:01:53.59] /i de::cycleActiveFigure [gi::getWindows 11] -direction next
[23:01:53.59] /o oa:0x254a8040
[23:01:53.59] /i de::cycleActiveFigure [gi::getWindows 11] -direction next
[23:01:53.60] /o oa:0x256b7150
[23:01:53.60] /i de::deselectAll [db::getNext [de::getContexts -window 11]]
[23:01:53.60] /i de::select [de::getActiveFigure [gi::getWindows 11] -point {-3.998 -2.114} -index 2 -intent none]
[23:01:53.60] /o oa:0x251fefd0
[23:01:54.68] /# gi::executeAction deSelectActive -in [gi::getWindows 11]
[23:01:54.68] /i de::cycleActiveFigure [gi::getWindows 11] -direction next
[23:01:54.68] /o oa:0x24f4e0c0
[23:01:54.68] /i de::cycleActiveFigure [gi::getWindows 11] -direction next
[23:01:54.68] /o oa:0x24f4df70
[23:01:54.68] /i de::cycleActiveFigure [gi::getWindows 11] -direction next
[23:01:54.68] /o oa:0x25e10640
[23:01:55.80] /# gi::executeAction deSelectActive -in [gi::getWindows 11]
[23:01:55.80] /i de::cycleActiveFigure [gi::getWindows 11] -direction next
[23:01:55.81] /o oa:0x1d95c500
[23:01:55.81] /i de::cycleActiveFigure [gi::getWindows 11] -direction next
[23:01:55.81] /o oa:0x25d125e0
[23:01:55.81] /i de::deselectAll [db::getNext [de::getContexts -window 11]]
[23:01:55.81] /i de::select [de::getActiveFigure [gi::getWindows 11] -point {-3.987 -2.143} -index 2 -intent none]
[23:01:55.81] /o oa:0x24f4dbb0
[23:01:56.48] /# gi::executeAction deSelectActive -in [gi::getWindows 11]
[23:01:56.48] /i de::cycleActiveFigure [gi::getWindows 11] -direction next
[23:01:56.48] /o oa:0x23ee3bc0
[23:01:56.48] /i de::cycleActiveFigure [gi::getWindows 11] -direction next
[23:01:56.48] /o oa:0x25d12af0
[23:01:56.48] /i de::cycleActiveFigure [gi::getWindows 11] -direction next
[23:01:56.49] /o oa:0x24bcd780
[23:01:57.31] /# gi::executeAction deSelectActive -in [gi::getWindows 11]
[23:01:57.31] /i de::cycleActiveFigure [gi::getWindows 11] -direction next
[23:01:57.31] /o oa:0x255d0240
[23:01:57.31] /i de::cycleActiveFigure [gi::getWindows 11] -direction next
[23:01:57.31] /o oa:0x255cf920
[23:01:57.31] /i de::deselectAll [db::getNext [de::getContexts -window 11]]
[23:01:57.31] /i de::select [de::getActiveFigure [gi::getWindows 11] -point {-3.987 -2.19} -index 2 -intent none]
[23:01:57.31] /o oa:0x24bf2280
[23:01:58.81] /# gi::executeAction deSelectActive -in [gi::getWindows 11]
[23:01:58.81] /i de::deselectAll [db::getNext [de::getContexts -window 11]]
[23:01:58.81] /i de::select [de::getActiveFigure [gi::getWindows 11] -point {-3.369 -2.182} -index 0 -intent none]
[23:01:58.81] /o oa:0x20e00850
[23:02:00.02] /# gi::executeAction deSelectActive -in [gi::getWindows 11]
[23:02:00.02] /i de::deselectAll [db::getNext [de::getContexts -window 11]]
[23:02:00.02] /i de::select [de::getActiveFigure [gi::getWindows 11] -point {-3.762 -2.177} -index 0 -intent none]
[23:02:00.02] /o oa:0x24cba7c0
[23:02:00.76] /# gi::executeAction deSelectActive -in [gi::getWindows 11]
[23:02:00.76] /i de::cycleActiveFigure [gi::getWindows 11] -direction next
[23:02:00.76] /o oa:0x256e2690
[23:02:00.76] /i de::deselectAll [db::getNext [de::getContexts -window 11]]
[23:02:00.76] /i de::select [de::getActiveFigure [gi::getWindows 11] -point {-3.762 -2.177} -index 1 -intent none]
[23:02:00.76] /o oa:0x25d054d0
[23:02:23.53] /i gi::setActiveWindow 17
[23:02:23.54] /i gi::setActiveWindow 17 -raise true
[23:02:25.45] /i gi::setActiveWindow 11
[23:02:25.45] /i gi::setActiveWindow 11 -raise true
[23:02:53.35] /i gi::setItemSelection {parameters} -index {w,all} -in [gi::getAssistants dePropertyEditor -from [gi::getWindows 11]]
[23:02:53.35] /i gi::setCurrentIndex {parameters} -index {w,Value} -in [gi::getAssistants dePropertyEditor -from [gi::getWindows 11]]
[23:02:58.60] /i gi::setField {parameters} -value {720n} -index {w,Value} -in [gi::getAssistants dePropertyEditor -from [gi::getWindows 11]]
[23:02:58.60] /i gi::executeAction dePropertyEditorApplyChanges -in [gi::getAssistants dePropertyEditor -from [gi::getWindows 11]]
[23:03:03.46] /i gi::executeAction deSaveDesign -in [gi::getWindows 11]
[23:03:03.47] /m Information: Saving design 'dff dff layout'. (DESIGN_WINDOW-004)
[23:03:04.75] /i gi::executeAction deSaveDesign -in [gi::getWindows 11]
[23:03:04.75] /m Information: Saving design 'dff dff layout'. (DESIGN_WINDOW-004)
[23:03:12.15] /j ::xt::hercules::vue::clearAllHighlights dff layout 
[23:03:12.15] /j ::xt::hercules::vue::clearAllHighlights dff schematic 
[23:03:12.43] /m Information: Connection closed with 'Hercules-VUE' running on 'localhost'.
[23:03:13.60] /i gi::setActiveWindow 17
[23:03:13.60] /i gi::setActiveWindow 17 -raise true
[23:03:14.59] /i gi::executeAction giCloseWindow -in [gi::getWindows 17]
[23:03:14.61] /i gi::setActiveWindow 11
[23:03:14.61] /i gi::setActiveWindow 11 -raise true
[23:03:17.59] /# gi::executeAction xtLVSRun -in [gi::getWindows 11]
[23:03:17.60] /i xt::physicalVerification::executeRun lvs 11
[23:03:17.88] /# xt::physicalVerification::executePve lvs 11
[23:03:19.36] /m Information: "Starting netlisting for design "dff/dff/schematic"..." (NETLISTING-010)
[23:03:19.38] /o No Design Integrity rule violations found in "dff/dff/schematic"
[23:03:19.45] /m Information: "Netlisting design "dff/dff/schematic" finished successfully." (NETLISTING-012)
[23:03:19.50] /# gi::executeAction deCanvasZoomOutAtPoint -in [gi::getWindows 11]
[23:03:19.50] /i de::zoom -window [gi::getWindows 11] -factor 0.5 -center {-4.359 -1.603}
[23:03:19.50] /o {-5.727 -3.477} {-1.885 -1.677}
[23:03:19.75] /r giWindowId 18
[23:03:19.80] /r giWindowGeometry 800x600
[23:03:26.73] /m Information: 
              /c =============================
              /c JobID: hercules_lvs_18
              /c --- EXTRACT ERROR SUMMARY ---
              /c LAYOUT ERRORS RESULTS: CLEAN
              /c --- COMPARE ERROR SUMMARY ---
              /c Top block compare result: FAIL
              /c [dff != dff]
              /c > dff != dff (level = 0)
              /c =============================
              /c 
[23:03:27.42] /j ::xt::hercules::vue::_private::registerConnection localhost:39198 tcp49 herculesVue_8 
[23:03:27.48] /j ::xt::hercules::vue::_private::isJobReady 
[23:03:27.48] /o false
[23:03:28.48] /j ::xt::hercules::vue::_private::isJobReady 
[23:03:28.48] /o false
[23:03:29.49] /m Information: Connection established with 'Hercules-VUE' running on 'localhost'.
[23:03:29.49] /j ::xt::hercules::vue::_private::isJobReady 
[23:03:29.49] /o true
[23:03:29.49] /j ::xt::hercules::vue::startFilter LAY 
[23:03:29.51] /j ::xt::hercules::vue::startFilter SCH 
[23:03:29.87] /j ::xt::hercules::vue::setInlibPath /root/Excercise/DFlipFlop/synopsys_custom/dff.hercules.lvs/. 
[23:03:29.90] /j ::xt::hercules::vue::setTopLayLCV dff dff layout 
[23:03:29.91] /j ::xt::hercules::vue::openCell dff dff layout 
[23:03:29.97] /j ::xt::hercules::vue::setTopSchLib dff 
[23:03:32.60] /j ::xt::hercules::vue::clearAllHighlights {} {} 
[23:03:32.66] /j ::xt::hercules::vue::clearAllHighlights dff layout 
[23:03:33.82] /j ::xt::hercules::vue::clearAllHighlights dff layout 
[23:03:33.82] /j ::xt::hercules::vue::clearAllHighlights dff layout 
[23:03:33.82] /j ::xt::hercules::vue::openCellInstance dff layout dff layout 
[23:03:33.84] /j ::xt::hercules::vue::clearAllHighlights {} {} 
[23:03:33.86] /j ::xt::hercules::vue::clearAllHighlights {} {} 
[23:03:33.88] /j ::xt::hercules::vue::openCell dff dff schematic 
[23:04:10.36] /i gi::setActiveWindow 11
[23:04:10.36] /i gi::setActiveWindow 11 -raise true
[23:04:12.01] /# gi::executeAction deCanvasZoomInAtPoint -in [gi::getWindows 11]
[23:04:12.01] /i de::zoom -window [gi::getWindows 11] -factor 2.0 -center {-3.844 -2.059}
[23:04:12.01] /o {-4.786 -2.768} {-2.864 -1.868}
[23:04:14.83] /# gi::executeAction leLabel -in [gi::getWindows 11]
[23:04:14.84] /i ile::createLabel
[23:04:15.27] /# gi::executeAction leRuler -in [gi::getWindows 11]
[23:04:15.27] /i ile::createRuler
[23:04:15.44] /o 0
[23:04:17.33] /# gi::executeAction deAddPoint -in [gi::getWindows 11]
[23:04:17.33] /i de::addPoint {-4.355 -2.174} -context [db::getNext [de::getContexts -window 11]]
[23:04:21.11] /# gi::executeAction deAbortCommand -in [gi::getWindows 11]
[23:04:21.11] /i de::abortCommand -context [db::getNext [de::getContexts -window 11]]
[23:04:22.10] /# gi::executeAction leRuler -in [gi::getWindows 11]
[23:04:22.10] /i ile::createRuler
[23:04:23.85] /# gi::executeAction deAddPoint -in [gi::getWindows 11]
[23:04:23.85] /i de::addPoint {-4.487 -2.175} -context [db::getNext [de::getContexts -window 11]]
[23:04:31.06] /# gi::executeAction deAbortCommand -in [gi::getWindows 11]
[23:04:31.06] /i de::abortCommand -context [db::getNext [de::getContexts -window 11]]
[23:04:32.29] /# gi::executeAction deCanvasZoomOutAtPoint -in [gi::getWindows 11]
[23:04:32.29] /i de::zoom -window [gi::getWindows 11] -factor 0.5 -center {-3.752 -2.159}
[23:04:32.29] /o {-5.819 -3.377} {-1.977 -1.577}
[23:04:35.88] /# gi::executeAction deAddPoint -in [gi::getWindows 11]
[23:04:35.88] /i de::addPoint {-3.721 -2.196} -context [db::getNext [de::getContexts -window 11]]
[23:04:37.04] /# gi::executeAction deAbortCommand -in [gi::getWindows 11]
[23:04:37.04] /i de::abortCommand -context [db::getNext [de::getContexts -window 11]]
[23:04:37.55] /# gi::executeAction deSelectActive -in [gi::getWindows 11]
[23:04:37.55] /i de::deselectAllLogic -context [db::getNext [de::getContexts -window 11]]
[23:04:38.47] /# gi::executeAction deSelectActive -in [gi::getWindows 11]
[23:04:38.47] /i de::deselectAll [db::getNext [de::getContexts -window 11]]
[23:04:38.47] /i de::select [de::getActiveFigure [gi::getWindows 11] -point {-3.743 -2.198} -index 0 -intent none]
[23:04:38.47] /o oa:0x24cd9d80
[23:04:39.05] /i gi::executeAction dePropertyEditorToggleExtended -in [gi::getWindows 11]
[23:04:39.05] /# db::setAttr shown -of [gi::getAssistants dePropertyEditor -from [gi::getWindows 11]] -value false
[23:04:39.32] /# gi::executeAction deSelectActive -in [gi::getWindows 11]
[23:04:39.32] /i de::cycleActiveFigure [gi::getWindows 11] -direction next
[23:04:39.32] /o oa:0x1c942a10
[23:04:39.32] /i de::deselectAll [db::getNext [de::getContexts -window 11]]
[23:04:39.32] /i de::select [de::getActiveFigure [gi::getWindows 11] -point {-3.743 -2.198} -index 1 -intent none]
[23:04:39.32] /o oa:0x25d0c2c0
[23:04:39.37] /i db::setAttr dockSize -of [gi::getAssistants leObjectLayerPanel -from [gi::getWindows 11]] -value 290x736
[23:04:40.03] /i gi::executeAction dePropertyEditorToggleExtended -in [gi::getWindows 11]
[23:04:40.04] /# db::setAttr shown -of [gi::getAssistants dePropertyEditor -from [gi::getWindows 11]] -value true
[23:04:40.35] /i db::setAttr dockSize -of [gi::getAssistants leObjectLayerPanel -from [gi::getWindows 11]] -value 290x710
[23:04:40.60] /# gi::executeAction deSelectActive -in [gi::getWindows 11]
[23:04:40.60] /i de::cycleActiveFigure [gi::getWindows 11] -direction next
[23:04:40.60] /o oa:0x20ecdaf0
[23:04:40.60] /i de::deselectAll [db::getNext [de::getContexts -window 11]]
[23:04:40.60] /i de::select [de::getActiveFigure [gi::getWindows 11] -point {-3.789 -2.213} -index 1 -intent none]
[23:04:40.60] /o oa:0x254b3990
[23:04:41.37] /# gi::executeAction deSelectActive -in [gi::getWindows 11]
[23:04:41.37] /i de::cycleActiveFigure [gi::getWindows 11] -direction next
[23:04:41.37] /o oa:0x24ce4640
[23:04:41.37] /i de::cycleActiveFigure [gi::getWindows 11] -direction next
[23:04:41.37] /o oa:0x25ce6520
[23:04:42.25] /# gi::executeAction deSelectActive -in [gi::getWindows 11]
[23:04:42.25] /i de::cycleActiveFigure [gi::getWindows 11] -direction next
[23:04:42.25] /o oa:0x25f6cd30
[23:04:42.25] /i de::cycleActiveFigure [gi::getWindows 11] -direction next
[23:04:42.25] /o oa:0x25f6e4d0
[23:04:42.25] /i de::deselectAll [db::getNext [de::getContexts -window 11]]
[23:04:42.25] /i de::select [de::getActiveFigure [gi::getWindows 11] -point {-3.841 -2.213} -index 2 -intent none]
[23:04:42.25] /o oa:0x25cce8c0
[23:04:43.75] /# gi::executeAction deSelectActive -in [gi::getWindows 11]
[23:04:43.75] /i de::cycleActiveFigure [gi::getWindows 11] -direction next
[23:04:43.76] /o oa:0x256e8820
[23:04:43.76] /i de::cycleActiveFigure [gi::getWindows 11] -direction next
[23:04:43.76] /o oa:0x256ea030
[23:04:43.76] /i de::deselectAll [db::getNext [de::getContexts -window 11]]
[23:04:43.76] /i de::select [de::getActiveFigure [gi::getWindows 11] -point {-3.99 -2.213} -index 2 -intent none]
[23:04:43.76] /o oa:0x25cbdec0
[23:04:44.75] /# gi::executeAction deSelectActive -in [gi::getWindows 11]
[23:04:44.75] /i de::cycleActiveFigure [gi::getWindows 11] -direction next
[23:04:44.75] /o oa:0x24cb8c30
[23:04:44.75] /i de::cycleActiveFigure [gi::getWindows 11] -direction next
[23:04:44.75] /o oa:0x25ce4f90
[23:04:44.75] /i de::cycleActiveFigure [gi::getWindows 11] -direction next
[23:04:44.75] /o oa:0x24d3d280
[23:04:45.68] /# gi::executeAction deSelectActive -in [gi::getWindows 11]
[23:04:45.68] /i de::cycleActiveFigure [gi::getWindows 11] -direction next
[23:04:45.68] /o oa:0x24cb94d0
[23:04:45.68] /i de::cycleActiveFigure [gi::getWindows 11] -direction next
[23:04:45.68] /o oa:0x24d60fa0
[23:04:45.68] /i de::cycleActiveFigure [gi::getWindows 11] -direction next
[23:04:45.69] /o oa:0x25680ca0
[23:04:46.65] /# gi::executeAction deSelectActive -in [gi::getWindows 11]
[23:04:46.65] /i de::cycleActiveFigure [gi::getWindows 11] -direction next
[23:04:46.65] /o oa:0x24d61300
[23:04:46.65] /i de::cycleActiveFigure [gi::getWindows 11] -direction next
[23:04:46.65] /o oa:0x25f88750
[23:04:46.65] /i de::cycleActiveFigure [gi::getWindows 11] -direction next
[23:04:46.65] /o oa:0x25681b80
[23:06:31.36] /# gi::executeAction xtLVSDebug -in [gi::getWindows 11]
[23:06:31.36] /i xt::physicalVerification::startDebugger lvs 11
[23:06:31.82] /o oa:0x24bd1150
[23:06:32.40] /j ::xt::hercules::vue::_private::registerConnection localhost:40421 tcp52 herculesVue_9 
[23:06:32.44] /m Information: Connection established with 'Hercules-VUE' running on 'localhost'.
[23:06:32.47] /j ::xt::hercules::vue::_private::isJobReady 
[23:06:32.47] /o true
[23:06:32.48] /j ::xt::hercules::vue::startFilter LAY 
[23:06:32.50] /j ::xt::hercules::vue::startFilter SCH 
[23:06:33.11] /j ::xt::hercules::vue::setTopSchLib dff 
[23:06:33.12] /j ::xt::hercules::vue::setInlibPath /root/Excercise/DFlipFlop/synopsys_custom/dff.hercules.lvs/. 
[23:06:33.17] /j ::xt::hercules::vue::setTopLayLCV dff dff layout 
[23:06:33.20] /j ::xt::hercules::vue::openCell dff dff layout 
[23:06:36.71] /j ::xt::hercules::vue::clearAllHighlights dff layout 
[23:06:36.72] /j ::xt::hercules::vue::clearAllHighlights {} {} 
[23:06:36.94] /m Information: Connection closed with 'Hercules-VUE' running on 'localhost'.
[23:06:40.57] /j ::xt::hercules::vue::clearAllHighlights dff schematic 
[23:06:40.60] /j ::xt::hercules::vue::clearAllHighlights dff schematic 
[23:06:40.63] /j ::xt::hercules::vue::clearAllHighlights dff schematic 
[23:06:40.65] /j ::xt::hercules::vue::setHighlightProperty dff schematic lime brick 
[23:06:40.69] /j ::xt::hercules::vue::drawSchHighlight XI21/MM2 device 
[23:06:40.83] /j ::xt::hercules::vue::clearAllHighlights dff schematic 
[23:06:40.84] /j ::xt::hercules::vue::clearAllHighlights dff schematic 
[23:06:40.87] /j ::xt::hercules::vue::clearAllHighlights dff schematic 
[23:06:40.88] /j ::xt::hercules::vue::setHighlightProperty dff schematic lime brick 
[23:06:40.90] /j ::xt::hercules::vue::drawSchHighlight XI21/MM2 device 
[23:06:40.99] /j ::xt::hercules::vue::clearAllHighlights dff layout 
[23:06:41.02] /j ::xt::hercules::vue::clearAllHighlights dff layout 
[23:06:41.03] /j ::xt::hercules::vue::setHighlightProperty dff layout lime brick 
[23:06:41.06] /j ::xt::hercules::vue::addPolygonBegin 7 
[23:06:41.10] /j ::xt::hercules::vue::addPolygonPoints {-4.035 -1.730 -4.035 -2.390 -4.030 -2.390 -4.030 -2.450 -4.135 -2.450 -4.135 -1.730 -4.035 -1.730 } 
[23:06:41.10] /j ::xt::hercules::vue::addPolygonEnd 
[23:06:41.10] /j ::xt::hercules::vue::drawHighlights dff layout all 
[23:06:41.12] /j ::xt::hercules::vue::setViewPort extents {-4.148 -2.540 -4.017 -1.640} LAY 
[23:06:41.12] /j ::xt::hercules::vue::clearAllHighlights dff layout 
[23:06:41.13] /j ::xt::hercules::vue::clearAllHighlights dff layout 
[23:06:41.13] /j ::xt::hercules::vue::setHighlightProperty dff layout lime brick 
[23:06:41.13] /j ::xt::hercules::vue::addPolygonBegin 7 
[23:06:41.21] /j ::xt::hercules::vue::addPolygonPoints {-4.035 -1.730 -4.035 -2.390 -4.030 -2.390 -4.030 -2.450 -4.135 -2.450 -4.135 -1.730 -4.035 -1.730 } 
[23:06:41.21] /j ::xt::hercules::vue::addPolygonEnd 
[23:06:41.21] /j ::xt::hercules::vue::drawHighlights dff layout all 
[23:06:41.23] /j ::xt::hercules::vue::setViewPort extents {-4.148 -2.540 -4.017 -1.640} LAY 
[23:06:50.44] /# gi::executeAction deCanvasZoomOutAtPoint -in [gi::getWindows 11]
[23:06:50.44] /i de::zoom -window [gi::getWindows 11] -factor 0.5 -center {-3.612 -2.292}
[23:06:50.44] /o {-6.474 -2.788} {-2.632 -0.988}
[23:06:50.55] /# gi::executeAction deCanvasZoomOutAtPoint -in [gi::getWindows 11]
[23:06:50.55] /i de::zoom -window [gi::getWindows 11] -factor 0.5 -center {-3.613 -2.292}
[23:06:50.55] /o {-9.335 -3.284} {-1.651 0.316}
[23:06:54.27] /# gi::executeAction deSelectActive -in [gi::getWindows 11]
[23:06:54.27] /i de::deselectAll [db::getNext [de::getContexts -window 11]]
[23:06:54.27] /i de::deselectAllLogic -context [db::getNext [de::getContexts -window 11]]
[23:06:57.32] /j ::xt::hercules::vue::clearAllHighlights dff layout 
[23:06:57.32] /j ::xt::hercules::vue::clearAllHighlights dff layout 
[23:06:57.34] /j ::xt::hercules::vue::setHighlightProperty dff layout lime brick 
[23:06:57.39] /j ::xt::hercules::vue::addPolygonBegin 7 
[23:06:57.41] /j ::xt::hercules::vue::addPolygonPoints {0.045 -1.725 0.045 -2.375 0.050 -2.375 0.050 -2.445 -0.055 -2.445 -0.055 -1.725 0.045 -1.725 } 
[23:06:57.45] /j ::xt::hercules::vue::addPolygonEnd 
[23:06:57.45] /j ::xt::hercules::vue::drawHighlights dff layout all 
[23:06:57.48] /j ::xt::hercules::vue::setViewPort extents {-0.068 -2.535 0.063 -1.635} LAY 
[23:06:57.51] /j ::xt::hercules::vue::clearAllHighlights dff schematic 
[23:06:57.52] /j ::xt::hercules::vue::clearAllHighlights dff schematic 
[23:06:57.53] /j ::xt::hercules::vue::clearAllHighlights dff schematic 
[23:06:57.53] /j ::xt::hercules::vue::setHighlightProperty dff schematic lime brick 
[23:06:57.53] /j ::xt::hercules::vue::drawSchHighlight XI22/MM2 device 
[23:06:57.57] /j ::xt::hercules::vue::clearAllHighlights dff schematic 
[23:06:57.61] /j ::xt::hercules::vue::clearAllHighlights dff schematic 
[23:06:57.63] /j ::xt::hercules::vue::clearAllHighlights dff schematic 
[23:06:57.63] /j ::xt::hercules::vue::setHighlightProperty dff schematic lime brick 
[23:06:57.63] /j ::xt::hercules::vue::drawSchHighlight XI22/MM2 device 
[23:06:57.72] /j ::xt::hercules::vue::clearAllHighlights dff layout 
[23:06:57.75] /j ::xt::hercules::vue::clearAllHighlights dff layout 
[23:06:57.78] /j ::xt::hercules::vue::setHighlightProperty dff layout lime brick 
[23:06:57.79] /j ::xt::hercules::vue::addPolygonBegin 7 
[23:06:57.82] /j ::xt::hercules::vue::addPolygonPoints {0.045 -1.725 0.045 -2.375 0.050 -2.375 0.050 -2.445 -0.055 -2.445 -0.055 -1.725 0.045 -1.725 } 
[23:06:57.82] /j ::xt::hercules::vue::addPolygonEnd 
[23:06:57.83] /j ::xt::hercules::vue::drawHighlights dff layout all 
[23:06:57.85] /j ::xt::hercules::vue::setViewPort extents {-0.068 -2.535 0.063 -1.635} LAY 
[23:06:59.99] /# gi::executeAction deCanvasZoomOutAtPoint -in [gi::getWindows 11]
[23:06:59.99] /i de::zoom -window [gi::getWindows 11] -factor 0.5 -center {0.333 -2.272}
[23:06:59.99] /o {-2.259 -2.798} {1.583 -0.998}
[23:07:00.59] /# gi::executeAction deCanvasZoomOutAtPoint -in [gi::getWindows 11]
[23:07:00.59] /i de::zoom -window [gi::getWindows 11] -factor 0.5 -center {0.333 -2.272}
[23:07:00.59] /o {-4.851 -3.324} {2.833 0.276}
[23:07:02.30] /# gi::executeAction deCanvasZoomInAtPoint -in [gi::getWindows 11]
[23:07:02.30] /i de::zoom -window [gi::getWindows 11] -factor 2.0 -center {0.334 -2.272}
[23:07:02.30] /o {-2.259 -2.798} {1.584 -0.998}
[23:07:05.55] /j ::xt::hercules::vue::clearAllHighlights dff layout 
[23:07:05.57] /j ::xt::hercules::vue::clearAllHighlights dff layout 
[23:07:05.59] /j ::xt::hercules::vue::setHighlightProperty dff layout lime brick 
[23:07:05.63] /j ::xt::hercules::vue::addPolygonBegin 7 
[23:07:05.67] /j ::xt::hercules::vue::addPolygonPoints {0.045 -1.725 0.045 -2.375 0.050 -2.375 0.050 -2.445 -0.055 -2.445 -0.055 -1.725 0.045 -1.725 } 
[23:07:05.67] /j ::xt::hercules::vue::addPolygonEnd 
[23:07:05.67] /j ::xt::hercules::vue::drawHighlights dff layout all 
[23:07:05.69] /j ::xt::hercules::vue::setViewPort extents {-0.068 -2.535 0.063 -1.635} LAY 
[23:07:05.74] /j ::xt::hercules::vue::clearAllHighlights dff schematic 
[23:07:05.76] /j ::xt::hercules::vue::clearAllHighlights dff schematic 
[23:07:05.77] /j ::xt::hercules::vue::clearAllHighlights dff schematic 
[23:07:05.79] /j ::xt::hercules::vue::setHighlightProperty dff schematic lime brick 
[23:07:05.80] /j ::xt::hercules::vue::drawSchHighlight XI22/MM2 device 
[23:07:05.90] /j ::xt::hercules::vue::clearAllHighlights dff schematic 
[23:07:05.92] /j ::xt::hercules::vue::clearAllHighlights dff schematic 
[23:07:05.93] /j ::xt::hercules::vue::clearAllHighlights dff schematic 
[23:07:05.94] /j ::xt::hercules::vue::setHighlightProperty dff schematic lime brick 
[23:07:05.98] /j ::xt::hercules::vue::drawSchHighlight XI22/MM2 device 
[23:07:06.09] /j ::xt::hercules::vue::clearAllHighlights dff layout 
[23:07:06.12] /j ::xt::hercules::vue::clearAllHighlights dff layout 
[23:07:06.13] /j ::xt::hercules::vue::setHighlightProperty dff layout lime brick 
[23:07:06.16] /j ::xt::hercules::vue::addPolygonBegin 7 
[23:07:06.18] /j ::xt::hercules::vue::addPolygonPoints {0.045 -1.725 0.045 -2.375 0.050 -2.375 0.050 -2.445 -0.055 -2.445 -0.055 -1.725 0.045 -1.725 } 
[23:07:06.18] /j ::xt::hercules::vue::addPolygonEnd 
[23:07:06.18] /j ::xt::hercules::vue::drawHighlights dff layout all 
[23:07:06.21] /j ::xt::hercules::vue::setViewPort extents {-0.068 -2.535 0.063 -1.635} LAY 
[23:07:06.57] /j ::xt::hercules::vue::clearAllHighlights dff layout 
[23:07:06.59] /j ::xt::hercules::vue::clearAllHighlights dff layout 
[23:07:06.61] /j ::xt::hercules::vue::setHighlightProperty dff layout lime brick 
[23:07:06.64] /j ::xt::hercules::vue::addPolygonBegin 7 
[23:07:06.67] /j ::xt::hercules::vue::addPolygonPoints {0.045 -1.725 0.045 -2.375 0.050 -2.375 0.050 -2.445 -0.055 -2.445 -0.055 -1.725 0.045 -1.725 } 
[23:07:06.67] /j ::xt::hercules::vue::addPolygonEnd 
[23:07:06.67] /j ::xt::hercules::vue::drawHighlights dff layout all 
[23:07:06.72] /j ::xt::hercules::vue::setViewPort extents {-0.068 -2.535 0.063 -1.635} LAY 
[23:07:06.73] /j ::xt::hercules::vue::clearAllHighlights dff schematic 
[23:07:06.74] /j ::xt::hercules::vue::clearAllHighlights dff schematic 
[23:07:06.79] /j ::xt::hercules::vue::clearAllHighlights dff schematic 
[23:07:06.84] /j ::xt::hercules::vue::setHighlightProperty dff schematic lime brick 
[23:07:06.86] /j ::xt::hercules::vue::drawSchHighlight XI22/MM2 device 
[23:07:06.96] /j ::xt::hercules::vue::clearAllHighlights dff schematic 
[23:07:06.97] /j ::xt::hercules::vue::clearAllHighlights dff schematic 
[23:07:07.00] /j ::xt::hercules::vue::clearAllHighlights dff schematic 
[23:07:07.02] /j ::xt::hercules::vue::setHighlightProperty dff schematic lime brick 
[23:07:07.02] /j ::xt::hercules::vue::drawSchHighlight XI22/MM2 device 
[23:07:07.11] /j ::xt::hercules::vue::clearAllHighlights dff layout 
[23:07:07.15] /j ::xt::hercules::vue::clearAllHighlights dff layout 
[23:07:07.15] /j ::xt::hercules::vue::setHighlightProperty dff layout lime brick 
[23:07:07.15] /j ::xt::hercules::vue::addPolygonBegin 7 
[23:07:07.23] /j ::xt::hercules::vue::addPolygonPoints {0.045 -1.725 0.045 -2.375 0.050 -2.375 0.050 -2.445 -0.055 -2.445 -0.055 -1.725 0.045 -1.725 } 
[23:07:07.23] /j ::xt::hercules::vue::addPolygonEnd 
[23:07:07.23] /j ::xt::hercules::vue::drawHighlights dff layout all 
[23:07:07.27] /j ::xt::hercules::vue::setViewPort extents {-0.068 -2.535 0.063 -1.635} LAY 
[23:07:11.36] /# gi::executeAction deCanvasZoomOutAtPoint -in [gi::getWindows 11]
[23:07:11.36] /i de::zoom -window [gi::getWindows 11] -factor 0.5 -center {0.436 -2.311}
[23:07:11.36] /o {-2.362 -2.759} {1.48 -0.959}
[23:07:13.71] /# gi::executeAction deSelectActive -in [gi::getWindows 11]
[23:07:13.71] /i de::deselectAll [db::getNext [de::getContexts -window 11]]
[23:07:13.71] /i de::select [de::getActiveFigure [gi::getWindows 11] -point {0.436 -2.311} -index 0 -intent none]
[23:07:13.71] /o oa:0x24c1cfa0
[23:07:35.32] /j ::xt::hercules::vue::clearAllHighlights dff schematic 
[23:07:35.32] /j ::xt::hercules::vue::clearAllHighlights dff schematic 
[23:07:35.32] /j ::xt::hercules::vue::clearAllHighlights dff schematic 
[23:07:35.35] /j ::xt::hercules::vue::setHighlightProperty dff schematic lime brick 
[23:07:35.38] /j ::xt::hercules::vue::drawSchHighlight XI21/MM2 device 
[23:07:35.48] /j ::xt::hercules::vue::clearAllHighlights dff layout 
[23:07:35.51] /j ::xt::hercules::vue::clearAllHighlights dff layout 
[23:07:35.52] /j ::xt::hercules::vue::setHighlightProperty dff layout lime brick 
[23:07:35.56] /j ::xt::hercules::vue::addPolygonBegin 7 
[23:07:35.58] /j ::xt::hercules::vue::addPolygonPoints {-4.035 -1.730 -4.035 -2.390 -4.030 -2.390 -4.030 -2.450 -4.135 -2.450 -4.135 -1.730 -4.035 -1.730 } 
[23:07:35.58] /j ::xt::hercules::vue::addPolygonEnd 
[23:07:35.58] /j ::xt::hercules::vue::drawHighlights dff layout all 
[23:07:35.60] /j ::xt::hercules::vue::setViewPort extents {-4.148 -2.540 -4.017 -1.640} LAY 
[23:07:35.63] /j ::xt::hercules::vue::clearAllHighlights dff layout 
[23:07:35.63] /j ::xt::hercules::vue::clearAllHighlights dff layout 
[23:07:35.64] /j ::xt::hercules::vue::setHighlightProperty dff layout lime brick 
[23:07:35.69] /j ::xt::hercules::vue::addPolygonBegin 7 
[23:07:35.71] /j ::xt::hercules::vue::addPolygonPoints {-4.035 -1.730 -4.035 -2.390 -4.030 -2.390 -4.030 -2.450 -4.135 -2.450 -4.135 -1.730 -4.035 -1.730 } 
[23:07:35.71] /j ::xt::hercules::vue::addPolygonEnd 
[23:07:35.71] /j ::xt::hercules::vue::drawHighlights dff layout all 
[23:07:35.76] /j ::xt::hercules::vue::setViewPort extents {-4.148 -2.540 -4.017 -1.640} LAY 
[23:07:35.78] /j ::xt::hercules::vue::clearAllHighlights dff schematic 
[23:07:35.82] /j ::xt::hercules::vue::clearAllHighlights dff schematic 
[23:07:35.85] /j ::xt::hercules::vue::clearAllHighlights dff schematic 
[23:07:35.89] /j ::xt::hercules::vue::setHighlightProperty dff schematic lime brick 
[23:07:35.91] /j ::xt::hercules::vue::drawSchHighlight XI21/MM2 device 
[23:07:37.60] /i gi::setActiveWindow 11
[23:07:37.60] /i gi::setActiveWindow 11 -raise true
[23:07:38.17] /i db::setAttr iconified -of [gi::getFrames 1] -value true
[23:07:40.44] /i db::setAttr maximized -of [gi::getFrames 1] -value true
[23:07:40.44] /i db::setAttr iconified -of [gi::getFrames 1] -value false
[23:07:42.49] /# gi::executeAction deCanvasZoomOutAtPoint -in [gi::getWindows 11]
[23:07:42.50] /i de::zoom -window [gi::getWindows 11] -factor 0.5 -center {-3.748 -2.336}
[23:07:42.50] /o {-6.338 -2.744} {-2.496 -0.944}
[23:07:49.34] /# gi::executeAction deSelectActive -in [gi::getWindows 11]
[23:07:49.34] /i de::deselectAll [db::getNext [de::getContexts -window 11]]
[23:07:49.34] /i de::select [de::getActiveFigure [gi::getWindows 11] -point {-4.665 -2.216} -index 0 -intent none]
[23:07:49.35] /o oa:0x1c804510
[23:07:50.96] /# gi::executeAction deSelectActive -in [gi::getWindows 11]
[23:07:50.96] /i de::deselectAll [db::getNext [de::getContexts -window 11]]
[23:07:50.97] /i de::select [de::getActiveFigure [gi::getWindows 11] -point {-3.797 -2.228} -index 0 -intent none]
[23:07:50.97] /o oa:0x23edf700
[23:08:07.45] /j ::xt::hercules::vue::clearAllHighlights dff layout 
[23:08:07.49] /j ::xt::hercules::vue::clearAllHighlights dff layout 
[23:08:07.52] /j ::xt::hercules::vue::setHighlightProperty dff layout lime brick 
[23:08:07.56] /j ::xt::hercules::vue::addPolygonBegin 7 
[23:08:07.58] /j ::xt::hercules::vue::addPolygonPoints {0.045 -1.725 0.045 -2.375 0.050 -2.375 0.050 -2.445 -0.055 -2.445 -0.055 -1.725 0.045 -1.725 } 
[23:08:07.59] /j ::xt::hercules::vue::addPolygonEnd 
[23:08:07.59] /j ::xt::hercules::vue::drawHighlights dff layout all 
[23:08:07.62] /j ::xt::hercules::vue::setViewPort extents {-0.068 -2.535 0.063 -1.635} LAY 
[23:08:07.64] /j ::xt::hercules::vue::clearAllHighlights dff schematic 
[23:08:07.66] /j ::xt::hercules::vue::clearAllHighlights dff schematic 
[23:08:07.66] /j ::xt::hercules::vue::clearAllHighlights dff schematic 
[23:08:07.68] /j ::xt::hercules::vue::setHighlightProperty dff schematic lime brick 
[23:08:07.71] /j ::xt::hercules::vue::drawSchHighlight XI22/MM2 device 
[23:08:07.80] /j ::xt::hercules::vue::clearAllHighlights dff schematic 
[23:08:07.81] /j ::xt::hercules::vue::clearAllHighlights dff schematic 
[23:08:07.82] /j ::xt::hercules::vue::clearAllHighlights dff schematic 
[23:08:07.87] /j ::xt::hercules::vue::setHighlightProperty dff schematic lime brick 
[23:08:07.90] /j ::xt::hercules::vue::drawSchHighlight XI22/MM2 device 
[23:08:07.96] /j ::xt::hercules::vue::clearAllHighlights dff layout 
[23:08:07.98] /j ::xt::hercules::vue::clearAllHighlights dff layout 
[23:08:08.00] /j ::xt::hercules::vue::setHighlightProperty dff layout lime brick 
[23:08:08.02] /j ::xt::hercules::vue::addPolygonBegin 7 
[23:08:08.06] /j ::xt::hercules::vue::addPolygonPoints {0.045 -1.725 0.045 -2.375 0.050 -2.375 0.050 -2.445 -0.055 -2.445 -0.055 -1.725 0.045 -1.725 } 
[23:08:08.06] /j ::xt::hercules::vue::addPolygonEnd 
[23:08:08.07] /j ::xt::hercules::vue::drawHighlights dff layout all 
[23:08:08.10] /j ::xt::hercules::vue::setViewPort extents {-0.068 -2.535 0.063 -1.635} LAY 
[23:08:10.46] /# gi::executeAction deSelectActive -in [gi::getWindows 11]
[23:08:10.46] /i de::deselectAll [db::getNext [de::getContexts -window 11]]
[23:08:10.46] /i de::select [de::getActiveFigure [gi::getWindows 11] -point {0.361 -2.221} -index 0 -intent none]
[23:08:10.47] /o oa:0x24dfc950
[23:08:23.72] /j ::xt::hercules::vue::clearAllHighlights dff schematic 
[23:08:23.73] /j ::xt::hercules::vue::clearAllHighlights dff schematic 
[23:08:23.75] /j ::xt::hercules::vue::clearAllHighlights dff schematic 
[23:08:23.77] /j ::xt::hercules::vue::setHighlightProperty dff schematic lime brick 
[23:08:23.80] /j ::xt::hercules::vue::drawSchHighlight XI23/MM2 device 
[23:08:23.94] /j ::xt::hercules::vue::clearAllHighlights dff schematic 
[23:08:23.94] /j ::xt::hercules::vue::clearAllHighlights dff schematic 
[23:08:23.94] /j ::xt::hercules::vue::clearAllHighlights dff schematic 
[23:08:23.96] /j ::xt::hercules::vue::setHighlightProperty dff schematic lime brick 
[23:08:23.99] /j ::xt::hercules::vue::drawSchHighlight XI23/MM2 device 
[23:08:24.06] /j ::xt::hercules::vue::clearAllHighlights dff layout 
[23:08:24.06] /j ::xt::hercules::vue::clearAllHighlights dff layout 
[23:08:24.09] /j ::xt::hercules::vue::setHighlightProperty dff layout lime brick 
[23:08:24.12] /j ::xt::hercules::vue::addPolygonBegin 7 
[23:08:24.15] /j ::xt::hercules::vue::addPolygonPoints {-0.975 -1.730 -0.975 -2.380 -0.970 -2.380 -0.970 -2.450 -1.075 -2.450 -1.075 -1.730 -0.975 -1.730 } 
[23:08:24.16] /j ::xt::hercules::vue::addPolygonEnd 
[23:08:24.16] /j ::xt::hercules::vue::drawHighlights dff layout all 
[23:08:24.19] /j ::xt::hercules::vue::setViewPort extents {-1.088 -2.540 -0.957 -1.640} LAY 
[23:08:24.21] /j ::xt::hercules::vue::clearAllHighlights dff layout 
[23:08:24.23] /j ::xt::hercules::vue::clearAllHighlights dff layout 
[23:08:24.25] /j ::xt::hercules::vue::setHighlightProperty dff layout lime brick 
[23:08:24.28] /j ::xt::hercules::vue::addPolygonBegin 7 
[23:08:24.31] /j ::xt::hercules::vue::addPolygonPoints {-0.975 -1.730 -0.975 -2.380 -0.970 -2.380 -0.970 -2.450 -1.075 -2.450 -1.075 -1.730 -0.975 -1.730 } 
[23:08:24.31] /j ::xt::hercules::vue::addPolygonEnd 
[23:08:24.31] /j ::xt::hercules::vue::drawHighlights dff layout all 
[23:08:24.33] /j ::xt::hercules::vue::setViewPort extents {-1.088 -2.540 -0.957 -1.640} LAY 
[23:08:26.26] /# gi::executeAction deSelectActive -in [gi::getWindows 11]
[23:08:26.26] /i de::deselectAll [db::getNext [de::getContexts -window 11]]
[23:08:26.26] /i de::select [de::getActiveFigure [gi::getWindows 11] -point {-0.644 -2.261} -index 0 -intent none]
[23:08:26.26] /o oa:0x24d3b840
[23:08:31.67] /j ::xt::hercules::vue::clearAllHighlights dff layout 
[23:08:31.69] /j ::xt::hercules::vue::clearAllHighlights dff layout 
[23:08:31.71] /j ::xt::hercules::vue::setHighlightProperty dff layout lime brick 
[23:08:31.74] /j ::xt::hercules::vue::addPolygonBegin 7 
[23:08:31.76] /j ::xt::hercules::vue::addPolygonPoints {-7.095 -1.725 -7.095 -2.390 -7.090 -2.390 -7.090 -2.445 -7.195 -2.445 -7.195 -1.725 -7.095 -1.725 } 
[23:08:31.76] /j ::xt::hercules::vue::addPolygonEnd 
[23:08:31.76] /j ::xt::hercules::vue::drawHighlights dff layout all 
[23:08:31.79] /j ::xt::hercules::vue::setViewPort extents {-7.208 -2.535 -7.077 -1.635} LAY 
[23:08:31.84] /j ::xt::hercules::vue::clearAllHighlights dff schematic 
[23:08:31.84] /j ::xt::hercules::vue::clearAllHighlights dff schematic 
[23:08:31.84] /j ::xt::hercules::vue::clearAllHighlights dff schematic 
[23:08:31.84] /j ::xt::hercules::vue::setHighlightProperty dff schematic lime brick 
[23:08:31.84] /j ::xt::hercules::vue::drawSchHighlight XI15/MM2 device 
[23:08:31.87] /j ::xt::hercules::vue::clearAllHighlights dff schematic 
[23:08:31.88] /j ::xt::hercules::vue::clearAllHighlights dff schematic 
[23:08:31.88] /j ::xt::hercules::vue::clearAllHighlights dff schematic 
[23:08:31.88] /j ::xt::hercules::vue::setHighlightProperty dff schematic lime brick 
[23:08:31.88] /j ::xt::hercules::vue::drawSchHighlight XI15/MM2 device 
[23:08:31.90] /j ::xt::hercules::vue::clearAllHighlights dff layout 
[23:08:31.92] /j ::xt::hercules::vue::clearAllHighlights dff layout 
[23:08:31.92] /j ::xt::hercules::vue::setHighlightProperty dff layout lime brick 
[23:08:31.93] /j ::xt::hercules::vue::addPolygonBegin 7 
[23:08:31.98] /j ::xt::hercules::vue::addPolygonPoints {-7.095 -1.725 -7.095 -2.390 -7.090 -2.390 -7.090 -2.445 -7.195 -2.445 -7.195 -1.725 -7.095 -1.725 } 
[23:08:31.98] /j ::xt::hercules::vue::addPolygonEnd 
[23:08:31.99] /j ::xt::hercules::vue::drawHighlights dff layout all 
[23:08:32.01] /j ::xt::hercules::vue::setViewPort extents {-7.208 -2.535 -7.077 -1.635} LAY 
[23:08:34.07] /# gi::executeAction deSelectActive -in [gi::getWindows 11]
[23:08:34.07] /i de::deselectAll [db::getNext [de::getContexts -window 11]]
[23:08:34.07] /i de::select [de::getActiveFigure [gi::getWindows 11] -point {-6.776 -2.245} -index 0 -intent none]
[23:08:34.07] /o oa:0x25cd6db0
[23:08:52.37] /# gi::executeAction deCanvasZoomOutAtPoint -in [gi::getWindows 11]
[23:08:52.37] /i de::zoom -window [gi::getWindows 11] -factor 0.5 -center {-6.851 -2.155}
[23:08:52.37] /o {-9.355 -2.915} {-5.513 -1.115}
[23:08:52.49] /# gi::executeAction deCanvasZoomOutAtPoint -in [gi::getWindows 11]
[23:08:52.49] /i de::zoom -window [gi::getWindows 11] -factor 0.5 -center {-6.851 -2.154}
[23:08:52.49] /o {-11.859 -3.676} {-4.175 -0.076}
[23:08:54.53] /# gi::executeAction deCanvasZoomInAtPoint -in [gi::getWindows 11]
[23:08:54.53] /i de::zoom -window [gi::getWindows 11] -factor 2.0 -center {-6.405 -2.106}
[23:08:54.54] /o {-9.132 -2.891} {-5.29 -1.091}
[23:09:50.29] /j ::xt::hercules::vue::clearAllHighlights dff layout 
[23:09:50.31] /j ::xt::hercules::vue::clearAllHighlights dff layout 
[23:09:50.32] /j ::xt::hercules::vue::setHighlightProperty dff layout lime brick 
[23:09:50.32] /j ::xt::hercules::vue::addPolygonBegin 7 
[23:09:50.38] /j ::xt::hercules::vue::addPolygonPoints {-5.055 -1.730 -5.055 -2.390 -5.045 -2.390 -5.045 -2.450 -5.155 -2.450 -5.155 -1.730 -5.055 -1.730 } 
[23:09:50.38] /j ::xt::hercules::vue::addPolygonEnd 
[23:09:50.38] /j ::xt::hercules::vue::drawHighlights dff layout all 
[23:09:50.41] /j ::xt::hercules::vue::setViewPort extents {-5.169 -2.540 -5.031 -1.640} LAY 
[23:09:50.43] /j ::xt::hercules::vue::clearAllHighlights dff schematic 
[23:09:50.48] /j ::xt::hercules::vue::clearAllHighlights dff schematic 
[23:09:50.48] /j ::xt::hercules::vue::clearAllHighlights dff schematic 
[23:09:50.48] /j ::xt::hercules::vue::setHighlightProperty dff schematic lime brick 
[23:09:50.48] /j ::xt::hercules::vue::drawSchHighlight XI20/MM2 device 
[23:09:50.55] /j ::xt::hercules::vue::clearAllHighlights dff schematic 
[23:09:50.55] /j ::xt::hercules::vue::clearAllHighlights dff schematic 
[23:09:50.55] /j ::xt::hercules::vue::clearAllHighlights dff schematic 
[23:09:50.58] /j ::xt::hercules::vue::setHighlightProperty dff schematic lime brick 
[23:09:50.61] /j ::xt::hercules::vue::drawSchHighlight XI20/MM2 device 
[23:09:50.76] /j ::xt::hercules::vue::clearAllHighlights dff layout 
[23:09:50.79] /j ::xt::hercules::vue::clearAllHighlights dff layout 
[23:09:50.81] /j ::xt::hercules::vue::setHighlightProperty dff layout lime brick 
[23:09:50.83] /j ::xt::hercules::vue::addPolygonBegin 7 
[23:09:50.88] /j ::xt::hercules::vue::addPolygonPoints {-5.055 -1.730 -5.055 -2.390 -5.045 -2.390 -5.045 -2.450 -5.155 -2.450 -5.155 -1.730 -5.055 -1.730 } 
[23:09:50.88] /j ::xt::hercules::vue::addPolygonEnd 
[23:09:50.88] /j ::xt::hercules::vue::drawHighlights dff layout all 
[23:09:50.91] /j ::xt::hercules::vue::setViewPort extents {-5.169 -2.540 -5.031 -1.640} LAY 
[23:09:52.87] /# gi::executeAction deSelectActive -in [gi::getWindows 11]
[23:09:52.87] /i de::deselectAll [db::getNext [de::getContexts -window 11]]
[23:09:52.87] /i de::select [de::getActiveFigure [gi::getWindows 11] -point {-4.753 -2.237} -index 0 -intent none]
[23:09:52.87] /o oa:0x20d31890
[23:11:40.59] /j ::xt::hercules::vue::clearAllHighlights dff layout 
[23:11:40.63] /j ::xt::hercules::vue::clearAllHighlights dff layout 
[23:11:40.64] /j ::xt::hercules::vue::setHighlightProperty dff layout lime brick 
[23:11:40.65] /j ::xt::hercules::vue::addPolygonBegin 7 
[23:11:40.70] /j ::xt::hercules::vue::addPolygonPoints {-4.035 -1.730 -4.035 -2.390 -4.030 -2.390 -4.030 -2.450 -4.135 -2.450 -4.135 -1.730 -4.035 -1.730 } 
[23:11:40.70] /j ::xt::hercules::vue::addPolygonEnd 
[23:11:40.70] /j ::xt::hercules::vue::drawHighlights dff layout all 
[23:11:40.72] /j ::xt::hercules::vue::setViewPort extents {-4.148 -2.540 -4.017 -1.640} LAY 
[23:11:40.75] /j ::xt::hercules::vue::clearAllHighlights dff schematic 
[23:11:40.77] /j ::xt::hercules::vue::clearAllHighlights dff schematic 
[23:11:40.78] /j ::xt::hercules::vue::clearAllHighlights dff schematic 
[23:11:40.81] /j ::xt::hercules::vue::setHighlightProperty dff schematic lime brick 
[23:11:40.82] /j ::xt::hercules::vue::drawSchHighlight XI21/MM2 device 
[23:11:41.02] /j ::xt::hercules::vue::clearAllHighlights dff schematic 
[23:11:41.04] /j ::xt::hercules::vue::clearAllHighlights dff schematic 
[23:11:41.06] /j ::xt::hercules::vue::clearAllHighlights dff schematic 
[23:11:41.08] /j ::xt::hercules::vue::setHighlightProperty dff schematic lime brick 
[23:11:41.10] /j ::xt::hercules::vue::drawSchHighlight XI21/MM2 device 
[23:11:41.14] /j ::xt::hercules::vue::clearAllHighlights dff layout 
[23:11:41.16] /j ::xt::hercules::vue::clearAllHighlights dff layout 
[23:11:41.19] /j ::xt::hercules::vue::setHighlightProperty dff layout lime brick 
[23:11:41.21] /j ::xt::hercules::vue::addPolygonBegin 7 
[23:11:41.24] /j ::xt::hercules::vue::addPolygonPoints {-4.035 -1.730 -4.035 -2.390 -4.030 -2.390 -4.030 -2.450 -4.135 -2.450 -4.135 -1.730 -4.035 -1.730 } 
[23:11:41.24] /j ::xt::hercules::vue::addPolygonEnd 
[23:11:41.24] /j ::xt::hercules::vue::drawHighlights dff layout all 
[23:11:41.26] /j ::xt::hercules::vue::setViewPort extents {-4.148 -2.540 -4.017 -1.640} LAY 
[23:11:44.54] /# gi::executeAction deSelectActive -in [gi::getWindows 11]
[23:11:44.54] /i de::deselectAll [db::getNext [de::getContexts -window 11]]
[23:11:44.54] /i de::select [de::getActiveFigure [gi::getWindows 11] -point {-3.755 -2.232} -index 0 -intent none]
[23:11:44.54] /o oa:0x20e9cb50
[23:11:46.66] /# gi::executeAction deCanvasZoomOutAtPoint -in [gi::getWindows 11]
[23:11:46.66] /i de::zoom -window [gi::getWindows 11] -factor 0.5 -center {-3.755 -2.232}
[23:11:46.66] /o {-6.331 -2.848} {-2.489 -1.048}
[23:11:48.59] /# gi::executeAction deCanvasZoomOutAtPoint -in [gi::getWindows 11]
[23:11:48.59] /i de::zoom -window [gi::getWindows 11] -factor 0.5 -center {-3.692 -2.246}
[23:11:48.59] /o {-8.97 -3.45} {-1.286 0.15}
[23:12:12.03] /# gi::executeAction deSelectActive -in [gi::getWindows 11]
[23:12:12.03] /i de::deselectAll [db::getNext [de::getContexts -window 11]]
[23:12:12.03] /i de::deselectAllLogic -context [db::getNext [de::getContexts -window 11]]
[23:12:12.81] /i gi::setActiveWindow 10
[23:12:12.81] /i gi::setActiveWindow 10 -raise true
[23:12:15.26] /# gi::executeAction deAddPoint -in [gi::getWindows 10]
[23:12:15.26] /i de::addPoint {8.175 1.21875} -context [db::getNext [de::getContexts -window 10]]
[23:12:15.49] /# gi::executeAction deCompleteShape -in [gi::getWindows 10]
[23:12:15.49] /i de::completeShape -context [db::getNext [de::getContexts -window 10]]
[23:12:17.31] /# gi::executeAction deAbortCommand -in [gi::getWindows 10]
[23:12:17.31] /i de::abortCommand -context [db::getNext [de::getContexts -window 10]]
[23:12:18.63] /# gi::executeAction deSelectActive -in [gi::getWindows 10]
[23:12:18.63] /i de::deselectAllLogic -context [db::getNext [de::getContexts -window 10]]
[23:12:19.01] /i gi::executeAction deCanvasDragCancel -in [gi::getWindows 10]
[23:12:24.55] /j ::xt::hercules::vue::clearAllHighlights dff layout 
[23:12:24.57] /j ::xt::hercules::vue::clearAllHighlights dff layout 
[23:12:24.59] /j ::xt::hercules::vue::setHighlightProperty dff layout lime brick 
[23:12:24.63] /j ::xt::hercules::vue::addPolygonBegin 7 
[23:12:24.63] /j ::xt::hercules::vue::addPolygonPoints {-5.055 -1.730 -5.055 -2.390 -5.045 -2.390 -5.045 -2.450 -5.155 -2.450 -5.155 -1.730 -5.055 -1.730 } 
[23:12:24.64] /j ::xt::hercules::vue::addPolygonEnd 
[23:12:24.64] /j ::xt::hercules::vue::drawHighlights dff layout all 
[23:12:24.66] /j ::xt::hercules::vue::setViewPort extents {-5.169 -2.540 -5.031 -1.640} LAY 
[23:12:24.70] /j ::xt::hercules::vue::clearAllHighlights dff schematic 
[23:12:24.73] /j ::xt::hercules::vue::clearAllHighlights dff schematic 
[23:12:24.75] /j ::xt::hercules::vue::clearAllHighlights dff schematic 
[23:12:24.80] /j ::xt::hercules::vue::setHighlightProperty dff schematic lime brick 
[23:12:24.82] /j ::xt::hercules::vue::drawSchHighlight XI20/MM2 device 
[23:12:24.89] /j ::xt::hercules::vue::clearAllHighlights dff schematic 
[23:12:24.91] /j ::xt::hercules::vue::clearAllHighlights dff schematic 
[23:12:24.92] /j ::xt::hercules::vue::clearAllHighlights dff schematic 
[23:12:25.01] /j ::xt::hercules::vue::setHighlightProperty dff schematic lime brick 
[23:12:25.02] /j ::xt::hercules::vue::drawSchHighlight XI20/MM2 device 
[23:12:25.08] /j ::xt::hercules::vue::clearAllHighlights dff layout 
[23:12:25.12] /j ::xt::hercules::vue::clearAllHighlights dff layout 
[23:12:25.14] /j ::xt::hercules::vue::setHighlightProperty dff layout lime brick 
[23:12:25.15] /j ::xt::hercules::vue::addPolygonBegin 7 
[23:12:25.21] /j ::xt::hercules::vue::addPolygonPoints {-5.055 -1.730 -5.055 -2.390 -5.045 -2.390 -5.045 -2.450 -5.155 -2.450 -5.155 -1.730 -5.055 -1.730 } 
[23:12:25.21] /j ::xt::hercules::vue::addPolygonEnd 
[23:12:25.22] /j ::xt::hercules::vue::drawHighlights dff layout all 
[23:12:25.26] /j ::xt::hercules::vue::setViewPort extents {-5.169 -2.540 -5.031 -1.640} LAY 
[23:12:26.18] /i gi::setActiveWindow 10
[23:12:26.18] /i gi::setActiveWindow 10 -raise true
[23:12:29.92] /j ::xt::hercules::vue::clearAllHighlights dff layout 
[23:12:29.95] /j ::xt::hercules::vue::clearAllHighlights dff layout 
[23:12:29.98] /j ::xt::hercules::vue::setHighlightProperty dff layout lime brick 
[23:12:30.00] /j ::xt::hercules::vue::addPolygonBegin 7 
[23:12:30.05] /j ::xt::hercules::vue::addPolygonPoints {-7.095 -1.725 -7.095 -2.390 -7.090 -2.390 -7.090 -2.445 -7.195 -2.445 -7.195 -1.725 -7.095 -1.725 } 
[23:12:30.06] /j ::xt::hercules::vue::addPolygonEnd 
[23:12:30.06] /j ::xt::hercules::vue::drawHighlights dff layout all 
[23:12:30.08] /j ::xt::hercules::vue::setViewPort extents {-7.208 -2.535 -7.077 -1.635} LAY 
[23:12:30.12] /j ::xt::hercules::vue::clearAllHighlights dff layout 
[23:12:30.14] /j ::xt::hercules::vue::clearAllHighlights dff layout 
[23:12:30.16] /j ::xt::hercules::vue::setHighlightProperty dff layout lime brick 
[23:12:30.18] /j ::xt::hercules::vue::addPolygonBegin 7 
[23:12:30.22] /j ::xt::hercules::vue::addPolygonPoints {-7.095 -1.725 -7.095 -2.390 -7.090 -2.390 -7.090 -2.445 -7.195 -2.445 -7.195 -1.725 -7.095 -1.725 } 
[23:12:30.22] /j ::xt::hercules::vue::addPolygonEnd 
[23:12:30.22] /j ::xt::hercules::vue::drawHighlights dff layout all 
[23:12:30.24] /j ::xt::hercules::vue::setViewPort extents {-7.208 -2.535 -7.077 -1.635} LAY 
[23:12:30.26] /j ::xt::hercules::vue::clearAllHighlights dff schematic 
[23:12:30.31] /j ::xt::hercules::vue::clearAllHighlights dff schematic 
[23:12:30.37] /j ::xt::hercules::vue::clearAllHighlights dff schematic 
[23:12:30.37] /j ::xt::hercules::vue::setHighlightProperty dff schematic lime brick 
[23:12:30.37] /j ::xt::hercules::vue::drawSchHighlight XI15/MM2 device 
[23:12:30.62] /j ::xt::hercules::vue::clearAllHighlights dff schematic 
[23:12:30.63] /j ::xt::hercules::vue::clearAllHighlights dff schematic 
[23:12:30.65] /j ::xt::hercules::vue::clearAllHighlights dff schematic 
[23:12:30.71] /j ::xt::hercules::vue::setHighlightProperty dff schematic lime brick 
[23:12:30.73] /j ::xt::hercules::vue::drawSchHighlight XI15/MM2 device 
[23:12:33.97] /j ::xt::hercules::vue::clearAllHighlights dff layout 
[23:12:34.01] /j ::xt::hercules::vue::clearAllHighlights dff layout 
[23:12:34.02] /j ::xt::hercules::vue::setHighlightProperty dff layout lime brick 
[23:12:34.04] /j ::xt::hercules::vue::addPolygonBegin 7 
[23:12:34.11] /j ::xt::hercules::vue::addPolygonPoints {-0.975 -1.730 -0.975 -2.380 -0.970 -2.380 -0.970 -2.450 -1.075 -2.450 -1.075 -1.730 -0.975 -1.730 } 
[23:12:34.11] /j ::xt::hercules::vue::addPolygonEnd 
[23:12:34.11] /j ::xt::hercules::vue::drawHighlights dff layout all 
[23:12:34.12] /j ::xt::hercules::vue::setViewPort extents {-1.088 -2.540 -0.957 -1.640} LAY 
[23:12:34.15] /j ::xt::hercules::vue::clearAllHighlights dff schematic 
[23:12:34.16] /j ::xt::hercules::vue::clearAllHighlights dff schematic 
[23:12:34.18] /j ::xt::hercules::vue::clearAllHighlights dff schematic 
[23:12:34.21] /j ::xt::hercules::vue::setHighlightProperty dff schematic lime brick 
[23:12:34.23] /j ::xt::hercules::vue::drawSchHighlight XI23/MM2 device 
[23:12:34.42] /j ::xt::hercules::vue::clearAllHighlights dff schematic 
[23:12:34.43] /j ::xt::hercules::vue::clearAllHighlights dff schematic 
[23:12:34.47] /j ::xt::hercules::vue::clearAllHighlights dff schematic 
[23:12:34.49] /j ::xt::hercules::vue::setHighlightProperty dff schematic lime brick 
[23:12:34.50] /j ::xt::hercules::vue::drawSchHighlight XI23/MM2 device 
[23:12:34.60] /j ::xt::hercules::vue::clearAllHighlights dff layout 
[23:12:34.63] /j ::xt::hercules::vue::clearAllHighlights dff layout 
[23:12:34.68] /j ::xt::hercules::vue::setHighlightProperty dff layout lime brick 
[23:12:34.70] /j ::xt::hercules::vue::addPolygonBegin 7 
[23:12:34.74] /j ::xt::hercules::vue::addPolygonPoints {-0.975 -1.730 -0.975 -2.380 -0.970 -2.380 -0.970 -2.450 -1.075 -2.450 -1.075 -1.730 -0.975 -1.730 } 
[23:12:34.79] /j ::xt::hercules::vue::addPolygonEnd 
[23:12:34.82] /j ::xt::hercules::vue::drawHighlights dff layout all 
[23:12:34.83] /j ::xt::hercules::vue::setViewPort extents {-1.088 -2.540 -0.957 -1.640} LAY 
[23:12:35.23] /i gi::setActiveWindow 10
[23:12:35.23] /i gi::setActiveWindow 10 -raise true
[23:12:42.08] /j ::xt::hercules::vue::clearAllHighlights dff schematic 
[23:12:42.11] /j ::xt::hercules::vue::clearAllHighlights dff schematic 
[23:12:42.13] /j ::xt::hercules::vue::clearAllHighlights dff schematic 
[23:12:42.16] /j ::xt::hercules::vue::setHighlightProperty dff schematic lime brick 
[23:12:42.21] /j ::xt::hercules::vue::drawSchHighlight XI20/MM2 device 
[23:12:42.36] /j ::xt::hercules::vue::clearAllHighlights dff schematic 
[23:12:42.39] /j ::xt::hercules::vue::clearAllHighlights dff schematic 
[23:12:42.40] /j ::xt::hercules::vue::clearAllHighlights dff schematic 
[23:12:42.43] /j ::xt::hercules::vue::setHighlightProperty dff schematic lime brick 
[23:12:42.47] /j ::xt::hercules::vue::drawSchHighlight XI20/MM2 device 
[23:12:42.53] /j ::xt::hercules::vue::clearAllHighlights dff layout 
[23:12:42.55] /j ::xt::hercules::vue::clearAllHighlights dff layout 
[23:12:42.61] /j ::xt::hercules::vue::setHighlightProperty dff layout lime brick 
[23:12:42.64] /j ::xt::hercules::vue::addPolygonBegin 7 
[23:12:42.72] /j ::xt::hercules::vue::addPolygonPoints {-5.055 -1.730 -5.055 -2.390 -5.045 -2.390 -5.045 -2.450 -5.155 -2.450 -5.155 -1.730 -5.055 -1.730 } 
[23:12:42.72] /j ::xt::hercules::vue::addPolygonEnd 
[23:12:42.72] /j ::xt::hercules::vue::drawHighlights dff layout all 
[23:12:42.76] /j ::xt::hercules::vue::setViewPort extents {-5.169 -2.540 -5.031 -1.640} LAY 
[23:12:42.80] /j ::xt::hercules::vue::clearAllHighlights dff layout 
[23:12:42.82] /j ::xt::hercules::vue::clearAllHighlights dff layout 
[23:12:42.84] /j ::xt::hercules::vue::setHighlightProperty dff layout lime brick 
[23:12:42.86] /j ::xt::hercules::vue::addPolygonBegin 7 
[23:12:42.92] /j ::xt::hercules::vue::addPolygonPoints {-5.055 -1.730 -5.055 -2.390 -5.045 -2.390 -5.045 -2.450 -5.155 -2.450 -5.155 -1.730 -5.055 -1.730 } 
[23:12:42.92] /j ::xt::hercules::vue::addPolygonEnd 
[23:12:42.92] /j ::xt::hercules::vue::drawHighlights dff layout all 
[23:12:42.98] /j ::xt::hercules::vue::setViewPort extents {-5.169 -2.540 -5.031 -1.640} LAY 
[23:12:44.11] /i gi::setActiveWindow 10
[23:12:44.11] /i gi::setActiveWindow 10 -raise true
[23:12:49.66] /j ::xt::hercules::vue::clearAllHighlights dff layout 
[23:12:49.67] /j ::xt::hercules::vue::clearAllHighlights dff layout 
[23:12:49.70] /j ::xt::hercules::vue::setHighlightProperty dff layout lime brick 
[23:12:49.72] /j ::xt::hercules::vue::addPolygonBegin 7 
[23:12:49.79] /j ::xt::hercules::vue::addPolygonPoints {-4.035 -1.730 -4.035 -2.390 -4.030 -2.390 -4.030 -2.450 -4.135 -2.450 -4.135 -1.730 -4.035 -1.730 } 
[23:12:49.83] /j ::xt::hercules::vue::addPolygonEnd 
[23:12:49.83] /j ::xt::hercules::vue::drawHighlights dff layout all 
[23:12:49.87] /j ::xt::hercules::vue::setViewPort extents {-4.148 -2.540 -4.017 -1.640} LAY 
[23:12:49.91] /j ::xt::hercules::vue::clearAllHighlights dff layout 
[23:12:49.92] /j ::xt::hercules::vue::clearAllHighlights dff layout 
[23:12:49.92] /j ::xt::hercules::vue::setHighlightProperty dff layout lime brick 
[23:12:49.95] /j ::xt::hercules::vue::addPolygonBegin 7 
[23:12:49.98] /j ::xt::hercules::vue::addPolygonPoints {-4.035 -1.730 -4.035 -2.390 -4.030 -2.390 -4.030 -2.450 -4.135 -2.450 -4.135 -1.730 -4.035 -1.730 } 
[23:12:49.98] /j ::xt::hercules::vue::addPolygonEnd 
[23:12:49.99] /j ::xt::hercules::vue::drawHighlights dff layout all 
[23:12:50.00] /j ::xt::hercules::vue::setViewPort extents {-4.148 -2.540 -4.017 -1.640} LAY 
[23:12:50.02] /j ::xt::hercules::vue::clearAllHighlights dff schematic 
[23:12:50.02] /j ::xt::hercules::vue::clearAllHighlights dff schematic 
[23:12:50.04] /j ::xt::hercules::vue::clearAllHighlights dff schematic 
[23:12:50.06] /j ::xt::hercules::vue::setHighlightProperty dff schematic lime brick 
[23:12:50.09] /j ::xt::hercules::vue::drawSchHighlight XI21/MM2 device 
[23:12:50.32] /j ::xt::hercules::vue::clearAllHighlights dff schematic 
[23:12:50.32] /j ::xt::hercules::vue::clearAllHighlights dff schematic 
[23:12:50.33] /j ::xt::hercules::vue::clearAllHighlights dff schematic 
[23:12:50.33] /j ::xt::hercules::vue::setHighlightProperty dff schematic lime brick 
[23:12:50.33] /j ::xt::hercules::vue::drawSchHighlight XI21/MM2 device 
[23:12:53.54] /j ::xt::hercules::vue::clearAllHighlights dff schematic 
[23:12:53.57] /j ::xt::hercules::vue::clearAllHighlights dff schematic 
[23:12:53.60] /j ::xt::hercules::vue::clearAllHighlights dff schematic 
[23:12:53.60] /j ::xt::hercules::vue::setHighlightProperty dff schematic lime brick 
[23:12:53.62] /j ::xt::hercules::vue::drawSchHighlight XI22/MM2 device 
[23:12:53.70] /j ::xt::hercules::vue::clearAllHighlights dff layout 
[23:12:53.72] /j ::xt::hercules::vue::clearAllHighlights dff layout 
[23:12:53.75] /j ::xt::hercules::vue::setHighlightProperty dff layout lime brick 
[23:12:53.77] /j ::xt::hercules::vue::addPolygonBegin 7 
[23:12:53.81] /j ::xt::hercules::vue::addPolygonPoints {0.045 -1.725 0.045 -2.375 0.050 -2.375 0.050 -2.445 -0.055 -2.445 -0.055 -1.725 0.045 -1.725 } 
[23:12:53.81] /j ::xt::hercules::vue::addPolygonEnd 
[23:12:53.81] /j ::xt::hercules::vue::drawHighlights dff layout all 
[23:12:53.83] /j ::xt::hercules::vue::setViewPort extents {-0.068 -2.535 0.063 -1.635} LAY 
[23:12:53.85] /j ::xt::hercules::vue::clearAllHighlights dff layout 
[23:12:53.87] /j ::xt::hercules::vue::clearAllHighlights dff layout 
[23:12:53.89] /j ::xt::hercules::vue::setHighlightProperty dff layout lime brick 
[23:12:53.91] /j ::xt::hercules::vue::addPolygonBegin 7 
[23:12:53.94] /j ::xt::hercules::vue::addPolygonPoints {0.045 -1.725 0.045 -2.375 0.050 -2.375 0.050 -2.445 -0.055 -2.445 -0.055 -1.725 0.045 -1.725 } 
[23:12:53.97] /j ::xt::hercules::vue::addPolygonEnd 
[23:12:53.97] /j ::xt::hercules::vue::drawHighlights dff layout all 
[23:12:54.01] /j ::xt::hercules::vue::setViewPort extents {-0.068 -2.535 0.063 -1.635} LAY 
[23:12:54.02] /j ::xt::hercules::vue::clearAllHighlights dff schematic 
[23:12:54.02] /j ::xt::hercules::vue::clearAllHighlights dff schematic 
[23:12:54.05] /j ::xt::hercules::vue::clearAllHighlights dff schematic 
[23:12:54.10] /j ::xt::hercules::vue::setHighlightProperty dff schematic lime brick 
[23:12:54.12] /j ::xt::hercules::vue::drawSchHighlight XI22/MM2 device 
[23:12:57.47] /j ::xt::hercules::vue::clearAllHighlights dff layout 
[23:12:57.50] /j ::xt::hercules::vue::clearAllHighlights dff layout 
[23:12:57.53] /j ::xt::hercules::vue::setHighlightProperty dff layout lime brick 
[23:12:57.57] /j ::xt::hercules::vue::addPolygonBegin 7 
[23:12:57.60] /j ::xt::hercules::vue::addPolygonPoints {-0.975 -1.730 -0.975 -2.380 -0.970 -2.380 -0.970 -2.450 -1.075 -2.450 -1.075 -1.730 -0.975 -1.730 } 
[23:12:57.60] /j ::xt::hercules::vue::addPolygonEnd 
[23:12:57.61] /j ::xt::hercules::vue::drawHighlights dff layout all 
[23:12:57.66] /j ::xt::hercules::vue::setViewPort extents {-1.088 -2.540 -0.957 -1.640} LAY 
[23:12:57.69] /j ::xt::hercules::vue::clearAllHighlights dff layout 
[23:12:57.72] /j ::xt::hercules::vue::clearAllHighlights dff layout 
[23:12:57.73] /j ::xt::hercules::vue::setHighlightProperty dff layout lime brick 
[23:12:57.75] /j ::xt::hercules::vue::addPolygonBegin 7 
[23:12:57.78] /j ::xt::hercules::vue::addPolygonPoints {-0.975 -1.730 -0.975 -2.380 -0.970 -2.380 -0.970 -2.450 -1.075 -2.450 -1.075 -1.730 -0.975 -1.730 } 
[23:12:57.79] /j ::xt::hercules::vue::addPolygonEnd 
[23:12:57.79] /j ::xt::hercules::vue::drawHighlights dff layout all 
[23:12:57.79] /j ::xt::hercules::vue::setViewPort extents {-1.088 -2.540 -0.957 -1.640} LAY 
[23:12:57.81] /j ::xt::hercules::vue::clearAllHighlights dff schematic 
[23:12:57.83] /j ::xt::hercules::vue::clearAllHighlights dff schematic 
[23:12:57.88] /j ::xt::hercules::vue::clearAllHighlights dff schematic 
[23:12:57.88] /j ::xt::hercules::vue::setHighlightProperty dff schematic lime brick 
[23:12:57.91] /j ::xt::hercules::vue::drawSchHighlight XI23/MM2 device 
[23:12:58.04] /j ::xt::hercules::vue::clearAllHighlights dff schematic 
[23:12:58.05] /j ::xt::hercules::vue::clearAllHighlights dff schematic 
[23:12:58.07] /j ::xt::hercules::vue::clearAllHighlights dff schematic 
[23:12:58.09] /j ::xt::hercules::vue::setHighlightProperty dff schematic lime brick 
[23:12:58.13] /j ::xt::hercules::vue::drawSchHighlight XI23/MM2 device 
[23:13:01.64] /j ::xt::hercules::vue::clearAllHighlights dff layout 
[23:13:01.67] /j ::xt::hercules::vue::clearAllHighlights dff layout 
[23:13:01.70] /j ::xt::hercules::vue::setHighlightProperty dff layout lime brick 
[23:13:01.73] /j ::xt::hercules::vue::addPolygonBegin 7 
[23:13:01.76] /j ::xt::hercules::vue::addPolygonPoints {-7.095 -1.725 -7.095 -2.390 -7.090 -2.390 -7.090 -2.445 -7.195 -2.445 -7.195 -1.725 -7.095 -1.725 } 
[23:13:01.76] /j ::xt::hercules::vue::addPolygonEnd 
[23:13:01.76] /j ::xt::hercules::vue::drawHighlights dff layout all 
[23:13:01.79] /j ::xt::hercules::vue::setViewPort extents {-7.208 -2.535 -7.077 -1.635} LAY 
[23:13:01.82] /j ::xt::hercules::vue::clearAllHighlights dff schematic 
[23:13:01.82] /j ::xt::hercules::vue::clearAllHighlights dff schematic 
[23:13:01.84] /j ::xt::hercules::vue::clearAllHighlights dff schematic 
[23:13:01.86] /j ::xt::hercules::vue::setHighlightProperty dff schematic lime brick 
[23:13:01.91] /j ::xt::hercules::vue::drawSchHighlight XI15/MM2 device 
[23:13:05.91] /j ::xt::hercules::vue::clearAllHighlights dff schematic 
[23:13:05.93] /j ::xt::hercules::vue::clearAllHighlights dff schematic 
[23:13:05.96] /j ::xt::hercules::vue::clearAllHighlights dff schematic 
[23:13:06.02] /j ::xt::hercules::vue::setHighlightProperty dff schematic lime brick 
[23:13:06.04] /j ::xt::hercules::vue::drawSchHighlight XI20/MM2 device 
[23:13:06.13] /j ::xt::hercules::vue::clearAllHighlights dff layout 
[23:13:06.14] /j ::xt::hercules::vue::clearAllHighlights dff layout 
[23:13:06.18] /j ::xt::hercules::vue::setHighlightProperty dff layout lime brick 
[23:13:06.23] /j ::xt::hercules::vue::addPolygonBegin 7 
[23:13:06.23] /j ::xt::hercules::vue::addPolygonPoints {-5.055 -1.730 -5.055 -2.390 -5.045 -2.390 -5.045 -2.450 -5.155 -2.450 -5.155 -1.730 -5.055 -1.730 } 
[23:13:06.23] /j ::xt::hercules::vue::addPolygonEnd 
[23:13:06.24] /j ::xt::hercules::vue::drawHighlights dff layout all 
[23:13:06.24] /j ::xt::hercules::vue::setViewPort extents {-5.169 -2.540 -5.031 -1.640} LAY 
[23:13:06.88] /i gi::setActiveWindow 10
[23:13:06.88] /i gi::setActiveWindow 10 -raise true
[23:14:00.16] /# gi::executeAction deSelectActive -in [gi::getWindows 10]
[23:14:00.16] /i de::deselectAllLogic -context [db::getNext [de::getContexts -window 10]]
[23:14:07.75] /i gi::setActiveWindow 11
[23:14:07.75] /i gi::setActiveWindow 11 -raise true
[23:14:08.85] /# gi::executeAction deCanvasZoomOutAtPoint -in [gi::getWindows 11]
[23:14:08.85] /i de::zoom -window [gi::getWindows 11] -factor 0.5 -center {-4.894 -1.892}
[23:14:08.87] /o {-7.227 -3.188} {-3.385 -1.388}
[23:14:09.35] /# gi::executeAction deCanvasZoomOutAtPoint -in [gi::getWindows 11]
[23:14:09.35] /i de::zoom -window [gi::getWindows 11] -factor 0.5 -center {-4.891 -1.892}
[23:14:09.35] /o {-9.563 -4.484} {-1.879 -0.884}
[23:14:14.92] /# gi::executeAction deCanvasZoomInAtPoint -in [gi::getWindows 11]
[23:14:14.93] /i de::zoom -window [gi::getWindows 11] -factor 2.0 -center {-4.515 -2.254}
[23:14:14.93] /o {-7.039 -3.369} {-3.197 -1.569}
[23:14:17.17] /# gi::executeAction deCanvasZoomInAtPoint -in [gi::getWindows 11]
[23:14:17.17] /i de::zoom -window [gi::getWindows 11] -factor 2.0 -center {-4.515 -2.254}
[23:14:17.17] /o {-5.777 -2.811} {-3.856 -1.911}
[23:14:17.96] /# gi::executeAction deCanvasZoomOutAtPoint -in [gi::getWindows 11]
[23:14:17.96] /i de::zoom -window [gi::getWindows 11] -factor 0.5 -center {-4.515 -2.254}
[23:14:17.96] /o {-7.039 -3.369} {-3.197 -1.569}
[23:14:19.09] /# gi::executeAction deCanvasZoomInAtPoint -in [gi::getWindows 11]
[23:14:19.09] /i de::zoom -window [gi::getWindows 11] -factor 2.0 -center {-3.471 -2.068}
[23:14:19.09] /o {-5.255 -2.718} {-3.334 -1.818}
[23:14:20.72] /# gi::executeAction leRuler -in [gi::getWindows 11]
[23:14:20.72] /i ile::createRuler
[23:14:22.39] /# gi::executeAction deAddPoint -in [gi::getWindows 11]
[23:14:22.39] /i de::addPoint {-4.354 -2.19} -context [db::getNext [de::getContexts -window 11]]
[23:14:27.24] /# gi::executeAction deAbortCommand -in [gi::getWindows 11]
[23:14:27.24] /i de::abortCommand -context [db::getNext [de::getContexts -window 11]]
[23:14:29.52] /# gi::executeAction leRuler -in [gi::getWindows 11]
[23:14:29.52] /i ile::createRuler
[23:14:32.90] /# gi::executeAction deAddPoint -in [gi::getWindows 11]
[23:14:32.90] /i de::addPoint {-4.486 -2.246} -context [db::getNext [de::getContexts -window 11]]
[23:14:41.84] /# gi::executeAction deAbortCommand -in [gi::getWindows 11]
[23:14:41.84] /i de::abortCommand -context [db::getNext [de::getContexts -window 11]]
[23:14:56.64] /# gi::executeAction deCanvasZoomOutAtPoint -in [gi::getWindows 11]
[23:14:56.64] /i de::zoom -window [gi::getWindows 11] -factor 0.5 -center {-3.571 -2.313}
[23:14:56.64] /o {-6.939 -3.124} {-3.097 -1.324}
[23:14:58.36] /w Warning: Nothing is bound to the 'Meta-Shift-s' in the current active set. (WINDOW-015)
[23:16:09.35] /# gi::executeAction deSelectActive -in [gi::getWindows 11]
[23:16:09.35] /i de::deselectAll [db::getNext [de::getContexts -window 11]]
[23:16:09.35] /i de::select [de::getActiveFigure [gi::getWindows 11] -point {-4.738 -1.471} -index 0 -intent none]
[23:16:09.35] /o oa:0x24d6dfe0
[23:16:10.31] /# gi::executeAction deSelectActive -in [gi::getWindows 11]
[23:16:10.31] /i de::deselectAll [db::getNext [de::getContexts -window 11]]
[23:16:10.31] /i de::select [de::getActiveFigure [gi::getWindows 11] -point {-5.117 -1.948} -index 0 -intent none]
[23:16:10.31] /o oa:0x1c87a350
[23:16:11.69] /# gi::executeAction deCanvasZoomInAtPoint -in [gi::getWindows 11]
[23:16:11.69] /i de::zoom -window [gi::getWindows 11] -factor 2.0 -center {-5.117 -1.948}
[23:16:11.69] /o {-6.028 -2.536} {-4.107 -1.636}
[23:16:13.42] /# gi::executeAction deCanvasZoomOutAtPoint -in [gi::getWindows 11]
[23:16:13.42] /i de::zoom -window [gi::getWindows 11] -factor 0.5 -center {-5.101 -1.978}
[23:16:13.42] /o {-6.955 -3.094} {-3.113 -1.294}
[23:16:14.24] /# gi::executeAction deCanvasZoomInAtPoint -in [gi::getWindows 11]
[23:16:14.24] /i de::zoom -window [gi::getWindows 11] -factor 2.0 -center {-5.084 -2.035}
[23:16:14.25] /o {-6.02 -2.564} {-4.098 -1.664}
[23:16:17.45] /# gi::executeAction leRuler -in [gi::getWindows 11]
[23:16:17.45] /i ile::createRuler
[23:16:18.74] /# gi::executeAction deAddPoint -in [gi::getWindows 11]
[23:16:18.74] /i de::addPoint {-5.116 -1.732} -context [db::getNext [de::getContexts -window 11]]
[23:16:26.80] /# gi::executeAction deAddPoint -in [gi::getWindows 11]
[23:16:26.80] /i de::addPoint {-5.073 -2.451} -context [db::getNext [de::getContexts -window 11]]
[23:16:36.64] /j ::xt::hercules::vue::clearAllHighlights dff layout 
[23:16:36.67] /j ::xt::hercules::vue::clearAllHighlights dff layout 
[23:16:36.69] /j ::xt::hercules::vue::setHighlightProperty dff layout lime brick 
[23:16:36.70] /j ::xt::hercules::vue::addPolygonBegin 7 
[23:16:36.75] /j ::xt::hercules::vue::addPolygonPoints {-4.035 -1.730 -4.035 -2.390 -4.030 -2.390 -4.030 -2.450 -4.135 -2.450 -4.135 -1.730 -4.035 -1.730 } 
[23:16:36.75] /j ::xt::hercules::vue::addPolygonEnd 
[23:16:36.75] /j ::xt::hercules::vue::drawHighlights dff layout all 
[23:16:36.77] /j ::xt::hercules::vue::setViewPort extents {-4.148 -2.540 -4.017 -1.640} LAY 
[23:16:36.81] /j ::xt::hercules::vue::clearAllHighlights dff schematic 
[23:16:36.82] /j ::xt::hercules::vue::clearAllHighlights dff schematic 
[23:16:36.83] /j ::xt::hercules::vue::clearAllHighlights dff schematic 
[23:16:36.87] /j ::xt::hercules::vue::setHighlightProperty dff schematic lime brick 
[23:16:36.89] /j ::xt::hercules::vue::drawSchHighlight XI21/MM2 device 
[23:16:36.95] /j ::xt::hercules::vue::clearAllHighlights dff schematic 
[23:16:36.97] /j ::xt::hercules::vue::clearAllHighlights dff schematic 
[23:16:36.99] /j ::xt::hercules::vue::clearAllHighlights dff schematic 
[23:16:37.01] /j ::xt::hercules::vue::setHighlightProperty dff schematic lime brick 
[23:16:37.05] /j ::xt::hercules::vue::drawSchHighlight XI21/MM2 device 
[23:16:37.17] /j ::xt::hercules::vue::clearAllHighlights dff layout 
[23:16:37.19] /j ::xt::hercules::vue::clearAllHighlights dff layout 
[23:16:37.21] /j ::xt::hercules::vue::setHighlightProperty dff layout lime brick 
[23:16:37.22] /j ::xt::hercules::vue::addPolygonBegin 7 
[23:16:37.25] /j ::xt::hercules::vue::addPolygonPoints {-4.035 -1.730 -4.035 -2.390 -4.030 -2.390 -4.030 -2.450 -4.135 -2.450 -4.135 -1.730 -4.035 -1.730 } 
[23:16:37.25] /j ::xt::hercules::vue::addPolygonEnd 
[23:16:37.25] /j ::xt::hercules::vue::drawHighlights dff layout all 
[23:16:37.32] /j ::xt::hercules::vue::setViewPort extents {-4.148 -2.540 -4.017 -1.640} LAY 
[23:16:40.67] /# gi::executeAction leRuler -in [gi::getWindows 11]
[23:16:40.67] /i ile::createRuler
[23:16:42.63] /# gi::executeAction deAddPoint -in [gi::getWindows 11]
[23:16:42.63] /i de::addPoint {-4.09 -1.732} -context [db::getNext [de::getContexts -window 11]]
[23:16:51.53] /# gi::executeAction deAddPoint -in [gi::getWindows 11]
[23:16:51.53] /i de::addPoint {-4.056 -2.448} -context [db::getNext [de::getContexts -window 11]]
[23:16:54.21] /# gi::executeAction deAbortCommand -in [gi::getWindows 11]
[23:16:54.21] /i de::abortCommand -context [db::getNext [de::getContexts -window 11]]
[23:16:58.52] /j ::xt::hercules::vue::clearAllHighlights dff layout 
[23:16:58.53] /j ::xt::hercules::vue::clearAllHighlights dff layout 
[23:16:58.57] /j ::xt::hercules::vue::setHighlightProperty dff layout lime brick 
[23:16:58.61] /j ::xt::hercules::vue::addPolygonBegin 7 
[23:16:58.61] /j ::xt::hercules::vue::addPolygonPoints {0.045 -1.725 0.045 -2.375 0.050 -2.375 0.050 -2.445 -0.055 -2.445 -0.055 -1.725 0.045 -1.725 } 
[23:16:58.61] /j ::xt::hercules::vue::addPolygonEnd 
[23:16:58.61] /j ::xt::hercules::vue::drawHighlights dff layout all 
[23:16:58.64] /j ::xt::hercules::vue::setViewPort extents {-0.068 -2.535 0.063 -1.635} LAY 
[23:16:58.67] /j ::xt::hercules::vue::clearAllHighlights dff schematic 
[23:16:58.70] /j ::xt::hercules::vue::clearAllHighlights dff schematic 
[23:16:58.72] /j ::xt::hercules::vue::clearAllHighlights dff schematic 
[23:16:58.72] /j ::xt::hercules::vue::setHighlightProperty dff schematic lime brick 
[23:16:58.72] /j ::xt::hercules::vue::drawSchHighlight XI22/MM2 device 
[23:16:58.77] /j ::xt::hercules::vue::clearAllHighlights dff schematic 
[23:16:58.80] /j ::xt::hercules::vue::clearAllHighlights dff schematic 
[23:16:58.81] /j ::xt::hercules::vue::clearAllHighlights dff schematic 
[23:16:58.89] /j ::xt::hercules::vue::setHighlightProperty dff schematic lime brick 
[23:16:58.89] /j ::xt::hercules::vue::drawSchHighlight XI22/MM2 device 
[23:16:58.93] /j ::xt::hercules::vue::clearAllHighlights dff layout 
[23:16:58.94] /j ::xt::hercules::vue::clearAllHighlights dff layout 
[23:16:58.94] /j ::xt::hercules::vue::setHighlightProperty dff layout lime brick 
[23:16:58.94] /j ::xt::hercules::vue::addPolygonBegin 7 
[23:16:58.98] /j ::xt::hercules::vue::addPolygonPoints {0.045 -1.725 0.045 -2.375 0.050 -2.375 0.050 -2.445 -0.055 -2.445 -0.055 -1.725 0.045 -1.725 } 
[23:16:58.98] /j ::xt::hercules::vue::addPolygonEnd 
[23:16:58.98] /j ::xt::hercules::vue::drawHighlights dff layout all 
[23:16:59.07] /j ::xt::hercules::vue::setViewPort extents {-0.068 -2.535 0.063 -1.635} LAY 
[23:17:02.14] /# gi::executeAction leRuler -in [gi::getWindows 11]
[23:17:02.15] /i ile::createRuler
[23:17:03.28] /# gi::executeAction deCanvasZoomInAtPoint -in [gi::getWindows 11]
[23:17:03.28] /i de::zoom -window [gi::getWindows 11] -factor 2.0 -center {-0.018 -1.732}
[23:17:03.28] /o {-0.491 -2.133} {0.47 -1.683}
[23:17:04.67] /# gi::executeAction deAddPoint -in [gi::getWindows 11]
[23:17:04.67] /i de::addPoint {-0.015 -1.726} -context [db::getNext [de::getContexts -window 11]]
[23:17:05.38] /# gi::executeAction deCanvasZoomOutAtPoint -in [gi::getWindows 11]
[23:17:05.38] /i de::zoom -window [gi::getWindows 11] -factor 0.5 -center {-0.012 -1.875}
[23:17:05.38] /o {-0.969 -2.392} {0.952 -1.492}
[23:17:09.47] /# gi::executeAction dePan -in [gi::getWindows 11]
[23:17:09.47] /i ide::pan [db::getNext [de::getContexts -window 11]]
[23:17:10.45] /# gi::executeAction deStartDrag -in [gi::getWindows 11]
[23:17:10.45] /i de::startDrag {0.392 -2.229} -context [db::getNext [de::getContexts -window 11]]
[23:17:11.94] /# gi::executeAction deEndDrag -in [gi::getWindows 11]
[23:17:11.94] /i de::endDrag {0.392 -2.228} -context [db::getNext [de::getContexts -window 11]]
[23:17:11.94] /r dePanToPoint {-0.004 -2.064}
[23:17:12.51] /# gi::executeAction leRuler -in [gi::getWindows 11]
[23:17:12.51] /i ile::createRuler
[23:17:18.90] /# gi::executeAction deAddPoint -in [gi::getWindows 11]
[23:17:18.90] /i de::addPoint {0.056 -2.447} -context [db::getNext [de::getContexts -window 11]]
[23:17:20.61] /# gi::executeAction deAbortCommand -in [gi::getWindows 11]
[23:17:20.61] /i de::abortCommand -context [db::getNext [de::getContexts -window 11]]
[23:17:21.08] /# gi::executeAction deCanvasZoomInAtPoint -in [gi::getWindows 11]
[23:17:21.08] /i de::zoom -window [gi::getWindows 11] -factor 2.0 -center {0.129 -2.371}
[23:17:21.09] /o {-0.418 -2.443} {0.542 -1.993}
[23:17:21.16] /# gi::executeAction deCanvasZoomInAtPoint -in [gi::getWindows 11]
[23:17:21.16] /i de::zoom -window [gi::getWindows 11] -factor 2.0 -center {0.129 -2.371}
[23:17:21.16] /o {-0.145 -2.407} {0.336 -2.182}
[23:17:22.55] /# gi::executeAction leMove -in [gi::getWindows 11]
[23:17:22.55] /i ile::move
[23:17:23.32] /# gi::executeAction deStartDrag -in [gi::getWindows 11]
[23:17:23.32] /i de::startDrag {0.083 -2.362} -context [db::getNext [de::getContexts -window 11]]
[23:17:24.47] /# gi::executeAction deEndDrag -in [gi::getWindows 11]
[23:17:24.47] /i de::endDrag {0.102 -2.319} -context [db::getNext [de::getContexts -window 11]]
[23:17:25.18] /# gi::executeAction deAbortCommand -in [gi::getWindows 11]
[23:17:25.18] /i de::abortCommand -context [db::getNext [de::getContexts -window 11]]
[23:17:26.19] /# gi::executeAction dePan -in [gi::getWindows 11]
[23:17:26.19] /i ide::pan [db::getNext [de::getContexts -window 11]]
[23:17:26.67] /# gi::executeAction deStartDrag -in [gi::getWindows 11]
[23:17:26.67] /i de::startDrag {0.074 -2.346} -context [db::getNext [de::getContexts -window 11]]
[23:17:27.74] /# gi::executeAction deEndDrag -in [gi::getWindows 11]
[23:17:27.74] /i de::endDrag {0.074 -2.345} -context [db::getNext [de::getContexts -window 11]]
[23:17:27.74] /r dePanToPoint {0.054 -2.412}
[23:17:28.27] /# gi::executeAction deCanvasZoomInAtPoint -in [gi::getWindows 11]
[23:17:28.27] /i de::zoom -window [gi::getWindows 11] -factor 2.0 -center {-0.021 -2.481}
[23:17:28.27] /o {-0.103 -2.503} {0.137 -2.39}
[23:17:28.39] /# gi::executeAction deCanvasZoomInAtPoint -in [gi::getWindows 11]
[23:17:28.41] /i de::zoom -window [gi::getWindows 11] -factor 2.0 -center {-0.021 -2.481}
[23:17:28.41] /o {-0.062 -2.492} {0.058 -2.436}
[23:17:29.48] /# gi::executeAction deStartDrag -in [gi::getWindows 11]
[23:17:29.48] /i de::startDrag {-0.012 -2.454} -context [db::getNext [de::getContexts -window 11]]
[23:17:30.37] /# gi::executeAction deEndDrag -in [gi::getWindows 11]
[23:17:30.37] /i de::endDrag {-0.012 -2.454} -context [db::getNext [de::getContexts -window 11]]
[23:17:30.37] /r dePanToPoint {-0.003 -2.455}
[23:17:31.80] /# gi::executeAction deCanvasZoomInAtPoint -in [gi::getWindows 11]
[23:17:31.81] /i de::zoom -window [gi::getWindows 11] -factor 2.0 -center {-0.012 -2.445}
[23:17:31.81] /o {-0.038 -2.464} {0.022 -2.436}
[23:17:32.27] /# gi::executeAction deCanvasZoomInAtPoint -in [gi::getWindows 11]
[23:17:32.27] /i de::zoom -window [gi::getWindows 11] -factor 2.0 -center {-0.012 -2.445}
[23:17:32.27] /o {-0.035 -2.462} {0.019 -2.437}
[23:17:32.34] /# gi::executeAction deCanvasZoomInAtPoint -in [gi::getWindows 11]
[23:17:32.34] /i de::zoom -window [gi::getWindows 11] -factor 2.0 -center {-0.012 -2.445}
[23:17:32.34] /o {-0.035 -2.462} {0.019 -2.437}
[23:17:32.75] /# gi::executeAction deCanvasZoomInAtPoint -in [gi::getWindows 11]
[23:17:32.75] /i de::zoom -window [gi::getWindows 11] -factor 2.0 -center {-0.016 -2.444}
[23:17:32.75] /o {-0.035 -2.462} {0.019 -2.437}
[23:17:32.84] /# gi::executeAction deCanvasZoomInAtPoint -in [gi::getWindows 11]
[23:17:32.85] /i de::zoom -window [gi::getWindows 11] -factor 2.0 -center {-0.016 -2.444}
[23:17:32.85] /o {-0.035 -2.462} {0.019 -2.437}
[23:17:32.91] /# gi::executeAction deCanvasZoomInAtPoint -in [gi::getWindows 11]
[23:17:32.91] /i de::zoom -window [gi::getWindows 11] -factor 2.0 -center {-0.016 -2.444}
[23:17:32.91] /o {-0.035 -2.462} {0.019 -2.437}
[23:17:33.16] /# gi::executeAction deCanvasZoomInAtPoint -in [gi::getWindows 11]
[23:17:33.16] /i de::zoom -window [gi::getWindows 11] -factor 2.0 -center {-0.015 -2.444}
[23:17:33.16] /o {-0.035 -2.462} {0.019 -2.437}
[23:17:33.21] /# gi::executeAction deCanvasZoomInAtPoint -in [gi::getWindows 11]
[23:17:33.21] /i de::zoom -window [gi::getWindows 11] -factor 2.0 -center {-0.015 -2.444}
[23:17:33.21] /o {-0.035 -2.462} {0.019 -2.437}
[23:17:33.23] /# gi::executeAction deCanvasZoomOutAtPoint -in [gi::getWindows 11]
[23:17:33.23] /i de::zoom -window [gi::getWindows 11] -factor 0.5 -center {-0.015 -2.444}
[23:17:33.23] /o {-0.054 -2.48} {0.052 -2.43}
[23:17:33.33] /# gi::executeAction deCanvasZoomInAtPoint -in [gi::getWindows 11]
[23:17:33.33] /i de::zoom -window [gi::getWindows 11] -factor 2.0 -center {-0.014 -2.444}
[23:17:33.33] /o {-0.034 -2.462} {0.019 -2.437}
[23:17:33.33] /# gi::executeAction deCanvasZoomOutAtPoint -in [gi::getWindows 11]
[23:17:33.33] /i de::zoom -window [gi::getWindows 11] -factor 0.5 -center {-0.014 -2.444}
[23:17:33.33] /o {-0.054 -2.48} {0.052 -2.43}
[23:17:35.02] /# gi::executeAction deCanvasZoomOutAtPoint -in [gi::getWindows 11]
[23:17:35.02] /i de::zoom -window [gi::getWindows 11] -factor 0.5 -center {-0.007 -2.445}
[23:17:35.02] /o {-0.102 -2.514} {0.112 -2.414}
[23:17:39.46] /# gi::executeAction deCanvasZoomOutAtPoint -in [gi::getWindows 11]
[23:17:39.46] /i de::zoom -window [gi::getWindows 11] -factor 0.5 -center {-0.004 -2.445}
[23:17:39.46] /o {-0.2 -2.584} {0.227 -2.384}
[23:17:40.79] /# gi::executeAction deCanvasZoomOutAtPoint -in [gi::getWindows 11]
[23:17:40.79] /i de::zoom -window [gi::getWindows 11] -factor 0.5 -center {0.023 -2.452}
[23:17:40.79] /o {-0.423 -2.716} {0.431 -2.316}
[23:17:42.88] /# gi::executeAction deAbortCommand -in [gi::getWindows 11]
[23:17:42.88] /i de::abortCommand -context [db::getNext [de::getContexts -window 11]]
[23:17:44.13] /i gi::executeAction deCanvasDragCancel -in [gi::getWindows 11]
[23:17:44.87] /# gi::executeAction deSelectActive -in [gi::getWindows 11]
[23:17:44.87] /i de::deselectAll [db::getNext [de::getContexts -window 11]]
[23:17:44.87] /i de::select [de::getActiveFigure [gi::getWindows 11] -point {0.089 -2.603} -index 0 -intent none]
[23:17:44.87] /o oa:0x1c900f50
[23:17:46.01] /# gi::executeAction deSelectActive -in [gi::getWindows 11]
[23:17:46.01] /i de::cycleActiveFigure [gi::getWindows 11] -direction next
[23:17:46.01] /o oa:0x20e2a6b0
[23:17:46.02] /i de::deselectAll [db::getNext [de::getContexts -window 11]]
[23:17:46.02] /i de::select [de::getActiveFigure [gi::getWindows 11] -point {0.087 -2.576} -index 1 -intent none]
[23:17:46.02] /o oa:0x254e3410
[23:17:46.74] /# gi::executeAction deSelectActive -in [gi::getWindows 11]
[23:17:46.74] /i de::cycleActiveFigure [gi::getWindows 11] -direction next
[23:17:46.74] /o oa:0x2079b590
[23:17:46.74] /i de::deselectAll [db::getNext [de::getContexts -window 11]]
[23:17:46.74] /i de::select [de::getActiveFigure [gi::getWindows 11] -point {0.093 -2.549} -index 1 -intent none]
[23:17:46.74] /o oa:0x2079b350
[23:17:47.54] /# gi::executeAction deSelectActive -in [gi::getWindows 11]
[23:17:47.54] /i de::cycleActiveFigure [gi::getWindows 11] -direction next
[23:17:47.54] /o oa:0x25690aa0
[23:17:47.54] /i de::cycleActiveFigure [gi::getWindows 11] -direction next
[23:17:47.54] /o oa:0x253eade0
[23:17:48.23] /# gi::executeAction deSelectActive -in [gi::getWindows 11]
[23:17:48.23] /i de::cycleActiveFigure [gi::getWindows 11] -direction next
[23:17:48.23] /o oa:0x25f5b720
[23:17:48.23] /i de::deselectAll [db::getNext [de::getContexts -window 11]]
[23:17:48.23] /i de::select [de::getActiveFigure [gi::getWindows 11] -point {0.09 -2.455} -index 1 -intent none]
[23:17:48.23] /o oa:0x2079bb90
[23:17:49.28] /# gi::executeAction deSelectActive -in [gi::getWindows 11]
[23:17:49.28] /i de::cycleActiveFigure [gi::getWindows 11] -direction next
[23:17:49.28] /o oa:0x2621c060
[23:17:49.28] /i de::cycleActiveFigure [gi::getWindows 11] -direction next
[23:17:49.28] /o oa:0x25883e60
[23:17:49.28] /i de::deselectAll [db::getNext [de::getContexts -window 11]]
[23:17:49.28] /i de::select [de::getActiveFigure [gi::getWindows 11] -point {0.094 -2.428} -index 2 -intent none]
[23:17:49.28] /o oa:0x25f778b0
[23:17:49.77] /# gi::executeAction deSelectActive -in [gi::getWindows 11]
[23:17:49.77] /i de::cycleActiveFigure [gi::getWindows 11] -direction next
[23:17:49.77] /o oa:0x25884000
[23:17:49.77] /i de::cycleActiveFigure [gi::getWindows 11] -direction next
[23:17:49.77] /o oa:0x25f5c820
[23:17:49.77] /i de::cycleActiveFigure [gi::getWindows 11] -direction next
[23:17:49.77] /o oa:0x25f5d6c0
[23:17:50.79] /# gi::executeAction leStretch -in [gi::getWindows 11]
[23:17:50.79] /i ile::stretch
[23:17:52.69] /# gi::executeAction deAddPoint -in [gi::getWindows 11]
[23:17:52.69] /i de::addPoint {0.08 -2.573} -context [db::getNext [de::getContexts -window 11]]
[23:17:56.97] /w Warning: Disabled optimizations for high-performance drags due to poor X server performance. To restore, review "Performance Tuning" in the documentation and call db::setPrefValue deEnableRuntimePixmaps -value true (RENDERER-005)
[23:17:57.35] /# gi::executeAction deAddPoint -in [gi::getWindows 11]
[23:17:57.35] /i de::addPoint {0.08 -2.55} -context [db::getNext [de::getContexts -window 11]]
[23:18:02.15] /# gi::executeAction deCanvasZoomInAtPoint -in [gi::getWindows 11]
[23:18:02.15] /i de::zoom -window [gi::getWindows 11] -factor 2.0 -center {0.017 -2.446}
[23:18:02.15] /o {-0.203 -2.581} {0.224 -2.381}
[23:18:03.77] /i gi::executeAction deCanvasDragCancel -in [gi::getWindows 11]
[23:18:04.28] /# gi::executeAction deCanvasZoomInAtPoint -in [gi::getWindows 11]
[23:18:04.28] /i de::zoom -window [gi::getWindows 11] -factor 2.0 -center {0.014 -2.452}
[23:18:04.28] /o {-0.094 -2.516} {0.119 -2.416}
[23:18:05.91] /# gi::executeAction deCanvasZoomOutAtPoint -in [gi::getWindows 11]
[23:18:05.91] /i de::zoom -window [gi::getWindows 11] -factor 0.5 -center {0.014 -2.452}
[23:18:05.91] /o {-0.203 -2.581} {0.224 -2.381}
[23:18:08.95] /# gi::executeAction leStretch -in [gi::getWindows 11]
[23:18:08.95] /i ile::stretch
[23:18:10.34] /# gi::executeAction deAddPoint -in [gi::getWindows 11]
[23:18:10.34] /i de::addPoint {0.077 -2.549} -context [db::getNext [de::getContexts -window 11]]
[23:18:24.31] /# gi::executeAction deAddPoint -in [gi::getWindows 11]
[23:18:24.31] /i de::addPoint {0.074 -2.573} -context [db::getNext [de::getContexts -window 11]]
[23:18:25.22] /# gi::executeAction deCanvasZoomInAtPoint -in [gi::getWindows 11]
[23:18:25.22] /i de::zoom -window [gi::getWindows 11] -factor 2.0 -center {-0.003 -2.438}
[23:18:25.22] /o {-0.103 -2.509} {0.111 -2.409}
[23:18:26.19] /# gi::executeAction deCanvasZoomOutAtPoint -in [gi::getWindows 11]
[23:18:26.20] /i de::zoom -window [gi::getWindows 11] -factor 0.5 -center {-0.003 -2.438}
[23:18:26.20] /o {-0.203 -2.581} {0.224 -2.381}
[23:18:26.78] /# gi::executeAction deCanvasZoomOutAtPoint -in [gi::getWindows 11]
[23:18:26.78] /i de::zoom -window [gi::getWindows 11] -factor 0.5 -center {-0.003 -2.438}
[23:18:26.78] /o {-0.403 -2.724} {0.451 -2.324}
[23:18:27.80] /i gi::executeAction deCanvasDragCancel -in [gi::getWindows 11]
[23:18:29.24] /i gi::executeAction deCanvasDragCancel -in [gi::getWindows 11]
[23:18:29.62] /i gi::executeAction deCanvasDragCancel -in [gi::getWindows 11]
[23:18:30.57] /i gi::executeAction deCanvasDragCancel -in [gi::getWindows 11]
[23:18:31.45] /i gi::executeAction deSaveDesign -in [gi::getWindows 11]
[23:18:31.45] /m Information: Saving design 'dff dff layout'. (DESIGN_WINDOW-004)
[23:18:32.74] /i gi::executeAction deSaveDesign -in [gi::getWindows 11]
[23:18:32.74] /m Information: Saving design 'dff dff layout'. (DESIGN_WINDOW-004)
[23:18:36.33] /j ::xt::hercules::vue::clearAllHighlights dff schematic 
[23:18:36.37] /j ::xt::hercules::vue::clearAllHighlights dff layout 
[23:18:36.63] /m Information: Connection closed with 'Hercules-VUE' running on 'localhost'.
[23:18:39.51] /i gi::executeAction deSaveDesign -in [gi::getWindows 11]
[23:18:39.51] /m Information: Saving design 'dff dff layout'. (DESIGN_WINDOW-004)
[23:18:43.98] /# gi::executeAction xtLVSRun -in [gi::getWindows 11]
[23:18:43.98] /i xt::physicalVerification::executeRun lvs 11
[23:18:44.49] /# xt::physicalVerification::executePve lvs 11
[23:18:46.22] /m Information: "Starting netlisting for design "dff/dff/schematic"..." (NETLISTING-010)
[23:18:46.25] /o No Design Integrity rule violations found in "dff/dff/schematic"
[23:18:46.39] /m Information: "Netlisting design "dff/dff/schematic" finished successfully." (NETLISTING-012)
[23:18:55.84] /m Information: 
              /c =============================
              /c JobID: hercules_lvs_19
              /c --- EXTRACT ERROR SUMMARY ---
              /c LAYOUT ERRORS RESULTS: CLEAN
              /c --- COMPARE ERROR SUMMARY ---
              /c Top block compare result: FAIL
              /c [dff != dff]
              /c > dff != dff (level = 0)
              /c =============================
              /c 
[23:18:56.79] /j ::xt::hercules::vue::_private::registerConnection localhost:39793 tcp58 herculesVue_10 
[23:18:56.84] /j ::xt::hercules::vue::_private::isJobReady 
[23:18:56.85] /o false
[23:18:57.85] /m Information: Connection established with 'Hercules-VUE' running on 'localhost'.
[23:18:57.85] /j ::xt::hercules::vue::_private::isJobReady 
[23:18:57.85] /o true
[23:18:57.85] /j ::xt::hercules::vue::startFilter LAY 
[23:18:57.87] /j ::xt::hercules::vue::startFilter SCH 
[23:18:58.45] /j ::xt::hercules::vue::setTopSchLib dff 
[23:18:58.47] /j ::xt::hercules::vue::setInlibPath /root/Excercise/DFlipFlop/synopsys_custom/dff.hercules.lvs/. 
[23:18:58.51] /j ::xt::hercules::vue::setTopLayLCV dff dff layout 
[23:18:58.52] /j ::xt::hercules::vue::openCell dff dff layout 
[23:19:46.84] /j ::xt::hercules::vue::clearAllHighlights {} {} 
[23:19:46.86] /j ::xt::hercules::vue::clearAllHighlights dff layout 
[23:19:48.14] /j ::xt::hercules::vue::clearAllHighlights {} {} 
[23:19:48.16] /j ::xt::hercules::vue::clearAllHighlights {} {} 
[23:19:48.18] /j ::xt::hercules::vue::openCell dff dff schematic 
[23:19:48.20] /j ::xt::hercules::vue::clearAllHighlights dff layout 
[23:19:48.22] /j ::xt::hercules::vue::clearAllHighlights dff layout 
[23:19:48.22] /j ::xt::hercules::vue::openCellInstance dff layout dff layout 
[23:19:59.22] /j ::xt::hercules::vue::clearAllHighlights dff layout 
[23:19:59.26] /j ::xt::hercules::vue::clearAllHighlights dff schematic 
[23:19:59.43] /m Information: Connection closed with 'Hercules-VUE' running on 'localhost'.
[23:20:00.92] /i gi::setActiveWindow 10
[23:20:00.92] /i gi::setActiveWindow 10 -raise true
[23:20:03.00] /# gi::executeAction deSelectActive -in [gi::getWindows 10]
[23:20:03.00] /i de::deselectAll [db::getNext [de::getContexts -window 10]]
[23:20:03.00] /i de::select [de::getActiveFigure [gi::getWindows 10] -point {3.40625 2.50625} -index 0 -intent none]
[23:20:03.00] /o oa:0x20ece5a0
[23:20:03.21] /# gi::executeAction deDescend -in [gi::getWindows 10]
[23:20:03.21] /i ide::descend 10 -inPlace false -promptView false -readOnly auto
[23:20:03.25] /r giWindowId 19
[23:20:03.31] /r giWindowGeometry 1632x849
[23:20:03.78] /# Navigating to inv/inv/schematic (I15)
[23:20:04.11] /o "inv/inv/schematic" design does not need checking
[23:20:04.13] /o true
[23:20:07.03] /# gi::executeAction deSelectActive -in [gi::getWindows 19]
[23:20:07.03] /i de::deselectAll [db::getNext [de::getContexts -window 19]]
[23:20:07.03] /i de::select [de::getActiveFigure [gi::getWindows 19] -point {1.7125 0.4} -index 0 -intent none]
[23:20:07.03] /o oa:0x2678d290
[23:20:08.60] /# gi::executeAction giPostContextMenu -in [gi::getWindows 19]
[23:20:08.61] /i gi::executeAction menuPreShow -in [gi::getWindows 19]
[23:20:08.61] /r giMenuAccess db::getNext [gi::getMenus seSchInstanceContextMenu]
[23:20:12.16] /i gi::executeAction sePropertyEditorToggle -in [gi::getWindows 19]
[23:20:12.17] /# db::setAttr shown -of [gi::getAssistants dePropertyEditor -from [gi::getWindows 19]] -value true
[23:20:14.06] /i gi::setItemSelection {parameters} -index {w,all} -in [gi::getAssistants dePropertyEditor -from [gi::getWindows 19]]
[23:20:14.07] /i gi::setCurrentIndex {parameters} -index {w,Value} -in [gi::getAssistants dePropertyEditor -from [gi::getWindows 19]]
[23:20:18.58] /o 
              /c ************************ P **************************
[23:20:18.58] /o 
[23:20:18.58] /o WARNING 0003> Resetting parameter "Width per Finger" 0.722u to 0.72u to be on grid.
[23:20:18.58] /o 
[23:20:18.58] /i gi::setField {parameters} -value {0.722u} -index {w,Value} -in [gi::getAssistants dePropertyEditor -from [gi::getWindows 19]]
[23:20:18.58] /i gi::executeAction dePropertyEditorApplyChanges -in [gi::getAssistants dePropertyEditor -from [gi::getWindows 19]]
[23:20:26.95] /o 
              /c ************************ P **************************
[23:20:26.95] /o 
[23:20:26.95] /o WARNING 0003> Resetting parameter "Width per Finger" 0.722u to 0.72u to be on grid.
[23:20:26.95] /o 
[23:20:26.95] /i gi::setField {parameters} -value {0.722u} -index {w,Value} -in [gi::getAssistants dePropertyEditor -from [gi::getWindows 19]]
[23:20:26.95] /i gi::executeAction dePropertyEditorApplyChanges -in [gi::getAssistants dePropertyEditor -from [gi::getWindows 19]]
[23:20:28.50] /# gi::executeAction deSelectActive -in [gi::getWindows 19]
[23:20:28.50] /i de::deselectAll [db::getNext [de::getContexts -window 19]]
[23:20:28.50] /i de::deselectAllLogic -context [db::getNext [de::getContexts -window 19]]
[23:20:31.77] /i gi::executeAction deSaveDesign -in [gi::getWindows 19]
[23:20:31.78] /m Information: Saving design 'inv inv schematic'. (DESIGN_WINDOW-004)
[23:20:32.97] /# gi::executeAction giPostContextMenu -in [gi::getWindows 19]
[23:20:32.98] /i gi::executeAction menuPreShow -in [gi::getWindows 19]
[23:20:32.98] /r giMenuAccess db::getNext [gi::getMenus seSchCanvasContextMenu]
[23:20:34.72] /# gi::executeAction deReturnToTop -in [gi::getWindows 19]
[23:20:34.72] /i de::return [db::getNext [de::getContexts -window 19]] -levels -1
[23:20:34.73] /# Navigating to dff/dff/schematic
[23:20:34.78] /o oa:0x1e7b7bb0
[23:20:36.60] /i gi::setActiveWindow 11
[23:20:36.60] /i gi::setActiveWindow 11 -raise true
[23:20:40.57] /i gi::executeAction deSaveDesign -in [gi::getWindows 11]
[23:20:40.57] /m Information: Saving design 'dff dff layout'. (DESIGN_WINDOW-004)
[23:20:42.09] /i gi::executeAction deSaveDesign -in [gi::getWindows 11]
[23:20:42.09] /m Information: Saving design 'dff dff layout'. (DESIGN_WINDOW-004)
[23:20:47.52] /# gi::executeAction xtLVSRun -in [gi::getWindows 11]
[23:20:47.52] /i xt::physicalVerification::executeRun lvs 11
[23:20:47.80] /# xt::physicalVerification::executePve lvs 11
[23:20:49.37] /m Information: "Starting netlisting for design "dff/dff/schematic"..." (NETLISTING-010)
[23:20:49.38] /o No Design Integrity rule violations found in "dff/dff/schematic"
[23:20:49.40] /m Information: 
[23:20:49.40] /o Checking "inv/inv/schematic"
[23:20:49.41] /o No rule violations found in "inv/inv/schematic"
[23:20:49.53] /m Information: "Netlisting design "dff/dff/schematic" finished successfully." (NETLISTING-012)
[23:20:57.36] /m Information: 
              /c =============================
              /c JobID: hercules_lvs_20
              /c --- EXTRACT ERROR SUMMARY ---
              /c LAYOUT ERRORS RESULTS: CLEAN
              /c --- COMPARE ERROR SUMMARY ---
              /c Top block compare result: FAIL
              /c [dff != dff]
              /c > dff != dff (level = 0)
              /c =============================
              /c 
[23:20:58.22] /j ::xt::hercules::vue::_private::registerConnection localhost:38699 tcp64 herculesVue_11 
[23:20:58.28] /j ::xt::hercules::vue::_private::isJobReady 
[23:20:58.28] /o false
[23:20:59.29] /j ::xt::hercules::vue::_private::isJobReady 
[23:20:59.29] /o false
[23:21:00.30] /m Information: Connection established with 'Hercules-VUE' running on 'localhost'.
[23:21:00.30] /j ::xt::hercules::vue::_private::isJobReady 
[23:21:00.30] /o true
[23:21:00.30] /j ::xt::hercules::vue::startFilter LAY 
[23:21:00.32] /j ::xt::hercules::vue::startFilter SCH 
[23:21:00.81] /j ::xt::hercules::vue::setInlibPath /root/Excercise/DFlipFlop/synopsys_custom/dff.hercules.lvs/. 
[23:21:00.82] /j ::xt::hercules::vue::setTopLayLCV dff dff layout 
[23:21:00.84] /j ::xt::hercules::vue::openCell dff dff layout 
[23:21:00.90] /j ::xt::hercules::vue::setTopSchLib dff 
[23:21:02.94] /j ::xt::hercules::vue::clearAllHighlights {} {} 
[23:21:02.97] /j ::xt::hercules::vue::clearAllHighlights dff layout 
[23:21:04.52] /j ::xt::hercules::vue::clearAllHighlights {} {} 
[23:21:04.53] /j ::xt::hercules::vue::clearAllHighlights {} {} 
[23:21:04.54] /j ::xt::hercules::vue::openCell dff dff schematic 
[23:21:04.56] /j ::xt::hercules::vue::clearAllHighlights dff layout 
[23:21:04.58] /j ::xt::hercules::vue::clearAllHighlights dff layout 
[23:21:04.60] /j ::xt::hercules::vue::openCellInstance dff layout dff layout 
[23:21:23.07] /j ::xt::hercules::vue::clearAllHighlights dff layout 
[23:21:23.09] /j ::xt::hercules::vue::clearAllHighlights dff layout 
[23:21:23.11] /j ::xt::hercules::vue::setHighlightProperty dff layout lime brick 
[23:21:23.13] /j ::xt::hercules::vue::addPolygonBegin 7 
[23:21:23.17] /j ::xt::hercules::vue::addPolygonPoints {-4.035 -1.730 -4.035 -2.390 -4.030 -2.390 -4.030 -2.450 -4.135 -2.450 -4.135 -1.730 -4.035 -1.730 } 
[23:21:23.17] /j ::xt::hercules::vue::addPolygonEnd 
[23:21:23.17] /j ::xt::hercules::vue::drawHighlights dff layout all 
[23:21:23.20] /j ::xt::hercules::vue::setViewPort extents {-4.148 -2.540 -4.017 -1.640} LAY 
[23:21:23.23] /j ::xt::hercules::vue::clearAllHighlights dff schematic 
[23:21:23.23] /j ::xt::hercules::vue::clearAllHighlights dff schematic 
[23:21:23.26] /j ::xt::hercules::vue::clearAllHighlights dff schematic 
[23:21:23.31] /j ::xt::hercules::vue::setHighlightProperty dff schematic lime brick 
[23:21:23.32] /j ::xt::hercules::vue::drawSchHighlight XI21/MM2 device 
[23:21:29.37] /i gi::setActiveWindow 18
[23:21:29.37] /i gi::setActiveWindow 18 -raise true
[23:21:31.01] /i gi::setActiveWindow 11
[23:21:31.02] /i gi::setActiveWindow 11 -raise true
[23:21:34.03] /# gi::executeAction deCanvasZoomInAtPoint -in [gi::getWindows 11]
[23:21:34.03] /i de::zoom -window [gi::getWindows 11] -factor 2.0 -center {-3.934 -2.212}
[23:21:34.03] /o {-4.489 -2.376} {-3.528 -1.926}
[23:21:34.19] /# gi::executeAction deCanvasZoomInAtPoint -in [gi::getWindows 11]
[23:21:34.19] /i de::zoom -window [gi::getWindows 11] -factor 2.0 -center {-3.934 -2.212}
[23:21:34.19] /o {-4.211 -2.294} {-3.731 -2.069}
[23:21:34.57] /# gi::executeAction deCanvasZoomInAtPoint -in [gi::getWindows 11]
[23:21:34.57] /i de::zoom -window [gi::getWindows 11] -factor 2.0 -center {-3.934 -2.213}
[23:21:34.58] /o {-4.073 -2.253} {-3.832 -2.141}
[23:21:34.68] /# gi::executeAction deCanvasZoomInAtPoint -in [gi::getWindows 11]
[23:21:34.68] /i de::zoom -window [gi::getWindows 11] -factor 2.0 -center {-3.934 -2.213}
[23:21:34.69] /o {-4.003 -2.233} {-3.883 -2.177}
[23:21:36.15] /# gi::executeAction dePan -in [gi::getWindows 11]
[23:21:36.15] /i ide::pan [db::getNext [de::getContexts -window 11]]
[23:21:36.53] /# gi::executeAction deStartDrag -in [gi::getWindows 11]
[23:21:36.53] /i de::startDrag {-3.974 -2.215} -context [db::getNext [de::getContexts -window 11]]
[23:21:37.00] /# gi::executeAction deEndDrag -in [gi::getWindows 11]
[23:21:37.00] /i de::endDrag {-3.973 -2.215} -context [db::getNext [de::getContexts -window 11]]
[23:21:37.00] /r dePanToPoint {-3.98 -2.234}
[23:21:37.71] /# gi::executeAction deStartDrag -in [gi::getWindows 11]
[23:21:37.71] /i de::startDrag {-4.008 -2.245} -context [db::getNext [de::getContexts -window 11]]
[23:21:38.52] /# gi::executeAction deEndDrag -in [gi::getWindows 11]
[23:21:38.52] /i de::endDrag {-4.008 -2.245} -context [db::getNext [de::getContexts -window 11]]
[23:21:38.52] /r dePanToPoint {-4.019 -2.265}
[23:21:39.09] /# gi::executeAction deStartDrag -in [gi::getWindows 11]
[23:21:39.09] /i de::startDrag {-4.038 -2.273} -context [db::getNext [de::getContexts -window 11]]
[23:21:39.99] /# gi::executeAction deEndDrag -in [gi::getWindows 11]
[23:21:39.99] /i de::endDrag {-4.038 -2.273} -context [db::getNext [de::getContexts -window 11]]
[23:21:39.99] /r dePanToPoint {-4.056 -2.294}
[23:21:40.48] /# gi::executeAction deStartDrag -in [gi::getWindows 11]
[23:21:40.48] /i de::startDrag {-4.069 -2.306} -context [db::getNext [de::getContexts -window 11]]
[23:21:40.98] /# gi::executeAction deEndDrag -in [gi::getWindows 11]
[23:21:40.98] /i de::endDrag {-4.069 -2.306} -context [db::getNext [de::getContexts -window 11]]
[23:21:40.98] /r dePanToPoint {-4.058 -2.324}
[23:21:41.81] /# gi::executeAction deStartDrag -in [gi::getWindows 11]
[23:21:41.81] /i de::startDrag {-4.081 -2.343} -context [db::getNext [de::getContexts -window 11]]
[23:21:42.71] /# gi::executeAction deEndDrag -in [gi::getWindows 11]
[23:21:42.71] /i de::endDrag {-4.081 -2.343} -context [db::getNext [de::getContexts -window 11]]
[23:21:42.71] /r dePanToPoint {-4.068 -2.37}
[23:21:43.51] /# gi::executeAction deStartDrag -in [gi::getWindows 11]
[23:21:43.51] /i de::startDrag {-4.092 -2.389} -context [db::getNext [de::getContexts -window 11]]
[23:21:44.82] /# gi::executeAction deEndDrag -in [gi::getWindows 11]
[23:21:44.82] /i de::endDrag {-4.092 -2.388} -context [db::getNext [de::getContexts -window 11]]
[23:21:44.82] /r dePanToPoint {-4.075 -2.414}
[23:21:47.71] /# gi::executeAction deStartDrag -in [gi::getWindows 11]
[23:21:47.71] /i de::startDrag {-4.081 -2.43} -context [db::getNext [de::getContexts -window 11]]
[23:21:48.87] /# gi::executeAction deEndDrag -in [gi::getWindows 11]
[23:21:48.87] /i de::endDrag {-4.081 -2.429} -context [db::getNext [de::getContexts -window 11]]
[23:21:48.88] /r dePanToPoint {-4.077 -2.455}
[23:21:49.70] /# gi::executeAction deCanvasZoomInAtPoint -in [gi::getWindows 11]
[23:21:49.70] /i de::zoom -window [gi::getWindows 11] -factor 2.0 -center {-4.088 -2.449}
[23:21:49.70] /o {-4.112 -2.466} {-4.052 -2.438}
[23:21:49.76] /# gi::executeAction deCanvasZoomInAtPoint -in [gi::getWindows 11]
[23:21:49.76] /i de::zoom -window [gi::getWindows 11] -factor 2.0 -center {-4.088 -2.449}
[23:21:49.76] /o {-4.11 -2.464} {-4.056 -2.439}
[23:21:49.91] /# gi::executeAction deCanvasZoomInAtPoint -in [gi::getWindows 11]
[23:21:49.91] /i de::zoom -window [gi::getWindows 11] -factor 2.0 -center {-4.088 -2.449}
[23:21:49.92] /o {-4.11 -2.464} {-4.056 -2.439}
[23:21:50.26] /# gi::executeAction deCanvasZoomInAtPoint -in [gi::getWindows 11]
[23:21:50.26] /i de::zoom -window [gi::getWindows 11] -factor 2.0 -center {-4.088 -2.449}
[23:21:50.26] /o {-4.11 -2.464} {-4.056 -2.439}
[23:21:50.31] /# gi::executeAction deCanvasZoomInAtPoint -in [gi::getWindows 11]
[23:21:50.31] /i de::zoom -window [gi::getWindows 11] -factor 2.0 -center {-4.088 -2.449}
[23:21:50.31] /o {-4.11 -2.464} {-4.056 -2.439}
[23:21:50.61] /# gi::executeAction deCanvasZoomInAtPoint -in [gi::getWindows 11]
[23:21:50.61] /i de::zoom -window [gi::getWindows 11] -factor 2.0 -center {-4.088 -2.449}
[23:21:50.61] /o {-4.11 -2.464} {-4.056 -2.439}
[23:21:50.65] /# gi::executeAction deCanvasZoomInAtPoint -in [gi::getWindows 11]
[23:21:50.65] /i de::zoom -window [gi::getWindows 11] -factor 2.0 -center {-4.088 -2.449}
[23:21:50.65] /o {-4.11 -2.464} {-4.056 -2.439}
[23:21:50.70] /# gi::executeAction deCanvasZoomInAtPoint -in [gi::getWindows 11]
[23:21:50.70] /i de::zoom -window [gi::getWindows 11] -factor 2.0 -center {-4.088 -2.449}
[23:21:50.70] /o {-4.11 -2.464} {-4.056 -2.439}
[23:21:52.67] /# gi::executeAction deCanvasZoomOutAtPoint -in [gi::getWindows 11]
[23:21:52.67] /i de::zoom -window [gi::getWindows 11] -factor 0.5 -center {-4.081 -2.447}
[23:21:52.67] /o {-4.138 -2.481} {-4.032 -2.431}
[23:21:52.70] /# gi::executeAction deCanvasZoomOutAtPoint -in [gi::getWindows 11]
[23:21:52.70] /i de::zoom -window [gi::getWindows 11] -factor 0.5 -center {-4.081 -2.446}
[23:21:52.70] /o {-4.196 -2.517} {-3.982 -2.417}
[23:21:52.74] /# gi::executeAction deCanvasZoomOutAtPoint -in [gi::getWindows 11]
[23:21:52.74] /i de::zoom -window [gi::getWindows 11] -factor 0.5 -center {-4.081 -2.446}
[23:21:52.74] /o {-4.31 -2.588} {-3.883 -2.388}
[23:21:52.78] /# gi::executeAction deCanvasZoomOutAtPoint -in [gi::getWindows 11]
[23:21:52.78] /i de::zoom -window [gi::getWindows 11] -factor 0.5 -center {-4.081 -2.446}
[23:21:52.78] /o {-4.54 -2.729} {-3.686 -2.329}
[23:21:54.83] /# gi::executeAction deCanvasZoomInAtPoint -in [gi::getWindows 11]
[23:21:54.83] /i de::zoom -window [gi::getWindows 11] -factor 2.0 -center {-4.077 -2.444}
[23:21:54.83] /o {-4.308 -2.587} {-3.881 -2.387}
[23:21:54.90] /# gi::executeAction deCanvasZoomInAtPoint -in [gi::getWindows 11]
[23:21:54.91] /i de::zoom -window [gi::getWindows 11] -factor 2.0 -center {-4.077 -2.444}
[23:21:54.91] /o {-4.193 -2.515} {-3.979 -2.415}
[23:21:54.94] /# gi::executeAction deCanvasZoomInAtPoint -in [gi::getWindows 11]
[23:21:54.94] /i de::zoom -window [gi::getWindows 11] -factor 2.0 -center {-4.077 -2.444}
[23:21:54.94] /o {-4.135 -2.48} {-4.028 -2.43}
[23:21:55.56] /# gi::executeAction deCanvasZoomInAtPoint -in [gi::getWindows 11]
[23:21:55.56] /i de::zoom -window [gi::getWindows 11] -factor 2.0 -center {-4.082 -2.448}
[23:21:55.56] /o {-4.108 -2.464} {-4.055 -2.439}
[23:21:55.59] /# gi::executeAction deCanvasZoomInAtPoint -in [gi::getWindows 11]
[23:21:55.59] /i de::zoom -window [gi::getWindows 11] -factor 2.0 -center {-4.082 -2.448}
[23:21:55.60] /o {-4.108 -2.464} {-4.055 -2.439}
[23:21:55.64] /# gi::executeAction deCanvasZoomInAtPoint -in [gi::getWindows 11]
[23:21:55.64] /i de::zoom -window [gi::getWindows 11] -factor 2.0 -center {-4.082 -2.448}
[23:21:55.64] /o {-4.108 -2.464} {-4.055 -2.439}
[23:21:55.69] /# gi::executeAction deCanvasZoomInAtPoint -in [gi::getWindows 11]
[23:21:55.69] /i de::zoom -window [gi::getWindows 11] -factor 2.0 -center {-4.082 -2.448}
[23:21:55.69] /o {-4.108 -2.464} {-4.055 -2.439}
[23:21:56.02] /# gi::executeAction deCanvasZoomInAtPoint -in [gi::getWindows 11]
[23:21:56.02] /i de::zoom -window [gi::getWindows 11] -factor 2.0 -center {-4.082 -2.448}
[23:21:56.03] /o {-4.108 -2.464} {-4.055 -2.439}
[23:21:56.06] /# gi::executeAction deCanvasZoomInAtPoint -in [gi::getWindows 11]
[23:21:56.06] /i de::zoom -window [gi::getWindows 11] -factor 2.0 -center {-4.082 -2.448}
[23:21:56.07] /o {-4.108 -2.464} {-4.055 -2.439}
[23:21:56.10] /# gi::executeAction deCanvasZoomInAtPoint -in [gi::getWindows 11]
[23:21:56.10] /i de::zoom -window [gi::getWindows 11] -factor 2.0 -center {-4.082 -2.448}
[23:21:56.10] /o {-4.108 -2.464} {-4.055 -2.439}
[23:21:58.68] /# gi::executeAction deAddPoint -in [gi::getWindows 11]
[23:21:58.68] /i de::addPoint {-4.081 -2.448} -context [db::getNext [de::getContexts -window 11]]
[23:22:00.40] /# gi::executeAction deCanvasZoomOutAtPoint -in [gi::getWindows 11]
[23:22:00.40] /i de::zoom -window [gi::getWindows 11] -factor 0.5 -center {-4.085 -2.447}
[23:22:00.40] /o {-4.13 -2.474} {-4.024 -2.424}
[23:22:01.73] /# gi::executeAction deCanvasZoomInAtPoint -in [gi::getWindows 11]
[23:22:01.74] /i de::zoom -window [gi::getWindows 11] -factor 2.0 -center {-4.088 -2.441}
[23:22:01.74] /o {-4.109 -2.458} {-4.056 -2.433}
[23:22:03.35] /# gi::executeAction deCanvasZoomInAtPoint -in [gi::getWindows 11]
[23:22:03.35] /i de::zoom -window [gi::getWindows 11] -factor 2.0 -center {-4.088 -2.442}
[23:22:03.35] /o {-4.109 -2.458} {-4.056 -2.433}
[23:22:03.45] /# gi::executeAction deCanvasZoomInAtPoint -in [gi::getWindows 11]
[23:22:03.45] /i de::zoom -window [gi::getWindows 11] -factor 2.0 -center {-4.088 -2.442}
[23:22:03.45] /o {-4.109 -2.458} {-4.056 -2.433}
[23:22:03.86] /# gi::executeAction deCanvasZoomInAtPoint -in [gi::getWindows 11]
[23:22:03.86] /i de::zoom -window [gi::getWindows 11] -factor 2.0 -center {-4.088 -2.442}
[23:22:03.86] /o {-4.109 -2.458} {-4.056 -2.433}
[23:22:06.49] /# gi::executeAction deCanvasZoomInAtPoint -in [gi::getWindows 11]
[23:22:06.49] /i de::zoom -window [gi::getWindows 11] -factor 2.0 -center {-4.087 -2.45}
[23:22:06.49] /o {-4.109 -2.458} {-4.056 -2.433}
[23:22:06.53] /# gi::executeAction deCanvasZoomInAtPoint -in [gi::getWindows 11]
[23:22:06.53] /i de::zoom -window [gi::getWindows 11] -factor 2.0 -center {-4.087 -2.45}
[23:22:06.53] /o {-4.109 -2.458} {-4.056 -2.433}
[23:22:06.58] /# gi::executeAction deCanvasZoomInAtPoint -in [gi::getWindows 11]
[23:22:06.58] /i de::zoom -window [gi::getWindows 11] -factor 2.0 -center {-4.087 -2.45}
[23:22:06.58] /o {-4.109 -2.458} {-4.056 -2.433}
[23:22:09.90] /i gi::setActiveWindow 10
[23:22:09.90] /i gi::setActiveWindow 10 -raise true
[23:22:12.07] /i gi::executeAction deCanvasDragCancel -in [gi::getWindows 10]
[23:22:12.67] /# gi::executeAction deSelectActive -in [gi::getWindows 10]
[23:22:12.67] /i de::cycleActiveFigure [gi::getWindows 10] -direction next
[23:22:12.67] /o oa:0x26694790
[23:22:12.87] /# gi::executeAction deDescend -in [gi::getWindows 10]
[23:22:12.87] /i ide::descend 10 -inPlace false -promptView false -readOnly auto
[23:22:12.88] /r giWindowId 20
[23:22:12.92] /r giWindowGeometry 1632x849
[23:22:13.40] /# Navigating to inv/inv/schematic (I15)
[23:22:13.56] /m Information: 
[23:22:13.56] /o Checking "inv/inv/schematic"
[23:22:13.56] /o No rule violations found in "inv/inv/schematic"
[23:22:13.56] /m Information: Checking process is completed: marking the design violations
[23:22:13.56] /m Information: Marking of designs is completed
[23:22:13.58] /o true
[23:22:15.42] /# gi::executeAction deSelectActive -in [gi::getWindows 20]
[23:22:15.42] /i de::deselectAll [db::getNext [de::getContexts -window 20]]
[23:22:15.42] /i de::select [de::getActiveFigure [gi::getWindows 20] -point {1.7375 0.375} -index 0 -intent none]
[23:22:15.42] /o oa:0x26f21220
[23:22:16.54] /# gi::executeAction giPostContextMenu -in [gi::getWindows 20]
[23:22:16.57] /i gi::executeAction menuPreShow -in [gi::getWindows 20]
[23:22:16.57] /r giMenuAccess db::getNext [gi::getMenus seSchInstanceContextMenu]
[23:22:22.07] /i gi::executeAction sePropertyEditorToggle -in [gi::getWindows 20]
[23:22:22.07] /# db::setAttr shown -of [gi::getAssistants dePropertyEditor -from [gi::getWindows 20]] -value true
[23:22:23.90] /i gi::setItemSelection {parameters} -index {w,all} -in [gi::getAssistants dePropertyEditor -from [gi::getWindows 20]]
[23:22:23.90] /i gi::setCurrentIndex {parameters} -index {w,Value} -in [gi::getAssistants dePropertyEditor -from [gi::getWindows 20]]
[23:22:28.24] /o 
              /c ************************ P **************************
[23:22:28.24] /o 
[23:22:28.24] /o WARNING 0003> Resetting parameter "Width per Finger" 0.722u to 0.72u to be on grid.
[23:22:28.24] /o 
[23:22:28.25] /i gi::setField {parameters} -value {722n} -index {w,Value} -in [gi::getAssistants dePropertyEditor -from [gi::getWindows 20]]
[23:22:28.25] /i gi::executeAction dePropertyEditorApplyChanges -in [gi::getAssistants dePropertyEditor -from [gi::getWindows 20]]
[23:22:39.28] /# gi::executeAction seSchCheckAndSave -in [gi::getWindows 20]
[23:22:39.29] /i ise::check
[23:22:39.30] /m Information: 
              /c Cross view checking for inv/inv/symbol with inv/inv/schematic
              /c No violations found. (DE_EDIT-007)
[23:22:39.31] /m Information: 
[23:22:39.31] /o Checking "inv/inv/schematic"
[23:22:39.31] /o No rule violations found in "inv/inv/schematic"
[23:22:39.31] /m Information: Checking process is completed: marking the design violations
[23:22:39.64] /m Information: Marking of designs is completed
[23:22:39.64] /o true
[23:22:42.58] /i gi::pressButton {ConsoleToggleButton} -in [db::getAttr statusbar -of [gi::getWindows 20]]
[23:22:42.90] /i db::setAttr dockSize -of [gi::getAssistants dePropertyEditor -from [gi::getWindows 20]] -value 292x553
[23:22:48.38] /i db::setAttr shown -of [gi::getAssistants giConsole -from [gi::getWindows 20]] -value false
[23:22:48.70] /i db::setAttr dockSize -of [gi::getAssistants dePropertyEditor -from [gi::getWindows 20]] -value 292x770
[23:22:49.84] /i gi::setActiveWindow 19
[23:22:49.84] /i gi::setActiveWindow 19 -raise true
[23:22:56.68] /i gi::executeAction deSaveDesign -in [gi::getWindows 19]
[23:22:56.68] /m Information: Saving design 'dff dff schematic'. (DESIGN_WINDOW-004)
[23:23:01.31] /i gi::executeAction giCloseWindow -in [gi::getWindows 10]
[23:23:02.65] /i gi::setActiveWindow 11
[23:23:02.65] /i gi::setActiveWindow 11 -raise true
[23:23:05.67] /i gi::executeAction deSaveDesign -in [gi::getWindows 11]
[23:23:05.67] /m Information: Saving design 'dff dff layout'. (DESIGN_WINDOW-004)
[23:23:12.96] /j ::xt::hercules::vue::clearAllHighlights dff layout 
[23:23:13.15] /j ::xt::hercules::vue::clearAllHighlights dff schematic 
[23:23:13.36] /m Information: Connection closed with 'Hercules-VUE' running on 'localhost'.
[23:23:14.70] /i gi::executeAction giCloseWindow -in [gi::getWindows 18]
[23:23:18.66] /# gi::executeAction xtLVSRun -in [gi::getWindows 11]
[23:23:18.66] /i xt::physicalVerification::executeRun lvs 11
[23:23:19.00] /# xt::physicalVerification::executePve lvs 11
[23:23:20.66] /m Information: "Starting netlisting for design "dff/dff/schematic"..." (NETLISTING-010)
[23:23:20.67] /o No Design Integrity rule violations found in "dff/dff/schematic"
[23:23:20.75] /m Information: "Netlisting design "dff/dff/schematic" finished successfully." (NETLISTING-012)
[23:23:21.03] /r giWindowId 21
[23:23:21.09] /r giWindowGeometry 800x600
[23:23:29.03] /m Information: 
              /c =============================
              /c JobID: hercules_lvs_21
              /c --- EXTRACT ERROR SUMMARY ---
              /c LAYOUT ERRORS RESULTS: CLEAN
              /c --- COMPARE ERROR SUMMARY ---
              /c Top block compare result: FAIL
              /c [dff != dff]
              /c > dff != dff (level = 0)
              /c =============================
              /c 
[23:23:29.78] /j ::xt::hercules::vue::_private::registerConnection localhost:52372 tcp70 herculesVue_12 
[23:23:29.83] /j ::xt::hercules::vue::_private::isJobReady 
[23:23:29.83] /o false
[23:23:30.83] /m Information: Connection established with 'Hercules-VUE' running on 'localhost'.
[23:23:30.83] /j ::xt::hercules::vue::_private::isJobReady 
[23:23:30.83] /o true
[23:23:30.83] /j ::xt::hercules::vue::startFilter LAY 
[23:23:30.86] /j ::xt::hercules::vue::startFilter SCH 
[23:23:31.42] /j ::xt::hercules::vue::setInlibPath /root/Excercise/DFlipFlop/synopsys_custom/dff.hercules.lvs/. 
[23:23:31.46] /j ::xt::hercules::vue::setTopLayLCV dff dff layout 
[23:23:31.50] /j ::xt::hercules::vue::openCell dff dff layout 
[23:23:31.52] /j ::xt::hercules::vue::setTopSchLib dff 
[23:23:33.95] /j ::xt::hercules::vue::clearAllHighlights {} {} 
[23:23:33.97] /j ::xt::hercules::vue::clearAllHighlights dff layout 
[23:23:35.06] /j ::xt::hercules::vue::clearAllHighlights {} {} 
[23:23:35.07] /j ::xt::hercules::vue::clearAllHighlights {} {} 
[23:23:35.10] /j ::xt::hercules::vue::openCell dff dff schematic 
[23:23:35.12] /j ::xt::hercules::vue::clearAllHighlights dff layout 
[23:23:35.12] /j ::xt::hercules::vue::clearAllHighlights dff layout 
[23:23:35.13] /j ::xt::hercules::vue::openCellInstance dff layout dff layout 
[23:24:00.34] /j ::xt::hercules::vue::clearAllHighlights dff schematic 
[23:24:00.36] /j ::xt::hercules::vue::clearAllHighlights dff layout 
[23:24:00.54] /m Information: Connection closed with 'Hercules-VUE' running on 'localhost'.
[23:24:02.20] /i gi::setActiveWindow 11
[23:24:02.20] /i gi::setActiveWindow 11 -raise true
[23:24:03.46] /# gi::executeAction deCanvasZoomOutAtPoint -in [gi::getWindows 11]
[23:24:03.46] /i de::zoom -window [gi::getWindows 11] -factor 0.5 -center {-4.084 -2.438}
[23:24:03.46] /o {-4.134 -2.477} {-4.028 -2.427}
[23:24:03.56] /# gi::executeAction deCanvasZoomOutAtPoint -in [gi::getWindows 11]
[23:24:03.56] /i de::zoom -window [gi::getWindows 11] -factor 0.5 -center {-4.084 -2.439}
[23:24:03.56] /o {-4.185 -2.515} {-3.971 -2.415}
[23:24:04.03] /# gi::executeAction deCanvasZoomOutAtPoint -in [gi::getWindows 11]
[23:24:04.03] /i de::zoom -window [gi::getWindows 11] -factor 0.5 -center {-4.084 -2.439}
[23:24:04.04] /o {-4.285 -2.591} {-3.859 -2.391}
[23:24:04.40] /# gi::executeAction deCanvasZoomOutAtPoint -in [gi::getWindows 11]
[23:24:04.40] /i de::zoom -window [gi::getWindows 11] -factor 0.5 -center {-4.084 -2.438}
[23:24:04.40] /o {-4.487 -2.744} {-3.633 -2.344}
[23:24:04.45] /# gi::executeAction deCanvasZoomOutAtPoint -in [gi::getWindows 11]
[23:24:04.46] /i de::zoom -window [gi::getWindows 11] -factor 0.5 -center {-4.085 -2.438}
[23:24:04.46] /o {-4.889 -3.05} {-3.181 -2.25}
[23:24:04.49] /# gi::executeAction deCanvasZoomOutAtPoint -in [gi::getWindows 11]
[23:24:04.49] /i de::zoom -window [gi::getWindows 11] -factor 0.5 -center {-4.084 -2.438}
[23:24:04.49] /o {-5.694 -3.662} {-2.278 -2.062}
[23:24:05.65] /# gi::executeAction deCanvasZoomOutAtPoint -in [gi::getWindows 11]
[23:24:05.65] /i de::zoom -window [gi::getWindows 11] -factor 0.5 -center {-3.848 -2.516}
[23:24:05.65] /o {-7.539 -4.808} {-0.709 -1.608}
[23:24:06.11] /# gi::executeAction deCanvasZoomOutAtPoint -in [gi::getWindows 11]
[23:24:06.11] /i de::zoom -window [gi::getWindows 11] -factor 0.5 -center {-3.848 -2.517}
[23:24:06.11] /o {-11.23 -7.099} {2.43 -0.699}
[23:24:16.77] /# gi::executeAction xtPVEOptions -in [gi::getWindows 11]
[23:24:16.77] /i xt::showPveOptions
[23:24:16.84] /o oa:0x266b4f20
[23:24:16.98] /i gi::setActiveDialog [gi::getDialogs {xtShowPveOptions}]
[23:24:17.24] /i db::setAttr geometry -of [gi::getDialogs {xtShowPveOptions}] -value 445x116+868+420
[23:24:21.98] /i gi::closeWindows [gi::getDialogs {xtShowPveOptions}]
