[10:27:02.12] /r giWindowId 0
[10:27:02.13] /r giWindowGeometry 600x300
[10:27:02.17] /o 
              /c                                 Custom Compiler 
              /c 
              /c               Version N-2017.12-SP1-2 for linux64 - May 16, 2018 
              /c 
              /c                     Copyright (c) 2004 - 2018 Synopsys, Inc.
              /c    This software and the associated documentation are proprietary to Synopsys,
              /c  Inc. This software may only be used in accordance with the terms and conditions
              /c  of a written license agreement with Synopsys, Inc. All other use, reproduction,
              /c             or distribution of this software is strictly prohibited.
              /c 
              /c Build  (OPT) Config 4182185 compiled on Wed May 16 15:20:56 2018 for RHEL64 6.6
              /c Invocation: /usr/synopsys/customcompiler/N-2017.12-SP1-2/linux64/platform/bin/custom_compiler
              /c Execution time: Tue Jun  2 10:26:55 2026
              /c Host: localhost.localdomain
              /c Working directory: /root/Excercise/ring_oscillator
              /c 
[10:27:07.83] /r giShowFrameTabs true
[10:27:07.84] /r giWindowId 1
[10:27:07.84] /r giWindowGeometry 1040x800
[10:27:20.03] /# gi::pressButton {/scroll/scrollArea/scrollAreaInnerWidget/applications/dmLibraryManager} -in [gi::getWindows 1]
[10:27:20.04] /# 
[10:27:20.04] /i dm::openLibraryManager
[10:27:20.04] /r giWindowId 2
[10:27:20.05] /r giWindowGeometry 660x600+50+84
[10:27:20.12] /o oa:0x199f5b50
[10:27:22.88] /i gi::setCurrentIndex {libs} -index {analogLib} -in [gi::getWindows 2]
[10:27:22.89] /# gi::executeAction dmShowNewLibrary -in [gi::getWindows 2]
[10:27:22.89] /i dm::showNewLibrary -parent 2
[10:27:22.99] /o oa:0x192d75a0
[10:27:23.30] /i gi::setActiveDialog [gi::getDialogs {dmNewLibrary} -parent [gi::getWindows 2]]
[10:27:23.58] /i db::setAttr geometry -of [gi::getDialogs {dmNewLibrary} -parent [gi::getWindows 2]] -value 458x467+720+208
[10:27:31.76] /i gi::setField {libName} -value {clk} -in [gi::getDialogs {dmNewLibrary} -parent [gi::getWindows 2]]
[10:27:31.83] /i gi::pressButton {ok} -in [gi::getDialogs {dmNewLibrary} -parent [gi::getWindows 2]]
[10:27:31.86] /# dm::createLib clk -path {./clk} -dmSystem oaDMFileSys
[10:27:31.89] /# db::importTechFile /usr/synopsys/customcompiler/N-2017.12-SP1-2/auxx/tech/cdesigner_1.0.tf -lib [oa::LibFind [oa::ScalarName [oa::CdbaNS] clk]]; oa::save [oa::TechFind [oa::ScalarName [oa::CdbaNS] clk]]
[10:27:31.91] /m Information: set default manufacturing grid to the default value 0.005um for the imported technology library clk. (TECH_IO-098)
[10:27:31.94] /m Information: Technology file /usr/synopsys/customcompiler/N-2017.12-SP1-2/auxx/tech/cdesigner_1.0.tf is successfully imported into lib clk. (TECH_IO-099)
[10:27:31.96] /# oa::close [oa::TechFind [oa::ScalarName [oa::CdbaNS] clk]]
[10:27:33.94] /i gi::setCurrentIndex {libs} -index {inv} -in [gi::getWindows 2]
[10:27:33.96] /i gi::setItemSelection {libs} -index {inv} -in [gi::getWindows 2]
[10:27:34.44] /i gi::setCurrentIndex {libs} -index {clk} -in [gi::getWindows 2]
[10:27:34.45] /i gi::setItemSelection {libs} -index {clk} -in [gi::getWindows 2]
[10:27:36.54] /# gi::executeAction dmShowNewCell -in [gi::getWindows 2]
[10:27:36.54] /i dm::showNewCell -parent 2
[10:27:36.58] /o oa:0x1d96b630
[10:27:36.78] /i gi::setActiveDialog [gi::getDialogs {dmNewCell} -parent [gi::getWindows 2]]
[10:27:36.87] /i db::setAttr geometry -of [gi::getDialogs {dmNewCell} -parent [gi::getWindows 2]] -value 448x227+725+328
[10:27:40.74] /i gi::setField {cellName} -value {clk} -in [gi::getDialogs {dmNewCell} -parent [gi::getWindows 2]]
[10:27:40.81] /i gi::pressButton {ok} -in [gi::getDialogs {dmNewCell} -parent [gi::getWindows 2]]
[10:27:40.82] /# dm::createCell clk -lib [ oa::LibFind [oa::ScalarName [oa::CdbaNS] clk]]
[10:27:40.82] /# gi::setItemSelection {cells} -index {clk} -in [gi::getDialogs {dmNewCell} -parent [gi::getWindows 2]]
[10:27:42.37] /i gi::setCurrentIndex {cells} -index {clk} -in [gi::getWindows 2]
[10:27:42.37] /i gi::setItemSelection {cells} -index {clk} -in [gi::getWindows 2]
[10:27:44.31] /# gi::executeAction dmShowNewCellView -in [gi::getWindows 2]
[10:27:44.31] /i dm::showNewCellView -parent 2
[10:27:44.50] /o oa:0x1c1afad0
[10:27:44.62] /i gi::setActiveDialog [gi::getDialogs {dmNewCellView} -parent [gi::getWindows 2]]
[10:27:44.76] /i db::setAttr geometry -of [gi::getDialogs {dmNewCellView} -parent [gi::getWindows 2]] -value 588x285+655+299
[10:27:49.69] /i gi::pressButton {ok} -in [gi::getDialogs {dmNewCellView} -parent [gi::getWindows 2]]
[10:27:49.71] /# db::getAttr viewType -of [dm::findCellView schematic -cell [dm::findCell clk -lib [oa::LibFind [oa::ScalarName [oa::CdbaNS] clk]]]]
[10:27:49.71] /# dm::createCellView schematic -cell [dm::findCell clk -lib [ oa::LibFind [oa::ScalarName [oa::CdbaNS] clk]]] -viewType schematic
[10:27:49.72] /# de::open [dm::findCellView schematic -cell [dm::findCell clk -lib [oa::LibFind [oa::ScalarName [oa::CdbaNS] clk]]]] -application seSchematic
[10:27:49.98] /m Information: License 'Schematic' checked out. (LICENSE-003)
[10:27:50.11] /r giWindowId 3
[10:27:50.11] /r giWindowGeometry 1632x849
[10:27:50.99] /m Information: 
[10:27:50.99] /o Checking "clk/clk/schematic"
[10:27:50.99] /o No rule violations found in "clk/clk/schematic"
[10:27:50.99] /m Information: Checking process is completed: marking the design violations
[10:27:50.99] /m Information: Marking of designs is completed
[10:28:00.81] /i db::setAttr maximized -of [gi::getFrames 1] -value true
[10:28:01.24] /i db::setAttr geometry -of [gi::getFrames 1] -value 1910x911+5+62
[10:28:01.77] /# gi::executeAction deSelectActive -in [gi::getWindows 3]
[10:28:01.77] /i de::deselectAllLogic -context [db::getNext [de::getContexts -window 3]]
[10:28:02.25] /# gi::executeAction seCreateInst -in [gi::getWindows 3]
[10:28:02.25] /i ise::createInst
[10:28:02.46] /i gi::setActiveDialog [gi::getDialogs {seCreateInst} -parent [gi::getWindows 3]]
[10:28:02.65] /i db::setAttr geometry -of [gi::getDialogs {seCreateInst}] -value 359x337+0+71
[10:28:07.77] /i gi::setField {instMasterLib} -value {inv} -in [gi::getDialogs {seCreateInst} -parent [gi::getWindows 3]]
[10:28:08.11] /i db::setAttr geometry -of [gi::getDialogs {seCreateInst}] -value 359x337+0+71
[10:28:09.67] /w Warning: Preference 'leActiveLPP' is deprecated and scheduled for removal in a future release with no replacement. For migration assistance, see the Custom Compiler Tcl Reference Manual. (PREFERENCE-058)
[10:28:09.68] /o 	#######################################
[10:28:09.68] /o 	PDK Library Name	: reference90RF
[10:28:09.68] /o 	PDK Version		: 2.0
[10:28:09.68] /o 	PDK Release Date	: 25-March-2010 
[10:28:09.68] /o 	#######################################
[10:28:09.68] /o 
[10:28:09.71] /i gi::setField {instMasterCell} -value {inv} -in [gi::getDialogs {seCreateInst} -parent [gi::getWindows 3]]
[10:28:10.02] /i db::setAttr geometry -of [gi::getDialogs {seCreateInst}] -value 359x337+0+71
[10:28:15.07] /# gi::executeAction deAddPoint -in [gi::getWindows 3]
[10:28:15.07] /i de::addPoint {2.33125 1.8875} -context [db::getNext [de::getContexts -window 3]]
[10:28:17.07] /# gi::executeAction deAddPoint -in [gi::getWindows 3]
[10:28:17.07] /i de::addPoint {4.21875 1.8875} -context [db::getNext [de::getContexts -window 3]]
[10:28:19.06] /# gi::executeAction deAddPoint -in [gi::getWindows 3]
[10:28:19.06] /i de::addPoint {6.34375 1.8875} -context [db::getNext [de::getContexts -window 3]]
[10:28:20.38] /# gi::executeAction deAbortCommand -in [gi::getWindows 3]
[10:28:20.38] /i de::abortCommand -context [db::getNext [de::getContexts -window 3]]
[10:28:21.68] /# gi::executeAction seSchCreateWire -in [gi::getWindows 3]
[10:28:21.68] /i ise::createWire
[10:28:21.87] /# gi::executeAction seSchWireTypeAuto -in [gi::getWindows 3]
[10:28:21.87] /i db::setPrefValue seWiringType -value <auto> -scope [de::getActiveContext]
[10:28:21.87] /o oa:0x1e6f75b0
[10:28:25.23] /# gi::executeAction deAddPoint -in [gi::getWindows 3]
[10:28:25.23] /i de::addPoint {3.35 1.85625} -context [db::getNext [de::getContexts -window 3]]
[10:28:25.33] /i de::setCursor -point {3.4375 1.875 }
[10:28:26.60] /# gi::executeAction deAddPoint -in [gi::getWindows 3]
[10:28:26.60] /i de::addPoint {4.25 1.8625} -context [db::getNext [de::getContexts -window 3]]
[10:28:28.01] /# gi::executeAction deAddPoint -in [gi::getWindows 3]
[10:28:28.01] /i de::addPoint {5.3125 1.88125} -context [db::getNext [de::getContexts -window 3]]
[10:28:29.26] /# gi::executeAction deAddPoint -in [gi::getWindows 3]
[10:28:29.26] /i de::addPoint {6.3625 1.8875} -context [db::getNext [de::getContexts -window 3]]
[10:28:30.69] /# gi::executeAction deAddPoint -in [gi::getWindows 3]
[10:28:30.69] /i de::addPoint {2.28125 1.8875} -context [db::getNext [de::getContexts -window 3]]
[10:28:31.59] /# gi::executeAction deAddPoint -in [gi::getWindows 3]
[10:28:31.59] /i de::addPoint {1.9125 1.8875} -context [db::getNext [de::getContexts -window 3]]
[10:28:31.85] /i de::setCursor -point {1.9375 1.8125 }
[10:28:33.30] /# gi::executeAction deAddPoint -in [gi::getWindows 3]
[10:28:33.30] /i de::addPoint {1.95625 0.725} -context [db::getNext [de::getContexts -window 3]]
[10:28:33.33] /i de::setCursor -point {2 0.75 }
[10:28:35.58] /# gi::executeAction deAddPoint -in [gi::getWindows 3]
[10:28:35.58] /i de::addPoint {7.75 0.83125} -context [db::getNext [de::getContexts -window 3]]
[10:28:35.62] /i de::setCursor -point {7.75 0.875 }
[10:28:36.60] /# gi::executeAction deAddPoint -in [gi::getWindows 3]
[10:28:36.60] /i de::addPoint {7.725 1.8625} -context [db::getNext [de::getContexts -window 3]]
[10:28:36.72] /i de::setCursor -point {7.6875 1.875 }
[10:28:37.45] /# gi::executeAction deAddPoint -in [gi::getWindows 3]
[10:28:37.45] /i de::addPoint {7.45625 1.8875} -context [db::getNext [de::getContexts -window 3]]
[10:28:39.38] /# gi::executeAction deAbortCommand -in [gi::getWindows 3]
[10:28:39.38] /i de::abortCommand -context [db::getNext [de::getContexts -window 3]]
[10:28:43.65] /# gi::executeAction seSchCheckAndSave -in [gi::getWindows 3]
[10:28:43.65] /i ise::check
[10:28:43.67] /m Information: 
[10:28:43.67] /o Checking "clk/clk/schematic"
[10:28:43.67] /o 	[warning] Floating Input Instance Pins
[10:28:43.67] /o 		Input pin 'in' of instance 'I0' is floating
[10:28:43.67] /o 		Input pin 'in' of instance 'I1' is floating
[10:28:43.67] /o 		Input pin 'in' of instance 'I2' is floating
[10:28:43.67] /o 		Input pin 'out' of instance 'I0' is floating
[10:28:43.67] /o 		Input pin 'out' of instance 'I1' is floating
[10:28:43.67] /o 		Input pin 'out' of instance 'I2' is floating
[10:28:43.67] /o 0 Error(s),6 Warning(s),0 Message(s) found   in "clk/clk/schematic"
[10:28:43.68] /m Information: Checking process is completed: marking the design violations
[10:28:43.81] /m Information: Marking of designs is completed
[10:28:43.81] /o true
[10:28:46.11] /i gi::pressButton {ConsoleToggleButton} -in [db::getAttr statusbar -of [gi::getWindows 3]]
[10:29:01.47] /# gi::executeAction deCanvasZoomInAtPoint -in [gi::getWindows 3]
[10:29:01.47] /i de::zoom -window [gi::getWindows 3] -factor 2.0 -center {3.40625 1.65}
[10:29:01.47] /o {1.2375 0.9125} {7.06875 2.6375}
[10:29:03.82] /# gi::executeAction deCanvasZoomInAtPoint -in [gi::getWindows 3]
[10:29:03.82] /i de::zoom -window [gi::getWindows 3] -factor 2.0 -center {3.4 1.76875}
[10:29:03.82] /o {2.31875 1.3375} {5.2375 2.20625}
[10:29:04.44] /# gi::executeAction deCanvasZoomInAtPoint -in [gi::getWindows 3]
[10:29:04.44] /i de::zoom -window [gi::getWindows 3] -factor 2.0 -center {3.4 1.85625}
[10:29:04.44] /o {2.85625 1.6} {4.31875 2.03125}
[10:29:04.50] /# gi::executeAction deCanvasZoomInAtPoint -in [gi::getWindows 3]
[10:29:04.50] /i de::zoom -window [gi::getWindows 3] -factor 2.0 -center {3.4 1.85625}
[10:29:04.50] /o {3.13125 1.725} {3.85625 1.94375}
[10:29:04.53] /# gi::executeAction deCanvasZoomInAtPoint -in [gi::getWindows 3]
[10:29:04.53] /i de::zoom -window [gi::getWindows 3] -factor 2.0 -center {3.4 1.85625}
[10:29:04.54] /o {3.2625 1.79375} {3.63125 1.9}
[10:29:04.56] /# gi::executeAction deCanvasZoomInAtPoint -in [gi::getWindows 3]
[10:29:04.56] /i de::zoom -window [gi::getWindows 3] -factor 2.0 -center {3.4 1.85625}
[10:29:04.56] /o {3.33125 1.825} {3.5125 1.875}
[10:29:05.95] /# gi::executeAction deCanvasZoomOutAtPoint -in [gi::getWindows 3]
[10:29:05.95] /i de::zoom -window [gi::getWindows 3] -factor 0.5 -center {3.40625 1.86875}
[10:29:05.96] /o {3.25625 1.78125} {3.625 1.8875}
[10:29:08.28] /# gi::executeAction deCanvasZoomOutAtPoint -in [gi::getWindows 3]
[10:29:08.28] /i de::zoom -window [gi::getWindows 3] -factor 0.5 -center {3.375 1.875}
[10:29:08.28] /o {3.14375 1.68125} {3.86875 1.9}
[10:29:08.33] /# gi::executeAction deCanvasZoomOutAtPoint -in [gi::getWindows 3]
[10:29:08.33] /i de::zoom -window [gi::getWindows 3] -factor 0.5 -center {3.375 1.875}
[10:29:08.33] /o {2.90625 1.49375} {4.36875 1.925}
[10:29:08.33] /# gi::executeAction deCanvasZoomOutAtPoint -in [gi::getWindows 3]
[10:29:08.33] /i de::zoom -window [gi::getWindows 3] -factor 0.5 -center {3.375 1.875}
[10:29:08.33] /o {2.44375 1.10625} {5.3625 1.975}
[10:29:08.72] /# gi::executeAction deCanvasZoomOutAtPoint -in [gi::getWindows 3]
[10:29:08.72] /i de::zoom -window [gi::getWindows 3] -factor 0.5 -center {3.53125 1.83125}
[10:29:08.72] /o {1.35625 0.3875} {7.1875 2.1125}
[10:29:09.20] /# gi::executeAction deCanvasZoomOutAtPoint -in [gi::getWindows 3]
[10:29:09.20] /i de::zoom -window [gi::getWindows 3] -factor 0.5 -center {3.61875 1.81875}
[10:29:09.20] /o {-0.90625 -1.04375} {10.7625 2.4125}
[10:29:09.82] /# gi::executeAction deCanvasZoomInAtPoint -in [gi::getWindows 3]
[10:29:09.82] /i de::zoom -window [gi::getWindows 3] -factor 2.0 -center {3.98125 1.61875}
[10:29:09.82] /o {1.5375 0.2875} {7.36875 2.0125}
[10:29:10.31] /# gi::executeAction deCanvasZoomOutAtPoint -in [gi::getWindows 3]
[10:29:10.32] /i de::zoom -window [gi::getWindows 3] -factor 0.5 -center {3.98125 1.61875}
[10:29:10.32] /o {-0.90625 -1.04375} {10.7625 2.4125}
[10:29:22.05] /i gi::setActiveWindow 2
[10:29:22.05] /i gi::setActiveWindow 2 -raise true
[10:29:24.42] /i gi::setCurrentIndex {views} -index {schematic} -in [gi::getWindows 2]
[10:29:24.42] /# gi::executeAction dmShowNewCellView -in [gi::getWindows 2]
[10:29:24.42] /i dm::showNewCellView -parent 2
[10:29:24.46] /o oa:0x17cff9c0
[10:29:24.65] /i gi::setActiveDialog [gi::getDialogs {dmNewCellView} -parent [gi::getWindows 2]]
[10:29:24.76] /i db::setAttr geometry -of [gi::getDialogs {dmNewCellView} -parent [gi::getWindows 2]] -value 588x285+655+299
[10:29:33.17] /i gi::pressButton {ok} -in [gi::getDialogs {dmNewCellView} -parent [gi::getWindows 2]]
[10:29:33.18] /# db::getAttr viewType -of [dm::findCellView layout -cell [dm::findCell clk -lib [oa::LibFind [oa::ScalarName [oa::CdbaNS] clk]]]]
[10:29:33.18] /# dm::createCellView layout -cell [dm::findCell clk -lib [ oa::LibFind [oa::ScalarName [oa::CdbaNS] clk]]] -viewType maskLayout
[10:29:33.19] /# de::open [dm::findCellView layout -cell [dm::findCell clk -lib [oa::LibFind [oa::ScalarName [oa::CdbaNS] clk]]]] -application leLayout
[10:29:33.38] /m Information: License 'Basic' checked out. (LICENSE-003)
[10:29:33.38] /m Information: License 'Schematic' checked in. (LICENSE-004)
[10:29:33.44] /r giWindowId 4
[10:29:33.45] /r giWindowGeometry 1632x849
[10:29:33.58] /i de::setActiveLPP [de::getLPPs "text drawing" -from [db::getAttr editDesign -of [de::getContexts -window 4]]]
[10:30:07.10] /i gi::setActiveWindow 3
[10:30:07.10] /i gi::setActiveWindow 3 -raise true
[10:30:08.81] /# gi::executeAction deSelectActive -in [gi::getWindows 3]
[10:30:08.81] /i de::deselectAll [db::getNext [de::getContexts -window 3]]
[10:30:08.81] /i de::select [de::getActiveFigure [gi::getWindows 3] -point {2.5625 2.0375} -index 0 -intent none]
[10:30:08.81] /o oa:0x1ea9af90
[10:30:08.97] /# gi::executeAction deDescend -in [gi::getWindows 3]
[10:30:08.97] /i ide::descend 3 -inPlace false -promptView false -readOnly auto
[10:30:08.98] /# Navigating to inv/inv/schematic (I0)
[10:30:12.18] /i gi::setActiveWindow 4
[10:30:12.18] /i gi::setActiveWindow 4 -raise true
[10:30:13.80] /# gi::executeAction leInstance -in [gi::getWindows 4]
[10:30:13.80] /i ile::createInst
[10:30:14.20] /i gi::setActiveDialog [gi::getDialogs {leCreateInst} -parent [gi::getWindows 4]]
[10:30:14.47] /i db::setAttr geometry -of [gi::getDialogs {leCreateInst}] -value 612x532+654+196
[10:30:16.44] /i gi::setCurrentIndex {instLCVLibs} -index {inv} -in [gi::getDialogs {leCreateInst} -parent [gi::getWindows 4]]
[10:30:16.60] /i gi::setItemSelection {instLCVLibs} -index {inv} -in [gi::getDialogs {leCreateInst} -parent [gi::getWindows 4]]
[10:30:17.83] /i gi::setCurrentIndex {instLCVCells} -index {inv} -in [gi::getDialogs {leCreateInst} -parent [gi::getWindows 4]]
[10:30:17.85] /i gi::setItemSelection {instLCVCells} -index {inv} -in [gi::getDialogs {leCreateInst} -parent [gi::getWindows 4]]
[10:30:22.33] /# gi::executeAction deAddPoint -in [gi::getWindows 4]
[10:30:22.33] /i de::addPoint {-0.304 0.015} -context [db::getNext [de::getContexts -window 4]]
[10:30:27.68] /i gi::setActiveTab {tabWidget} -tabName {instParamTab} -in [gi::getDialogs {leCreateInst} -parent [gi::getWindows 4]]
[10:30:28.62] /i gi::setActiveTab {tabWidget} -tabName {instGeneralTab} -in [gi::getDialogs {leCreateInst} -parent [gi::getWindows 4]]
[10:30:29.73] /# gi::executeAction deAddPoint -in [gi::getWindows 4]
[10:30:29.73] /i de::addPoint {-0.205 0.012} -context [db::getNext [de::getContexts -window 4]]
[10:30:30.24] /# gi::executeAction deAddPoint -in [gi::getWindows 4]
[10:30:30.24] /i de::addPoint {-0.205 0.012} -context [db::getNext [de::getContexts -window 4]]
[10:30:31.84] /i gi::setCurrentIndex {instLCVViews} -index {layout} -in [gi::getDialogs {leCreateInst} -parent [gi::getWindows 4]]
[10:30:33.73] /i gi::closeWindows [gi::getDialogs {leCreateInst} -parent [gi::getWindows 4]]
[10:30:35.00] /# gi::executeAction deSelectActive -in [gi::getWindows 4]
[10:30:35.00] /i de::deselectAllLogic -context [db::getNext [de::getContexts -window 4]]
[10:30:35.53] /# gi::executeAction giPostContextMenu -in [gi::getWindows 4]
[10:30:37.28] /# gi::executeAction leVia -in [gi::getWindows 4]
[10:30:37.28] /i ile::createVia
[10:30:37.35] /o oa:0x1c2ad5f0
[10:30:38.86] /# gi::executeAction deStartDrag -in [gi::getWindows 4]
[10:30:38.86] /i de::startDrag {-0.257 0.074} -context [db::getNext [de::getContexts -window 4]]
[10:30:38.99] /# gi::executeAction deEndDrag -in [gi::getWindows 4]
[10:30:38.99] /i de::endDrag {-0.227 0.029} -context [db::getNext [de::getContexts -window 4]]
[10:30:41.32] /# gi::executeAction deAbortCommand -in [gi::getWindows 4]
[10:30:41.32] /i de::abortCommand -context [db::getNext [de::getContexts -window 4]]
[10:30:42.30] /# gi::executeAction leInstance -in [gi::getWindows 4]
[10:30:42.31] /i ile::createInst
[10:30:42.42] /o leLayout
[10:30:42.58] /i gi::setActiveDialog [gi::getDialogs {leCreateInst} -parent [gi::getWindows 4]]
[10:30:42.81] /i db::setAttr geometry -of [gi::getDialogs {leCreateInst}] -value 612x532+654+159
[10:30:44.49] /# gi::executeAction deAddPoint -in [gi::getWindows 4]
[10:30:44.49] /i de::addPoint {-0.227 0.029} -context [db::getNext [de::getContexts -window 4]]
[10:30:45.85] /# gi::executeAction deStartDrag -in [gi::getWindows 4]
[10:30:45.85] /i de::startDrag {-0.319 0.017} -context [db::getNext [de::getContexts -window 4]]
[10:30:45.99] /# gi::executeAction deEndDrag -in [gi::getWindows 4]
[10:30:46.00] /i de::endDrag {-0.296 -0.019} -context [db::getNext [de::getContexts -window 4]]
[10:30:47.41] /i gi::closeWindows [gi::getDialogs {leCreateInst} -parent [gi::getWindows 4]]
[10:30:49.18] /i gi::setActiveWindow 2
[10:30:49.18] /i gi::setActiveWindow 2 -raise true
[10:30:52.64] /# gi::executeAction dbShowTechnologyManager -in [gi::getWindows 2]
[10:30:52.64] /i db::showManageTechnology
[10:30:52.64] /r giWindowId 5
[10:30:52.68] /r giWindowGeometry 350x400
[10:30:52.83] /# gi::setItemSelection {techTechnologyManagerLibWidget} -index {{analogLib}} -in [gi::getWindows 5]
[10:30:52.83] /# gi::setItemSelection {techTechnologyManagerLibWidget} -index {} -in [gi::getWindows 5]
[10:30:52.83] /# gi::setItemSelection {techTechnologyManagerLibWidget} -index {{clk}} -in [gi::getWindows 5]
[10:30:52.84] /o oa:0x1da81f90
[10:30:57.80] /i gi::setCurrentIndex {techTechnologyManagerLibWidget} -index {clk , Attachment} -in [gi::getWindows 5]
[10:30:59.28] /i gi::setField {techTechnologyManagerLibWidget} -value {clk} -index {clk,Attachment} -in [gi::getWindows 5]
[10:30:59.53] /r giDialog gi::setActiveDialog [gi::getDialogs {deCloseDesigns}]
[10:30:59.53] /r giDialog gi::setCurrentIndex {target} -index {0,1} -in [gi::getDialogs {deCloseDesigns}]
[10:30:59.61] /r giDialog db::setAttr geometry -of [gi::getDialogs {deCloseDesigns}] -value 347x280+777+326
[10:31:01.43] /r giDialog gi::pressButton {ok} -in [gi::getDialogs {deCloseDesigns}]
[10:31:01.43] /m Information: Saving design 'clk clk layout'. (DESIGN_WINDOW-004)
[10:31:01.78] /m Information: The context with top design clk/clk/layout was closed because all the designs in its hierarchy were unexpectedly purged. (DESIGN-113)
[10:31:01.94] /m Information: The context with top design clk/clk/schematic was closed because all the designs in its hierarchy were unexpectedly purged. (DESIGN-113)
[10:31:03.63] /i gi::setActiveWindow 2
[10:31:03.64] /i gi::setActiveWindow 2 -raise true
[10:31:05.09] /i gi::executeAction giCloseWindow -in [gi::getWindows 5]
[10:31:06.01] /i gi::setCurrentIndex {views} -index {layout} -in [gi::getWindows 2]
[10:31:06.01] /i gi::setItemSelection {views} -index {layout} -in [gi::getWindows 2]
[10:31:06.15] /i gi::executeAction dmOpen -in [gi::getWindows 2]
[10:31:06.22] /r giWindowId 6
[10:31:06.22] /r giWindowGeometry 1632x849
[10:31:06.30] /# de::setActiveLPP [de::getLPPs "exclude blockage" -from [db::getAttr editDesign -of [de::getContexts -window 6]]]
[10:31:19.23] /i gi::setField {stopLevel} -value {1} -in [gi::getToolbars {leHierarchy} -from [gi::getWindows 6]]
[10:31:19.27] /# gi::executeAction deSelectActive -in [gi::getWindows 6]
[10:31:19.27] /i de::deselectAllLogic -context [db::getNext [de::getContexts -window 6]]
[10:31:21.10] /# gi::executeAction deSelectActive -in [gi::getWindows 6]
[10:31:21.10] /i de::deselectAll [db::getNext [de::getContexts -window 6]]
[10:31:21.10] /i de::select [de::getActiveFigure [gi::getWindows 6] -point {-3.142 0.204} -index 0 -intent none]
[10:31:21.10] /o oa:0x1ea04a70
[10:31:21.92] /# gi::executeAction leMove -in [gi::getWindows 6]
[10:31:21.92] /i ile::move
[10:31:22.22] /# gi::executeAction deAddPoint -in [gi::getWindows 6]
[10:31:22.22] /i de::addPoint {-3.142 0.204} -context [db::getNext [de::getContexts -window 6]]
[10:31:24.09] /# gi::executeAction deAddPoint -in [gi::getWindows 6]
[10:31:24.09] /i de::addPoint {-1.512 0.214} -context [db::getNext [de::getContexts -window 6]]
[10:31:24.78] /# gi::executeAction deSelectActive -in [gi::getWindows 6]
[10:31:24.78] /i de::deselectAll [db::getNext [de::getContexts -window 6]]
[10:31:24.78] /i de::select [de::getActiveFigure [gi::getWindows 6] -point {-2.978 0.204} -index 0 -intent none]
[10:31:24.79] /o oa:0x1ee35720
[10:31:26.67] /# gi::executeAction deSelectActive -in [gi::getWindows 6]
[10:31:26.67] /i de::deselectAll [db::getNext [de::getContexts -window 6]]
[10:31:26.67] /i de::select [de::getActiveFigure [gi::getWindows 6] -point {-3.926 0.096} -index 0 -intent none]
[10:31:26.67] /o oa:0x1eb0ae80
[10:31:29.20] /# gi::executeAction leMove -in [gi::getWindows 6]
[10:31:29.20] /i ile::move
[10:31:29.48] /# gi::executeAction deAddPoint -in [gi::getWindows 6]
[10:31:29.48] /i de::addPoint {-3.859 0.25} -context [db::getNext [de::getContexts -window 6]]
[10:31:30.99] /# gi::executeAction deAddPoint -in [gi::getWindows 6]
[10:31:30.99] /i de::addPoint {-5.597 0.214} -context [db::getNext [de::getContexts -window 6]]
[10:31:32.59] /# gi::executeAction leMove -in [gi::getWindows 6]
[10:31:32.59] /i ile::move
[10:31:32.95] /# gi::executeAction deAddPoint -in [gi::getWindows 6]
[10:31:32.95] /i de::addPoint {-3.69 0.219} -context [db::getNext [de::getContexts -window 6]]
[10:31:34.40] /# gi::executeAction deAddPoint -in [gi::getWindows 6]
[10:31:34.40] /i de::addPoint {-5.346 0.199} -context [db::getNext [de::getContexts -window 6]]
[10:31:34.92] /i gi::executeAction deCanvasDragCancel -in [gi::getWindows 6]
[10:31:35.90] /# gi::executeAction deSelectActive -in [gi::getWindows 6]
[10:31:35.90] /i de::deselectAll [db::getNext [de::getContexts -window 6]]
[10:31:35.90] /i de::select [de::getActiveFigure [gi::getWindows 6] -point {-3.926 0.199} -index 0 -intent none]
[10:31:35.90] /o oa:0x1e436490
[10:31:36.39] /# gi::executeAction leMove -in [gi::getWindows 6]
[10:31:36.39] /i ile::move
[10:31:36.68] /# gi::executeAction deAddPoint -in [gi::getWindows 6]
[10:31:36.68] /i de::addPoint {-3.926 0.199} -context [db::getNext [de::getContexts -window 6]]
[10:31:39.56] /# gi::executeAction deAddPoint -in [gi::getWindows 6]
[10:31:39.57] /i de::addPoint {-5.31 0.168} -context [db::getNext [de::getContexts -window 6]]
[10:31:40.67] /# gi::executeAction deSelectActive -in [gi::getWindows 6]
[10:31:40.67] /i de::deselectAll [db::getNext [de::getContexts -window 6]]
[10:31:40.67] /i de::select [de::getActiveFigure [gi::getWindows 6] -point {-3.111 0.096} -index 0 -intent none]
[10:31:40.67] /o oa:0x1f4ead70
[10:31:41.76] /# gi::executeAction leDelete -in [gi::getWindows 6]
[10:31:41.76] /i ile::delete
[10:33:12.96] /i gi::setField {stopLevel} -value {2} -in [gi::getToolbars {leHierarchy} -from [gi::getWindows 6]]
[10:33:14.44] /# gi::executeAction deSelectActive -in [gi::getWindows 6]
[10:33:14.44] /i de::deselectAllLogic -context [db::getNext [de::getContexts -window 6]]
[10:33:17.50] /# gi::executeAction deSelectActive -in [gi::getWindows 6]
[10:33:17.50] /i de::deselectAll [db::getNext [de::getContexts -window 6]]
[10:33:17.50] /i de::select [de::getActiveFigure [gi::getWindows 6] -point {-6.135 -1.754} -index 0 -intent none]
[10:33:17.50] /o oa:0x1ea78300
[10:33:17.77] /# gi::executeAction leMove -in [gi::getWindows 6]
[10:33:17.77] /i ile::move
[10:33:18.11] /# gi::executeAction deAddPoint -in [gi::getWindows 6]
[10:33:18.11] /i de::addPoint {-6.135 -1.805} -context [db::getNext [de::getContexts -window 6]]
[10:33:23.98] /# gi::executeAction deCanvasZoomInAtPoint -in [gi::getWindows 6]
[10:33:23.98] /i de::zoom -window [gi::getWindows 6] -factor 2.0 -center {-5.54 -1.831}
[10:33:23.99] /o {-6.588 -2.295} {-2.332 -0.409}
[10:33:24.15] /# gi::executeAction deCanvasZoomInAtPoint -in [gi::getWindows 6]
[10:33:24.15] /i de::zoom -window [gi::getWindows 6] -factor 2.0 -center {-5.54 -1.831}
[10:33:24.15] /o {-6.064 -2.063} {-3.936 -1.12}
[10:33:29.35] /i gi::setField {editAngleMode} -value {Any Angle} -in [gi::getToolbars {deCommandOptions} -from [gi::getWindows 6]]
[10:33:37.02] /# gi::executeAction deAddPoint -in [gi::getWindows 6]
[10:33:37.02] /i de::addPoint {-5.53 -1.804} -context [db::getNext [de::getContexts -window 6]]
[10:33:38.38] /# gi::executeAction dePan -in [gi::getWindows 6]
[10:33:38.38] /i ide::pan [db::getNext [de::getContexts -window 6]]
[10:33:38.93] /# gi::executeAction deStartDrag -in [gi::getWindows 6]
[10:33:38.93] /i de::startDrag {-4.274 -1.709} -context [db::getNext [de::getContexts -window 6]]
[10:33:40.56] /# gi::executeAction deEndDrag -in [gi::getWindows 6]
[10:33:40.56] /i de::endDrag {-4.275 -1.712} -context [db::getNext [de::getContexts -window 6]]
[10:33:40.56] /r dePanToPoint {-3.752 -1.492}
[10:33:40.93] /# gi::executeAction deCanvasZoomOutAtPoint -in [gi::getWindows 6]
[10:33:40.93] /i de::zoom -window [gi::getWindows 6] -factor 0.5 -center {-3.953 -1.598}
[10:33:40.94] /o {-5.679 -2.33} {-1.423 -0.444}
[10:33:42.50] /# gi::executeAction deAbortCommand -in [gi::getWindows 6]
[10:33:42.50] /i de::abortCommand -context [db::getNext [de::getContexts -window 6]]
[10:33:42.82] /# gi::executeAction deSelectActive -in [gi::getWindows 6]
[10:33:42.82] /i de::deselectAll [db::getNext [de::getContexts -window 6]]
[10:33:42.82] /i de::deselectAllLogic -context [db::getNext [de::getContexts -window 6]]
[10:33:44.06] /# gi::executeAction deSelectActive -in [gi::getWindows 6]
[10:33:44.06] /i de::deselectAll [db::getNext [de::getContexts -window 6]]
[10:33:44.06] /i de::select [de::getActiveFigure [gi::getWindows 6] -point {-2.284 -1.854} -index 0 -intent none]
[10:33:44.07] /o oa:0x17129050
[10:33:44.43] /# gi::executeAction leMove -in [gi::getWindows 6]
[10:33:44.43] /i ile::move
[10:33:44.75] /# gi::executeAction deAddPoint -in [gi::getWindows 6]
[10:33:44.75] /i de::addPoint {-2.284 -1.854} -context [db::getNext [de::getContexts -window 6]]
[10:33:46.73] /# gi::executeAction deCanvasZoomInAtPoint -in [gi::getWindows 6]
[10:33:46.73] /i de::zoom -window [gi::getWindows 6] -factor 2.0 -center {-3.801 -1.828}
[10:33:46.73] /o {-4.74 -2.079} {-2.612 -1.136}
[10:33:50.58] /# gi::executeAction deAddPoint -in [gi::getWindows 6]
[10:33:50.58] /i de::addPoint {-3.8 -1.858} -context [db::getNext [de::getContexts -window 6]]
[10:33:51.24] /# gi::executeAction deCanvasZoomOutAtPoint -in [gi::getWindows 6]
[10:33:51.24] /i de::zoom -window [gi::getWindows 6] -factor 0.5 -center {-3.859 -1.614}
[10:33:51.24] /o {-5.621 -2.544} {-1.365 -0.658}
[10:33:51.90] /# gi::executeAction deCanvasZoomOutAtPoint -in [gi::getWindows 6]
[10:33:51.91] /i de::zoom -window [gi::getWindows 6] -factor 0.5 -center {-3.976 -1.558}
[10:33:51.91] /o {-7.267 -3.531} {1.247 0.241}
[10:33:52.91] /# gi::executeAction deCanvasZoomInAtPoint -in [gi::getWindows 6]
[10:33:52.91] /i de::zoom -window [gi::getWindows 6] -factor 2.0 -center {-4.683 -1.045}
[10:33:52.91] /o {-5.975 -2.288} {-1.718 -0.402}
[10:33:55.58] /i gi::executeAction deCanvasDragCancel -in [gi::getWindows 6]
[10:33:56.64] /# gi::executeAction dePan -in [gi::getWindows 6]
[10:33:56.64] /i ide::pan [db::getNext [de::getContexts -window 6]]
[10:33:57.07] /# gi::executeAction deStartDrag -in [gi::getWindows 6]
[10:33:57.07] /i de::startDrag {-4.868 -1.158} -context [db::getNext [de::getContexts -window 6]]
[10:33:58.45] /# gi::executeAction deEndDrag -in [gi::getWindows 6]
[10:33:58.45] /i de::endDrag {-4.86 -1.158} -context [db::getNext [de::getContexts -window 6]]
[10:33:58.45] /r dePanToPoint {-4.456 -0.935}
[10:33:58.78] /# gi::executeAction deCanvasZoomOutAtPoint -in [gi::getWindows 6]
[10:33:58.78] /i de::zoom -window [gi::getWindows 6] -factor 0.5 -center {-4.86 -1.158}
[10:33:58.79] /o {-8.309 -2.598} {0.204 1.174}
[10:34:08.39] /# gi::executeAction deCanvasZoomInAtPoint -in [gi::getWindows 6]
[10:34:08.39] /i de::zoom -window [gi::getWindows 6] -factor 2.0 -center {-4.681 -0.845}
[10:34:08.39] /o {-6.495 -1.721} {-2.239 0.165}
[10:34:16.52] /# gi::executeAction leVia -in [gi::getWindows 6]
[10:34:16.52] /i ile::createVia
[10:34:16.56] /o oa:0x1f9d19b0
[10:34:22.49] /i gi::setField {viaDefName} -value {poly_cust} -in [gi::getToolbars {deCommandOptions} -from [gi::getWindows 6]]
[10:34:37.66] /# gi::executeAction deCanvasZoomOutAtPoint -in [gi::getWindows 6]
[10:34:37.66] /i de::zoom -window [gi::getWindows 6] -factor 0.5 -center {-4.768 -1.063}
[10:34:37.67] /o {-8.222 -2.38} {0.291 1.392}
[10:34:37.93] /# gi::executeAction deCanvasZoomOutAtPoint -in [gi::getWindows 6]
[10:34:37.93] /i de::zoom -window [gi::getWindows 6] -factor 0.5 -center {-4.768 -1.063}
[10:34:37.94] /o {-11.677 -3.697} {5.35 3.848}
[10:34:38.51] /# gi::executeAction deCanvasZoomInAtPoint -in [gi::getWindows 6]
[10:34:38.51] /i de::zoom -window [gi::getWindows 6] -factor 2.0 -center {-4.809 -1.062}
[10:34:38.51] /o {-8.243 -2.379} {0.27 1.393}
[10:34:38.61] /# gi::executeAction deCanvasZoomInAtPoint -in [gi::getWindows 6]
[10:34:38.61] /i de::zoom -window [gi::getWindows 6] -factor 2.0 -center {-4.814 -1.062}
[10:34:38.61] /o {-6.528 -1.721} {-2.272 0.165}
[10:34:39.98] /# gi::executeAction deCanvasZoomInAtPoint -in [gi::getWindows 6]
[10:34:39.98] /i de::zoom -window [gi::getWindows 6] -factor 2.0 -center {-4.814 -1.062}
[10:34:39.99] /o {-5.671 -1.391} {-3.543 -0.448}
[10:34:40.57] /# gi::executeAction deCanvasZoomOutAtPoint -in [gi::getWindows 6]
[10:34:40.57] /i de::zoom -window [gi::getWindows 6] -factor 0.5 -center {-4.814 -1.062}
[10:34:40.57] /o {-6.528 -1.721} {-2.272 0.165}
[10:34:47.07] /# gi::executeAction deAddPoint -in [gi::getWindows 6]
[10:34:47.07] /i de::addPoint {-5.319 -0.901} -context [db::getNext [de::getContexts -window 6]]
[10:34:55.84] /# gi::executeAction deAddPoint -in [gi::getWindows 6]
[10:34:55.84] /i de::addPoint {-3.92 -0.896} -context [db::getNext [de::getContexts -window 6]]
[10:34:57.07] /# gi::executeAction deAbortCommand -in [gi::getWindows 6]
[10:34:57.07] /i de::abortCommand -context [db::getNext [de::getContexts -window 6]]
[10:34:58.56] /# gi::setCurrentIndex {lpps} -index {poly drw} -in [gi::getAssistants leObjectLayerPanel -from [gi::getWindows 6]]
[10:34:58.56] /# gi::setItemSelection {lpps} -index {poly drw} -in [gi::getAssistants leObjectLayerPanel -from [gi::getWindows 6]]
[10:34:58.64] /# gi::executeAction leOLPSetActiveLPP -in [gi::getAssistants leObjectLayerPanel -from [gi::getWindows 6]]
[10:34:58.64] /i de::setActiveLPP [de::getLPPs -from [oa::DesignFind clk clk layout] -filter {%lpp =="poly drawing"}]
[10:35:01.68] /# gi::executeAction leVia -in [gi::getWindows 6]
[10:35:01.68] /i ile::createVia
[10:35:01.72] /o oa:0x1efe6ed0
[10:35:07.24] /# gi::executeAction deAbortCommand -in [gi::getWindows 6]
[10:35:07.24] /i de::abortCommand -context [db::getNext [de::getContexts -window 6]]
[10:35:07.64] /# gi::executeAction leRectangle -in [gi::getWindows 6]
[10:35:07.65] /i ile::createRectangle
[10:35:12.49] /# gi::executeAction deAddPoint -in [gi::getWindows 6]
[10:35:12.49] /i de::addPoint {-4.66 -0.847} -context [db::getNext [de::getContexts -window 6]]
[10:35:15.95] /# gi::executeAction deAbortCommand -in [gi::getWindows 6]
[10:35:15.95] /i de::abortCommand -context [db::getNext [de::getContexts -window 6]]
[10:35:16.34] /# gi::executeAction deCanvasZoomInAtPoint -in [gi::getWindows 6]
[10:35:16.34] /i de::zoom -window [gi::getWindows 6] -factor 2.0 -center {-5.288 -0.962}
[10:35:16.34] /o {-5.908 -1.341} {-3.78 -0.398}
[10:35:17.65] /# gi::executeAction leRectangle -in [gi::getWindows 6]
[10:35:17.65] /i ile::createRectangle
[10:35:27.40] /# gi::executeAction deAddPoint -in [gi::getWindows 6]
[10:35:27.40] /i de::addPoint {-4.663 -0.86} -context [db::getNext [de::getContexts -window 6]]
[10:35:33.46] /# gi::executeAction deAddPoint -in [gi::getWindows 6]
[10:35:33.46] /i de::addPoint {-5.333 -0.963} -context [db::getNext [de::getContexts -window 6]]
[10:35:34.89] /# gi::executeAction deAbortCommand -in [gi::getWindows 6]
[10:35:34.89] /i de::abortCommand -context [db::getNext [de::getContexts -window 6]]
[10:35:35.54] /# gi::executeAction deCanvasZoomOutAtPoint -in [gi::getWindows 6]
[10:35:35.54] /i de::zoom -window [gi::getWindows 6] -factor 0.5 -center {-5.277 -0.947}
[10:35:35.55] /o {-6.539 -1.736} {-2.283 0.15}
[10:35:37.11] /# gi::executeAction deCanvasZoomInAtPoint -in [gi::getWindows 6]
[10:35:37.11] /i de::zoom -window [gi::getWindows 6] -factor 2.0 -center {-6.363 -0.9}
[10:35:37.12] /o {-6.451 -1.318} {-4.323 -0.375}
[10:35:39.43] /# gi::executeAction deCanvasZoomOutAtPoint -in [gi::getWindows 6]
[10:35:39.43] /i de::zoom -window [gi::getWindows 6] -factor 0.5 -center {-5.44 -0.917}
[10:35:39.43] /o {-7.462 -1.719} {-3.206 0.167}
[10:35:41.03] /# gi::executeAction dePan -in [gi::getWindows 6]
[10:35:41.03] /i ide::pan [db::getNext [de::getContexts -window 6]]
[10:35:41.30] /# gi::executeAction deStartDrag -in [gi::getWindows 6]
[10:35:41.30] /i de::startDrag {-4.29 -1.204} -context [db::getNext [de::getContexts -window 6]]
[10:35:42.64] /# gi::executeAction deEndDrag -in [gi::getWindows 6]
[10:35:42.64] /i de::endDrag {-4.292 -1.204} -context [db::getNext [de::getContexts -window 6]]
[10:35:42.64] /r dePanToPoint {-3.883 -0.75}
[10:35:43.05] /# gi::executeAction deCanvasZoomInAtPoint -in [gi::getWindows 6]
[10:35:43.05] /i de::zoom -window [gi::getWindows 6] -factor 2.0 -center {-3.275 -1.022}
[10:35:43.05] /o {-4.643 -1.358} {-2.515 -0.414}
[10:35:44.03] /# gi::executeAction leRectangle -in [gi::getWindows 6]
[10:35:44.03] /i ile::createRectangle
[10:35:48.66] /# gi::executeAction deAbortCommand -in [gi::getWindows 6]
[10:35:48.66] /i de::abortCommand -context [db::getNext [de::getContexts -window 6]]
[10:35:50.59] /r giDialog gi::setActiveDialog [gi::getDialogs {giCloseFrame}]
[10:35:50.84] /r giDialog db::setAttr geometry -of [gi::getDialogs {giCloseFrame}] -value 299x108+811+471
[10:35:56.27] /r giDialog gi::closeWindows [gi::getDialogs {giCloseFrame}]
[10:35:58.05] /# gi::executeAction deCanvasZoomOutAtPoint -in [gi::getWindows 6]
[10:35:58.05] /i de::zoom -window [gi::getWindows 6] -factor 0.5 -center {-3.62 -0.997}
[10:35:58.06] /o {-5.667 -1.718} {-1.41 0.168}
[10:36:02.34] /i gi::executeAction deCanvasDragCancel -in [gi::getWindows 6]
[10:36:04.21] /i de::undoTransaction -design [db::getAttr editDesign -of [de::getContexts -window 6]] -steps 1
[10:36:04.43] /i de::undoTransaction -design [db::getAttr editDesign -of [de::getContexts -window 6]] -steps 1
[10:36:05.70] /# gi::executeAction deSelectActive -in [gi::getWindows 6]
[10:36:05.70] /i de::deselectAll [db::getNext [de::getContexts -window 6]]
[10:36:05.70] /i de::select [de::getActiveFigure [gi::getWindows 6] -point {-5.324 -0.911} -index 0 -intent none]
[10:36:05.71] /o oa:0x1db00690
[10:36:07.49] /# gi::executeAction deSelectActive -in [gi::getWindows 6]
[10:36:07.50] /i de::deselectAll [db::getNext [de::getContexts -window 6]]
[10:36:07.50] /i de::select [de::getActiveFigure [gi::getWindows 6] -point {-5.262 -0.947} -index 0 -intent none]
[10:36:07.50] /o oa:0x18ec83b0
[10:36:07.83] /# gi::executeAction leMove -in [gi::getWindows 6]
[10:36:07.83] /i ile::move
[10:36:08.08] /# gi::executeAction deAddPoint -in [gi::getWindows 6]
[10:36:08.08] /i de::addPoint {-5.262 -0.947} -context [db::getNext [de::getContexts -window 6]]
[10:36:12.86] /# gi::executeAction deAddPoint -in [gi::getWindows 6]
[10:36:12.86] /i de::addPoint {-4.696 -1.044} -context [db::getNext [de::getContexts -window 6]]
[10:36:14.66] /# gi::executeAction dePan -in [gi::getWindows 6]
[10:36:14.66] /i ide::pan [db::getNext [de::getContexts -window 6]]
[10:36:15.08] /# gi::executeAction deStartDrag -in [gi::getWindows 6]
[10:36:15.08] /i de::startDrag {-4.888 -1.28} -context [db::getNext [de::getContexts -window 6]]
[10:36:17.15] /# gi::executeAction deEndDrag -in [gi::getWindows 6]
[10:36:17.15] /i de::endDrag {-4.885 -1.28} -context [db::getNext [de::getContexts -window 6]]
[10:36:17.15] /r dePanToPoint {-4.899 -0.801}
[10:36:19.33] /# gi::executeAction deCanvasZoomInAtPoint -in [gi::getWindows 6]
[10:36:19.34] /i de::zoom -window [gi::getWindows 6] -factor 2.0 -center {-5.377 -1.185}
[10:36:19.34] /o {-6.202 -1.464} {-4.074 -0.521}
[10:36:20.55] /# gi::executeAction deCanvasZoomOutAtPoint -in [gi::getWindows 6]
[10:36:20.55] /i de::zoom -window [gi::getWindows 6] -factor 0.5 -center {-5.377 -1.185}
[10:36:20.55] /o {-7.028 -1.744} {-2.771 0.142}
[10:36:22.67] /# gi::executeAction deCanvasZoomOutAtPoint -in [gi::getWindows 6]
[10:36:22.67] /i de::zoom -window [gi::getWindows 6] -factor 0.5 -center {-5.377 -1.185}
[10:36:22.68] /o {-8.678 -2.302} {-0.165 1.47}
[10:36:23.68] /# gi::executeAction deCanvasZoomInAtPoint -in [gi::getWindows 6]
[10:36:23.68] /i de::zoom -window [gi::getWindows 6] -factor 2.0 -center {-5.378 -1.185}
[10:36:23.68] /o {-7.028 -1.744} {-2.772 0.142}
[10:36:24.49] /# gi::executeAction deCanvasZoomInAtPoint -in [gi::getWindows 6]
[10:36:24.49] /i de::zoom -window [gi::getWindows 6] -factor 2.0 -center {-5.378 -1.185}
[10:36:24.49] /o {-6.203 -1.464} {-4.075 -0.521}
[10:36:25.14] /# gi::executeAction deCanvasZoomOutAtPoint -in [gi::getWindows 6]
[10:36:25.14] /i de::zoom -window [gi::getWindows 6] -factor 0.5 -center {-5.378 -1.185}
[10:36:25.14] /o {-7.028 -1.744} {-2.772 0.142}
[10:36:26.22] /# gi::executeAction deCanvasZoomInAtPoint -in [gi::getWindows 6]
[10:36:26.22] /i de::zoom -window [gi::getWindows 6] -factor 2.0 -center {-5.378 -1.19}
[10:36:26.22] /o {-6.203 -1.467} {-4.075 -0.524}
[10:36:29.66] /# gi::setCurrentIndex {lpps} -index {m1 drw} -in [gi::getAssistants leObjectLayerPanel -from [gi::getWindows 6]]
[10:36:29.66] /# gi::setItemSelection {lpps} -index {m1 drw} -in [gi::getAssistants leObjectLayerPanel -from [gi::getWindows 6]]
[10:36:29.71] /# gi::executeAction leOLPSetActiveLPP -in [gi::getAssistants leObjectLayerPanel -from [gi::getWindows 6]]
[10:36:29.71] /i de::setActiveLPP [de::getLPPs -from [oa::DesignFind clk clk layout] -filter {%lpp =="m1 drawing"}]
[10:36:30.78] /# gi::executeAction leRectangle -in [gi::getWindows 6]
[10:36:30.78] /i ile::createRectangle
[10:36:33.53] /# gi::executeAction deAddPoint -in [gi::getWindows 6]
[10:36:33.53] /i de::addPoint {-4.742 -0.95} -context [db::getNext [de::getContexts -window 6]]
[10:36:38.97] /# gi::executeAction deAddPoint -in [gi::getWindows 6]
[10:36:38.97] /i de::addPoint {-5.989 -1.049} -context [db::getNext [de::getContexts -window 6]]
[10:36:39.71] /# gi::executeAction deCanvasZoomOutAtPoint -in [gi::getWindows 6]
[10:36:39.71] /i de::zoom -window [gi::getWindows 6] -factor 0.5 -center {-5.245 -0.921}
[10:36:39.71] /o {-7.161 -2.013} {-2.905 -0.127}
[10:36:40.97] /# gi::executeAction dePan -in [gi::getWindows 6]
[10:36:40.98] /i ide::pan [db::getNext [de::getContexts -window 6]]
[10:36:41.35] /# gi::executeAction deStartDrag -in [gi::getWindows 6]
[10:36:41.35] /i de::startDrag {-3.82 -1.082} -context [db::getNext [de::getContexts -window 6]]
[10:36:42.48] /# gi::executeAction deEndDrag -in [gi::getWindows 6]
[10:36:42.48] /i de::endDrag {-3.83 -1.082} -context [db::getNext [de::getContexts -window 6]]
[10:36:42.48] /r dePanToPoint {-3.905 -1.029}
[10:36:44.84] /# gi::setCurrentIndex {lpps} -index {poly drw} -in [gi::getAssistants leObjectLayerPanel -from [gi::getWindows 6]]
[10:36:44.84] /# gi::setItemSelection {lpps} -index {poly drw} -in [gi::getAssistants leObjectLayerPanel -from [gi::getWindows 6]]
[10:36:44.93] /# gi::executeAction leOLPSetActiveLPP -in [gi::getAssistants leObjectLayerPanel -from [gi::getWindows 6]]
[10:36:44.93] /i de::setActiveLPP [de::getLPPs -from [oa::DesignFind clk clk layout] -filter {%lpp =="poly drawing"}]
[10:36:48.28] /# gi::executeAction leRectangle -in [gi::getWindows 6]
[10:36:48.28] /i ile::createRectangle
[10:36:50.11] /# gi::executeAction deAddPoint -in [gi::getWindows 6]
[10:36:50.11] /i de::addPoint {-3.486 -1.006} -context [db::getNext [de::getContexts -window 6]]
[10:36:53.20] /# gi::executeAction leVia -in [gi::getWindows 6]
[10:36:53.20] /i ile::createVia
[10:36:53.25] /o oa:0x1ef134d0
[10:36:58.10] /# gi::executeAction deAddPoint -in [gi::getWindows 6]
[10:36:58.10] /i de::addPoint {-3.361 -1.031} -context [db::getNext [de::getContexts -window 6]]
[10:36:59.08] /# gi::executeAction leRotate90 -in [gi::getWindows 6]
[10:36:59.08] /i de::commandOption R90 -point {-3.361 -1.031}
[10:37:00.69] /# gi::executeAction deAbortCommand -in [gi::getWindows 6]
[10:37:00.69] /i de::abortCommand -context [db::getNext [de::getContexts -window 6]]
[10:37:04.17] /# gi::setCurrentIndex {lpps} -index {m1 drw} -in [gi::getAssistants leObjectLayerPanel -from [gi::getWindows 6]]
[10:37:04.17] /# gi::setItemSelection {lpps} -index {m1 drw} -in [gi::getAssistants leObjectLayerPanel -from [gi::getWindows 6]]
[10:37:04.23] /# gi::executeAction leOLPSetActiveLPP -in [gi::getAssistants leObjectLayerPanel -from [gi::getWindows 6]]
[10:37:04.23] /i de::setActiveLPP [de::getLPPs -from [oa::DesignFind clk clk layout] -filter {%lpp =="m1 drawing"}]
[10:37:05.15] /# gi::executeAction leRectangle -in [gi::getWindows 6]
[10:37:05.15] /i ile::createRectangle
[10:37:05.79] /# gi::executeAction deCanvasZoomInAtPoint -in [gi::getWindows 6]
[10:37:05.79] /i de::zoom -window [gi::getWindows 6] -factor 2.0 -center {-3.74 -1.018}
[10:37:05.79] /o {-4.887 -1.495} {-2.759 -0.552}
[10:37:10.72] /# gi::executeAction deAddPoint -in [gi::getWindows 6]
[10:37:10.72] /i de::addPoint {-3.363 -0.982} -context [db::getNext [de::getContexts -window 6]]
[10:37:18.47] /# gi::executeAction deAddPoint -in [gi::getWindows 6]
[10:37:18.47] /i de::addPoint {-4.59 -1.081} -context [db::getNext [de::getContexts -window 6]]
[10:37:20.88] /# gi::executeAction deAbortCommand -in [gi::getWindows 6]
[10:37:20.88] /i de::abortCommand -context [db::getNext [de::getContexts -window 6]]
[10:37:22.09] /# gi::executeAction deCanvasZoomOutAtPoint -in [gi::getWindows 6]
[10:37:22.09] /i de::zoom -window [gi::getWindows 6] -factor 0.5 -center {-4.171 -1.109}
[10:37:22.09] /o {-5.603 -1.881} {-1.346 0.005}
[10:37:23.44] /i gi::executeAction deSaveDesign -in [gi::getWindows 6]
[10:37:23.44] /m Information: Saving design 'clk clk layout'. (DESIGN_WINDOW-004)
[10:37:27.16] /# gi::executeAction xtDRCSetup -in [gi::getWindows 6]
[10:37:27.16] /i xt::showDRCSetup -job drc -window 6
[10:37:28.51] /o oa:0x1d985d80
[10:37:28.73] /i gi::setActiveDialog [gi::getDialogs {xtDRCSetup} -parent [gi::getWindows 6]]
[10:37:28.94] /i db::setAttr geometry -of [gi::getDialogs {xtDRCSetup} -parent [gi::getWindows 6]] -value 475x427+865+358
[10:37:32.73] /i gi::pressButton {/tabGroup/mainTab/runDir/browseButton} -in [gi::getDialogs {xtDRCSetup} -parent [gi::getWindows 6]]
[10:38:11.48] /r giFileDialog reject ../../
[10:38:15.66] /i gi::setField {/tabGroup/mainTab/layoutGroup/layoutCellViewLibrary} -value {inv} -in [gi::getDialogs {xtDRCSetup} -parent [gi::getWindows 6]]
[10:38:16.34] /i gi::setField {/tabGroup/mainTab/layoutGroup/layoutCellViewLibrary} -value {clk} -in [gi::getDialogs {xtDRCSetup} -parent [gi::getWindows 6]]
[10:38:16.90] /i gi::setField {/tabGroup/mainTab/layoutGroup/layoutCellViewLibrary} -value {basic} -in [gi::getDialogs {xtDRCSetup} -parent [gi::getWindows 6]]
[10:38:16.99] /i gi::setField {/tabGroup/mainTab/layoutGroup/layoutCellViewLibrary} -value {analogLib} -in [gi::getDialogs {xtDRCSetup} -parent [gi::getWindows 6]]
[10:38:17.36] /i gi::setField {/tabGroup/mainTab/layoutGroup/layoutCellViewLibrary} -value {} -in [gi::getDialogs {xtDRCSetup} -parent [gi::getWindows 6]]
[10:38:17.94] /i gi::setField {/tabGroup/mainTab/layoutGroup/layoutCellViewLibrary} -value {analogLib} -in [gi::getDialogs {xtDRCSetup} -parent [gi::getWindows 6]]
[10:38:18.02] /i gi::setField {/tabGroup/mainTab/layoutGroup/layoutCellViewLibrary} -value {basic} -in [gi::getDialogs {xtDRCSetup} -parent [gi::getWindows 6]]
[10:38:18.13] /i gi::setField {/tabGroup/mainTab/layoutGroup/layoutCellViewLibrary} -value {clk} -in [gi::getDialogs {xtDRCSetup} -parent [gi::getWindows 6]]
[10:38:18.20] /i gi::setField {/tabGroup/mainTab/layoutGroup/layoutCellViewLibrary} -value {inv} -in [gi::getDialogs {xtDRCSetup} -parent [gi::getWindows 6]]
[10:38:19.68] /i gi::closeWindows [gi::getDialogs {xtDRCSetup} -parent [gi::getWindows 6]]
[10:38:23.83] /# gi::executeAction xtDRCSetup -in [gi::getWindows 6]
[10:38:23.83] /i xt::showDRCSetup -job drc -window 6
[10:38:25.20] /o oa:0x1e9f4b80
[10:38:25.39] /i gi::setActiveDialog [gi::getDialogs {xtDRCSetup} -parent [gi::getWindows 6]]
[10:38:25.54] /i db::setAttr geometry -of [gi::getDialogs {xtDRCSetup} -parent [gi::getWindows 6]] -value 475x427+865+321
[10:38:27.11] /i gi::setActiveTab {/tabGroup} -tabName {/tabGroup/controlVariablesTab} -in [gi::getDialogs {xtDRCSetup} -parent [gi::getWindows 6]]
[10:38:27.66] /i gi::setActiveTab {/tabGroup} -tabName {/tabGroup/customOptionsTab} -in [gi::getDialogs {xtDRCSetup} -parent [gi::getWindows 6]]
[10:38:29.24] /i gi::pressButton {/tabGroup/customOptionsTab/layerMapFile/browseButton} -in [gi::getDialogs {xtDRCSetup} -parent [gi::getWindows 6]]
[10:38:46.10] /r giFileDialog accept ../lab1vlsi/PDK/techfiles/reference90RF_layer.map
[10:38:50.00] /i gi::setActiveTab {/tabGroup} -tabName {/tabGroup/mainTab} -in [gi::getDialogs {xtDRCSetup} -parent [gi::getWindows 6]]
[10:38:51.92] /i gi::pressButton {/tabGroup/mainTab/jobParametersGroup/runsetFile/browseButton} -in [gi::getDialogs {xtDRCSetup} -parent [gi::getWindows 6]]
[10:39:02.20] /r giFileDialog accept ../lab1vlsi/PDK/hercules/drc/reference_drc.ev
[10:39:05.80] /i gi::pressButton {/ok} -in [gi::getDialogs {xtDRCSetup} -parent [gi::getWindows 6]]
[10:39:05.81] /# gi::setActiveTab {/tabGroup} -tabName {/tabGroup/customOptionsTab} -in [gi::getDialogs {xtDRCSetup} -parent [gi::getWindows 6]]
[10:39:05.81] /e Error: The requested action could not be completed because one or more inputs are incomplete or invalid. (CUSTOM_WIDGETS-001)
[10:39:06.74] /i gi::setField {/tabGroup/customOptionsTab/layerMapFile/entryField} -value {/remote/dept-seg-cae2/FTK/agarwals/PERFORCE/IPL/reference/90nm/techfiles/reference90RF_layer.map} -in [gi::getDialogs {xtDRCSetup} -parent [gi::getWindows 6]]
[10:39:06.82] /i gi::pressButton {/ok} -in [gi::getDialogs {xtDRCSetup} -parent [gi::getWindows 6]]
[10:39:06.82] /e Error: The requested action could not be completed because one or more inputs are incomplete or invalid. (CUSTOM_WIDGETS-001)
[10:39:10.46] /i gi::pressButton {/apply} -in [gi::getDialogs {xtDRCSetup} -parent [gi::getWindows 6]]
[10:39:10.46] /e Error: The requested action could not be completed because one or more inputs are incomplete or invalid. (CUSTOM_WIDGETS-001)
[10:39:11.76] /i gi::pressButton {/ok} -in [gi::getDialogs {xtDRCSetup} -parent [gi::getWindows 6]]
[10:39:11.76] /e Error: The requested action could not be completed because one or more inputs are incomplete or invalid. (CUSTOM_WIDGETS-001)
[10:39:12.35] /i gi::pressButton {/ok} -in [gi::getDialogs {xtDRCSetup} -parent [gi::getWindows 6]]
[10:39:12.35] /e Error: The requested action could not be completed because one or more inputs are incomplete or invalid. (CUSTOM_WIDGETS-001)
[10:39:12.51] /i gi::pressButton {/ok} -in [gi::getDialogs {xtDRCSetup} -parent [gi::getWindows 6]]
[10:39:12.52] /e Error: The requested action could not be completed because one or more inputs are incomplete or invalid. (CUSTOM_WIDGETS-001)
[10:39:12.68] /i gi::pressButton {/ok} -in [gi::getDialogs {xtDRCSetup} -parent [gi::getWindows 6]]
[10:39:12.68] /e Error: The requested action could not be completed because one or more inputs are incomplete or invalid. (CUSTOM_WIDGETS-001)
[10:39:12.87] /i gi::pressButton {/ok} -in [gi::getDialogs {xtDRCSetup} -parent [gi::getWindows 6]]
[10:39:12.88] /e Error: The requested action could not be completed because one or more inputs are incomplete or invalid. (CUSTOM_WIDGETS-001)
[10:39:13.19] /i gi::pressButton {/ok} -in [gi::getDialogs {xtDRCSetup} -parent [gi::getWindows 6]]
[10:39:13.20] /e Error: The requested action could not be completed because one or more inputs are incomplete or invalid. (CUSTOM_WIDGETS-001)
[10:39:15.63] /i gi::pressButton {/tabGroup/customOptionsTab/layerMapFile/browseButton} -in [gi::getDialogs {xtDRCSetup} -parent [gi::getWindows 6]]
[10:39:24.52] /r giFileDialog accept ../lab1vlsi/PDK/techfiles/reference90RF_layer.map
[10:39:26.54] /i gi::pressButton {/ok} -in [gi::getDialogs {xtDRCSetup} -parent [gi::getWindows 6]]
[10:39:27.85] /# xt::physicalVerification::executePve drc 6
[10:39:29.56] /r giWindowId 7
[10:39:29.59] /r giWindowGeometry 800x600
[10:39:37.24] /m Information: 
              /c =============================
              /c JobID: hercules_drc_7
              /c --- ERROR SUMMARY -----------
              /c 7.29: Minimum spacing for Metal 1 >= 0.1
              /c  EXTERNAL M1S { } (101) ................................. 2 violations found.
              /c =============================
              /c 
[10:39:38.44] /j ::xt::hercules::vue::_private::registerConnection localhost:41381 tcp6 herculesVue_1 
[10:39:38.49] /j ::xt::hercules::vue::_private::isJobReady 
[10:39:38.49] /o false
[10:39:39.50] /j ::xt::hercules::vue::_private::isJobReady 
[10:39:39.50] /o false
[10:39:40.50] /m Information: Connection established with 'Hercules-VUE' running on 'localhost'.
[10:39:40.50] /j ::xt::hercules::vue::_private::isJobReady 
[10:39:40.50] /o true
[10:39:40.51] /j ::xt::hercules::vue::startFilter LAY 
[10:39:41.58] /j ::xt::hercules::vue::setInlibPath /root/Excercise/ring_oscillator/synopsys_custom/clk.hercules.drc/. 
[10:39:41.60] /j ::xt::hercules::vue::setTopLayLCV clk clk layout 
[10:39:41.63] /j ::xt::hercules::vue::openCell clk clk layout 
[10:39:55.34] /j ::xt::hercules::vue::clearAllHighlights clk layout 
[10:39:56.41] /j ::xt::hercules::vue::clearAllHighlights clk layout 
[10:39:56.43] /j ::xt::hercules::vue::clearAllHighlights clk layout 
[10:39:56.44] /j ::xt::hercules::vue::openCell clk clk layout 
[10:39:57.03] /j ::xt::hercules::vue::clearAllHighlights clk layout 
[10:39:57.04] /j ::xt::hercules::vue::clearAllHighlights clk layout 
[10:39:57.04] /j ::xt::hercules::vue::setHighlightProperty clk layout yellow brick 
[10:39:57.05] /j ::xt::hercules::vue::addPolygonBegin 4 
[10:39:57.09] /j ::xt::hercules::vue::addPolygonPoints {-3.275 -1.080 -3.275 -0.980 -3.190 -0.980 -3.190 -1.080 -3.275 -1.080} 
[10:39:57.09] /j ::xt::hercules::vue::addPolygonEnd 
[10:39:57.09] /j ::xt::hercules::vue::setViewPort extents {-3.286 -1.093 -3.179 -0.968} LAY 
[10:39:57.12] /j ::xt::hercules::vue::addErrorDescription {"Distance: 0.085"} 
[10:39:57.14] /j ::xt::hercules::vue::drawHighlights clk layout all 
[10:40:00.52] /j ::xt::hercules::vue::clearAllHighlights clk layout 
[10:40:00.54] /j ::xt::hercules::vue::setHighlightProperty clk layout yellow brick 
[10:40:00.55] /j ::xt::hercules::vue::addPolygonBegin 4 
[10:40:00.59] /j ::xt::hercules::vue::addPolygonPoints {-3.275 -1.080 -3.275 -0.980 -3.190 -0.980 -3.190 -1.080 -3.275 -1.080} 
[10:40:00.59] /j ::xt::hercules::vue::addPolygonEnd 
[10:40:00.59] /j ::xt::hercules::vue::setViewPort extents {-3.286 -1.093 -3.179 -0.968} LAY 
[10:40:00.61] /j ::xt::hercules::vue::addErrorDescription {"Distance: 0.085"} 
[10:40:00.63] /j ::xt::hercules::vue::drawHighlights clk layout all 
[10:40:01.79] /i gi::setActiveWindow 7
[10:40:01.79] /i gi::setActiveWindow 7 -raise true
[10:40:03.25] /i gi::setActiveWindow 6
[10:40:03.25] /i gi::setActiveWindow 6 -raise true
[10:40:04.36] /# gi::executeAction deCanvasZoomOutAtPoint -in [gi::getWindows 6]
[10:40:04.37] /i de::zoom -window [gi::getWindows 6] -factor 0.5 -center {-3.26 -1.004}
[10:40:04.37] /o {-3.487 -1.182} {-2.923 -0.932}
[10:40:05.01] /# gi::executeAction deCanvasZoomOutAtPoint -in [gi::getWindows 6]
[10:40:05.01] /i de::zoom -window [gi::getWindows 6] -factor 0.5 -center {-3.26 -1.003}
[10:40:05.01] /o {-3.714 -1.361} {-2.586 -0.861}
[10:40:06.27] /# gi::executeAction deCanvasZoomInAtPoint -in [gi::getWindows 6]
[10:40:06.27] /i de::zoom -window [gi::getWindows 6] -factor 2.0 -center {-3.253 -0.976}
[10:40:06.27] /o {-3.484 -1.168} {-2.919 -0.918}
[10:40:06.69] /# gi::executeAction deCanvasZoomOutAtPoint -in [gi::getWindows 6]
[10:40:06.69] /i de::zoom -window [gi::getWindows 6] -factor 0.5 -center {-3.253 -0.976}
[10:40:06.69] /o {-3.714 -1.361} {-2.586 -0.861}
[10:40:07.90] /# gi::executeAction deCanvasZoomInAtPoint -in [gi::getWindows 6]
[10:40:07.90] /i de::zoom -window [gi::getWindows 6] -factor 2.0 -center {-3.252 -1.023}
[10:40:07.90] /o {-3.483 -1.192} {-2.919 -0.942}
[10:40:09.97] /# gi::executeAction leRuler -in [gi::getWindows 6]
[10:40:09.97] /i ile::createRuler
[10:40:13.05] /# gi::executeAction deAbortCommand -in [gi::getWindows 6]
[10:40:13.05] /i de::abortCommand -context [db::getNext [de::getContexts -window 6]]
[10:40:17.16] /# gi::executeAction leRuler -in [gi::getWindows 6]
[10:40:17.16] /i ile::createRuler
[10:40:19.87] /# gi::executeAction deAddPoint -in [gi::getWindows 6]
[10:40:19.87] /i de::addPoint {-3.19 -1.067} -context [db::getNext [de::getContexts -window 6]]
[10:40:21.51] /# gi::executeAction deAddPoint -in [gi::getWindows 6]
[10:40:21.51] /i de::addPoint {-3.288 -1.07} -context [db::getNext [de::getContexts -window 6]]
[10:40:23.54] /# gi::executeAction deCanvasZoomOutAtPoint -in [gi::getWindows 6]
[10:40:23.55] /i de::zoom -window [gi::getWindows 6] -factor 0.5 -center {-3.296 -1.021}
[10:40:23.56] /o {-3.67 -1.363} {-2.542 -0.863}
[10:40:25.04] /# gi::executeAction deAbortCommand -in [gi::getWindows 6]
[10:40:25.04] /i de::abortCommand -context [db::getNext [de::getContexts -window 6]]
[10:40:26.17] /# gi::executeAction deSelectActive -in [gi::getWindows 6]
[10:40:26.17] /i de::deselectAll [db::getNext [de::getContexts -window 6]]
[10:40:26.17] /i de::select [de::getActiveFigure [gi::getWindows 6] -point {-3.412 -1.117} -index 0 -intent none]
[10:40:26.17] /o oa:0x1ff6ab60
[10:40:26.53] /# gi::executeAction leMove -in [gi::getWindows 6]
[10:40:26.53] /i ile::move
[10:40:26.83] /# gi::executeAction deAddPoint -in [gi::getWindows 6]
[10:40:26.83] /i de::addPoint {-3.412 -1.117} -context [db::getNext [de::getContexts -window 6]]
[10:40:29.66] /# gi::executeAction deAddPoint -in [gi::getWindows 6]
[10:40:29.66] /i de::addPoint {-3.424 -1.114} -context [db::getNext [de::getContexts -window 6]]
[10:40:31.41] /# gi::executeAction leMove -in [gi::getWindows 6]
[10:40:31.41] /i ile::move
[10:40:31.75] /# gi::executeAction deStartDrag -in [gi::getWindows 6]
[10:40:31.75] /i de::startDrag {-2.773 -1.15} -context [db::getNext [de::getContexts -window 6]]
[10:40:32.99] /# gi::executeAction deEndDrag -in [gi::getWindows 6]
[10:40:32.99] /i de::endDrag {-3.019 -1.105} -context [db::getNext [de::getContexts -window 6]]
[10:40:33.32] /# gi::executeAction deCanvasZoomOutAtPoint -in [gi::getWindows 6]
[10:40:33.32] /i de::zoom -window [gi::getWindows 6] -factor 0.5 -center {-3.199 -1.103}
[10:40:33.32] /o {-4.141 -1.623} {-1.885 -0.623}
[10:40:34.40] /# gi::executeAction dePan -in [gi::getWindows 6]
[10:40:34.40] /i ide::pan [db::getNext [de::getContexts -window 6]]
[10:40:34.64] /# gi::executeAction deStartDrag -in [gi::getWindows 6]
[10:40:34.64] /i de::startDrag {-3.681 -1.113} -context [db::getNext [de::getContexts -window 6]]
[10:40:35.36] /# gi::executeAction deEndDrag -in [gi::getWindows 6]
[10:40:35.36] /i de::endDrag {-3.679 -1.113} -context [db::getNext [de::getContexts -window 6]]
[10:40:35.36] /r dePanToPoint {-4.42 -1.069}
[10:40:35.85] /# gi::executeAction deStartDrag -in [gi::getWindows 6]
[10:40:35.85] /i de::startDrag {-5.022 -1.113} -context [db::getNext [de::getContexts -window 6]]
[10:40:36.23] /# gi::executeAction deEndDrag -in [gi::getWindows 6]
[10:40:36.23] /i de::endDrag {-5.02 -1.113} -context [db::getNext [de::getContexts -window 6]]
[10:40:36.23] /r dePanToPoint {-4.642 -1.055}
[10:40:36.63] /# gi::executeAction deCanvasZoomInAtPoint -in [gi::getWindows 6]
[10:40:36.63] /i de::zoom -window [gi::getWindows 6] -factor 2.0 -center {-4.862 -1.012}
[10:40:36.63] /o {-5.316 -1.284} {-4.188 -0.784}
[10:40:38.82] /# gi::executeAction leRuler -in [gi::getWindows 6]
[10:40:38.82] /i ile::createRuler
[10:40:40.89] /# gi::executeAction deAddPoint -in [gi::getWindows 6]
[10:40:40.89] /i de::addPoint {-4.59 -0.987} -context [db::getNext [de::getContexts -window 6]]
[10:40:44.75] /# gi::executeAction deAddPoint -in [gi::getWindows 6]
[10:40:44.75] /i de::addPoint {-4.692 -0.99} -context [db::getNext [de::getContexts -window 6]]
[10:42:00.40] /# gi::executeAction deAbortCommand -in [gi::getWindows 6]
[10:42:00.40] /i de::abortCommand -context [db::getNext [de::getContexts -window 6]]
[10:42:01.64] /# gi::executeAction deSelectActive -in [gi::getWindows 6]
[10:42:01.64] /i de::deselectAll [db::getNext [de::getContexts -window 6]]
[10:42:01.64] /i de::select [de::getActiveFigure [gi::getWindows 6] -point {-4.827 -1.093} -index 0 -intent none]
[10:42:01.64] /o oa:0x2045e930
[10:42:01.83] /# gi::executeAction leMove -in [gi::getWindows 6]
[10:42:01.83] /i ile::move
[10:42:02.10] /# gi::executeAction deAddPoint -in [gi::getWindows 6]
[10:42:02.10] /i de::addPoint {-4.827 -1.093} -context [db::getNext [de::getContexts -window 6]]
[10:42:04.51] /# gi::executeAction deAddPoint -in [gi::getWindows 6]
[10:42:04.51] /i de::addPoint {-4.843 -1.097} -context [db::getNext [de::getContexts -window 6]]
[10:42:05.35] /# gi::executeAction deCanvasZoomOutAtPoint -in [gi::getWindows 6]
[10:42:05.35] /i de::zoom -window [gi::getWindows 6] -factor 0.5 -center {-4.645 -1.028}
[10:42:05.35] /o {-5.987 -1.539} {-3.731 -0.539}
[10:42:06.80] /i gi::executeAction deCanvasDragCancel -in [gi::getWindows 6]
[10:42:09.12] /i gi::executeAction deSaveDesign -in [gi::getWindows 6]
[10:42:09.13] /m Information: Saving design 'clk clk layout'. (DESIGN_WINDOW-004)
[10:42:12.52] /i gi::executeAction deSaveDesign -in [gi::getWindows 6]
[10:42:12.52] /m Information: Saving design 'clk clk layout'. (DESIGN_WINDOW-004)
[10:42:14.33] /i gi::pressButton {ConsoleToggleButton} -in [db::getAttr statusbar -of [gi::getWindows 6]]
[10:42:14.64] /i db::setAttr dockSize -of [gi::getAssistants leObjectLayerPanel -from [gi::getWindows 6]] -value 200x519
[10:42:18.37] /i gi::pressButton {ConsoleToggleButton} -in [db::getAttr statusbar -of [gi::getWindows 6]]
[10:42:18.66] /i db::setAttr dockSize -of [gi::getAssistants leObjectLayerPanel -from [gi::getWindows 6]] -value 200x736
[10:42:20.96] /# gi::executeAction xtDRCRun -in [gi::getWindows 6]
[10:42:20.96] /i xt::physicalVerification::executeRun drc 6
[10:42:21.08] /# xt::physicalVerification::executePve drc 6
[10:42:24.64] /m Information: 
              /c =============================
              /c JobID: hercules_drc_8
              /c Completed with no errors.
              /c =============================
              /c 
[10:42:27.25] /i gi::setActiveTab {tabs} -tabName {clk.LAYOUT_ERRORS} -in [gi::getWindows 7]
[10:42:27.96] /i gi::setActiveWindow 6
[10:42:27.96] /i gi::setActiveWindow 6 -raise true
[10:42:29.55] /# gi::executeAction deCanvasZoomOutAtPoint -in [gi::getWindows 6]
[10:42:29.55] /i de::zoom -window [gi::getWindows 6] -factor 0.5 -center {-4.509 -1.191}
[10:42:29.56] /o {-7.466 -1.887} {-2.952 0.113}
[10:42:32.12] /# gi::executeAction deCanvasZoomInAtPoint -in [gi::getWindows 6]
[10:42:32.12] /i de::zoom -window [gi::getWindows 6] -factor 2.0 -center {-3.694 -1.186}
[10:42:32.12] /o {-5.58 -1.537} {-3.323 -0.537}
[10:42:36.44] /# gi::executeAction deCanvasZoomOutAtPoint -in [gi::getWindows 6]
[10:42:36.44] /i de::zoom -window [gi::getWindows 6] -factor 0.5 -center {-4.963 -1.175}
[10:42:36.44] /o {-6.197 -1.898} {-1.683 0.102}
[10:42:42.08] /# gi::executeAction deCanvasZoomInAtPoint -in [gi::getWindows 6]
[10:42:42.08] /i de::zoom -window [gi::getWindows 6] -factor 2.0 -center {-6.088 -1.17}
[10:42:42.09] /o {-6.142 -1.534} {-3.886 -0.534}
[10:42:44.16] /# gi::executeAction deCanvasZoomOutAtPoint -in [gi::getWindows 6]
[10:42:44.16] /i de::zoom -window [gi::getWindows 6] -factor 0.5 -center {-4.685 -1.315}
[10:42:44.16] /o {-7.6 -1.753} {-3.086 0.247}
[10:42:49.41] /# gi::executeAction deCanvasZoomInAtPoint -in [gi::getWindows 6]
[10:42:49.41] /i de::zoom -window [gi::getWindows 6] -factor 2.0 -center {-4.714 -1.337}
[10:42:49.41] /o {-6.157 -1.545} {-3.9 -0.545}
[10:42:50.98] /# gi::executeAction deSelectActive -in [gi::getWindows 6]
[10:42:50.98] /i de::deselectAll [db::getNext [de::getContexts -window 6]]
[10:42:50.98] /i de::select [de::getActiveFigure [gi::getWindows 6] -point {-5.23 -1.026} -index 0 -intent none]
[10:42:50.98] /o oa:0x1fea0d00
[10:42:52.16] /# gi::executeAction dePan -in [gi::getWindows 6]
[10:42:52.16] /i ide::pan [db::getNext [de::getContexts -window 6]]
[10:42:52.52] /# gi::executeAction deStartDrag -in [gi::getWindows 6]
[10:42:52.52] /i de::startDrag {-4.34 -1.238} -context [db::getNext [de::getContexts -window 6]]
[10:42:53.32] /# gi::executeAction deEndDrag -in [gi::getWindows 6]
[10:42:53.32] /i de::endDrag {-4.403 -1.239} -context [db::getNext [de::getContexts -window 6]]
[10:42:53.32] /r dePanToPoint {-3.881 -1.059}
[10:42:53.92] /# gi::executeAction deCanvasZoomOutAtPoint -in [gi::getWindows 6]
[10:42:53.92] /i de::zoom -window [gi::getWindows 6] -factor 0.5 -center {-3.801 -1.147}
[10:42:53.92] /o {-6.219 -1.97} {-1.706 0.03}
[10:42:54.51] /# gi::executeAction deCanvasZoomInAtPoint -in [gi::getWindows 6]
[10:42:54.51] /i de::zoom -window [gi::getWindows 6] -factor 2.0 -center {-2.98 -1.098}
[10:42:54.51] /o {-4.6 -1.534} {-2.343 -0.534}
[10:42:59.34] /j ::xt::hercules::vue::clearAllHighlights clk layout 
[10:42:59.35] /j ::xt::hercules::vue::clearAllHighlights clk layout 
[10:42:59.54] /m Information: Connection closed with 'Hercules-VUE' running on 'localhost'.
[10:43:00.75] /# gi::executeAction deCanvasZoomOutAtPoint -in [gi::getWindows 6]
[10:43:00.75] /i de::zoom -window [gi::getWindows 6] -factor 0.5 -center {-3.442 -1.086}
[10:43:00.75] /o {-5.757 -1.982} {-1.244 0.018}
[10:43:02.20] /# gi::executeAction deCanvasZoomInAtPoint -in [gi::getWindows 6]
[10:43:02.20] /i de::zoom -window [gi::getWindows 6] -factor 2.0 -center {-4.594 -0.977}
[10:43:02.20] /o {-5.176 -1.48} {-2.919 -0.48}
[10:43:03.46] /# gi::executeAction deAddPoint -in [gi::getWindows 6]
[10:43:03.46] /i de::addPoint {-3.418 -0.936} -context [db::getNext [de::getContexts -window 6]]
[10:43:04.51] /# gi::executeAction deCanvasZoomOutAtPoint -in [gi::getWindows 6]
[10:43:04.51] /i de::zoom -window [gi::getWindows 6] -factor 0.5 -center {-3.468 -0.974}
[10:43:04.51] /o {-5.625 -1.898} {-1.111 0.102}
[10:43:05.63] /# gi::executeAction deCanvasZoomInAtPoint -in [gi::getWindows 6]
[10:43:05.63] /i de::zoom -window [gi::getWindows 6] -factor 2.0 -center {-4.253 -1.05}
[10:43:05.63] /o {-4.939 -1.474} {-2.682 -0.474}
[10:43:06.12] /# gi::executeAction deCanvasZoomOutAtPoint -in [gi::getWindows 6]
[10:43:06.12] /i de::zoom -window [gi::getWindows 6] -factor 0.5 -center {-4.253 -1.05}
[10:43:06.12] /o {-5.625 -1.898} {-1.111 0.102}
[10:43:06.88] /# gi::executeAction deAbortCommand -in [gi::getWindows 6]
[10:43:06.88] /i de::abortCommand -context [db::getNext [de::getContexts -window 6]]
[10:43:07.45] /# gi::executeAction deCanvasZoomInAtPoint -in [gi::getWindows 6]
[10:43:07.45] /i de::zoom -window [gi::getWindows 6] -factor 2.0 -center {-3.782 -0.974}
[10:43:07.45] /o {-4.703 -1.436} {-2.447 -0.436}
[10:43:08.43] /# gi::executeAction deSelectActive -in [gi::getWindows 6]
[10:43:08.43] /i de::deselectAll [db::getNext [de::getContexts -window 6]]
[10:43:08.43] /i de::select [de::getActiveFigure [gi::getWindows 6] -point {-3.422 -0.939} -index 0 -intent none]
[10:43:08.43] /o oa:0x20ec7420
[10:43:09.15] /# gi::executeAction leMove -in [gi::getWindows 6]
[10:43:09.15] /i ile::move
[10:43:09.44] /# gi::executeAction deAddPoint -in [gi::getWindows 6]
[10:43:09.44] /i de::addPoint {-3.422 -0.939} -context [db::getNext [de::getContexts -window 6]]
[10:43:32.00] /# gi::executeAction deAddPoint -in [gi::getWindows 6]
[10:43:32.00] /i de::addPoint {-3.421 -0.913} -context [db::getNext [de::getContexts -window 6]]
[10:43:33.00] /# gi::executeAction deSelectActive -in [gi::getWindows 6]
[10:43:33.00] /i de::deselectAll [db::getNext [de::getContexts -window 6]]
[10:43:33.00] /i de::select [de::getActiveFigure [gi::getWindows 6] -point {-3.835 -1.061} -index 0 -intent none]
[10:43:33.00] /o oa:0x1fd93d70
[10:43:33.74] /# gi::executeAction leMove -in [gi::getWindows 6]
[10:43:33.74] /i ile::move
[10:43:33.97] /# gi::executeAction deAddPoint -in [gi::getWindows 6]
[10:43:33.97] /i de::addPoint {-3.835 -1.054} -context [db::getNext [de::getContexts -window 6]]
[10:43:36.44] /# gi::executeAction deAddPoint -in [gi::getWindows 6]
[10:43:36.44] /i de::addPoint {-3.835 -1.032} -context [db::getNext [de::getContexts -window 6]]
[10:43:37.70] /# gi::executeAction deCanvasZoomOutAtPoint -in [gi::getWindows 6]
[10:43:37.70] /i de::zoom -window [gi::getWindows 6] -factor 0.5 -center {-3.816 -1.095}
[10:43:37.70] /o {-5.591 -1.777} {-1.077 0.223}
[10:43:39.21] /# gi::executeAction dePan -in [gi::getWindows 6]
[10:43:39.21] /i ide::pan [db::getNext [de::getContexts -window 6]]
[10:43:39.51] /# gi::executeAction deStartDrag -in [gi::getWindows 6]
[10:43:39.51] /i de::startDrag {-4.172 -1.38} -context [db::getNext [de::getContexts -window 6]]
[10:43:40.13] /# gi::executeAction deEndDrag -in [gi::getWindows 6]
[10:43:40.13] /i de::endDrag {-4.14 -1.38} -context [db::getNext [de::getContexts -window 6]]
[10:43:40.13] /r dePanToPoint {-4.622 -0.986}
[10:43:41.28] /# gi::executeAction deStartDrag -in [gi::getWindows 6]
[10:43:41.28] /i de::startDrag {-4.289 -1.32} -context [db::getNext [de::getContexts -window 6]]
[10:43:41.71] /# gi::executeAction deEndDrag -in [gi::getWindows 6]
[10:43:41.71] /i de::endDrag {-4.286 -1.32} -context [db::getNext [de::getContexts -window 6]]
[10:43:41.71] /r dePanToPoint {-5.076 -0.962}
[10:43:44.23] /# gi::executeAction deCanvasZoomInAtPoint -in [gi::getWindows 6]
[10:43:44.23] /i de::zoom -window [gi::getWindows 6] -factor 2.0 -center {-6.104 -1.198}
[10:43:44.23] /o {-6.718 -1.58} {-4.462 -0.58}
[10:43:47.27] /# gi::executeAction leVia -in [gi::getWindows 6]
[10:43:47.27] /i ile::createVia
[10:43:47.29] /o oa:0x1f0ffbd0
[10:43:54.08] /# gi::executeAction deAddPoint -in [gi::getWindows 6]
[10:43:54.08] /i de::addPoint {-6.161 -1.151} -context [db::getNext [de::getContexts -window 6]]
[10:43:55.04] /# gi::executeAction leRuler -in [gi::getWindows 6]
[10:43:55.04] /i ile::createRuler
[10:43:56.55] /# gi::executeAction deAddPoint -in [gi::getWindows 6]
[10:43:56.55] /i de::addPoint {-5.986 -1.144} -context [db::getNext [de::getContexts -window 6]]
[10:43:58.12] /# gi::executeAction deAddPoint -in [gi::getWindows 6]
[10:43:58.12] /i de::addPoint {-6.087 -1.152} -context [db::getNext [de::getContexts -window 6]]
[10:43:59.76] /# gi::executeAction deAbortCommand -in [gi::getWindows 6]
[10:43:59.76] /i de::abortCommand -context [db::getNext [de::getContexts -window 6]]
[10:44:02.11] /i de::undoTransaction -design [db::getAttr editDesign -of [de::getContexts -window 6]] -steps 1
[10:44:02.78] /# gi::executeAction deCanvasZoomInAtPoint -in [gi::getWindows 6]
[10:44:02.79] /i de::zoom -window [gi::getWindows 6] -factor 2.0 -center {-6.013 -1.122}
[10:44:02.79] /o {-6.366 -1.351} {-5.237 -0.851}
[10:44:03.70] /# gi::executeAction leRuler -in [gi::getWindows 6]
[10:44:03.70] /i ile::createRuler
[10:44:05.39] /# gi::executeAction deAddPoint -in [gi::getWindows 6]
[10:44:05.39] /i de::addPoint {-5.99 -1.144} -context [db::getNext [de::getContexts -window 6]]
[10:44:07.44] /# gi::executeAction deAddPoint -in [gi::getWindows 6]
[10:44:07.44] /i de::addPoint {-6.088 -1.153} -context [db::getNext [de::getContexts -window 6]]
[10:44:08.28] /# gi::executeAction deAbortCommand -in [gi::getWindows 6]
[10:44:08.28] /i de::abortCommand -context [db::getNext [de::getContexts -window 6]]
[10:44:08.64] /# gi::executeAction deCanvasZoomOutAtPoint -in [gi::getWindows 6]
[10:44:08.64] /i de::zoom -window [gi::getWindows 6] -factor 0.5 -center {-6.132 -1.178}
[10:44:08.64] /o {-6.599 -1.524} {-4.343 -0.524}
[10:44:09.56] /# gi::executeAction deSelectActive -in [gi::getWindows 6]
[10:44:09.56] /i de::deselectAll [db::getNext [de::getContexts -window 6]]
[10:44:09.56] /i de::select [de::getActiveFigure [gi::getWindows 6] -point {-6.222 -1.177} -index 0 -intent none]
[10:44:09.56] /o oa:0x1ea71fd0
[10:44:10.72] /# gi::executeAction leMove -in [gi::getWindows 6]
[10:44:10.72] /i ile::move
[10:44:10.96] /# gi::executeAction deAddPoint -in [gi::getWindows 6]
[10:44:10.96] /i de::addPoint {-6.23 -1.123} -context [db::getNext [de::getContexts -window 6]]
[10:44:13.30] /# gi::executeAction deAddPoint -in [gi::getWindows 6]
[10:44:13.30] /i de::addPoint {-6.246 -1.122} -context [db::getNext [de::getContexts -window 6]]
[10:44:15.97] /# gi::executeAction deSelectActive -in [gi::getWindows 6]
[10:44:15.97] /i de::cycleActiveFigure [gi::getWindows 6] -direction next
[10:44:15.97] /o oa:0x1fded7f0
[10:44:15.97] /i de::deselectAll [db::getNext [de::getContexts -window 6]]
[10:44:15.97] /i de::select [de::getActiveFigure [gi::getWindows 6] -point {-6.203 -1.123} -index 1 -intent none]
[10:44:15.97] /o oa:0x1ff80250
[10:44:18.08] /# gi::executeAction leMove -in [gi::getWindows 6]
[10:44:18.08] /i ile::move
[10:44:18.35] /# gi::executeAction deAddPoint -in [gi::getWindows 6]
[10:44:18.35] /i de::addPoint {-6.22 -1.122} -context [db::getNext [de::getContexts -window 6]]
[10:44:20.14] /# gi::executeAction deAbortCommand -in [gi::getWindows 6]
[10:44:20.14] /i de::abortCommand -context [db::getNext [de::getContexts -window 6]]
[10:44:20.95] /# gi::executeAction deSelectActive -in [gi::getWindows 6]
[10:44:20.95] /i de::deselectAll [db::getNext [de::getContexts -window 6]]
[10:44:20.95] /i de::select [de::getActiveFigure [gi::getWindows 6] -point {-6.256 -1.122} -index 0 -intent none]
[10:44:20.95] /o oa:0x1fd9fd80
[10:44:21.81] /# gi::executeAction leMove -in [gi::getWindows 6]
[10:44:21.81] /i ile::move
[10:44:22.04] /# gi::executeAction deAddPoint -in [gi::getWindows 6]
[10:44:22.04] /i de::addPoint {-6.256 -1.122} -context [db::getNext [de::getContexts -window 6]]
[10:44:26.92] /# gi::executeAction deAddPoint -in [gi::getWindows 6]
[10:44:26.92] /i de::addPoint {-6.254 -1.101} -context [db::getNext [de::getContexts -window 6]]
[10:44:28.29] /# gi::executeAction leVia -in [gi::getWindows 6]
[10:44:28.29] /i ile::createVia
[10:44:28.32] /o oa:0x2016a080
[10:44:32.30] /i gi::setField {viaDefName} -value {via12} -in [gi::getToolbars {deCommandOptions} -from [gi::getWindows 6]]
[10:44:39.32] /# gi::executeAction deAddPoint -in [gi::getWindows 6]
[10:44:39.32] /i de::addPoint {-6.194 -1.133} -context [db::getNext [de::getContexts -window 6]]
[10:44:40.59] /# gi::executeAction dePan -in [gi::getWindows 6]
[10:44:40.59] /i ide::pan [db::getNext [de::getContexts -window 6]]
[10:44:41.09] /# gi::executeAction deStartDrag -in [gi::getWindows 6]
[10:44:41.09] /i de::startDrag {-4.813 -1.202} -context [db::getNext [de::getContexts -window 6]]
[10:44:41.65] /# gi::executeAction deEndDrag -in [gi::getWindows 6]
[10:44:41.65] /i de::endDrag {-4.815 -1.202} -context [db::getNext [de::getContexts -window 6]]
[10:44:41.65] /r dePanToPoint {-3.969 -1.021}
[10:44:42.12] /# gi::executeAction deStartDrag -in [gi::getWindows 6]
[10:44:42.12] /i de::startDrag {-3.345 -1.145} -context [db::getNext [de::getContexts -window 6]]
[10:44:42.94] /# gi::executeAction deEndDrag -in [gi::getWindows 6]
[10:44:42.94] /i de::endDrag {-3.344 -1.145} -context [db::getNext [de::getContexts -window 6]]
[10:44:42.94] /r dePanToPoint {-4.03 -1.021}
[10:44:43.37] /# gi::executeAction deCanvasZoomOutAtPoint -in [gi::getWindows 6]
[10:44:43.37] /i de::zoom -window [gi::getWindows 6] -factor 0.5 -center {-4.082 -1.1}
[10:44:43.37] /o {-6.236 -1.942} {-1.723 0.058}
[10:44:44.08] /# gi::executeAction deStartDrag -in [gi::getWindows 6]
[10:44:44.08] /i de::startDrag {-4.652 -1.355} -context [db::getNext [de::getContexts -window 6]]
[10:44:45.05] /# gi::executeAction deEndDrag -in [gi::getWindows 6]
[10:44:45.05] /i de::endDrag {-4.649 -1.355} -context [db::getNext [de::getContexts -window 6]]
[10:44:45.05] /r dePanToPoint {-4.284 -0.997}
[10:44:46.19] /# gi::setCurrentIndex {lpps} -index {m2 drw} -in [gi::getAssistants leObjectLayerPanel -from [gi::getWindows 6]]
[10:44:46.19] /# gi::setItemSelection {lpps} -index {m2 drw} -in [gi::getAssistants leObjectLayerPanel -from [gi::getWindows 6]]
[10:44:46.26] /# gi::executeAction leOLPSetActiveLPP -in [gi::getAssistants leObjectLayerPanel -from [gi::getWindows 6]]
[10:44:46.26] /i de::setActiveLPP [de::getLPPs -from [oa::DesignFind clk clk layout] -filter {%lpp =="m2 drawing"}]
[10:44:47.52] /# gi::executeAction deCanvasZoomInAtPoint -in [gi::getWindows 6]
[10:44:47.52] /i de::zoom -window [gi::getWindows 6] -factor 2.0 -center {-6.255 -1.122}
[10:44:47.52] /o {-6.398 -1.559} {-4.141 -0.559}
[10:44:48.56] /# gi::executeAction deCanvasZoomOutAtPoint -in [gi::getWindows 6]
[10:44:48.56] /i de::zoom -window [gi::getWindows 6] -factor 0.5 -center {-5.747 -1.15}
[10:44:48.57] /o {-7.049 -1.969} {-2.535 0.031}
[10:44:50.16] /# gi::executeAction leRectangle -in [gi::getWindows 6]
[10:44:50.16] /i ile::createRectangle
[10:44:52.78] /# gi::executeAction deAddPoint -in [gi::getWindows 6]
[10:44:52.78] /i de::addPoint {-6.269 -1.105} -context [db::getNext [de::getContexts -window 6]]
[10:45:00.90] /# gi::executeAction deAddPoint -in [gi::getWindows 6]
[10:45:00.90] /i de::addPoint {-3.097 -1.24} -context [db::getNext [de::getContexts -window 6]]
[10:45:01.46] /# gi::executeAction deCanvasZoomInAtPoint -in [gi::getWindows 6]
[10:45:01.46] /i de::zoom -window [gi::getWindows 6] -factor 2.0 -center {-6.494 -1.175}
[10:45:01.46] /o {-6.771 -1.572} {-4.514 -0.572}
[10:45:01.58] /# gi::executeAction deCanvasZoomInAtPoint -in [gi::getWindows 6]
[10:45:01.58] /i de::zoom -window [gi::getWindows 6] -factor 2.0 -center {-6.487 -1.181}
[10:45:01.58] /o {-6.629 -1.376} {-5.501 -0.876}
[10:45:04.45] /# gi::executeAction deAbortCommand -in [gi::getWindows 6]
[10:45:04.45] /i de::abortCommand -context [db::getNext [de::getContexts -window 6]]
[10:45:04.82] /# gi::executeAction deCanvasZoomOutAtPoint -in [gi::getWindows 6]
[10:45:04.82] /i de::zoom -window [gi::getWindows 6] -factor 0.5 -center {-5.739 -1.217}
[10:45:04.82] /o {-7.519 -1.536} {-5.262 -0.536}
[10:45:05.66] /# gi::executeAction dePan -in [gi::getWindows 6]
[10:45:05.66] /i ide::pan [db::getNext [de::getContexts -window 6]]
[10:45:06.02] /# gi::executeAction deStartDrag -in [gi::getWindows 6]
[10:45:06.02] /i de::startDrag {-5.472 -1.208} -context [db::getNext [de::getContexts -window 6]]
[10:45:06.51] /# gi::executeAction deEndDrag -in [gi::getWindows 6]
[10:45:06.51] /i de::endDrag {-5.495 -1.212} -context [db::getNext [de::getContexts -window 6]]
[10:45:06.51] /r dePanToPoint {-4.547 -1.028}
[10:45:07.20] /# gi::executeAction deStartDrag -in [gi::getWindows 6]
[10:45:07.20] /i de::startDrag {-4.006 -1.139} -context [db::getNext [de::getContexts -window 6]]
[10:45:07.88] /# gi::executeAction deEndDrag -in [gi::getWindows 6]
[10:45:07.88] /i de::endDrag {-4.007 -1.139} -context [db::getNext [de::getContexts -window 6]]
[10:45:07.88] /r dePanToPoint {-3.416 -1.028}
[10:45:09.97] /# gi::executeAction leVia -in [gi::getWindows 6]
[10:45:09.97] /i ile::createVia
[10:45:10.01] /o oa:0x1ec287b0
[10:45:14.96] /# gi::executeAction deAddPoint -in [gi::getWindows 6]
[10:45:14.96] /i de::addPoint {-3.084 -1.134} -context [db::getNext [de::getContexts -window 6]]
[10:45:15.56] /# gi::executeAction deCanvasZoomOutAtPoint -in [gi::getWindows 6]
[10:45:15.56] /i de::zoom -window [gi::getWindows 6] -factor 0.5 -center {-3.084 -1.132}
[10:45:15.56] /o {-6.006 -1.923} {-1.493 0.077}
[10:45:16.65] /# gi::executeAction deAbortCommand -in [gi::getWindows 6]
[10:45:16.65] /i de::abortCommand -context [db::getNext [de::getContexts -window 6]]
[10:45:19.95] /i gi::executeAction deSaveDesign -in [gi::getWindows 6]
[10:45:19.95] /m Information: Saving design 'clk clk layout'. (DESIGN_WINDOW-004)
[10:45:22.29] /# gi::executeAction xtDRCRun -in [gi::getWindows 6]
[10:45:22.29] /i xt::physicalVerification::executeRun drc 6
[10:45:22.42] /# xt::physicalVerification::executePve drc 6
[10:45:25.88] /m Information: 
              /c =============================
              /c JobID: hercules_drc_9
              /c --- ERROR SUMMARY -----------
              /c 1.41  {CO inside PO} space to OD >= 0.12 
              /c  EXTERNAL COPO DIFN { } (163) ........................... 1 violation found.
              /c 7.29: Minimum spacing for Metal 1 >= 0.1
              /c  EXTERNAL M1S { } (101) ................................. 1 violation found.
              /c 7.30: Minimum area of Metal 1 >= 0.04
              /c  AREA M1S { } (101) ..................................... 1 violation found.
              /c 7.32: Minimum width for Metal 2 >= 0.15
              /c  INTERNAL M2S { } (101) ................................. 1 violation found.
              /c =============================
              /c 
[10:45:26.30] /j ::xt::hercules::vue::_private::registerConnection localhost:47871 tcp15 herculesVue_2 
[10:45:26.34] /j ::xt::hercules::vue::_private::isJobReady 
[10:45:26.35] /o false
[10:45:27.35] /m Information: Connection established with 'Hercules-VUE' running on 'localhost'.
[10:45:27.35] /j ::xt::hercules::vue::_private::isJobReady 
[10:45:27.35] /o true
[10:45:27.35] /j ::xt::hercules::vue::startFilter LAY 
[10:45:27.66] /j ::xt::hercules::vue::setInlibPath /root/Excercise/ring_oscillator/synopsys_custom/clk.hercules.drc/. 
[10:45:27.66] /j ::xt::hercules::vue::setTopLayLCV clk clk layout 
[10:45:27.66] /j ::xt::hercules::vue::openCell clk clk layout 
[10:45:29.18] /j ::xt::hercules::vue::clearAllHighlights clk layout 
[10:45:31.82] /j ::xt::hercules::vue::clearAllHighlights clk layout 
[10:45:31.84] /j ::xt::hercules::vue::clearAllHighlights clk layout 
[10:45:31.85] /j ::xt::hercules::vue::openCell clk clk layout 
[10:45:32.64] /j ::xt::hercules::vue::clearAllHighlights clk layout 
[10:45:32.64] /j ::xt::hercules::vue::clearAllHighlights clk layout 
[10:45:32.66] /j ::xt::hercules::vue::setHighlightProperty clk layout yellow brick 
[10:45:32.68] /j ::xt::hercules::vue::addPolygonBegin 4 
[10:45:32.70] /j ::xt::hercules::vue::addPolygonPoints {-6.220 -1.285 -6.220 -1.170 -6.130 -1.170 -6.130 -1.285 -6.220 -1.285} 
[10:45:32.71] /j ::xt::hercules::vue::addPolygonEnd 
[10:45:32.71] /j ::xt::hercules::vue::setViewPort extents {-6.231 -1.299 -6.119 -1.156} LAY 
[10:45:32.72] /j ::xt::hercules::vue::addErrorDescription {"Distance: 0.115"} 
[10:45:32.74] /j ::xt::hercules::vue::drawHighlights clk layout all 
[10:45:35.19] /j ::xt::hercules::vue::clearAllHighlights clk layout 
[10:45:35.21] /j ::xt::hercules::vue::clearAllHighlights clk layout 
[10:45:35.23] /j ::xt::hercules::vue::setHighlightProperty clk layout yellow brick 
[10:45:35.24] /j ::xt::hercules::vue::addPolygonBegin 4 
[10:45:35.29] /j ::xt::hercules::vue::addPolygonPoints {-6.300 -1.210 -6.300 -1.060 -6.090 -1.060 -6.090 -1.210 -6.300 -1.210} 
[10:45:35.29] /j ::xt::hercules::vue::addPolygonEnd 
[10:45:35.29] /j ::xt::hercules::vue::setViewPort extents {-6.326 -1.229 -6.064 -1.041} LAY 
[10:45:35.31] /j ::xt::hercules::vue::addErrorDescription {"Area: 0.032"} 
[10:45:35.33] /j ::xt::hercules::vue::drawHighlights clk layout all 
[10:45:35.72] /j ::xt::hercules::vue::clearAllHighlights clk layout 
[10:45:35.73] /j ::xt::hercules::vue::clearAllHighlights clk layout 
[10:45:35.74] /j ::xt::hercules::vue::setHighlightProperty clk layout yellow brick 
[10:45:35.75] /j ::xt::hercules::vue::addPolygonBegin 4 
[10:45:35.79] /j ::xt::hercules::vue::addPolygonPoints {-6.300 -1.300 -6.300 -1.210 -6.240 -1.210 -6.240 -1.300 -6.300 -1.300} 
[10:45:35.79] /j ::xt::hercules::vue::addPolygonEnd 
[10:45:35.79] /j ::xt::hercules::vue::setViewPort extents {-6.307 -1.311 -6.232 -1.199} LAY 
[10:45:35.83] /j ::xt::hercules::vue::addErrorDescription {"Distance: 0.090"} 
[10:45:35.84] /j ::xt::hercules::vue::drawHighlights clk layout all 
[10:45:37.53] /i gi::setActiveWindow 7
[10:45:37.53] /i gi::setActiveWindow 7 -raise true
[10:45:38.74] /i gi::setActiveWindow 6
[10:45:38.74] /i gi::setActiveWindow 6 -raise true
[10:45:39.51] /# gi::executeAction deCanvasZoomOutAtPoint -in [gi::getWindows 6]
[10:45:39.51] /i de::zoom -window [gi::getWindows 6] -factor 0.5 -center {-6.303 -1.229}
[10:45:39.52] /o {-6.489 -1.393} {-5.983 -1.169}
[10:45:40.12] /# gi::executeAction deCanvasZoomOutAtPoint -in [gi::getWindows 6]
[10:45:40.12] /i de::zoom -window [gi::getWindows 6] -factor 0.5 -center {-6.256 -1.235}
[10:45:40.13] /o {-6.722 -1.551} {-5.71 -1.103}
[10:45:41.01] /# gi::executeAction deCanvasZoomInAtPoint -in [gi::getWindows 6]
[10:45:41.01] /i de::zoom -window [gi::getWindows 6] -factor 2.0 -center {-6.256 -1.236}
[10:45:41.01] /o {-6.489 -1.393} {-5.983 -1.169}
[10:45:41.50] /# gi::executeAction deCanvasZoomOutAtPoint -in [gi::getWindows 6]
[10:45:41.50] /i de::zoom -window [gi::getWindows 6] -factor 0.5 -center {-6.256 -1.236}
[10:45:41.50] /o {-6.722 -1.551} {-5.71 -1.103}
[10:45:43.96] /# gi::executeAction deCanvasZoomOutAtPoint -in [gi::getWindows 6]
[10:45:43.96] /i de::zoom -window [gi::getWindows 6] -factor 0.5 -center {-6.256 -1.237}
[10:45:43.96] /o {-7.187 -1.865} {-5.165 -0.969}
[10:45:46.00] /# gi::executeAction dePan -in [gi::getWindows 6]
[10:45:46.00] /i ide::pan [db::getNext [de::getContexts -window 6]]
[10:45:46.54] /# gi::executeAction deStartDrag -in [gi::getWindows 6]
[10:45:46.54] /i de::startDrag {-5.805 -1.23} -context [db::getNext [de::getContexts -window 6]]
[10:45:48.05] /# gi::executeAction deEndDrag -in [gi::getWindows 6]
[10:45:48.05] /i de::endDrag {-5.805 -1.233} -context [db::getNext [de::getContexts -window 6]]
[10:45:48.05] /r dePanToPoint {-6.169 -1.198}
[10:45:48.51] /# gi::executeAction deCanvasZoomInAtPoint -in [gi::getWindows 6]
[10:45:48.51] /i de::zoom -window [gi::getWindows 6] -factor 2.0 -center {-6.228 -1.126}
[10:45:48.51] /o {-6.704 -1.386} {-5.693 -0.938}
[10:45:49.99] /# gi::executeAction deAbortCommand -in [gi::getWindows 6]
[10:45:49.99] /i de::abortCommand -context [db::getNext [de::getContexts -window 6]]
[10:45:50.59] /# gi::executeAction deSelectActive -in [gi::getWindows 6]
[10:45:50.59] /i de::deselectAll [db::getNext [de::getContexts -window 6]]
[10:45:50.59] /i de::select [de::getActiveFigure [gi::getWindows 6] -point {-6.284 -1.169} -index 0 -intent none]
[10:45:50.59] /o oa:0x1fe3eee0
[10:45:51.33] /# gi::executeAction leMove -in [gi::getWindows 6]
[10:45:51.33] /i ile::move
[10:45:51.53] /# gi::executeAction deAddPoint -in [gi::getWindows 6]
[10:45:51.53] /i de::addPoint {-6.284 -1.169} -context [db::getNext [de::getContexts -window 6]]
[10:45:56.33] /# gi::executeAction deAddPoint -in [gi::getWindows 6]
[10:45:56.33] /i de::addPoint {-6.284 -1.136} -context [db::getNext [de::getContexts -window 6]]
[10:45:57.22] /i gi::executeAction deCanvasDragCancel -in [gi::getWindows 6]
[10:45:58.56] /# gi::executeAction deSelectActive -in [gi::getWindows 6]
[10:45:58.56] /i de::deselectAll [db::getNext [de::getContexts -window 6]]
[10:45:58.56] /i de::select [de::getActiveFigure [gi::getWindows 6] -point {-6.027 -1.242} -index 0 -intent none]
[10:45:58.56] /o oa:0x1ffb4610
[10:45:59.91] /# gi::executeAction leStretch -in [gi::getWindows 6]
[10:45:59.91] /i ile::stretch
[10:46:00.16] /# gi::executeAction deAddPoint -in [gi::getWindows 6]
[10:46:00.16] /i de::addPoint {-6.027 -1.242} -context [db::getNext [de::getContexts -window 6]]
[10:46:03.47] /# gi::executeAction deAddPoint -in [gi::getWindows 6]
[10:46:03.47] /i de::addPoint {-6.026 -1.205} -context [db::getNext [de::getContexts -window 6]]
[10:46:03.93] /# gi::executeAction deCanvasZoomOutAtPoint -in [gi::getWindows 6]
[10:46:03.93] /i de::zoom -window [gi::getWindows 6] -factor 0.5 -center {-6.026 -1.205}
[10:46:03.93] /o {-7.382 -1.567} {-5.36 -0.671}
[10:46:04.88] /# gi::executeAction dePan -in [gi::getWindows 6]
[10:46:04.88] /i ide::pan [db::getNext [de::getContexts -window 6]]
[10:46:05.11] /# gi::executeAction deStartDrag -in [gi::getWindows 6]
[10:46:05.11] /i de::startDrag {-5.54 -1.31} -context [db::getNext [de::getContexts -window 6]]
[10:46:05.61] /# gi::executeAction deEndDrag -in [gi::getWindows 6]
[10:46:05.61] /i de::endDrag {-5.542 -1.31} -context [db::getNext [de::getContexts -window 6]]
[10:46:05.61] /r dePanToPoint {-4.865 -1.119}
[10:46:06.13] /# gi::executeAction deStartDrag -in [gi::getWindows 6]
[10:46:06.13] /i de::startDrag {-4.191 -1.237} -context [db::getNext [de::getContexts -window 6]]
[10:46:06.72] /# gi::executeAction deEndDrag -in [gi::getWindows 6]
[10:46:06.72] /i de::endDrag {-4.195 -1.238} -context [db::getNext [de::getContexts -window 6]]
[10:46:06.72] /r dePanToPoint {-3.757 -1.058}
[10:46:07.32] /# gi::executeAction deStartDrag -in [gi::getWindows 6]
[10:46:07.32] /i de::startDrag {-3.274 -1.198} -context [db::getNext [de::getContexts -window 6]]
[10:46:07.78] /# gi::executeAction deEndDrag -in [gi::getWindows 6]
[10:46:07.78] /i de::endDrag {-3.28 -1.198} -context [db::getNext [de::getContexts -window 6]]
[10:46:07.78] /r dePanToPoint {-3.51 -1.058}
[10:46:08.21] /# gi::executeAction deCanvasZoomInAtPoint -in [gi::getWindows 6]
[10:46:08.21] /i de::zoom -window [gi::getWindows 6] -factor 2.0 -center {-2.993 -1.141}
[10:46:08.22] /o {-3.757 -1.323} {-2.746 -0.875}
[10:46:09.17] /# gi::executeAction deAbortCommand -in [gi::getWindows 6]
[10:46:09.17] /i de::abortCommand -context [db::getNext [de::getContexts -window 6]]
[10:46:09.70] /# gi::executeAction deSelectActive -in [gi::getWindows 6]
[10:46:09.70] /i de::deselectAll [db::getNext [de::getContexts -window 6]]
[10:46:09.70] /i de::select [de::getActiveFigure [gi::getWindows 6] -point {-3.003 -1.14} -index 0 -intent none]
[10:46:09.70] /o oa:0x2051c920
[10:46:10.42] /# gi::executeAction leMove -in [gi::getWindows 6]
[10:46:10.42] /i ile::move
[10:46:10.79] /# gi::executeAction deAddPoint -in [gi::getWindows 6]
[10:46:10.79] /i de::addPoint {-3.003 -1.14} -context [db::getNext [de::getContexts -window 6]]
[10:46:14.39] /# gi::executeAction deAddPoint -in [gi::getWindows 6]
[10:46:14.39] /i de::addPoint {-3.006 -1.107} -context [db::getNext [de::getContexts -window 6]]
[10:46:14.94] /# gi::executeAction deCanvasZoomOutAtPoint -in [gi::getWindows 6]
[10:46:14.94] /i de::zoom -window [gi::getWindows 6] -factor 0.5 -center {-3.088 -1.106}
[10:46:14.95] /o {-4.426 -1.541} {-2.404 -0.645}
[10:46:15.81] /i gi::setActiveWindow 7
[10:46:15.81] /i gi::setActiveWindow 7 -raise true
[10:46:17.44] /i gi::setActiveWindow 6
[10:46:17.44] /i gi::setActiveWindow 6 -raise true
[10:46:19.44] /j ::xt::hercules::vue::clearAllHighlights clk layout 
[10:46:19.47] /j ::xt::hercules::vue::clearAllHighlights clk layout 
[10:46:19.49] /j ::xt::hercules::vue::setHighlightProperty clk layout yellow brick 
[10:46:19.50] /j ::xt::hercules::vue::addPolygonBegin 4 
[10:46:19.54] /j ::xt::hercules::vue::addPolygonPoints {-6.300 -1.210 -6.300 -1.060 -6.090 -1.060 -6.090 -1.210 -6.300 -1.210} 
[10:46:19.54] /j ::xt::hercules::vue::addPolygonEnd 
[10:46:19.54] /j ::xt::hercules::vue::setViewPort extents {-6.326 -1.229 -6.064 -1.041} LAY 
[10:46:19.57] /j ::xt::hercules::vue::addErrorDescription {"Area: 0.032"} 
[10:46:19.58] /j ::xt::hercules::vue::drawHighlights clk layout all 
[10:46:21.69] /j ::xt::hercules::vue::clearAllHighlights clk layout 
[10:46:21.70] /j ::xt::hercules::vue::clearAllHighlights clk layout 
[10:46:21.72] /j ::xt::hercules::vue::setHighlightProperty clk layout yellow brick 
[10:46:21.74] /j ::xt::hercules::vue::addPolygonBegin 4 
[10:46:21.78] /j ::xt::hercules::vue::addPolygonPoints {-6.120 -1.240 -6.120 -1.105 -3.160 -1.105 -3.160 -1.240 -6.120 -1.240} 
[10:46:21.78] /j ::xt::hercules::vue::addPolygonEnd 
[10:46:21.78] /j ::xt::hercules::vue::setViewPort extents {-6.490 -1.257 -2.790 -1.088} LAY 
[10:46:21.81] /j ::xt::hercules::vue::addErrorDescription {"Distance: 0.135"} 
[10:46:21.82] /j ::xt::hercules::vue::drawHighlights clk layout all 
[10:46:22.30] /j ::xt::hercules::vue::clearAllHighlights clk layout 
[10:46:22.32] /j ::xt::hercules::vue::clearAllHighlights clk layout 
[10:46:22.34] /j ::xt::hercules::vue::setHighlightProperty clk layout yellow brick 
[10:46:22.36] /j ::xt::hercules::vue::addPolygonBegin 4 
[10:46:22.40] /j ::xt::hercules::vue::addPolygonPoints {-6.300 -1.210 -6.300 -1.060 -6.090 -1.060 -6.090 -1.210 -6.300 -1.210} 
[10:46:22.40] /j ::xt::hercules::vue::addPolygonEnd 
[10:46:22.40] /j ::xt::hercules::vue::setViewPort extents {-6.326 -1.229 -6.064 -1.041} LAY 
[10:46:22.44] /j ::xt::hercules::vue::addErrorDescription {"Area: 0.032"} 
[10:46:22.46] /j ::xt::hercules::vue::drawHighlights clk layout all 
[10:46:24.12] /j ::xt::hercules::vue::clearAllHighlights clk layout 
[10:46:24.16] /j ::xt::hercules::vue::setHighlightProperty clk layout yellow brick 
[10:46:24.17] /j ::xt::hercules::vue::addPolygonBegin 4 
[10:46:24.20] /j ::xt::hercules::vue::addPolygonPoints {-6.300 -1.210 -6.300 -1.060 -6.090 -1.060 -6.090 -1.210 -6.300 -1.210} 
[10:46:24.20] /j ::xt::hercules::vue::addPolygonEnd 
[10:46:24.20] /j ::xt::hercules::vue::setViewPort extents {-6.326 -1.229 -6.064 -1.041} LAY 
[10:46:24.22] /j ::xt::hercules::vue::addErrorDescription {"Area: 0.032"} 
[10:46:24.24] /j ::xt::hercules::vue::drawHighlights clk layout all 
[10:46:26.24] /# gi::executeAction deCanvasZoomOutAtPoint -in [gi::getWindows 6]
[10:46:26.24] /i de::zoom -window [gi::getWindows 6] -factor 0.5 -center {-6.179 -1.096}
[10:46:26.24] /o {-6.635 -1.362} {-5.787 -0.986}
[10:46:27.09] /# gi::executeAction deCanvasZoomOutAtPoint -in [gi::getWindows 6]
[10:46:27.09] /i de::zoom -window [gi::getWindows 6] -factor 0.5 -center {-6.087 -1.093}
[10:46:27.09] /o {-7.184 -1.631} {-5.486 -0.879}
[10:46:30.98] /j ::xt::hercules::vue::clearAllHighlights clk layout 
[10:46:31.02] /j ::xt::hercules::vue::clearAllHighlights clk layout 
[10:46:31.06] /j ::xt::hercules::vue::setHighlightProperty clk layout yellow brick 
[10:46:31.08] /j ::xt::hercules::vue::addPolygonBegin 4 
[10:46:31.08] /j ::xt::hercules::vue::addPolygonPoints {-6.120 -1.240 -6.120 -1.105 -3.160 -1.105 -3.160 -1.240 -6.120 -1.240} 
[10:46:31.08] /j ::xt::hercules::vue::addPolygonEnd 
[10:46:31.08] /j ::xt::hercules::vue::setViewPort extents {-6.490 -1.257 -2.790 -1.088} LAY 
[10:46:31.12] /j ::xt::hercules::vue::addErrorDescription {"Distance: 0.135"} 
[10:46:31.14] /j ::xt::hercules::vue::drawHighlights clk layout all 
[10:46:32.63] /j ::xt::hercules::vue::clearAllHighlights clk layout 
[10:46:32.64] /j ::xt::hercules::vue::clearAllHighlights clk layout 
[10:46:32.64] /j ::xt::hercules::vue::setHighlightProperty clk layout yellow brick 
[10:46:32.65] /j ::xt::hercules::vue::addPolygonBegin 4 
[10:46:32.69] /j ::xt::hercules::vue::addPolygonPoints {-6.120 -1.240 -6.120 -1.105 -3.160 -1.105 -3.160 -1.240 -6.120 -1.240} 
[10:46:32.69] /j ::xt::hercules::vue::addPolygonEnd 
[10:46:32.69] /j ::xt::hercules::vue::setViewPort extents {-6.490 -1.257 -2.790 -1.088} LAY 
[10:46:32.71] /j ::xt::hercules::vue::addErrorDescription {"Distance: 0.135"} 
[10:46:32.73] /j ::xt::hercules::vue::drawHighlights clk layout all 
[10:46:34.86] /# gi::executeAction deCanvasZoomInAtPoint -in [gi::getWindows 6]
[10:46:34.86] /i de::zoom -window [gi::getWindows 6] -factor 2.0 -center {-4.888 -1.074}
[10:46:34.86] /o {-5.689 -1.533} {-3.839 -0.713}
[10:46:39.79] /j ::xt::hercules::vue::clearAllHighlights clk layout 
[10:46:39.81] /j ::xt::hercules::vue::clearAllHighlights clk layout 
[10:46:39.83] /j ::xt::hercules::vue::setHighlightProperty clk layout yellow brick 
[10:46:39.84] /j ::xt::hercules::vue::addPolygonBegin 4 
[10:46:39.88] /j ::xt::hercules::vue::addPolygonPoints {-6.220 -1.285 -6.220 -1.170 -6.130 -1.170 -6.130 -1.285 -6.220 -1.285} 
[10:46:39.88] /j ::xt::hercules::vue::addPolygonEnd 
[10:46:39.88] /j ::xt::hercules::vue::setViewPort extents {-6.231 -1.299 -6.119 -1.156} LAY 
[10:46:39.89] /j ::xt::hercules::vue::addErrorDescription {"Distance: 0.115"} 
[10:46:39.91] /j ::xt::hercules::vue::drawHighlights clk layout all 
[10:46:41.82] /# gi::executeAction deCanvasZoomOutAtPoint -in [gi::getWindows 6]
[10:46:41.82] /i de::zoom -window [gi::getWindows 6] -factor 0.5 -center {-6.179 -1.205}
[10:46:41.83] /o {-6.494 -1.393} {-5.848 -1.107}
[10:46:43.80] /# gi::executeAction deCanvasZoomOutAtPoint -in [gi::getWindows 6]
[10:46:43.80] /i de::zoom -window [gi::getWindows 6] -factor 0.5 -center {-6.119 -1.199}
[10:46:43.80] /o {-6.868 -1.587} {-5.578 -1.015}
[10:46:44.03] /# gi::executeAction deCanvasZoomOutAtPoint -in [gi::getWindows 6]
[10:46:44.03] /i de::zoom -window [gi::getWindows 6] -factor 0.5 -center {-6.118 -1.198}
[10:46:44.04] /o {-7.619 -1.976} {-5.037 -0.832}
[10:46:44.62] /# gi::executeAction deCanvasZoomInAtPoint -in [gi::getWindows 6]
[10:46:44.62] /i de::zoom -window [gi::getWindows 6] -factor 2.0 -center {-6.119 -1.199}
[10:46:44.62] /o {-6.869 -1.587} {-5.578 -1.015}
[10:46:44.78] /# gi::executeAction deCanvasZoomInAtPoint -in [gi::getWindows 6]
[10:46:44.78] /i de::zoom -window [gi::getWindows 6] -factor 2.0 -center {-6.119 -1.199}
[10:46:44.78] /o {-6.494 -1.393} {-5.849 -1.107}
[10:46:47.81] /# gi::executeAction leRuler -in [gi::getWindows 6]
[10:46:47.82] /i ile::createRuler
[10:46:50.54] /# gi::executeAction deAddPoint -in [gi::getWindows 6]
[10:46:50.54] /i de::addPoint {-6.241 -1.286} -context [db::getNext [de::getContexts -window 6]]
[10:46:54.99] /# gi::executeAction deAddPoint -in [gi::getWindows 6]
[10:46:54.99] /i de::addPoint {-6.217 -1.164} -context [db::getNext [de::getContexts -window 6]]
[10:46:55.67] /# gi::executeAction deAbortCommand -in [gi::getWindows 6]
[10:46:55.67] /i de::abortCommand -context [db::getNext [de::getContexts -window 6]]
[10:46:56.54] /# gi::executeAction deCanvasZoomOutAtPoint -in [gi::getWindows 6]
[10:46:56.54] /i de::zoom -window [gi::getWindows 6] -factor 0.5 -center {-6.156 -1.171}
[10:46:56.54] /o {-6.832 -1.615} {-5.541 -1.043}
[10:47:06.09] /# gi::executeAction deCanvasZoomInAtPoint -in [gi::getWindows 6]
[10:47:06.09] /i de::zoom -window [gi::getWindows 6] -factor 2.0 -center {-6.234 -1.145}
[10:47:06.09] /o {-6.533 -1.38} {-5.888 -1.094}
[10:47:06.18] /# gi::executeAction deCanvasZoomInAtPoint -in [gi::getWindows 6]
[10:47:06.18] /i de::zoom -window [gi::getWindows 6] -factor 2.0 -center {-6.234 -1.145}
[10:47:06.18] /o {-6.383 -1.263} {-6.061 -1.12}
[10:47:06.96] /# gi::executeAction deCanvasZoomInAtPoint -in [gi::getWindows 6]
[10:47:06.96] /i de::zoom -window [gi::getWindows 6] -factor 2.0 -center {-6.214 -1.148}
[10:47:06.96] /o {-6.299 -1.205} {-6.137 -1.134}
[10:47:08.58] /# gi::executeAction deCanvasZoomOutAtPoint -in [gi::getWindows 6]
[10:47:08.58] /i de::zoom -window [gi::getWindows 6] -factor 0.5 -center {-6.209 -1.169}
[10:47:08.58] /o {-6.388 -1.242} {-6.066 -1.099}
[10:47:09.01] /# gi::executeAction deCanvasZoomOutAtPoint -in [gi::getWindows 6]
[10:47:09.01] /i de::zoom -window [gi::getWindows 6] -factor 0.5 -center {-6.21 -1.169}
[10:47:09.01] /o {-6.567 -1.314} {-5.922 -1.028}
[10:47:10.70] /i gi::executeAction deCanvasDragCancel -in [gi::getWindows 6]
[10:47:12.95] /j ::xt::hercules::vue::clearAllHighlights clk layout 
[10:47:12.98] /j ::xt::hercules::vue::clearAllHighlights clk layout 
[10:47:13.14] /m Information: Connection closed with 'Hercules-VUE' running on 'localhost'.
[10:47:15.11] /# gi::executeAction deSelectActive -in [gi::getWindows 6]
[10:47:15.11] /i de::deselectAll [db::getNext [de::getContexts -window 6]]
[10:47:15.11] /i de::select [de::getActiveFigure [gi::getWindows 6] -point {-6.2 -1.215} -index 0 -intent none]
[10:47:15.11] /o oa:0x1f6a87f0
[10:47:16.30] /# gi::executeAction leMove -in [gi::getWindows 6]
[10:47:16.30] /i ile::move
[10:47:16.60] /# gi::executeAction deAddPoint -in [gi::getWindows 6]
[10:47:16.60] /i de::addPoint {-6.2 -1.215} -context [db::getNext [de::getContexts -window 6]]
[10:47:19.41] /# gi::executeAction deAddPoint -in [gi::getWindows 6]
[10:47:19.41] /i de::addPoint {-6.199 -1.206} -context [db::getNext [de::getContexts -window 6]]
[10:47:21.59] /# gi::executeAction deSelectActive -in [gi::getWindows 6]
[10:47:21.59] /i de::deselectAll [db::getNext [de::getContexts -window 6]]
[10:47:21.59] /i de::select [de::getActiveFigure [gi::getWindows 6] -point {-6.281 -1.187} -index 0 -intent none]
[10:47:21.59] /o oa:0x1ff97900
[10:47:23.64] /# gi::executeAction leMove -in [gi::getWindows 6]
[10:47:23.64] /i ile::move
[10:47:23.95] /# gi::executeAction deAddPoint -in [gi::getWindows 6]
[10:47:23.95] /i de::addPoint {-6.281 -1.173} -context [db::getNext [de::getContexts -window 6]]
[10:47:26.64] /# gi::executeAction deAddPoint -in [gi::getWindows 6]
[10:47:26.64] /i de::addPoint {-6.28 -1.163} -context [db::getNext [de::getContexts -window 6]]
[10:47:27.05] /# gi::executeAction deCanvasZoomOutAtPoint -in [gi::getWindows 6]
[10:47:27.05] /i de::zoom -window [gi::getWindows 6] -factor 0.5 -center {-6.072 -1.127}
[10:47:27.05] /o {-7.062 -1.501} {-5.771 -0.929}
[10:47:27.12] /# gi::executeAction deCanvasZoomOutAtPoint -in [gi::getWindows 6]
[10:47:27.12] /i de::zoom -window [gi::getWindows 6] -factor 0.5 -center {-6.073 -1.126}
[10:47:27.12] /o {-8.051 -1.877} {-5.469 -0.733}
[10:47:29.47] /# gi::executeAction dePan -in [gi::getWindows 6]
[10:47:29.47] /i ide::pan [db::getNext [de::getContexts -window 6]]
[10:47:29.79] /# gi::executeAction deStartDrag -in [gi::getWindows 6]
[10:47:29.79] /i de::startDrag {-5.589 -1.293} -context [db::getNext [de::getContexts -window 6]]
[10:47:31.05] /# gi::executeAction deEndDrag -in [gi::getWindows 6]
[10:47:31.05] /i de::endDrag {-5.59 -1.296} -context [db::getNext [de::getContexts -window 6]]
[10:47:31.06] /r dePanToPoint {-5.925 -1.165}
[10:47:31.66] /# gi::executeAction deCanvasZoomInAtPoint -in [gi::getWindows 6]
[10:47:31.66] /i de::zoom -window [gi::getWindows 6] -factor 2.0 -center {-5.612 -1.153}
[10:47:31.67] /o {-6.414 -1.445} {-5.123 -0.873}
[10:47:32.79] /# gi::executeAction deAddPoint -in [gi::getWindows 6]
[10:47:32.79] /i de::addPoint {-5.58 -1.146} -context [db::getNext [de::getContexts -window 6]]
[10:47:34.01] /# gi::executeAction deAbortCommand -in [gi::getWindows 6]
[10:47:34.01] /i de::abortCommand -context [db::getNext [de::getContexts -window 6]]
[10:47:34.48] /# gi::executeAction deSelectActive -in [gi::getWindows 6]
[10:47:34.48] /i de::deselectAll [db::getNext [de::getContexts -window 6]]
[10:47:34.48] /i de::select [de::getActiveFigure [gi::getWindows 6] -point {-5.507 -1.144} -index 0 -intent none]
[10:47:34.48] /o oa:0x1e503a10
[10:47:35.14] /# gi::executeAction leMove -in [gi::getWindows 6]
[10:47:35.14] /i ile::move
[10:47:35.45] /# gi::executeAction deAddPoint -in [gi::getWindows 6]
[10:47:35.45] /i de::addPoint {-5.507 -1.144} -context [db::getNext [de::getContexts -window 6]]
[10:47:36.98] /# gi::executeAction deAddPoint -in [gi::getWindows 6]
[10:47:36.98] /i de::addPoint {-5.508 -1.136} -context [db::getNext [de::getContexts -window 6]]
[10:47:38.53] /# gi::executeAction deSelectActive -in [gi::getWindows 6]
[10:47:38.53] /i de::deselectAll [db::getNext [de::getContexts -window 6]]
[10:47:38.53] /i de::select [de::getActiveFigure [gi::getWindows 6] -point {-5.458 -1.256} -index 0 -intent none]
[10:47:38.53] /o oa:0x1fed4980
[10:47:39.53] /# gi::executeAction leStretch -in [gi::getWindows 6]
[10:47:39.53] /i ile::stretch
[10:47:40.47] /# gi::executeAction deAddPoint -in [gi::getWindows 6]
[10:47:40.47] /i de::addPoint {-5.485 -1.193} -context [db::getNext [de::getContexts -window 6]]
[10:47:42.66] /# gi::executeAction deAbortCommand -in [gi::getWindows 6]
[10:47:42.66] /i de::abortCommand -context [db::getNext [de::getContexts -window 6]]
[10:47:43.00] /i gi::executeAction deCanvasDragCancel -in [gi::getWindows 6]
[10:47:43.72] /i gi::executeAction deCanvasDragCancel -in [gi::getWindows 6]
[10:47:44.36] /# gi::executeAction leStretch -in [gi::getWindows 6]
[10:47:44.36] /i ile::stretch
[10:47:48.61] /# gi::executeAction deAddPoint -in [gi::getWindows 6]
[10:47:48.61] /i de::addPoint {-5.457 -1.194} -context [db::getNext [de::getContexts -window 6]]
[10:47:49.53] /# gi::executeAction deAbortCommand -in [gi::getWindows 6]
[10:47:49.53] /i de::abortCommand -context [db::getNext [de::getContexts -window 6]]
[10:47:50.14] /# gi::executeAction deSelectActive -in [gi::getWindows 6]
[10:47:50.14] /i de::deselectAll [db::getNext [de::getContexts -window 6]]
[10:47:50.14] /i de::select [de::getActiveFigure [gi::getWindows 6] -point {-5.312 -1.183} -index 0 -intent none]
[10:47:50.14] /o oa:0x1e258410
[10:47:51.08] /# gi::executeAction deSelectActive -in [gi::getWindows 6]
[10:47:51.08] /i de::cycleActiveFigure [gi::getWindows 6] -direction next
[10:47:51.08] /o oa:0x1f02b310
[10:47:51.08] /i de::deselectAll [db::getNext [de::getContexts -window 6]]
[10:47:51.08] /i de::select [de::getActiveFigure [gi::getWindows 6] -point {-5.346 -1.163} -index 1 -intent none]
[10:47:51.08] /o oa:0x1fd137e0
[10:47:51.90] /# gi::executeAction deSelectActive -in [gi::getWindows 6]
[10:47:51.90] /i de::cycleActiveFigure [gi::getWindows 6] -direction next
[10:47:51.91] /o oa:0x1ea70b40
[10:47:51.91] /i de::deselectAll [db::getNext [de::getContexts -window 6]]
[10:47:51.91] /i de::select [de::getActiveFigure [gi::getWindows 6] -point {-5.373 -1.152} -index 1 -intent none]
[10:47:51.91] /o oa:0x1ff743a0
[10:47:52.66] /# gi::executeAction leStretch -in [gi::getWindows 6]
[10:47:52.66] /i ile::stretch
[10:47:53.71] /# gi::executeAction deAddPoint -in [gi::getWindows 6]
[10:47:53.71] /i de::addPoint {-5.423 -1.197} -context [db::getNext [de::getContexts -window 6]]
[10:47:56.35] /# gi::executeAction deAbortCommand -in [gi::getWindows 6]
[10:47:56.35] /i de::abortCommand -context [db::getNext [de::getContexts -window 6]]
[10:47:57.10] /# gi::executeAction leRuler -in [gi::getWindows 6]
[10:47:57.10] /i ile::createRuler
[10:47:58.44] /# gi::executeAction deAddPoint -in [gi::getWindows 6]
[10:47:58.44] /i de::addPoint {-5.478 -1.062} -context [db::getNext [de::getContexts -window 6]]
[10:48:02.12] /# gi::executeAction deAbortCommand -in [gi::getWindows 6]
[10:48:02.12] /i de::abortCommand -context [db::getNext [de::getContexts -window 6]]
[10:48:03.54] /# gi::executeAction leRuler -in [gi::getWindows 6]
[10:48:03.54] /i ile::createRuler
[10:48:04.43] /# gi::executeAction deAddPoint -in [gi::getWindows 6]
[10:48:04.43] /i de::addPoint {-5.468 -1.197} -context [db::getNext [de::getContexts -window 6]]
[10:48:06.59] /# gi::executeAction deAddPoint -in [gi::getWindows 6]
[10:48:06.59] /i de::addPoint {-5.422 -1.045} -context [db::getNext [de::getContexts -window 6]]
[10:48:07.42] /# gi::executeAction deAbortCommand -in [gi::getWindows 6]
[10:48:07.42] /i de::abortCommand -context [db::getNext [de::getContexts -window 6]]
[10:48:08.21] /# gi::executeAction deCanvasZoomInAtPoint -in [gi::getWindows 6]
[10:48:08.21] /i de::zoom -window [gi::getWindows 6] -factor 2.0 -center {-5.422 -1.061}
[10:48:08.21] /o {-5.824 -1.246} {-5.178 -0.96}
[10:48:08.66] /# gi::executeAction deCanvasZoomInAtPoint -in [gi::getWindows 6]
[10:48:08.66] /i de::zoom -window [gi::getWindows 6] -factor 2.0 -center {-5.422 -1.061}
[10:48:08.66] /o {-5.623 -1.154} {-5.3 -1.011}
[10:48:09.87] /# gi::executeAction leStretch -in [gi::getWindows 6]
[10:48:09.87] /i ile::stretch
[10:48:10.59] /# gi::executeAction deAddPoint -in [gi::getWindows 6]
[10:48:10.59] /i de::addPoint {-5.438 -1.062} -context [db::getNext [de::getContexts -window 6]]
[10:48:14.30] /# gi::executeAction deAddPoint -in [gi::getWindows 6]
[10:48:14.30] /i de::addPoint {-5.436 -1.045} -context [db::getNext [de::getContexts -window 6]]
[10:48:14.67] /# gi::executeAction deCanvasZoomOutAtPoint -in [gi::getWindows 6]
[10:48:14.67] /i de::zoom -window [gi::getWindows 6] -factor 0.5 -center {-5.432 -1.073}
[10:48:14.67] /o {-5.814 -1.234} {-5.168 -0.948}
[10:48:15.95] /i gi::executeAction deCanvasDragCancel -in [gi::getWindows 6]
[10:48:16.21] /i gi::executeAction deCanvasDragCancel -in [gi::getWindows 6]
[10:48:16.57] /i gi::executeAction deCanvasDragCancel -in [gi::getWindows 6]
[10:48:16.77] /i gi::executeAction deCanvasDragCancel -in [gi::getWindows 6]
[10:48:16.93] /i gi::executeAction deCanvasDragCancel -in [gi::getWindows 6]
[10:48:18.14] /# gi::executeAction leStretch -in [gi::getWindows 6]
[10:48:18.14] /i ile::stretch
[10:48:19.29] /# gi::executeAction deAddPoint -in [gi::getWindows 6]
[10:48:19.29] /i de::addPoint {-5.441 -1.182} -context [db::getNext [de::getContexts -window 6]]
[10:48:21.50] /# gi::executeAction deAddPoint -in [gi::getWindows 6]
[10:48:21.50] /i de::addPoint {-5.441 -1.195} -context [db::getNext [de::getContexts -window 6]]
[10:48:21.83] /i gi::executeAction deCanvasDragCancel -in [gi::getWindows 6]
[10:48:23.16] /# gi::executeAction deSelectActive -in [gi::getWindows 6]
[10:48:23.16] /i de::cycleActiveFigure [gi::getWindows 6] -direction next
[10:48:23.16] /o oa:0x20628dc0
[10:48:23.16] /i de::deselectAll [db::getNext [de::getContexts -window 6]]
[10:48:23.16] /i de::select [de::getActiveFigure [gi::getWindows 6] -point {-5.544 -1.086} -index 1 -intent none]
[10:48:23.16] /o oa:0x2004ab30
[10:48:24.92] /i gi::executeAction dePropertyEditorToggleExtended -in [gi::getWindows 6]
[10:48:24.94] /# db::setAttr shown -of [gi::getAssistants dePropertyEditor -from [gi::getWindows 6]] -value true
[10:48:25.24] /i db::setAttr dockSize -of [gi::getAssistants leObjectLayerPanel -from [gi::getWindows 6]] -value 200x710
[10:48:25.35] /i db::setAttr dockSize -of [gi::getAssistants dePropertyEditor -from [gi::getWindows 6]] -value 290x710
[10:48:27.96] /# gi::executeAction deSelectActive -in [gi::getWindows 6]
[10:48:27.96] /i de::deselectAll [db::getNext [de::getContexts -window 6]]
[10:48:27.96] /i de::select [de::getActiveFigure [gi::getWindows 6] -point {-5.301 -1.1} -index 0 -intent none]
[10:48:27.96] /o oa:0x1fd359d0
[10:48:32.36] /i gi::setItemSelection {attributes} -index {height,all} -in [gi::getAssistants dePropertyEditor -from [gi::getWindows 6]]
[10:48:32.36] /i gi::setCurrentIndex {attributes} -index {height,Value} -in [gi::getAssistants dePropertyEditor -from [gi::getWindows 6]]
[10:48:35.59] /i gi::setField {attributes} -value {0.15} -index {height,Value} -in [gi::getAssistants dePropertyEditor -from [gi::getWindows 6]]
[10:48:35.59] /i gi::executeAction dePropertyEditorApplyChanges -in [gi::getAssistants dePropertyEditor -from [gi::getWindows 6]]
[10:48:38.43] /# gi::executeAction dePan -in [gi::getWindows 6]
[10:48:38.43] /i ide::pan [db::getNext [de::getContexts -window 6]]
[10:48:38.73] /# gi::executeAction deStartDrag -in [gi::getWindows 6]
[10:48:38.73] /i de::startDrag {-5.257 -1.07} -context [db::getNext [de::getContexts -window 6]]
[10:48:39.12] /# gi::executeAction deEndDrag -in [gi::getWindows 6]
[10:48:39.12] /i de::endDrag {-5.257 -1.07} -context [db::getNext [de::getContexts -window 6]]
[10:48:39.12] /r dePanToPoint {-5.135 -1.093}
[10:48:39.46] /# gi::executeAction deStartDrag -in [gi::getWindows 6]
[10:48:39.46] /i de::startDrag {-4.845 -1.066} -context [db::getNext [de::getContexts -window 6]]
[10:48:39.83] /# gi::executeAction deEndDrag -in [gi::getWindows 6]
[10:48:39.83] /i de::endDrag {-4.852 -1.066} -context [db::getNext [de::getContexts -window 6]]
[10:48:39.83] /r dePanToPoint {-4.785 -1.091}
[10:48:40.31] /# gi::executeAction deStartDrag -in [gi::getWindows 6]
[10:48:40.31] /i de::startDrag {-4.584 -1.049} -context [db::getNext [de::getContexts -window 6]]
[10:48:40.65] /# gi::executeAction deEndDrag -in [gi::getWindows 6]
[10:48:40.65] /i de::endDrag {-4.585 -1.05} -context [db::getNext [de::getContexts -window 6]]
[10:48:40.65] /r dePanToPoint {-4.526 -1.088}
[10:48:41.16] /# gi::executeAction deStartDrag -in [gi::getWindows 6]
[10:48:41.16] /i de::startDrag {-4.302 -1.06} -context [db::getNext [de::getContexts -window 6]]
[10:48:41.49] /# gi::executeAction deEndDrag -in [gi::getWindows 6]
[10:48:41.49] /i de::endDrag {-4.304 -1.06} -context [db::getNext [de::getContexts -window 6]]
[10:48:41.49] /r dePanToPoint {-4.248 -1.094}
[10:48:41.94] /# gi::executeAction deStartDrag -in [gi::getWindows 6]
[10:48:41.94] /i de::startDrag {-4.046 -1.074} -context [db::getNext [de::getContexts -window 6]]
[10:48:42.21] /# gi::executeAction deEndDrag -in [gi::getWindows 6]
[10:48:42.21] /i de::endDrag {-4.05 -1.074} -context [db::getNext [de::getContexts -window 6]]
[10:48:42.21] /r dePanToPoint {-3.977 -1.097}
[10:48:42.66] /# gi::executeAction deStartDrag -in [gi::getWindows 6]
[10:48:42.66] /i de::startDrag {-3.816 -1.059} -context [db::getNext [de::getContexts -window 6]]
[10:48:43.00] /# gi::executeAction deEndDrag -in [gi::getWindows 6]
[10:48:43.00] /i de::endDrag {-3.816 -1.058} -context [db::getNext [de::getContexts -window 6]]
[10:48:43.00] /r dePanToPoint {-3.712 -1.1}
[10:48:43.44] /# gi::executeAction deStartDrag -in [gi::getWindows 6]
[10:48:43.44] /i de::startDrag {-3.484 -1.069} -context [db::getNext [de::getContexts -window 6]]
[10:48:43.80] /# gi::executeAction deEndDrag -in [gi::getWindows 6]
[10:48:43.80] /i de::endDrag {-3.485 -1.069} -context [db::getNext [de::getContexts -window 6]]
[10:48:43.80] /r dePanToPoint {-3.385 -1.1}
[10:48:44.23] /# gi::executeAction deStartDrag -in [gi::getWindows 6]
[10:48:44.23] /i de::startDrag {-3.221 -1.063} -context [db::getNext [de::getContexts -window 6]]
[10:48:45.20] /# gi::executeAction deEndDrag -in [gi::getWindows 6]
[10:48:45.20] /i de::endDrag {-3.222 -1.063} -context [db::getNext [de::getContexts -window 6]]
[10:48:45.20] /r dePanToPoint {-3.17 -1.097}
[10:48:46.37] /# gi::executeAction deAbortCommand -in [gi::getWindows 6]
[10:48:46.37] /i de::abortCommand -context [db::getNext [de::getContexts -window 6]]
[10:48:47.54] /# gi::executeAction deSelectActive -in [gi::getWindows 6]
[10:48:47.54] /i de::deselectAll [db::getNext [de::getContexts -window 6]]
[10:48:47.54] /i de::select [de::getActiveFigure [gi::getWindows 6] -point {-3.029 -1.145} -index 0 -intent none]
[10:48:47.54] /o oa:0x1e191790
[10:48:48.45] /# gi::executeAction leMove -in [gi::getWindows 6]
[10:48:48.45] /i ile::move
[10:48:48.66] /# gi::executeAction deAddPoint -in [gi::getWindows 6]
[10:48:48.67] /i de::addPoint {-3.029 -1.145} -context [db::getNext [de::getContexts -window 6]]
[10:48:50.61] /# gi::executeAction deAddPoint -in [gi::getWindows 6]
[10:48:50.61] /i de::addPoint {-3.029 -1.137} -context [db::getNext [de::getContexts -window 6]]
[10:48:51.98] /i gi::executeAction deCanvasDragCancel -in [gi::getWindows 6]
[10:48:52.92] /# gi::executeAction deSelectActive -in [gi::getWindows 6]
[10:48:52.92] /i de::deselectAll [db::getNext [de::getContexts -window 6]]
[10:48:52.92] /i de::select [de::getActiveFigure [gi::getWindows 6] -point {-3.096 -1.132} -index 0 -intent none]
[10:48:52.92] /o oa:0x1ee58280
[10:48:53.27] /# gi::executeAction leStretch -in [gi::getWindows 6]
[10:48:53.27] /i ile::stretch
[10:48:53.63] /# gi::executeAction deAddPoint -in [gi::getWindows 6]
[10:48:53.63] /i de::addPoint {-3.096 -1.132} -context [db::getNext [de::getContexts -window 6]]
[10:48:55.03] /# gi::executeAction deAbortCommand -in [gi::getWindows 6]
[10:48:55.03] /i de::abortCommand -context [db::getNext [de::getContexts -window 6]]
[10:48:55.73] /# gi::executeAction deCanvasZoomOutAtPoint -in [gi::getWindows 6]
[10:48:55.73] /i de::zoom -window [gi::getWindows 6] -factor 0.5 -center {-3.089 -1.115}
[10:48:55.73] /o {-3.861 -1.366} {-2.64 -0.794}
[10:48:55.78] /# gi::executeAction deCanvasZoomOutAtPoint -in [gi::getWindows 6]
[10:48:55.78] /i de::zoom -window [gi::getWindows 6] -factor 0.5 -center {-3.09 -1.115}
[10:48:55.78] /o {-4.633 -1.616} {-2.191 -0.472}
[10:48:56.22] /# gi::executeAction deCanvasZoomOutAtPoint -in [gi::getWindows 6]
[10:48:56.22] /i de::zoom -window [gi::getWindows 6] -factor 0.5 -center {-3.13 -1.108}
[10:48:56.22] /o {-6.136 -2.125} {-1.252 0.163}
[10:48:57.13] /i gi::executeAction deSaveDesign -in [gi::getWindows 6]
[10:48:57.13] /m Information: Saving design 'clk clk layout'. (DESIGN_WINDOW-004)
[10:49:00.35] /i gi::executeAction deSaveDesign -in [gi::getWindows 6]
[10:49:00.35] /m Information: Saving design 'clk clk layout'. (DESIGN_WINDOW-004)
[10:49:04.49] /# gi::executeAction xtDRCRun -in [gi::getWindows 6]
[10:49:04.49] /i xt::physicalVerification::executeRun drc 6
[10:49:04.63] /# xt::physicalVerification::executePve drc 6
[10:49:08.27] /m Information: 
              /c =============================
              /c JobID: hercules_drc_10
              /c --- ERROR SUMMARY -----------
              /c 7.30: Minimum area of Metal 1 >= 0.04
              /c  AREA M1S { } (101) ..................................... 1 violation found.
              /c =============================
              /c 
[10:49:08.94] /j ::xt::hercules::vue::_private::registerConnection localhost:48748 tcp21 herculesVue_3 
[10:49:08.98] /j ::xt::hercules::vue::_private::isJobReady 
[10:49:08.98] /o false
[10:49:09.99] /j ::xt::hercules::vue::_private::isJobReady 
[10:49:09.99] /o false
[10:49:11.00] /m Information: Connection established with 'Hercules-VUE' running on 'localhost'.
[10:49:11.00] /j ::xt::hercules::vue::_private::isJobReady 
[10:49:11.00] /o true
[10:49:11.00] /j ::xt::hercules::vue::startFilter LAY 
[10:49:11.33] /j ::xt::hercules::vue::setInlibPath /root/Excercise/ring_oscillator/synopsys_custom/clk.hercules.drc/. 
[10:49:11.33] /j ::xt::hercules::vue::setTopLayLCV clk clk layout 
[10:49:11.33] /j ::xt::hercules::vue::openCell clk clk layout 
[10:49:13.04] /j ::xt::hercules::vue::clearAllHighlights clk layout 
[10:49:15.28] /j ::xt::hercules::vue::clearAllHighlights clk layout 
[10:49:15.30] /j ::xt::hercules::vue::clearAllHighlights clk layout 
[10:49:15.32] /j ::xt::hercules::vue::openCell clk clk layout 
[10:49:15.86] /j ::xt::hercules::vue::clearAllHighlights clk layout 
[10:49:15.88] /j ::xt::hercules::vue::clearAllHighlights clk layout 
[10:49:15.90] /j ::xt::hercules::vue::setHighlightProperty clk layout yellow brick 
[10:49:15.92] /j ::xt::hercules::vue::addPolygonBegin 4 
[10:49:15.94] /j ::xt::hercules::vue::addPolygonPoints {-6.300 -1.165 -6.300 -1.015 -6.090 -1.015 -6.090 -1.165 -6.300 -1.165} 
[10:49:15.94] /j ::xt::hercules::vue::addPolygonEnd 
[10:49:15.94] /j ::xt::hercules::vue::setViewPort extents {-6.326 -1.184 -6.064 -0.996} LAY 
[10:49:15.96] /j ::xt::hercules::vue::addErrorDescription {"Area: 0.032"} 
[10:49:15.98] /j ::xt::hercules::vue::drawHighlights clk layout all 
[10:49:16.98] /j ::xt::hercules::vue::clearAllHighlights clk layout 
[10:49:18.32] /j ::xt::hercules::vue::clearAllHighlights clk layout 
[10:49:18.34] /j ::xt::hercules::vue::setHighlightProperty clk layout yellow brick 
[10:49:18.34] /j ::xt::hercules::vue::addPolygonBegin 4 
[10:49:18.40] /j ::xt::hercules::vue::addPolygonPoints {-6.300 -1.165 -6.300 -1.015 -6.090 -1.015 -6.090 -1.165 -6.300 -1.165} 
[10:49:18.40] /j ::xt::hercules::vue::addPolygonEnd 
[10:49:18.40] /j ::xt::hercules::vue::setViewPort extents {-6.326 -1.184 -6.064 -0.996} LAY 
[10:49:18.42] /j ::xt::hercules::vue::addErrorDescription {"Area: 0.032"} 
[10:49:18.44] /j ::xt::hercules::vue::drawHighlights clk layout all 
[10:49:19.54] /i gi::setActiveWindow 7
[10:49:19.54] /i gi::setActiveWindow 7 -raise true
[10:49:19.66] /i gi::setActiveWindow 6
[10:49:19.66] /i gi::setActiveWindow 6 -raise true
[10:49:20.77] /# gi::executeAction deCanvasZoomOutAtPoint -in [gi::getWindows 6]
[10:49:20.77] /i de::zoom -window [gi::getWindows 6] -factor 0.5 -center {-6.229 -1.033}
[10:49:20.77] /o {-6.562 -1.335} {-5.76 -0.959}
[10:49:23.42] /i gi::executeAction deCanvasDragCancel -in [gi::getWindows 6]
[10:49:26.85] /j ::xt::hercules::vue::clearAllHighlights clk layout 
[10:49:26.85] /j ::xt::hercules::vue::clearAllHighlights clk layout 
[10:49:27.14] /m Information: Connection closed with 'Hercules-VUE' running on 'localhost'.
[10:49:31.53] /i db::setAttr shown -of [gi::getAssistants dePropertyEditor -from [gi::getWindows 6]] -value false
[10:49:31.84] /i db::setAttr dockSize -of [gi::getAssistants leObjectLayerPanel -from [gi::getWindows 6]] -value 290x736
[10:49:33.56] /# gi::setCurrentIndex {lpps} -index {m1 drw} -in [gi::getAssistants leObjectLayerPanel -from [gi::getWindows 6]]
[10:49:33.56] /# gi::setItemSelection {lpps} -index {m1 drw} -in [gi::getAssistants leObjectLayerPanel -from [gi::getWindows 6]]
[10:49:33.63] /# gi::executeAction leOLPSetActiveLPP -in [gi::getAssistants leObjectLayerPanel -from [gi::getWindows 6]]
[10:49:33.63] /i de::setActiveLPP [de::getLPPs -from [oa::DesignFind clk clk layout] -filter {%lpp =="m1 drawing"}]
[10:49:36.05] /# gi::executeAction leRectangle -in [gi::getWindows 6]
[10:49:36.05] /i ile::createRectangle
[10:49:38.54] /# gi::executeAction deAddPoint -in [gi::getWindows 6]
[10:49:38.54] /i de::addPoint {-6.277 -1.017} -context [db::getNext [de::getContexts -window 6]]
[10:49:41.59] /# gi::executeAction deAddPoint -in [gi::getWindows 6]
[10:49:41.59] /i de::addPoint {-6.468 -1.166} -context [db::getNext [de::getContexts -window 6]]
[10:49:42.72] /# gi::executeAction deAbortCommand -in [gi::getWindows 6]
[10:49:42.72] /i de::abortCommand -context [db::getNext [de::getContexts -window 6]]
[10:49:43.55] /# gi::executeAction deCanvasZoomOutAtPoint -in [gi::getWindows 6]
[10:49:43.55] /i de::zoom -window [gi::getWindows 6] -factor 0.5 -center {-6.404 -1.122}
[10:49:43.55] /o {-6.721 -1.548} {-5.115 -0.796}
[10:49:45.79] /i gi::setActiveWindow 7
[10:49:45.79] /i gi::setActiveWindow 7 -raise true
[10:49:47.48] /i gi::setActiveWindow 6
[10:49:47.48] /i gi::setActiveWindow 6 -raise true
[10:49:48.28] /i gi::setActiveWindow 7
[10:49:48.28] /i gi::setActiveWindow 7 -raise true
[10:49:51.33] /i gi::setActiveWindow 6
[10:49:51.33] /i gi::setActiveWindow 6 -raise true
[10:49:51.70] /i gi::executeAction deSaveDesign -in [gi::getWindows 6]
[10:49:51.70] /m Information: Saving design 'clk clk layout'. (DESIGN_WINDOW-004)
[10:49:53.78] /# gi::executeAction xtDRCRun -in [gi::getWindows 6]
[10:49:53.78] /i xt::physicalVerification::executeRun drc 6
[10:49:53.93] /# xt::physicalVerification::executePve drc 6
[10:49:57.36] /m Information: 
              /c =============================
              /c JobID: hercules_drc_11
              /c Completed with no errors.
              /c =============================
              /c 
[10:49:59.59] /i gi::setActiveWindow 6
[10:49:59.59] /i gi::setActiveWindow 6 -raise true
[10:50:02.06] /# gi::executeAction xtLVSSetup -in [gi::getWindows 6]
[10:50:02.06] /i xt::showLVSSetup -job lvs -window 6
[10:50:02.77] /o oa:0x1e09e980
[10:50:02.90] /i gi::setActiveDialog [gi::getDialogs {xtLVSSetup} -parent [gi::getWindows 6]]
[10:50:03.14] /i db::setAttr geometry -of [gi::getDialogs {xtLVSSetup} -parent [gi::getWindows 6]] -value 704x454+787+330
[10:50:04.23] /i gi::setActiveTab {/tabGroup} -tabName {/tabGroup/netlistingOptionsTab} -in [gi::getDialogs {xtLVSSetup} -parent [gi::getWindows 6]]
[10:50:05.58] /i gi::setActiveTab {/tabGroup} -tabName {/tabGroup/mainTab} -in [gi::getDialogs {xtLVSSetup} -parent [gi::getWindows 6]]
[10:50:08.53] /i gi::pressButton {/tabGroup/mainTab/jobParametersGroup/runsetFile/browseButton} -in [gi::getDialogs {xtLVSSetup} -parent [gi::getWindows 6]]
[10:50:17.68] /r giFileDialog accept ../lab1vlsi/PDK/hercules/lvs/reference_lvs.ev
[10:50:20.02] /i gi::setActiveTab {/tabGroup} -tabName {/tabGroup/netlistingOptionsTab} -in [gi::getDialogs {xtLVSSetup} -parent [gi::getWindows 6]]
[10:50:20.46] /i gi::setField {/tabGroup/netlistingOptionsTab/schematicOutputNetlist/entryField} -value {/root/Excercise/ring_oscillator/synopsys_custom/clk.hercules.lvs/clk.custom_compiler.sp} -in [gi::getDialogs {xtLVSSetup} -parent [gi::getWindows 6]]
[10:50:20.46] /i gi::setCurrentIndex {/tabGroup/controlVariablesTab/controlVariablesTable} -index {0,0} -in [gi::getDialogs {xtLVSSetup} -parent [gi::getWindows 6]]
[10:50:20.47] /i gi::setActiveTab {/tabGroup} -tabName {/tabGroup/controlVariablesTab} -in [gi::getDialogs {xtLVSSetup} -parent [gi::getWindows 6]]
[10:50:21.35] /i gi::setActiveTab {/tabGroup} -tabName {/tabGroup/netlistingOptionsTab} -in [gi::getDialogs {xtLVSSetup} -parent [gi::getWindows 6]]
[10:50:22.46] /i gi::setActiveTab {/tabGroup} -tabName {/tabGroup/customOptionsTab} -in [gi::getDialogs {xtLVSSetup} -parent [gi::getWindows 6]]
[10:50:24.58] /i gi::setActiveTab {/tabGroup} -tabName {/tabGroup/netlistingOptionsTab} -in [gi::getDialogs {xtLVSSetup} -parent [gi::getWindows 6]]
[10:50:25.83] /i gi::setActiveTab {/tabGroup} -tabName {/tabGroup/mainTab} -in [gi::getDialogs {xtLVSSetup} -parent [gi::getWindows 6]]
[10:50:26.83] /i gi::pressButton {/ok} -in [gi::getDialogs {xtLVSSetup} -parent [gi::getWindows 6]]
[10:50:27.66] /# xt::physicalVerification::executePve lvs 6
[10:50:28.77] /m Information: "Starting netlisting for design "clk/clk/schematic"..." (NETLISTING-010)
[10:50:28.80] /o No Design Integrity rule violations found in "clk/clk/schematic"
[10:50:28.83] /m Information: "Netlisting design "clk/clk/schematic" finished successfully." (NETLISTING-012)
[10:50:29.15] /r giWindowId 8
[10:50:29.16] /r giWindowGeometry 800x600
[10:50:33.54] /m Information: 
              /c =============================
              /c JobID: hercules_lvs_4
              /c Completed with no errors.
              /c =============================
              /c 
[10:50:36.21] /i gi::setActiveWindow 6
[10:50:36.21] /i gi::setActiveWindow 6 -raise true
[10:50:39.89] /# gi::executeAction xtLPESetup -in [gi::getWindows 6]
[10:50:39.89] /i xt::showLPESetup -job lpe -window 6
[10:50:40.53] /o oa:0x1fdfc940
[10:50:40.65] /i gi::setActiveDialog [gi::getDialogs {xtLPESetup} -parent [gi::getWindows 6]]
[10:50:40.92] /i db::setAttr geometry -of [gi::getDialogs {xtLPESetup} -parent [gi::getWindows 6]] -value 487x659+830+137
[10:50:44.99] /i gi::setActiveTab {/tabGroup} -tabName {/tabGroup/extractionOptionsTab} -in [gi::getDialogs {xtLPESetup} -parent [gi::getWindows 6]]
[10:50:45.91] /i gi::setActiveTab {/tabGroup} -tabName {/tabGroup/mainTab} -in [gi::getDialogs {xtLPESetup} -parent [gi::getWindows 6]]
[10:50:46.51] /i gi::setActiveTab {/tabGroup} -tabName {/tabGroup/extractionOptionsTab} -in [gi::getDialogs {xtLPESetup} -parent [gi::getWindows 6]]
[10:50:47.28] /i gi::setActiveTab {/tabGroup} -tabName {/tabGroup/mainTab} -in [gi::getDialogs {xtLPESetup} -parent [gi::getWindows 6]]
[10:50:48.56] /i gi::setActiveTab {/tabGroup} -tabName {/tabGroup/extractionOptionsTab} -in [gi::getDialogs {xtLPESetup} -parent [gi::getWindows 6]]
[10:50:49.02] /i gi::setActiveTab {/tabGroup} -tabName {/tabGroup/outputOptionsTab} -in [gi::getDialogs {xtLPESetup} -parent [gi::getWindows 6]]
[10:50:52.01] /i gi::setField {/tabGroup/outputOptionsTab/outputGroup/outputFormat} -value {SPF} -in [gi::getDialogs {xtLPESetup} -parent [gi::getWindows 6]]
[10:50:53.55] /i gi::setActiveTab {/tabGroup} -tabName {/tabGroup/extractionOptionsTab} -in [gi::getDialogs {xtLPESetup} -parent [gi::getWindows 6]]
[10:50:55.12] /i gi::setField {/tabGroup/extractionOptionsTab/layoutExtractionGroup/milkywayDatabase/entryField} -value {/root/Excercise/ring_oscillator/synopsys_custom/clk.hercules.lvs/EXTRACT_VIEW} -in [gi::getDialogs {xtLPESetup} -parent [gi::getWindows 6]]
[10:50:55.13] /i gi::setActiveTab {/tabGroup} -tabName {/tabGroup/mainTab} -in [gi::getDialogs {xtLPESetup} -parent [gi::getWindows 6]]
[10:50:56.80] /i gi::pressButton {/tabGroup/mainTab/jobParametersGroup/runsetFile/browseButton} -in [gi::getDialogs {xtLPESetup} -parent [gi::getWindows 6]]
[10:51:05.15] /r giFileDialog reject synopsys_custom/clk.hercules.lvs/EXTRACT_VIEW
[10:51:06.75] /i gi::setActiveTab {/tabGroup} -tabName {/tabGroup/customOptionsTab} -in [gi::getDialogs {xtLPESetup} -parent [gi::getWindows 6]]
[10:51:07.68] /i gi::setActiveTab {/tabGroup} -tabName {/tabGroup/outputOptionsTab} -in [gi::getDialogs {xtLPESetup} -parent [gi::getWindows 6]]
[10:51:11.25] /i gi::setActiveTab {/tabGroup} -tabName {/tabGroup/extractionOptionsTab} -in [gi::getDialogs {xtLPESetup} -parent [gi::getWindows 6]]
[10:51:16.35] /i gi::setActiveTab {/tabGroup} -tabName {/tabGroup/mainTab} -in [gi::getDialogs {xtLPESetup} -parent [gi::getWindows 6]]
[10:51:17.37] /i gi::setActiveTab {/tabGroup} -tabName {/tabGroup/extractionOptionsTab} -in [gi::getDialogs {xtLPESetup} -parent [gi::getWindows 6]]
[10:51:18.79] /i gi::pressButton {/tabGroup/extractionOptionsTab/layoutExtractionGroup/milkywayDatabase/browseButton} -in [gi::getDialogs {xtLPESetup} -parent [gi::getWindows 6]]
[10:51:29.57] /r giFileDialog accept synopsys_custom/clk.hercules.lvs/EXTRACT_VIEW
[10:51:31.08] /i gi::setActiveTab {/tabGroup} -tabName {/tabGroup/mainTab} -in [gi::getDialogs {xtLPESetup} -parent [gi::getWindows 6]]
[10:51:32.34] /i gi::pressButton {/tabGroup/mainTab/jobParametersGroup/runsetFile/browseButton} -in [gi::getDialogs {xtLPESetup} -parent [gi::getWindows 6]]
[10:51:43.46] /r giFileDialog accept ../lab1vlsi/PDK/starrc/star_herc_cmd
[10:51:46.25] /i gi::pressButton {/ok} -in [gi::getDialogs {xtLPESetup} -parent [gi::getWindows 6]]
[10:51:46.25] /# gi::setActiveTab {/tabGroup} -tabName {/tabGroup/extractionOptionsTab} -in [gi::getDialogs {xtLPESetup} -parent [gi::getWindows 6]]
[10:51:46.25] /e Error: The requested action could not be completed because one or more inputs are incomplete or invalid. (CUSTOM_WIDGETS-001)
[10:51:47.33] /i gi::setField {/tabGroup/extractionOptionsTab/layoutExtractionGroup/milkywayDatabase/entryField} -value {../testcell.hercules.lvs/EXTRACT_VIEW} -in [gi::getDialogs {xtLPESetup} -parent [gi::getWindows 6]]
[10:51:47.40] /i gi::pressButton {/ok} -in [gi::getDialogs {xtLPESetup} -parent [gi::getWindows 6]]
[10:51:47.41] /e Error: The requested action could not be completed because one or more inputs are incomplete or invalid. (CUSTOM_WIDGETS-001)
[10:51:47.96] /i gi::pressButton {/ok} -in [gi::getDialogs {xtLPESetup} -parent [gi::getWindows 6]]
[10:51:47.96] /e Error: The requested action could not be completed because one or more inputs are incomplete or invalid. (CUSTOM_WIDGETS-001)
[10:51:48.11] /i gi::pressButton {/ok} -in [gi::getDialogs {xtLPESetup} -parent [gi::getWindows 6]]
[10:51:48.11] /e Error: The requested action could not be completed because one or more inputs are incomplete or invalid. (CUSTOM_WIDGETS-001)
[10:51:49.47] /i gi::pressButton {/tabGroup/extractionOptionsTab/layoutExtractionGroup/milkywayDatabase/browseButton} -in [gi::getDialogs {xtLPESetup} -parent [gi::getWindows 6]]
[10:51:53.78] /r giFileDialog accept synopsys_custom/clk.hercules.lvs/EXTRACT_VIEW
[10:51:55.10] /i gi::pressButton {/ok} -in [gi::getDialogs {xtLPESetup} -parent [gi::getWindows 6]]
[10:51:55.87] /# xt::physicalVerification::executePve lpe 6
[10:51:56.27] /r giWindowId 9
[10:51:56.29] /r giWindowGeometry 800x600
[10:52:07.64] /m Information: 
              /c =============================
              /c JobID: starrc_lpe_5
              /c Completed with no errors.
              /c =============================
              /c 
[10:52:07.71] /r giWindowId 10
[10:52:07.73] /r giWindowGeometry 1632x849
[10:52:07.77] /i de::setActiveLPP [de::getLPPs "exclude blockage" -from [db::getAttr editDesign -of [de::getContexts -window 10]]]
[10:52:10.70] /i gi::setActiveWindow 9
[10:52:10.70] /i gi::setActiveWindow 9 -raise true
[10:52:11.96] /i gi::pressButton {ConsoleToggleButton} -in [db::getAttr statusbar -of [gi::getWindows 9]]
[10:52:13.87] /i gi::pressButton {ConsoleToggleButton} -in [db::getAttr statusbar -of [gi::getWindows 9]]
[10:52:17.00] /i gi::setActiveWindow 10
[10:52:17.00] /i gi::setActiveWindow 10 -raise true
[10:52:19.63] /i gi::setActiveWindow 6
[10:52:19.63] /i gi::setActiveWindow 6 -raise true
[10:52:24.30] /i db::setAttr iconified -of [gi::getFrames 1] -value true
[10:52:24.43] /i db::setAttr iconified -of [gi::getFrames 1] -value false
[10:52:24.43] /i db::setAttr iconified -of [gi::getFrames 1] -value true
[10:52:24.71] /i db::setAttr dockSize -of [gi::getAssistants leObjectLayerPanel -from [gi::getWindows 6]] -value 290x649
[10:52:24.72] /i db::setAttr geometry -of [gi::getFrames 1] -value 1040x824+439+81
[10:53:36.15] /i db::setAttr iconified -of [gi::getFrames 1] -value false
[10:53:38.00] /i db::setAttr maximized -of [gi::getFrames 1] -value true
[10:53:38.34] /i db::setAttr dockSize -of [gi::getAssistants leObjectLayerPanel -from [gi::getWindows 6]] -value 290x736
[10:53:38.34] /i db::setAttr geometry -of [gi::getFrames 1] -value 1910x911+5+62
[10:53:39.51] /i gi::executeAction giCloseWindow -in [gi::getWindows 9]
[10:53:40.15] /i gi::executeAction giCloseWindow -in [gi::getWindows 10]
[10:53:40.73] /i gi::executeAction giCloseWindow -in [gi::getWindows 8]
[10:53:41.29] /i gi::executeAction giCloseWindow -in [gi::getWindows 7]
[10:53:44.23] /# gi::executeAction xtLPESetup -in [gi::getWindows 6]
[10:53:44.23] /i xt::showLPESetup -job lpe -window 6
[10:53:44.92] /o oa:0x20422cd0
[10:53:45.03] /i gi::setActiveDialog [gi::getDialogs {xtLPESetup} -parent [gi::getWindows 6]]
[10:53:45.26] /i db::setAttr geometry -of [gi::getDialogs {xtLPESetup} -parent [gi::getWindows 6]] -value 487x659+830+100
[10:53:46.13] /i gi::setActiveTab {/tabGroup} -tabName {/tabGroup/extractionOptionsTab} -in [gi::getDialogs {xtLPESetup} -parent [gi::getWindows 6]]
[10:53:47.30] /i gi::setActiveTab {/tabGroup} -tabName {/tabGroup/outputOptionsTab} -in [gi::getDialogs {xtLPESetup} -parent [gi::getWindows 6]]
[10:53:50.44] /i gi::setField {/tabGroup/outputOptionsTab/outputGroup/outputFormat} -value {SPF} -in [gi::getDialogs {xtLPESetup} -parent [gi::getWindows 6]]
[10:54:21.98] /i gi::pressButton {/ok} -in [gi::getDialogs {xtLPESetup} -parent [gi::getWindows 6]]
[10:54:22.91] /# xt::physicalVerification::executePve lpe 6
[10:54:23.25] /r giWindowId 11
[10:54:23.29] /r giWindowGeometry 800x600
[10:54:28.55] /m Information: 
              /c =============================
              /c JobID: starrc_lpe_6
              /c Completed with no errors.
              /c =============================
              /c 
