[14:32:22.02] /r giWindowId 0
[14:32:22.02] /r giWindowGeometry 600x300
[14:32:22.05] /o 
              /c                                 Custom Compiler 
              /c 
              /c               Version N-2017.12-SP1-2 for linux64 - May 16, 2018 
              /c 
              /c                     Copyright (c) 2004 - 2018 Synopsys, Inc.
              /c    This software and the associated documentation are proprietary to Synopsys,
              /c  Inc. This software may only be used in accordance with the terms and conditions
              /c  of a written license agreement with Synopsys, Inc. All other use, reproduction,
              /c             or distribution of this software is strictly prohibited.
              /c 
              /c Build  (OPT) Config 4182185 compiled on Wed May 16 15:20:56 2018 for RHEL64 6.6
              /c Invocation: /usr/synopsys/customcompiler/N-2017.12-SP1-2/linux64/platform/bin/custom_compiler
              /c Execution time: Tue Jun  2 14:32:14 2026
              /c Host: localhost.localdomain
              /c Working directory: /root/Excercise/ring_oscillator
              /c 
[14:32:26.79] /r giShowFrameTabs true
[14:32:26.79] /r giWindowId 1
[14:32:26.80] /r giWindowGeometry 1040x800
[14:33:04.91] /# gi::pressButton {/scroll/scrollArea/scrollAreaInnerWidget/recentDesigns/deOpenclkclkschematic} -in [gi::getWindows 1]
[14:33:04.92] /# 
[14:33:04.92] /i de::open clk/clk/schematic
[14:33:04.95] /w Warning: Preference 'leActiveLPP' is deprecated and scheduled for removal in a future release with no replacement. For migration assistance, see the Custom Compiler Tcl Reference Manual. (PREFERENCE-058)
[14:33:04.97] /o 	#######################################
[14:33:04.97] /o 	PDK Library Name	: reference90RF
[14:33:04.97] /o 	PDK Version		: 2.0
[14:33:04.97] /o 	PDK Release Date	: 25-March-2010 
[14:33:04.97] /o 	#######################################
[14:33:04.97] /o 
[14:33:05.13] /m Information: License 'Schematic' checked out. (LICENSE-003)
[14:33:05.21] /r giWindowId 2
[14:33:05.22] /r giWindowGeometry 1632x849
[14:33:05.66] /o "clk/clk/schematic" design does not need checking
[14:33:05.68] /o oa:0x1d7ebd00
[14:33:07.68] /i db::setAttr maximized -of [gi::getFrames 1] -value true
[14:33:08.04] /i db::setAttr dockSize -of [gi::getAssistants giConsole -from [gi::getWindows 2]] -value 1867x211
[14:33:08.04] /i db::setAttr geometry -of [gi::getFrames 1] -value 1910x911+5+62
[14:33:09.23] /# gi::executeAction deCanvasZoomInAtPoint -in [gi::getWindows 2]
[14:33:09.23] /i de::zoom -window [gi::getWindows 2] -factor 2.0 -center {10.11875 0.2}
[14:33:09.23] /o {5.74375 -0.3} {12.75625 1.78125}
[14:33:09.89] /# gi::executeAction deCanvasZoomOutAtPoint -in [gi::getWindows 2]
[14:33:09.89] /i de::zoom -window [gi::getWindows 2] -factor 0.5 -center {10.14375 0.14375}
[14:33:09.90] /o {1.3375 -0.74375} {15.36875 3.4125}
[14:33:09.96] /# gi::executeAction deCanvasZoomOutAtPoint -in [gi::getWindows 2]
[14:33:09.96] /i de::zoom -window [gi::getWindows 2] -factor 0.5 -center {10.14375 0.14375}
[14:33:09.96] /o {-7.46875 -1.63125} {20.59375 6.68125}
[14:33:10.73] /# gi::executeAction deCanvasZoomInAtPoint -in [gi::getWindows 2]
[14:33:10.73] /i de::zoom -window [gi::getWindows 2] -factor 2.0 -center {2.63125 2.6375}
[14:33:10.76] /o {-2.41875 0.50625} {11.6125 4.6625}
[14:33:12.74] /# gi::executeAction dePan -in [gi::getWindows 2]
[14:33:12.74] /i ide::pan [db::getNext [de::getContexts -window 2]]
[14:33:12.98] /# gi::executeAction deStartDrag -in [gi::getWindows 2]
[14:33:12.98] /i de::startDrag {6.825 2.45625} -context [db::getNext [de::getContexts -window 2]]
[14:33:13.59] /# gi::executeAction deEndDrag -in [gi::getWindows 2]
[14:33:13.59] /i de::endDrag {6.81875 2.5125} -context [db::getNext [de::getContexts -window 2]]
[14:33:13.59] /r dePanToPoint {4.875 1.4875}
[14:33:16.31] /i gi::setActiveWindow 1
[14:33:16.31] /i gi::setActiveWindow 1 -raise true
[14:33:17.63] /# gi::pressButton {/scroll/scrollArea/scrollAreaInnerWidget/recentDesigns/deOpenclkclklayout} -in [gi::getWindows 1]
[14:33:17.63] /# 
[14:33:17.64] /i de::open clk/clk/layout
[14:33:17.65] /m Information: License 'Basic' checked out. (LICENSE-003)
[14:33:17.65] /m Information: License 'Schematic' checked in. (LICENSE-004)
[14:33:18.69] /r giWindowId 3
[14:33:18.70] /r giWindowGeometry 1632x849
[14:33:18.80] /# de::setActiveLPP [de::getLPPs "exclude blockage" -from [db::getAttr editDesign -of [de::getContexts -window 3]]]
[14:33:19.41] /o oa:0x1e465f40
[14:33:22.90] /i gi::setField {stopLevel} -value {2} -in [gi::getToolbars {leHierarchy} -from [gi::getWindows 3]]
[14:33:29.98] /i gi::setActiveWindow 2
[14:33:29.98] /i gi::setActiveWindow 2 -raise true
[14:33:31.11] /i gi::setActiveWindow 3
[14:33:31.11] /i gi::setActiveWindow 3 -raise true
[14:33:37.06] /i gi::setActiveWindow 2
[14:33:37.06] /i gi::setActiveWindow 2 -raise true
[14:33:46.49] /i gi::setActiveWindow 3
[14:33:46.49] /i gi::setActiveWindow 3 -raise true
[14:33:52.73] /i gi::setActiveWindow 2
[14:33:52.73] /i gi::setActiveWindow 2 -raise true
[14:33:56.68] /# gi::executeAction seSchCheckAndSave -in [gi::getWindows 2]
[14:33:56.68] /i ise::check
[14:33:56.69] /m Information: 
[14:33:56.69] /o Checking "clk/clk/schematic"
[14:33:56.69] /o 	[warning] Floating Input Instance Pins
[14:33:56.69] /o 		Input pin 'in' of instance 'I0' is floating
[14:33:56.69] /o 		Input pin 'in' of instance 'I1' is floating
[14:33:56.69] /o 		Input pin 'in' of instance 'I2' is floating
[14:33:56.69] /o 		Input pin 'out' of instance 'I0' is floating
[14:33:56.69] /o 		Input pin 'out' of instance 'I1' is floating
[14:33:56.69] /o 		Input pin 'out' of instance 'I2' is floating
[14:33:56.69] /o 	[warning] Floating Output Pins
[14:33:56.69] /o 		Output pin 'clk' is floating
[14:33:56.70] /o 0 Error(s),7 Warning(s),0 Message(s) found   in "clk/clk/schematic"
[14:33:56.70] /m Information: Checking process is completed: marking the design violations
[14:33:56.82] /m Information: Marking of designs is completed
[14:33:56.82] /o true
[14:34:06.13] /# gi::executeAction deAbortCommand -in [gi::getWindows 2]
[14:34:06.13] /i de::abortCommand -context [db::getNext [de::getContexts -window 2]]
[14:34:06.59] /# gi::executeAction deSelectActive -in [gi::getWindows 2]
[14:34:06.59] /i de::deselectAll [db::getNext [de::getContexts -window 2]]
[14:34:06.59] /i de::select [de::getActiveFigure [gi::getWindows 2] -point {2.66875 1.9} -index 0 -intent none]
[14:34:06.59] /o oa:0x1f7de6d0
[14:34:07.11] /# gi::executeAction deSelectActive -in [gi::getWindows 2]
[14:34:07.11] /i de::cycleActiveFigure [gi::getWindows 2] -direction next
[14:34:07.11] /o oa:0x1f7e0f30
[14:34:07.24] /# gi::executeAction deDescend -in [gi::getWindows 2]
[14:34:07.24] /i ide::descend 2 -inPlace false -promptView false -readOnly auto
[14:34:07.25] /# Navigating to inv/inv/schematic (I0)
[14:34:07.38] /o true
[14:34:15.36] /# gi::executeAction deSelectActive -in [gi::getWindows 2]
[14:34:15.36] /i de::deselectAll [db::getNext [de::getContexts -window 2]]
[14:34:15.36] /i de::select [de::getActiveFigure [gi::getWindows 2] -point {2.45 -0.29375} -index 0 -intent none]
[14:34:15.36] /o oa:0x1fc497c0
[14:34:19.28] /# gi::executeAction giPostContextMenu -in [gi::getWindows 2]
[14:34:19.33] /i gi::executeAction menuPreShow -in [gi::getWindows 2]
[14:34:19.33] /r giMenuAccess db::getNext [gi::getMenus seSchPinContextMenu]
[14:34:21.59] /# gi::executeAction seDeleteActive -in [gi::getWindows 2]
[14:34:21.59] /i ise::delete -object [de::getActiveFigure [gi::getWindows 2] -point {2.45 -0.2375} -index 0 -intent none]
[14:34:23.26] /# gi::executeAction seSchCreateSchematicPin -in [gi::getWindows 2]
[14:34:23.26] /i ise::createSchematicPin
[14:34:26.05] /i gi::setField {schematicPinType} -value {output} -in [gi::getToolbars {deCommandOptions} -from [gi::getWindows 2]]
[14:34:28.87] /# gi::executeAction deAddPoint -in [gi::getWindows 2]
[14:34:28.87] /i de::addPoint {2.3875 -0.2375} -context [db::getNext [de::getContexts -window 2]]
[14:34:29.91] /# gi::executeAction deAbortCommand -in [gi::getWindows 2]
[14:34:29.91] /i de::abortCommand -context [db::getNext [de::getContexts -window 2]]
[14:34:31.48] /# gi::executeAction deSelectActive -in [gi::getWindows 2]
[14:34:31.48] /i de::deselectAllLogic -context [db::getNext [de::getContexts -window 2]]
[14:34:31.65] /# gi::executeAction deSelectActive -in [gi::getWindows 2]
[14:34:31.65] /i de::deselectAllLogic -context [db::getNext [de::getContexts -window 2]]
[14:34:32.58] /# gi::executeAction giPostContextMenu -in [gi::getWindows 2]
[14:34:32.59] /i gi::executeAction menuPreShow -in [gi::getWindows 2]
[14:34:32.59] /r giMenuAccess db::getNext [gi::getMenus seSchPinNameContextMenu]
[14:34:33.30] /# gi::executeAction deEditCanvasText -in [gi::getWindows 2]
[14:34:33.30] /i ide::editCanvasText -object [de::getActiveFigure [gi::getWindows 2] -point {2.61875 -0.2625} -index 0 -intent none]
[14:34:35.14] /i de::commandOption {out}
[14:34:36.07] /# gi::executeAction deSelectActive -in [gi::getWindows 2]
[14:34:36.07] /i de::deselectAllLogic -context [db::getNext [de::getContexts -window 2]]
[14:34:42.02] /i gi::executeAction deSaveDesign -in [gi::getWindows 2]
[14:34:42.02] /m Information: Saving design 'inv inv schematic'. (DESIGN_WINDOW-004)
[14:34:43.74] /# gi::executeAction giPostContextMenu -in [gi::getWindows 2]
[14:34:43.79] /i gi::executeAction menuPreShow -in [gi::getWindows 2]
[14:34:43.79] /r giMenuAccess db::getNext [gi::getMenus seSchCanvasContextMenu]
[14:34:45.05] /# gi::executeAction deReturn -in [gi::getWindows 2]
[14:34:45.06] /i de::return [db::getNext [de::getContexts -window 2]]
[14:34:45.06] /# Navigating to clk/clk/schematic
[14:34:45.16] /o oa:0x1e267420
[14:34:49.27] /# gi::executeAction seSchCheckAndSave -in [gi::getWindows 2]
[14:34:49.27] /i ise::check
[14:34:49.29] /m Information: 
[14:34:49.29] /o Checking "clk/clk/schematic"
[14:34:49.30] /o 	[warning] Floating Input Instance Pins
[14:34:49.30] /o 		Input pin 'in' of instance 'I0' is floating
[14:34:49.30] /o 		Input pin 'in' of instance 'I1' is floating
[14:34:49.30] /o 		Input pin 'in' of instance 'I2' is floating
[14:34:49.30] /o 		Input pin 'out' of instance 'I0' is floating
[14:34:49.30] /o 		Input pin 'out' of instance 'I1' is floating
[14:34:49.30] /o 		Input pin 'out' of instance 'I2' is floating
[14:34:49.30] /o 	[warning] Floating Output Pins
[14:34:49.30] /o 		Output pin 'clk' is floating
[14:34:49.30] /o 0 Error(s),7 Warning(s),0 Message(s) found   in "clk/clk/schematic"
[14:34:49.30] /m Information: Checking process is completed: marking the design violations
[14:34:49.42] /m Information: Marking of designs is completed
[14:34:49.42] /o true
[14:34:59.15] /# gi::executeAction deSelectActive -in [gi::getWindows 2]
[14:34:59.16] /i de::cycleActiveFigure [gi::getWindows 2] -direction next
[14:34:59.16] /o oa:0x1f85de90
[14:34:59.31] /# gi::executeAction deDescend -in [gi::getWindows 2]
[14:34:59.31] /i ide::descend 2 -inPlace false -promptView false -readOnly auto
[14:34:59.32] /# Navigating to inv/inv/schematic (I0)
[14:34:59.39] /o true
[14:35:01.53] /# gi::executeAction deSelectActive -in [gi::getWindows 2]
[14:35:01.53] /i de::deselectAll [db::getNext [de::getContexts -window 2]]
[14:35:01.53] /i de::select [de::getActiveFigure [gi::getWindows 2] -point {2.46875 -0.2625} -index 0 -intent none]
[14:35:01.53] /o oa:0x1f928d10
[14:35:08.62] /# gi::executeAction seSchCheckAndSave -in [gi::getWindows 2]
[14:35:08.63] /i ise::check
[14:35:08.64] /m Information: 
              /c Cross view checking for inv/inv/symbol with inv/inv/schematic
              /c 	[error] Terminal Type Mismatch
              /c 		Terminal out is type output in schematic and type input in symbol (DE_EDIT-007)
[14:35:08.65] /m Information: 
[14:35:08.65] /o Checking "inv/inv/schematic"
[14:35:08.65] /o 1 Error(s),0 Warning(s),0 Message(s) found   in "inv/inv/schematic"
[14:35:08.65] /m Information: Checking process is completed: marking the design violations
[14:35:08.66] /m Information: Marking of designs is completed
[14:35:08.66] /# db::setAttr shown -of [ gi::getAssistants deMarkerBrowser -from [ gi::getWindows 2 ]] -value true
[14:35:09.04] /r giDialog gi::setActiveDialog [gi::getDialogs {seSchCheckSaveDesign} -parent [gi::getWindows 2]]
[14:35:09.34] /r giDialog db::setAttr geometry -of [gi::getDialogs {seSchCheckSaveDesign} -parent [gi::getWindows 2]] -value 259x82+831+484
[14:35:11.35] /r giDialog gi::pressButton {save} -in [gi::getDialogs {seSchCheckSaveDesign} -parent [gi::getWindows 2]]
[14:35:20.17] /# gi::executeAction deCanvasZoomInAtPoint -in [gi::getWindows 2]
[14:35:20.17] /i de::zoom -window [gi::getWindows 2] -factor 2.0 -center {3.23125 -0.16875}
[14:35:20.17] /o {-0.39375 -0.98125} {4.33125 0.6875}
[14:35:20.90] /# gi::executeAction deCanvasZoomInAtPoint -in [gi::getWindows 2]
[14:35:20.90] /i de::zoom -window [gi::getWindows 2] -factor 2.0 -center {3.01875 -0.16875}
[14:35:20.90] /o {1.3125 -0.575} {3.675 0.25625}
[14:35:21.86] /# gi::executeAction deSelectActive -in [gi::getWindows 2]
[14:35:21.86] /i de::cycleActiveFigure [gi::getWindows 2] -direction next
[14:35:21.86] /o oa:0x1fc6f400
[14:35:21.86] /i de::deselectAll [db::getNext [de::getContexts -window 2]]
[14:35:21.86] /i de::select [de::getActiveFigure [gi::getWindows 2] -point {2.44375 -0.2625} -index 1 -intent none]
[14:35:21.86] /o oa:0x1f9299f0
[14:35:23.04] /# gi::executeAction deCanvasZoomOutAtPoint -in [gi::getWindows 2]
[14:35:23.05] /i de::zoom -window [gi::getWindows 2] -factor 0.5 -center {2.475 -0.20625}
[14:35:23.05] /o {0.15 -0.94375} {4.875 0.725}
[14:35:23.71] /# gi::executeAction deCanvasZoomOutAtPoint -in [gi::getWindows 2]
[14:35:23.71] /i de::zoom -window [gi::getWindows 2] -factor 0.5 -center {2.7375 -0.20625}
[14:35:23.72] /o {-2.44375 -1.68125} {7.0125 1.65625}
[14:35:26.53] /i gi::createWindow -windowType [gi::getWindowTypes giHomePage]
[14:35:26.53] /r giWindowId 4
[14:35:26.55] /r giWindowGeometry 1040x800
[14:35:32.59] /# gi::pressButton {/scroll/scrollArea/scrollAreaInnerWidget/applications/dmLibraryManager} -in [gi::getWindows 4]
[14:35:32.60] /# 
[14:35:32.60] /i dm::openLibraryManager
[14:35:32.60] /r giWindowId 5
[14:35:32.65] /r giWindowGeometry 660x600+50+84
[14:35:33.00] /o oa:0x1e3818e0
[14:35:33.01] /i gi::closeWindows [gi::getWindows 4]
[14:35:34.92] /i gi::setCurrentIndex {libs} -index {inv} -in [gi::getWindows 5]
[14:35:34.96] /i gi::setItemSelection {libs} -index {inv} -in [gi::getWindows 5]
[14:35:36.42] /i gi::setCurrentIndex {cells} -index {inv} -in [gi::getWindows 5]
[14:35:36.44] /i gi::setItemSelection {cells} -index {inv} -in [gi::getWindows 5]
[14:35:37.62] /i gi::setCurrentIndex {views} -index {layout} -in [gi::getWindows 5]
[14:35:37.62] /i gi::setItemSelection {views} -index {layout} -in [gi::getWindows 5]
[14:35:37.75] /i gi::executeAction dmOpen -in [gi::getWindows 5]
[14:35:37.88] /r giWindowId 6
[14:35:37.93] /r giWindowGeometry 1632x849
[14:35:38.05] /# de::setActiveLPP [de::getLPPs "exclude blockage" -from [db::getAttr editDesign -of [de::getContexts -window 6]]]
[14:35:40.41] /# gi::executeAction deCanvasZoomInAtPoint -in [gi::getWindows 6]
[14:35:40.41] /i de::zoom -window [gi::getWindows 6] -factor 2.0 -center {-3.001 -0.567}
[14:35:40.41] /o {-5.263 -1.685} {-1.013 0.198}
[14:35:40.55] /# gi::executeAction deCanvasZoomInAtPoint -in [gi::getWindows 6]
[14:35:40.56] /i de::zoom -window [gi::getWindows 6] -factor 2.0 -center {-3.001 -0.567}
[14:35:40.56] /o {-4.132 -1.126} {-2.007 -0.184}
[14:35:42.07] /# gi::executeAction dePan -in [gi::getWindows 6]
[14:35:42.08] /i ide::pan [db::getNext [de::getContexts -window 6]]
[14:35:42.37] /# gi::executeAction deStartDrag -in [gi::getWindows 6]
[14:35:42.37] /i de::startDrag {-2.195 -0.887} -context [db::getNext [de::getContexts -window 6]]
[14:35:43.03] /# gi::executeAction deEndDrag -in [gi::getWindows 6]
[14:35:43.03] /i de::endDrag {-2.205 -0.832} -context [db::getNext [de::getContexts -window 6]]
[14:35:43.03] /r dePanToPoint {-2.999 -1.016}
[14:35:43.14] /# gi::executeAction deAbortCommand -in [gi::getWindows 6]
[14:35:43.14] /i de::abortCommand -context [db::getNext [de::getContexts -window 6]]
[14:35:44.45] /# gi::executeAction deSelectActive -in [gi::getWindows 6]
[14:35:44.45] /i de::deselectAll [db::getNext [de::getContexts -window 6]]
[14:35:44.45] /i de::select [de::getActiveFigure [gi::getWindows 6] -point {-2.882 -1.054} -index 0 -intent none]
[14:35:44.45] /o oa:0x1fc98700
[14:35:45.26] /# gi::executeAction deSelectActive -in [gi::getWindows 6]
[14:35:45.26] /i de::deselectAll [db::getNext [de::getContexts -window 6]]
[14:35:45.26] /i de::deselectAllLogic -context [db::getNext [de::getContexts -window 6]]
[14:35:46.64] /# gi::executeAction deSelectActive -in [gi::getWindows 6]
[14:35:46.64] /i de::deselectAll [db::getNext [de::getContexts -window 6]]
[14:35:46.64] /i de::select [de::getActiveFigure [gi::getWindows 6] -point {-2.835 -1.039} -index 0 -intent none]
[14:35:46.64] /o oa:0x1ebcc660
[14:35:47.64] /# gi::executeAction leMove -in [gi::getWindows 6]
[14:35:47.64] /i ile::move
[14:35:47.86] /# gi::executeAction deAddPoint -in [gi::getWindows 6]
[14:35:47.86] /i de::addPoint {-2.831 -1.039} -context [db::getNext [de::getContexts -window 6]]
[14:35:50.10] /# gi::executeAction deAddPoint -in [gi::getWindows 6]
[14:35:50.10] /i de::addPoint {-2.867 -1.044} -context [db::getNext [de::getContexts -window 6]]
[14:35:50.82] /i gi::executeAction deCanvasDragCancel -in [gi::getWindows 6]
[14:35:51.76] /# gi::executeAction deSelectActive -in [gi::getWindows 6]
[14:35:51.76] /i de::cycleActiveFigure [gi::getWindows 6] -direction next
[14:35:51.76] /o oa:0x1e7b8690
[14:35:51.76] /i de::deselectAll [db::getNext [de::getContexts -window 6]]
[14:35:51.76] /i de::select [de::getActiveFigure [gi::getWindows 6] -point {-2.892 -1.044} -index 1 -intent none]
[14:35:51.76] /o oa:0x19852c80
[14:35:54.76] /# gi::executeAction giPostContextMenu -in [gi::getWindows 6]
[14:35:54.78] /i gi::executeAction menuPreShow -in [gi::getWindows 6]
[14:35:54.78] /r giMenuAccess db::getNext [gi::getMenus leInstanceContextMenu]
[14:35:59.06] /i gi::setField {stopLevel} -value {1} -in [gi::getToolbars {leHierarchy} -from [gi::getWindows 6]]
[14:35:59.34] /# gi::executeAction deCanvasZoomOutAtPoint -in [gi::getWindows 6]
[14:35:59.34] /i de::zoom -window [gi::getWindows 6] -factor 0.5 -center {-2.79 -1.026}
[14:35:59.35] /o {-5.333 -1.948} {-1.083 -0.064}
[14:36:01.01] /# gi::executeAction deSelectActive -in [gi::getWindows 6]
[14:36:01.01] /i de::deselectAll [db::getNext [de::getContexts -window 6]]
[14:36:01.01] /i de::select [de::getActiveFigure [gi::getWindows 6] -point {-2.892 -1.044} -index 0 -intent none]
[14:36:01.01] /o oa:0x2088a470
[14:36:02.90] /# gi::executeAction leDelete -in [gi::getWindows 6]
[14:36:02.90] /i ile::delete
[14:36:04.56] /# gi::setCurrentIndex {lpps} -index {m1 pin} -in [gi::getAssistants leObjectLayerPanel -from [gi::getWindows 6]]
[14:36:04.56] /# gi::setItemSelection {lpps} -index {m1 pin} -in [gi::getAssistants leObjectLayerPanel -from [gi::getWindows 6]]
[14:36:04.62] /# gi::executeAction leOLPSetActiveLPP -in [gi::getAssistants leObjectLayerPanel -from [gi::getWindows 6]]
[14:36:04.62] /i de::setActiveLPP [de::getLPPs -from [oa::DesignFind inv inv layout] -filter {%lpp =="m1 pin"}]
[14:36:05.88] /# gi::executeAction lePin -in [gi::getWindows 6]
[14:36:05.88] /i ile::createPin
[14:36:10.09] /i gi::setField {termName} -value {out} -in [gi::getToolbars {deCommandOptions} -from [gi::getWindows 6]]
[14:36:11.69] /i gi::setField {pinLabel} -value {true} -in [gi::getToolbars {deCommandOptions} -from [gi::getWindows 6]]
[14:36:14.95] /# gi::executeAction deStartDrag -in [gi::getWindows 6]
[14:36:14.95] /i de::startDrag {-2.949 -1.114} -context [db::getNext [de::getContexts -window 6]]
[14:36:16.35] /# gi::executeAction deEndDrag -in [gi::getWindows 6]
[14:36:16.35] /i de::endDrag {-2.885 -1.16} -context [db::getNext [de::getContexts -window 6]]
[14:36:17.63] /# gi::executeAction deAbortCommand -in [gi::getWindows 6]
[14:36:17.63] /i de::abortCommand -context [db::getNext [de::getContexts -window 6]]
[14:36:20.59] /# gi::executeAction leBoundary -in [gi::getWindows 6]
[14:36:20.59] /i ile::createBoundary
[14:36:23.63] /i gi::pressButton {autoCreate} -in [gi::getToolbars {deCommandOptions} -from [gi::getWindows 6]]
[14:36:26.64] /# gi::executeAction deCanvasZoomInAtPoint -in [gi::getWindows 6]
[14:36:26.64] /i de::zoom -window [gi::getWindows 6] -factor 2.0 -center {-3.941 -1.6}
[14:36:26.65] /o {-4.637 -1.774} {-2.512 -0.832}
[14:36:27.71] /# gi::executeAction dePan -in [gi::getWindows 6]
[14:36:27.71] /i ide::pan [db::getNext [de::getContexts -window 6]]
[14:36:27.95] /# gi::executeAction deStartDrag -in [gi::getWindows 6]
[14:36:27.95] /i de::startDrag {-3.832 -1.576} -context [db::getNext [de::getContexts -window 6]]
[14:36:28.61] /# gi::executeAction deEndDrag -in [gi::getWindows 6]
[14:36:28.61] /i de::endDrag {-3.832 -1.576} -context [db::getNext [de::getContexts -window 6]]
[14:36:28.61] /r dePanToPoint {-3.574 -1.691}
[14:36:28.96] /# gi::executeAction deAbortCommand -in [gi::getWindows 6]
[14:36:28.96] /i de::abortCommand -context [db::getNext [de::getContexts -window 6]]
[14:36:30.88] /# gi::executeAction leStretch -in [gi::getWindows 6]
[14:36:30.88] /i ile::stretch
[14:36:31.51] /# gi::executeAction deAbortCommand -in [gi::getWindows 6]
[14:36:31.51] /i de::abortCommand -context [db::getNext [de::getContexts -window 6]]
[14:36:31.88] /i gi::executeAction deCanvasDragCancel -in [gi::getWindows 6]
[14:36:32.33] /# gi::executeAction leStretch -in [gi::getWindows 6]
[14:36:32.33] /i ile::stretch
[14:36:33.08] /# gi::executeAction deAddPoint -in [gi::getWindows 6]
[14:36:33.08] /i de::addPoint {-3.934 -1.863} -context [db::getNext [de::getContexts -window 6]]
[14:36:35.38] /# gi::executeAction deAddPoint -in [gi::getWindows 6]
[14:36:35.38] /i de::addPoint {-3.959 -1.866} -context [db::getNext [de::getContexts -window 6]]
[14:36:37.25] /# gi::executeAction deCanvasZoomOutAtPoint -in [gi::getWindows 6]
[14:36:37.25] /i de::zoom -window [gi::getWindows 6] -factor 0.5 -center {-2.783 -1.596}
[14:36:37.25] /o {-6.491 -2.727} {-2.241 -0.844}
[14:36:38.65] /i gi::executeAction deSaveDesign -in [gi::getWindows 6]
[14:36:38.65] /m Information: Saving design 'inv inv layout'. (DESIGN_WINDOW-004)
[14:36:41.23] /# gi::executeAction dePan -in [gi::getWindows 6]
[14:36:41.23] /i ide::pan [db::getNext [de::getContexts -window 6]]
[14:36:41.73] /# gi::executeAction deStartDrag -in [gi::getWindows 6]
[14:36:41.73] /i de::startDrag {-4.432 -1.407} -context [db::getNext [de::getContexts -window 6]]
[14:36:44.25] /# gi::executeAction deEndDrag -in [gi::getWindows 6]
[14:36:44.25] /i de::endDrag {-4.434 -1.414} -context [db::getNext [de::getContexts -window 6]]
[14:36:44.25] /r dePanToPoint {-3.281 -0.82}
[14:36:45.02] /# gi::executeAction deAbortCommand -in [gi::getWindows 6]
[14:36:45.02] /i de::abortCommand -context [db::getNext [de::getContexts -window 6]]
[14:36:46.31] /i gi::setActiveWindow 2
[14:36:46.31] /i gi::setActiveWindow 2 -raise true
[14:36:49.70] /# gi::executeAction seSchCheckAndSave -in [gi::getWindows 2]
[14:36:49.70] /i ise::check
[14:36:49.72] /m Information: 
              /c Cross view checking for inv/inv/symbol with inv/inv/schematic
              /c 	[error] Terminal Type Mismatch
              /c 		Terminal out is type output in schematic and type input in symbol (DE_EDIT-007)
[14:36:49.72] /m Information: 
[14:36:49.72] /o Checking "inv/inv/schematic"
[14:36:49.72] /o 1 Error(s),0 Warning(s),0 Message(s) found   in "inv/inv/schematic"
[14:36:49.72] /m Information: Checking process is completed: marking the design violations
[14:36:49.72] /m Information: Marking of designs is completed
[14:36:49.90] /r giDialog gi::setActiveDialog [gi::getDialogs {seSchCheckSaveDesign} -parent [gi::getWindows 2]]
[14:36:50.17] /r giDialog db::setAttr geometry -of [gi::getDialogs {seSchCheckSaveDesign} -parent [gi::getWindows 2]] -value 259x82+831+484
[14:36:53.41] /r giDialog gi::pressButton {save} -in [gi::getDialogs {seSchCheckSaveDesign} -parent [gi::getWindows 2]]
[14:36:54.54] /# gi::executeAction deCanvasZoomInAtPoint -in [gi::getWindows 2]
[14:36:54.54] /i de::zoom -window [gi::getWindows 2] -factor 2.0 -center {1.98125 -0.45}
[14:36:54.54] /o {-0.23125 -1.0625} {4.5 0.6}
[14:36:56.12] /# gi::executeAction deCanvasZoomInAtPoint -in [gi::getWindows 2]
[14:36:56.12] /i de::zoom -window [gi::getWindows 2] -factor 2.0 -center {2.00625 -0.425}
[14:36:56.12] /o {0.8875 -0.74375} {3.25 0.0875}
[14:36:59.80] /# gi::executeAction deSelectActive -in [gi::getWindows 2]
[14:36:59.80] /i de::deselectAll [db::getNext [de::getContexts -window 2]]
[14:36:59.80] /i de::select [de::getActiveFigure [gi::getWindows 2] -point {2.44375 -0.24375} -index 0 -intent none]
[14:36:59.80] /o oa:0x1fc56d40
[14:37:01.36] /# gi::executeAction deCanvasZoomOutAtPoint -in [gi::getWindows 2]
[14:37:01.36] /i de::zoom -window [gi::getWindows 2] -factor 0.5 -center {2.48125 -0.21875}
[14:37:01.37] /o {-0.70625 -1.26875} {4.025 0.39375}
[14:37:01.78] /# gi::executeAction deCanvasZoomOutAtPoint -in [gi::getWindows 2]
[14:37:01.78] /i de::zoom -window [gi::getWindows 2] -factor 0.5 -center {2.4875 -0.225}
[14:37:01.78] /o {-3.9 -2.31875} {5.55625 1.01875}
[14:37:01.86] /# gi::executeAction deCanvasZoomOutAtPoint -in [gi::getWindows 2]
[14:37:01.86] /i de::zoom -window [gi::getWindows 2] -factor 0.5 -center {2.4875 -0.21875}
[14:37:01.86] /o {-10.2875 -4.4125} {8.63125 2.25}
[14:37:02.69] /# gi::executeAction deCanvasZoomInAtPoint -in [gi::getWindows 2]
[14:37:02.69] /i de::zoom -window [gi::getWindows 2] -factor 2.0 -center {2.48125 -0.21875}
[14:37:02.70] /o {-3.9 -2.31875} {5.55625 1.01875}
[14:37:02.78] /# gi::executeAction deCanvasZoomInAtPoint -in [gi::getWindows 2]
[14:37:02.78] /i de::zoom -window [gi::getWindows 2] -factor 2.0 -center {2.48125 -0.21875}
[14:37:02.78] /o {-0.7125 -1.26875} {4.01875 0.4}
[14:37:14.50] /i gi::setActiveWindow 5
[14:37:14.50] /i gi::setActiveWindow 5 -raise true
[14:37:15.44] /i gi::setActiveWindow 2
[14:37:15.44] /i gi::setActiveWindow 2 -raise true
[14:37:18.76] /i gi::setActiveWindow 6
[14:37:18.76] /i gi::setActiveWindow 6 -raise true
[14:37:21.07] /i gi::setActiveWindow 2
[14:37:21.07] /i gi::setActiveWindow 2 -raise true
[14:37:59.99] /# gi::executeAction deSelectActive -in [gi::getWindows 2]
[14:37:59.99] /i de::deselectAll [db::getNext [de::getContexts -window 2]]
[14:37:59.99] /i de::deselectAllLogic -context [db::getNext [de::getContexts -window 2]]
[14:38:05.06] /# gi::executeAction deSelectActive -in [gi::getWindows 2]
[14:38:05.06] /i de::deselectAll [db::getNext [de::getContexts -window 2]]
[14:38:05.06] /i de::select [de::getActiveFigure [gi::getWindows 2] -point {2.4375 -0.23125} -index 0 -intent none]
[14:38:05.06] /o oa:0x1fd9b690
[14:38:08.60] /i gi::executeAction deSaveDesign -in [gi::getWindows 2]
[14:38:08.60] /m Information: Saving design 'inv inv schematic'. (DESIGN_WINDOW-004)
[14:38:12.49] /# gi::executeAction seSchCheckAndSave -in [gi::getWindows 2]
[14:38:12.49] /i ise::check
[14:38:12.51] /m Information: 
              /c Cross view checking for inv/inv/symbol with inv/inv/schematic
              /c 	[error] Terminal Type Mismatch
              /c 		Terminal out is type output in schematic and type input in symbol (DE_EDIT-007)
[14:38:12.51] /m Information: 
[14:38:12.51] /o Checking "inv/inv/schematic"
[14:38:12.52] /o 1 Error(s),0 Warning(s),0 Message(s) found   in "inv/inv/schematic"
[14:38:12.52] /m Information: Checking process is completed: marking the design violations
[14:38:12.52] /m Information: Marking of designs is completed
[14:38:12.73] /r giDialog gi::setActiveDialog [gi::getDialogs {seSchCheckSaveDesign} -parent [gi::getWindows 2]]
[14:38:13.02] /r giDialog db::setAttr geometry -of [gi::getDialogs {seSchCheckSaveDesign} -parent [gi::getWindows 2]] -value 259x82+831+484
[14:38:14.47] /r giDialog gi::pressButton {save} -in [gi::getDialogs {seSchCheckSaveDesign} -parent [gi::getWindows 2]]
[14:38:15.65] /# gi::executeAction deSelectActive -in [gi::getWindows 2]
[14:38:15.65] /i de::deselectAll [db::getNext [de::getContexts -window 2]]
[14:38:15.65] /i de::select [de::getActiveFigure [gi::getWindows 2] -point {0.9125 -0.23125} -index 0 -intent none]
[14:38:15.65] /o oa:0x20a33050
[14:38:17.20] /# gi::executeAction deSelectActive -in [gi::getWindows 2]
[14:38:17.20] /i de::deselectAll [db::getNext [de::getContexts -window 2]]
[14:38:17.20] /i de::select [de::getActiveFigure [gi::getWindows 2] -point {2.45 -0.24375} -index 0 -intent none]
[14:38:17.20] /o oa:0x2082db50
[14:38:18.41] /# gi::executeAction deCanvasZoomOutAtPoint -in [gi::getWindows 2]
[14:38:18.41] /i de::zoom -window [gi::getWindows 2] -factor 0.5 -center {2.40625 -0.38125}
[14:38:18.42] /o {-3.825 -2.15625} {5.63125 1.18125}
[14:38:19.81] /# gi::executeAction deSelectActive -in [gi::getWindows 2]
[14:38:19.82] /i de::deselectAll [db::getNext [de::getContexts -window 2]]
[14:38:19.82] /i de::select [de::getActiveFigure [gi::getWindows 2] -point {1.8 -1.55} -index 0 -intent none]
[14:38:19.82] /o oa:0x1efbd6b0
[14:38:20.77] /# gi::executeAction deCanvasZoomInAtPoint -in [gi::getWindows 2]
[14:38:20.77] /i de::zoom -window [gi::getWindows 2] -factor 2.0 -center {2.225 0.94375}
[14:38:20.77] /o {-0.8 -0.60625} {3.925 1.0625}
[14:38:21.97] /# gi::executeAction dePan -in [gi::getWindows 2]
[14:38:21.98] /i ide::pan [db::getNext [de::getContexts -window 2]]
[14:38:22.16] /# gi::executeAction deStartDrag -in [gi::getWindows 2]
[14:38:22.16] /i de::startDrag {2.34375 0.825} -context [db::getNext [de::getContexts -window 2]]
[14:38:22.61] /# gi::executeAction deEndDrag -in [gi::getWindows 2]
[14:38:22.61] /i de::endDrag {2.34375 0.8} -context [db::getNext [de::getContexts -window 2]]
[14:38:22.62] /r dePanToPoint {1.6 0.775}
[14:38:23.22] /# gi::executeAction deAbortCommand -in [gi::getWindows 2]
[14:38:23.22] /i de::abortCommand -context [db::getNext [de::getContexts -window 2]]
[14:38:23.79] /# gi::executeAction deSelectActive -in [gi::getWindows 2]
[14:38:23.79] /i de::deselectAll [db::getNext [de::getContexts -window 2]]
[14:38:23.79] /i de::select [de::getActiveFigure [gi::getWindows 2] -point {1.8375 1.20625} -index 0 -intent none]
[14:38:23.79] /o oa:0x20a09c60
[14:38:25.00] /# gi::executeAction dePan -in [gi::getWindows 2]
[14:38:25.00] /i ide::pan [db::getNext [de::getContexts -window 2]]
[14:38:25.26] /# gi::executeAction deStartDrag -in [gi::getWindows 2]
[14:38:25.26] /i de::startDrag {2.85625 0.55} -context [db::getNext [de::getContexts -window 2]]
[14:38:25.86] /# gi::executeAction deEndDrag -in [gi::getWindows 2]
[14:38:25.86] /i de::endDrag {2.85625 0.55} -context [db::getNext [de::getContexts -window 2]]
[14:38:25.86] /r dePanToPoint {1.925 0.0625}
[14:38:26.55] /# gi::executeAction deAbortCommand -in [gi::getWindows 2]
[14:38:26.55] /i de::abortCommand -context [db::getNext [de::getContexts -window 2]]
[14:38:27.05] /# gi::executeAction deSelectActive -in [gi::getWindows 2]
[14:38:27.05] /i de::deselectAll [db::getNext [de::getContexts -window 2]]
[14:38:27.06] /i de::select [de::getActiveFigure [gi::getWindows 2] -point {2.45 -0.24375} -index 0 -intent none]
[14:38:27.06] /o oa:0x2088a8d0
[14:39:47.18] /i gi::setActiveWindow 3
[14:39:47.19] /i gi::setActiveWindow 3 -raise true
[14:39:51.35] /i gi::setActiveWindow 5
[14:39:51.35] /i gi::setActiveWindow 5 -raise true
[14:39:52.73] /i gi::setCurrentIndex {views} -index {symbol} -in [gi::getWindows 5]
[14:39:52.73] /i gi::setItemSelection {views} -index {symbol} -in [gi::getWindows 5]
[14:39:52.88] /i gi::executeAction dmOpen -in [gi::getWindows 5]
[14:39:52.93] /r giWindowId 7
[14:39:52.97] /r giWindowGeometry 1632x849
[14:39:54.41] /# gi::executeAction giPostContextMenu -in [gi::getWindows 7]
[14:40:07.08] /# gi::executeAction deSelectActive -in [gi::getWindows 7]
[14:40:07.08] /i de::deselectAll [db::getNext [de::getContexts -window 7]]
[14:40:07.08] /i de::select [de::getActiveFigure [gi::getWindows 7] -point {1.05 0} -index 0 -intent none]
[14:40:07.09] /o oa:0x20b2b0c0
[14:40:08.65] /# gi::executeAction giPostContextMenu -in [gi::getWindows 7]
[14:40:11.53] /# gi::executeAction deSelectActive -in [gi::getWindows 7]
[14:40:11.53] /i de::cycleActiveFigure [gi::getWindows 7] -direction next
[14:40:11.53] /o oa:0x20789bd0
[14:40:11.53] /i de::deselectAll [db::getNext [de::getContexts -window 7]]
[14:40:11.53] /i de::select [de::getActiveFigure [gi::getWindows 7] -point {1.06875 0.00625} -index 1 -intent none]
[14:40:11.53] /o oa:0x20f1cdd0
[14:40:13.97] /# gi::executeAction seDelete -in [gi::getWindows 7]
[14:40:13.98] /i ise::delete
[14:40:16.09] /# gi::executeAction deAddPoint -in [gi::getWindows 7]
[14:40:16.09] /i de::addPoint {1.04375 0} -context [db::getNext [de::getContexts -window 7]]
[14:40:16.31] /# gi::executeAction seDelete -in [gi::getWindows 7]
[14:40:16.31] /i ise::delete
[14:40:17.63] /# gi::executeAction deAddPoint -in [gi::getWindows 7]
[14:40:17.63] /i de::addPoint {1.2875 0.14375} -context [db::getNext [de::getContexts -window 7]]
[14:40:23.78] /# gi::executeAction seSymCreateSymbolPin -in [gi::getWindows 7]
[14:40:23.78] /i ise::createSymbolPin
[14:40:27.61] /i gi::setField {symbolPinName} -value {out} -in [gi::getToolbars {deCommandOptions} -from [gi::getWindows 7]]
[14:40:29.78] /i gi::setField {symbolPinType} -value {output} -in [gi::getToolbars {deCommandOptions} -from [gi::getWindows 7]]
[14:40:32.03] /# gi::executeAction deAddPoint -in [gi::getWindows 7]
[14:40:32.03] /i de::addPoint {1.075 -0.00625} -context [db::getNext [de::getContexts -window 7]]
[14:40:33.74] /# gi::executeAction deAbortCommand -in [gi::getWindows 7]
[14:40:33.74] /i de::abortCommand -context [db::getNext [de::getContexts -window 7]]
[14:40:36.20] /i gi::executeAction deSaveDesign -in [gi::getWindows 7]
[14:40:36.20] /m Information: Saving design 'inv inv symbol'. (DESIGN_WINDOW-004)
[14:40:38.95] /i gi::setActiveWindow 6
[14:40:38.95] /i gi::setActiveWindow 6 -raise true
[14:40:39.97] /i gi::setActiveWindow 2
[14:40:39.98] /i gi::setActiveWindow 2 -raise true
[14:40:45.27] /# gi::executeAction seSchCheckAndSave -in [gi::getWindows 2]
[14:40:45.27] /i ise::check
[14:40:45.28] /m Information: 
              /c Cross view checking for inv/inv/symbol with inv/inv/schematic
              /c No violations found. (DE_EDIT-007)
[14:40:45.28] /m Information: 
[14:40:45.28] /o Checking "inv/inv/schematic"
[14:40:45.28] /o No rule violations found in "inv/inv/schematic"
[14:40:45.28] /m Information: Checking process is completed: marking the design violations
[14:40:45.45] /m Information: Marking of designs is completed
[14:40:45.45] /o true
[14:40:49.22] /i gi::setActiveWindow 6
[14:40:49.22] /i gi::setActiveWindow 6 -raise true
[14:40:55.87] /i gi::setActiveWindow 2
[14:40:55.87] /i gi::setActiveWindow 2 -raise true
[14:40:56.71] /# gi::executeAction giPostContextMenu -in [gi::getWindows 2]
[14:40:56.72] /i gi::executeAction menuPreShow -in [gi::getWindows 2]
[14:40:56.72] /r giMenuAccess db::getNext [gi::getMenus seSchCanvasContextMenu]
[14:40:57.63] /# gi::executeAction deReturn -in [gi::getWindows 2]
[14:40:57.63] /i de::return [db::getNext [de::getContexts -window 2]]
[14:40:57.63] /# Navigating to clk/clk/schematic
[14:40:57.77] /o oa:0x1f6fa220
[14:41:02.27] /# gi::executeAction seSchCheckAndSave -in [gi::getWindows 2]
[14:41:02.27] /i ise::check
[14:41:02.29] /m Information: 
[14:41:02.29] /o Checking "clk/clk/schematic"
[14:41:02.30] /o No rule violations found in "clk/clk/schematic"
[14:41:02.30] /m Information: Checking process is completed: marking the design violations
[14:41:02.35] /m Information: Marking of designs is completed
[14:41:02.35] /o true
[14:41:05.21] /# gi::executeAction deSelectActive -in [gi::getWindows 2]
[14:41:05.21] /i de::deselectAll [db::getNext [de::getContexts -window 2]]
[14:41:05.21] /i de::deselectAllLogic -context [db::getNext [de::getContexts -window 2]]
[14:41:08.67] /i gi::executeAction giCloseWindow -in [gi::getWindows 6]
[14:41:10.17] /i gi::executeAction giCloseWindow -in [gi::getWindows 7]
[14:41:11.40] /i gi::setActiveWindow 3
[14:41:11.40] /i gi::setActiveWindow 3 -raise true
[14:41:17.77] /# gi::executeAction deCanvasZoomInAtPoint -in [gi::getWindows 3]
[14:41:17.77] /i de::zoom -window [gi::getWindows 3] -factor 2.0 -center {-2.554 -1.125}
[14:41:17.77] /o {-5.835 -1.959} {-1.584 -0.076}
[14:41:18.37] /# gi::executeAction deCanvasZoomOutAtPoint -in [gi::getWindows 3]
[14:41:18.37] /i de::zoom -window [gi::getWindows 3] -factor 0.5 -center {-2.554 -1.125}
[14:41:18.37] /o {-9.115 -2.793} {-0.615 0.973}
[14:41:18.43] /# gi::executeAction deCanvasZoomOutAtPoint -in [gi::getWindows 3]
[14:41:18.43] /i de::zoom -window [gi::getWindows 3] -factor 0.5 -center {-2.554 -1.125}
[14:41:18.43] /o {-15.677 -4.462} {1.325 3.072}
[14:41:19.52] /# gi::executeAction deCanvasZoomInAtPoint -in [gi::getWindows 3]
[14:41:19.52] /i de::zoom -window [gi::getWindows 3] -factor 2.0 -center {-4.704 -0.357}
[14:41:19.53] /o {-10.19 -2.409} {-1.69 1.357}
[14:41:21.43] /# gi::executeAction deCanvasZoomInAtPoint -in [gi::getWindows 3]
[14:41:21.43] /i de::zoom -window [gi::getWindows 3] -factor 2.0 -center {-5.738 -1.805}
[14:41:21.43] /o {-7.964 -2.107} {-3.714 -0.224}
[14:41:24.00] /# gi::executeAction deCanvasZoomOutAtPoint -in [gi::getWindows 3]
[14:41:24.00] /i de::zoom -window [gi::getWindows 3] -factor 0.5 -center {-5.669 -1.833}
[14:41:24.00] /o {-10.259 -2.381} {-1.759 1.385}
[14:41:24.40] /# gi::executeAction deCanvasZoomInAtPoint -in [gi::getWindows 3]
[14:41:24.40] /i de::zoom -window [gi::getWindows 3] -factor 2.0 -center {-5.617 -1.808}
[14:41:24.40] /o {-7.938 -2.095} {-3.688 -0.211}
[14:41:25.45] /# gi::executeAction deCanvasZoomOutAtPoint -in [gi::getWindows 3]
[14:41:25.45] /i de::zoom -window [gi::getWindows 3] -factor 0.5 -center {-5.666 -1.762}
[14:41:25.45] /o {-10.21 -2.427} {-1.71 1.339}
[14:41:25.81] /# gi::executeAction deCanvasZoomInAtPoint -in [gi::getWindows 3]
[14:41:25.81] /i de::zoom -window [gi::getWindows 3] -factor 2.0 -center {-5.666 -1.762}
[14:41:25.81] /o {-7.938 -2.095} {-3.688 -0.211}
[14:41:27.97] /# gi::executeAction deSelectActive -in [gi::getWindows 3]
[14:41:27.97] /i de::deselectAll [db::getNext [de::getContexts -window 3]]
[14:41:27.97] /i de::select [de::getActiveFigure [gi::getWindows 3] -point {-5.538 -1.811} -index 0 -intent none]
[14:41:27.97] /o oa:0x20ffaad0
[14:41:29.63] /# gi::executeAction leDelete -in [gi::getWindows 3]
[14:41:29.63] /i ile::delete
[14:41:31.32] /# gi::executeAction deSelectActive -in [gi::getWindows 3]
[14:41:31.32] /i de::deselectAll [db::getNext [de::getContexts -window 3]]
[14:41:31.32] /i de::select [de::getActiveFigure [gi::getWindows 3] -point {-4.143 -1.813} -index 0 -intent none]
[14:41:31.32] /o oa:0x208ebc90
[14:41:31.59] /# gi::executeAction leDelete -in [gi::getWindows 3]
[14:41:31.59] /i ile::delete
[14:41:32.35] /# gi::executeAction deCanvasZoomOutAtPoint -in [gi::getWindows 3]
[14:41:32.35] /i de::zoom -window [gi::getWindows 3] -factor 0.5 -center {-4.921 -1.452}
[14:41:32.35] /o {-10.955 -2.737} {-2.455 1.029}
[14:41:40.49] /# gi::executeAction xtLPERun -in [gi::getWindows 3]
[14:41:40.49] /i xt::physicalVerification::executeRun lpe 3
[14:41:41.27] /# xt::physicalVerification::executePve lpe 3
[14:41:42.05] /r giWindowId 8
[14:41:42.19] /r giWindowGeometry 800x600
[14:41:44.80] /i gi::setActiveWindow 3
[14:41:44.80] /i gi::setActiveWindow 3 -raise true
[14:41:47.29] /i gi::executeAction giCloseWindow -in [gi::getWindows 8]
[14:41:54.25] /# gi::executeAction xtLVSRun -in [gi::getWindows 3]
[14:41:54.25] /i xt::physicalVerification::executeRun lvs 3
[14:41:55.57] /# xt::physicalVerification::executePve lvs 3
[14:42:00.17] /m Information: "Starting netlisting for design "clk/clk/schematic"..." (NETLISTING-010)
[14:42:00.21] /o No Design Integrity rule violations found in "clk/clk/schematic"
[14:42:00.44] /m Information: "Netlisting design "clk/clk/schematic" finished successfully." (NETLISTING-012)
[14:42:00.94] /r giWindowId 9
[14:42:01.02] /r giWindowGeometry 800x600
[14:42:13.15] /m Information: 
              /c =============================
              /c JobID: starrc_lpe_10
              /c Completed with no errors.
              /c =============================
              /c 
[14:42:19.86] /m Information: 
              /c =============================
              /c JobID: hercules_lvs_10
              /c Completed with no errors.
              /c =============================
              /c 
[14:42:22.44] /i gi::setActiveWindow 3
[14:42:22.44] /i gi::setActiveWindow 3 -raise true
[14:42:25.58] /# gi::executeAction xtDRCRun -in [gi::getWindows 3]
[14:42:25.58] /i xt::physicalVerification::executeRun drc 3
[14:42:26.44] /# xt::physicalVerification::executePve drc 3
[14:42:27.84] /r giWindowId 10
[14:42:27.89] /r giWindowGeometry 800x600
[14:42:31.66] /m Information: 
              /c =============================
              /c JobID: hercules_drc_17
              /c Completed with no errors.
              /c =============================
              /c 
[14:42:36.03] /i gi::pressButton {ConsoleToggleButton} -in [db::getAttr statusbar -of [gi::getWindows 10]]
[14:42:39.10] /i gi::setActiveWindow 3
[14:42:39.10] /i gi::setActiveWindow 3 -raise true
[14:42:45.31] /i gi::executeAction deSaveDesign -in [gi::getWindows 3]
[14:42:45.31] /m Information: Saving design 'clk clk layout'. (DESIGN_WINDOW-004)
[14:42:48.80] /i gi::setActiveWindow 2
[14:42:48.80] /i gi::setActiveWindow 2 -raise true
[14:42:49.97] /i gi::setActiveWindow 3
[14:42:49.97] /i gi::setActiveWindow 3 -raise true
[14:42:53.43] /# gi::executeAction xtLPERun -in [gi::getWindows 3]
[14:42:53.43] /i xt::physicalVerification::executeRun lpe 3
[14:42:53.65] /# xt::physicalVerification::executePve lpe 3
[14:42:54.23] /r giWindowId 11
[14:42:54.28] /r giWindowGeometry 800x600
[14:42:57.95] /i gi::setActiveWindow 3
[14:42:57.95] /i gi::setActiveWindow 3 -raise true
[14:42:59.57] /i gi::setActiveWindow 11
[14:42:59.57] /i gi::setActiveWindow 11 -raise true
[14:42:59.97] /m Information: 
              /c =============================
              /c JobID: starrc_lpe_11
              /c Completed with no errors.
              /c =============================
              /c 
[14:43:02.53] /i gi::pressButton {ConsoleToggleButton} -in [db::getAttr statusbar -of [gi::getWindows 11]]
[14:55:35.00] /i gi::setActiveWindow 3
[14:55:35.16] /i gi::setActiveWindow 3 -raise true
[14:55:36.06] /i gi::executeAction giCloseWindow -in [gi::getWindows 11]
[14:55:37.17] /i gi::executeAction giCloseWindow -in [gi::getWindows 10]
[14:55:38.12] /i gi::executeAction giCloseWindow -in [gi::getWindows 9]
[14:55:40.86] /i gi::setActiveWindow 2
[14:55:40.86] /i gi::setActiveWindow 2 -raise true
[14:55:44.34] /# gi::executeAction seSchCheckAndSave -in [gi::getWindows 2]
[14:55:44.35] /i ise::check
[14:55:44.90] /m Information: 
[14:55:44.91] /o Checking "clk/clk/schematic"
[14:55:45.19] /o No rule violations found in "clk/clk/schematic"
[14:55:45.19] /m Information: Checking process is completed: marking the design violations
[14:55:45.54] /m Information: Marking of designs is completed
[14:55:45.56] /o true
[14:55:50.81] /i gi::setActiveWindow 3
[14:55:50.82] /i gi::setActiveWindow 3 -raise true
[14:55:55.49] /i gi::executeAction deSaveDesign -in [gi::getWindows 3]
[14:55:55.53] /m Information: Saving design 'clk clk layout'. (DESIGN_WINDOW-004)
[14:55:55.83] /i gi::executeAction deSaveDesign -in [gi::getWindows 3]
[14:55:55.83] /m Information: Saving design 'clk clk layout'. (DESIGN_WINDOW-004)
[14:55:56.17] /i gi::executeAction deSaveDesign -in [gi::getWindows 3]
[14:55:56.17] /m Information: Saving design 'clk clk layout'. (DESIGN_WINDOW-004)
[14:56:00.20] /# gi::executeAction xtDRCRun -in [gi::getWindows 3]
[14:56:00.20] /i xt::physicalVerification::executeRun drc 3
[14:56:00.83] /# xt::physicalVerification::executePve drc 3
[14:56:03.36] /r giWindowId 12
[14:56:03.61] /r giWindowGeometry 800x600
[14:56:09.39] /m Information: 
              /c =============================
              /c JobID: hercules_drc_18
              /c Completed with no errors.
              /c =============================
              /c 
[14:56:15.29] /i gi::setActiveWindow 3
[14:56:15.29] /i gi::setActiveWindow 3 -raise true
[14:56:18.63] /# gi::executeAction xtLVSRun -in [gi::getWindows 3]
[14:56:18.63] /i xt::physicalVerification::executeRun lvs 3
[14:56:18.87] /# xt::physicalVerification::executePve lvs 3
[14:56:20.62] /m Information: "Starting netlisting for design "clk/clk/schematic"..." (NETLISTING-010)
[14:56:20.66] /o No Design Integrity rule violations found in "clk/clk/schematic"
[14:56:20.84] /m Information: "Netlisting design "clk/clk/schematic" finished successfully." (NETLISTING-012)
[14:56:21.11] /r giWindowId 13
[14:56:21.15] /r giWindowGeometry 800x600
[14:56:31.88] /m Information: 
              /c =============================
              /c JobID: hercules_lvs_11
              /c Completed with no errors.
              /c =============================
              /c 
[14:56:35.15] /i gi::setActiveWindow 3
[14:56:35.15] /i gi::setActiveWindow 3 -raise true
[14:56:39.13] /# gi::executeAction xtLPESetup -in [gi::getWindows 3]
[14:56:39.13] /i xt::showLPESetup -job lpe -window 3
[14:56:40.89] /o oa:0x1ff6c550
[14:56:41.11] /i gi::setActiveDialog [gi::getDialogs {xtLPESetup} -parent [gi::getWindows 3]]
[14:56:41.34] /i db::setAttr geometry -of [gi::getDialogs {xtLPESetup} -parent [gi::getWindows 3]] -value 487x659+830+137
[14:56:43.74] /i gi::setActiveTab {/tabGroup} -tabName {/tabGroup/extractionOptionsTab} -in [gi::getDialogs {xtLPESetup} -parent [gi::getWindows 3]]
[14:56:45.05] /i gi::setActiveTab {/tabGroup} -tabName {/tabGroup/outputOptionsTab} -in [gi::getDialogs {xtLPESetup} -parent [gi::getWindows 3]]
[14:56:47.02] /i gi::setField {/tabGroup/outputOptionsTab/outputGroup/outputFormat} -value {SPF} -in [gi::getDialogs {xtLPESetup} -parent [gi::getWindows 3]]
[14:56:49.01] /i gi::setActiveTab {/tabGroup} -tabName {/tabGroup/customOptionsTab} -in [gi::getDialogs {xtLPESetup} -parent [gi::getWindows 3]]
[14:56:49.80] /i gi::setActiveTab {/tabGroup} -tabName {/tabGroup/outputOptionsTab} -in [gi::getDialogs {xtLPESetup} -parent [gi::getWindows 3]]
[14:56:54.93] /i gi::setActiveTab {/tabGroup} -tabName {/tabGroup/mainTab} -in [gi::getDialogs {xtLPESetup} -parent [gi::getWindows 3]]
[14:56:56.82] /i gi::setActiveTab {/tabGroup} -tabName {/tabGroup/outputOptionsTab} -in [gi::getDialogs {xtLPESetup} -parent [gi::getWindows 3]]
[14:56:57.32] /i gi::setActiveTab {/tabGroup} -tabName {/tabGroup/extractionOptionsTab} -in [gi::getDialogs {xtLPESetup} -parent [gi::getWindows 3]]
[14:56:57.97] /i gi::setActiveTab {/tabGroup} -tabName {/tabGroup/mainTab} -in [gi::getDialogs {xtLPESetup} -parent [gi::getWindows 3]]
[14:56:58.33] /i db::setAttr geometry -of [gi::getDialogs {xtLPESetup} -parent [gi::getWindows 3]] -value 487x659+830+137
[14:56:58.99] /i gi::setActiveTab {/tabGroup} -tabName {/tabGroup/outputOptionsTab} -in [gi::getDialogs {xtLPESetup} -parent [gi::getWindows 3]]
[14:56:59.90] /i gi::setActiveTab {/tabGroup} -tabName {/tabGroup/extractionOptionsTab} -in [gi::getDialogs {xtLPESetup} -parent [gi::getWindows 3]]
[14:57:02.25] /i gi::pressButton {/tabGroup/extractionOptionsTab/layoutExtractionGroup/milkywayDatabase/browseButton} -in [gi::getDialogs {xtLPESetup} -parent [gi::getWindows 3]]
[14:57:09.90] /r giFileDialog accept synopsys_custom/clk.hercules.lvs/EXTRACT_VIEW
[14:57:13.74] /i gi::setActiveTab {/tabGroup} -tabName {/tabGroup/customOptionsTab} -in [gi::getDialogs {xtLPESetup} -parent [gi::getWindows 3]]
[14:57:14.95] /i gi::pressButton {/ok} -in [gi::getDialogs {xtLPESetup} -parent [gi::getWindows 3]]
[14:57:17.43] /# xt::physicalVerification::executePve lpe 3
[14:57:18.49] /r giWindowId 14
[14:57:18.76] /r giWindowGeometry 800x600
[14:57:50.11] /m Information: 
              /c =============================
              /c JobID: starrc_lpe_12
              /c Completed with no errors.
              /c =============================
              /c 
[14:57:53.96] /i gi::pressButton {ConsoleToggleButton} -in [db::getAttr statusbar -of [gi::getWindows 14]]
[14:57:55.14] /i gi::pressButton {ConsoleToggleButton} -in [db::getAttr statusbar -of [gi::getWindows 14]]
[15:02:16.26] /i gi::pressButton {ConsoleToggleButton} -in [db::getAttr statusbar -of [gi::getWindows 14]]
[15:14:00.27] /i gi::setActiveWindow 3
[15:14:00.27] /i gi::setActiveWindow 3 -raise true
[15:14:06.86] /# gi::executeAction dePan -in [gi::getWindows 3]
[15:14:06.87] /i ide::pan [db::getNext [de::getContexts -window 3]]
[15:14:07.26] /# gi::executeAction deStartDrag -in [gi::getWindows 3]
[15:14:07.26] /i de::startDrag {-2.654 -0.844} -context [db::getNext [de::getContexts -window 3]]
[15:14:08.60] /# gi::executeAction deEndDrag -in [gi::getWindows 3]
[15:14:08.60] /i de::endDrag {-2.68 -0.854} -context [db::getNext [de::getContexts -window 3]]
[15:14:08.61] /r dePanToPoint {-5.922 -0.731}
[15:14:09.01] /# gi::executeAction deCanvasZoomInAtPoint -in [gi::getWindows 3]
[15:14:09.02] /i de::zoom -window [gi::getWindows 3] -factor 2.0 -center {-2.68 -0.854}
[15:14:09.03] /o {-6.426 -1.734} {-2.176 0.149}
[15:14:17.63] /# gi::executeAction deCanvasZoomInAtPoint -in [gi::getWindows 3]
[15:14:17.63] /i de::zoom -window [gi::getWindows 3] -factor 2.0 -center {-5.728 -0.946}
[15:14:17.64] /o {-6.077 -1.34} {-3.952 -0.398}
[15:14:18.70] /# gi::executeAction deStartDrag -in [gi::getWindows 3]
[15:14:18.70] /i de::startDrag {-5.806 -0.988} -context [db::getNext [de::getContexts -window 3]]
[15:14:19.68] /# gi::executeAction deEndDrag -in [gi::getWindows 3]
[15:14:19.68] /i de::endDrag {-5.801 -0.988} -context [db::getNext [de::getContexts -window 3]]
[15:14:19.68] /r dePanToPoint {-5.361 -0.933}
[15:14:20.02] /# gi::executeAction deCanvasZoomOutAtPoint -in [gi::getWindows 3]
[15:14:20.02] /i de::zoom -window [gi::getWindows 3] -factor 0.5 -center {-5.801 -0.988}
[15:14:20.02] /o {-7.047 -1.82} {-2.796 0.063}
[15:14:20.10] /# gi::executeAction deCanvasZoomOutAtPoint -in [gi::getWindows 3]
[15:14:20.10] /i de::zoom -window [gi::getWindows 3] -factor 0.5 -center {-5.821 -0.989}
[15:14:20.10] /o {-8.272 -2.651} {0.228 1.115}
[15:14:20.15] /# gi::executeAction deCanvasZoomOutAtPoint -in [gi::getWindows 3]
[15:14:20.16] /i de::zoom -window [gi::getWindows 3] -factor 0.5 -center {-5.821 -0.988}
[15:14:20.16] /o {-10.723 -4.315} {6.278 3.219}
[15:14:21.79] /# gi::executeAction deCanvasZoomInAtPoint -in [gi::getWindows 3]
[15:14:21.79] /i de::zoom -window [gi::getWindows 3] -factor 2.0 -center {-5.974 -0.661}
[15:14:21.80] /o {-8.349 -2.488} {0.152 1.279}
[15:14:23.80] /# gi::executeAction deCanvasZoomInAtPoint -in [gi::getWindows 3]
[15:14:23.80] /i de::zoom -window [gi::getWindows 3] -factor 2.0 -center {-5.565 -1.014}
[15:14:23.80] /o {-6.957 -1.751} {-2.707 0.132}
[15:14:28.69] /# gi::executeAction deCanvasZoomInAtPoint -in [gi::getWindows 3]
[15:14:28.69] /i de::zoom -window [gi::getWindows 3] -factor 2.0 -center {-4.042 -1.134}
[15:14:28.69] /o {-5.499 -1.442} {-3.374 -0.501}
[15:14:30.58] /# gi::executeAction deCanvasZoomOutAtPoint -in [gi::getWindows 3]
[15:14:30.58] /i de::zoom -window [gi::getWindows 3] -factor 0.5 -center {-4.002 -1.138}
[15:14:30.58] /o {-6.997 -1.747} {-2.747 0.136}
[15:14:30.86] /# gi::executeAction deCanvasZoomOutAtPoint -in [gi::getWindows 3]
[15:14:30.86] /i de::zoom -window [gi::getWindows 3] -factor 0.5 -center {-4.003 -1.138}
[15:14:30.87] /o {-9.991 -2.356} {-1.49 1.411}
[15:14:32.22] /# gi::executeAction deCanvasZoomInAtPoint -in [gi::getWindows 3]
[15:14:32.22] /i de::zoom -window [gi::getWindows 3] -factor 2.0 -center {-3.164 -1.046}
[15:14:32.22] /o {-6.577 -1.701} {-2.327 0.182}
[15:15:17.96] /# gi::executeAction deCanvasZoomOutAtPoint -in [gi::getWindows 3]
[15:15:17.96] /i de::zoom -window [gi::getWindows 3] -factor 0.5 -center {-4.906 -0.439}
[15:15:17.97] /o {-8.249 -2.963} {0.252 0.804}
[15:15:19.80] /# gi::executeAction deStartDrag -in [gi::getWindows 3]
[15:15:19.80] /i de::startDrag {-1.826 -0.982} -context [db::getNext [de::getContexts -window 3]]
[15:15:20.25] /# gi::executeAction deEndDrag -in [gi::getWindows 3]
[15:15:20.25] /i de::endDrag {-1.816 -0.982} -context [db::getNext [de::getContexts -window 3]]
[15:15:20.25] /r dePanToPoint {-4.592 -1.084}
[15:15:20.99] /# gi::executeAction deStartDrag -in [gi::getWindows 3]
[15:15:20.99] /i de::startDrag {-1.969 -0.803} -context [db::getNext [de::getContexts -window 3]]
[15:15:21.43] /# gi::executeAction deEndDrag -in [gi::getWindows 3]
[15:15:21.43] /i de::endDrag {-1.964 -0.803} -context [db::getNext [de::getContexts -window 3]]
[15:15:21.43] /r dePanToPoint {-4.986 -0.567}
[15:15:22.79] /# gi::setCurrentIndex {lpps} -index {m2 drw} -in [gi::getAssistants leObjectLayerPanel -from [gi::getWindows 3]]
[15:15:22.79] /# gi::setItemSelection {lpps} -index {m2 drw} -in [gi::getAssistants leObjectLayerPanel -from [gi::getWindows 3]]
[15:15:22.85] /# gi::executeAction leOLPSetActiveLPP -in [gi::getAssistants leObjectLayerPanel -from [gi::getWindows 3]]
[15:15:22.86] /i de::setActiveLPP [de::getLPPs -from [oa::DesignFind clk clk layout] -filter {%lpp =="m2 drawing"}]
[15:15:24.60] /# gi::executeAction leRectangle -in [gi::getWindows 3]
[15:15:24.60] /i ile::createRectangle
[15:15:27.48] /# gi::executeAction deCanvasZoomInAtPoint -in [gi::getWindows 3]
[15:15:27.48] /i de::zoom -window [gi::getWindows 3] -factor 2.0 -center {-6.918 0.788}
[15:15:27.48] /o {-8.077 -0.832} {-3.827 1.052}
[15:15:27.49] /# gi::executeAction deCanvasZoomInAtPoint -in [gi::getWindows 3]
[15:15:27.49] /i de::zoom -window [gi::getWindows 3] -factor 2.0 -center {-6.918 0.788}
[15:15:27.49] /o {-7.498 -0.022} {-5.372 0.92}
[15:15:28.46] /# gi::executeAction deCanvasZoomOutAtPoint -in [gi::getWindows 3]
[15:15:28.46] /i de::zoom -window [gi::getWindows 3] -factor 0.5 -center {-6.923 0.78}
[15:15:28.46] /o {-8.072 -0.824} {-3.822 1.06}
[15:15:29.86] /# gi::executeAction deCanvasZoomOutAtPoint -in [gi::getWindows 3]
[15:15:29.86] /i de::zoom -window [gi::getWindows 3] -factor 0.5 -center {-6.928 0.781}
[15:15:29.86] /o {-9.216 -2.428} {-0.716 1.339}
[15:15:33.67] /# gi::executeAction deAddPoint -in [gi::getWindows 3]
[15:15:33.67] /i de::addPoint {-6.872 0.668} -context [db::getNext [de::getContexts -window 3]]
[15:15:36.35] /# gi::executeAction deAddPoint -in [gi::getWindows 3]
[15:15:36.35] /i de::addPoint {-6.427 0.182} -context [db::getNext [de::getContexts -window 3]]
[15:15:38.15] /# gi::executeAction deAbortCommand -in [gi::getWindows 3]
[15:15:38.15] /i de::abortCommand -context [db::getNext [de::getContexts -window 3]]
[15:15:39.67] /# gi::setCurrentIndex {lpps} -index {m2 pin} -in [gi::getAssistants leObjectLayerPanel -from [gi::getWindows 3]]
[15:15:39.67] /# gi::setItemSelection {lpps} -index {m2 pin} -in [gi::getAssistants leObjectLayerPanel -from [gi::getWindows 3]]
[15:15:39.73] /# gi::executeAction leOLPSetActiveLPP -in [gi::getAssistants leObjectLayerPanel -from [gi::getWindows 3]]
[15:15:39.73] /i de::setActiveLPP [de::getLPPs -from [oa::DesignFind clk clk layout] -filter {%lpp =="m2 pin"}]
[15:15:42.70] /# gi::executeAction lePin -in [gi::getWindows 3]
[15:15:42.70] /i ile::createPin
[15:15:47.70] /i gi::setField {termName} -value {vdd!} -in [gi::getToolbars {deCommandOptions} -from [gi::getWindows 3]]
[15:15:47.80] /i gi::setField {pinLabel} -value {true} -in [gi::getToolbars {deCommandOptions} -from [gi::getWindows 3]]
[15:15:49.58] /# gi::executeAction deAddPoint -in [gi::getWindows 3]
[15:15:49.58] /i de::addPoint {-6.765 0.494} -context [db::getNext [de::getContexts -window 3]]
[15:15:50.74] /# gi::executeAction deAddPoint -in [gi::getWindows 3]
[15:15:50.74] /i de::addPoint {-6.494 0.264} -context [db::getNext [de::getContexts -window 3]]
[15:15:52.13] /# gi::executeAction deAbortCommand -in [gi::getWindows 3]
[15:15:52.13] /i de::abortCommand -context [db::getNext [de::getContexts -window 3]]
[15:15:53.22] /# gi::executeAction dePan -in [gi::getWindows 3]
[15:15:53.22] /i ide::pan [db::getNext [de::getContexts -window 3]]
[15:15:53.85] /# gi::executeAction deStartDrag -in [gi::getWindows 3]
[15:15:53.85] /i de::startDrag {-1.98 -1.527} -context [db::getNext [de::getContexts -window 3]]
[15:15:54.68] /# gi::executeAction deEndDrag -in [gi::getWindows 3]
[15:15:54.68] /i de::endDrag {-1.98 -1.522} -context [db::getNext [de::getContexts -window 3]]
[15:15:54.69] /r dePanToPoint {-4.966 -1.834}
[15:15:55.61] /# gi::setCurrentIndex {lpps} -index {m2 drw} -in [gi::getAssistants leObjectLayerPanel -from [gi::getWindows 3]]
[15:15:55.62] /# gi::setItemSelection {lpps} -index {m2 drw} -in [gi::getAssistants leObjectLayerPanel -from [gi::getWindows 3]]
[15:15:55.68] /# gi::executeAction leOLPSetActiveLPP -in [gi::getAssistants leObjectLayerPanel -from [gi::getWindows 3]]
[15:15:55.68] /i de::setActiveLPP [de::getLPPs -from [oa::DesignFind clk clk layout] -filter {%lpp =="m2 drawing"}]
[15:15:56.81] /# gi::executeAction leRectangle -in [gi::getWindows 3]
[15:15:56.81] /i ile::createRectangle
[15:15:58.14] /# gi::executeAction deAddPoint -in [gi::getWindows 3]
[15:15:58.14] /i de::addPoint {-6.893 -2.07} -context [db::getNext [de::getContexts -window 3]]
[15:16:00.31] /# gi::executeAction deAddPoint -in [gi::getWindows 3]
[15:16:00.31] /i de::addPoint {-6.468 -2.525} -context [db::getNext [de::getContexts -window 3]]
[15:16:02.78] /# gi::executeAction deAbortCommand -in [gi::getWindows 3]
[15:16:02.78] /i de::abortCommand -context [db::getNext [de::getContexts -window 3]]
[15:16:04.26] /# gi::setCurrentIndex {lpps} -index {m2 pin} -in [gi::getAssistants leObjectLayerPanel -from [gi::getWindows 3]]
[15:16:04.26] /# gi::setItemSelection {lpps} -index {m2 pin} -in [gi::getAssistants leObjectLayerPanel -from [gi::getWindows 3]]
[15:16:04.36] /# gi::executeAction leOLPSetActiveLPP -in [gi::getAssistants leObjectLayerPanel -from [gi::getWindows 3]]
[15:16:04.37] /i de::setActiveLPP [de::getLPPs -from [oa::DesignFind clk clk layout] -filter {%lpp =="m2 pin"}]
[15:16:11.18] /# gi::executeAction lePin -in [gi::getWindows 3]
[15:16:11.18] /i ile::createPin
[15:16:14.79] /i gi::setField {termName} -value {gnd!} -in [gi::getToolbars {deCommandOptions} -from [gi::getWindows 3]]
[15:16:16.49] /# gi::executeAction deStartDrag -in [gi::getWindows 3]
[15:16:16.49] /i de::startDrag {-6.826 -2.249} -context [db::getNext [de::getContexts -window 3]]
[15:16:17.97] /# gi::executeAction deEndDrag -in [gi::getWindows 3]
[15:16:17.98] /i de::endDrag {-6.535 -2.449} -context [db::getNext [de::getContexts -window 3]]
[15:16:24.34] /i gi::executeAction deSaveDesign -in [gi::getWindows 3]
[15:16:24.34] /m Information: Saving design 'clk clk layout'. (DESIGN_WINDOW-004)
[15:16:25.52] /i gi::executeAction deSaveDesign -in [gi::getWindows 3]
[15:16:25.53] /m Information: Saving design 'clk clk layout'. (DESIGN_WINDOW-004)
[15:16:30.69] /# gi::executeAction xtDRCRun -in [gi::getWindows 3]
[15:16:30.69] /i xt::physicalVerification::executeRun drc 3
[15:16:30.98] /# xt::physicalVerification::executePve drc 3
[15:16:37.15] /m Information: 
              /c =============================
              /c JobID: hercules_drc_19
              /c Completed with no errors.
              /c =============================
              /c 
[15:16:39.69] /i gi::setActiveWindow 3
[15:16:39.69] /i gi::setActiveWindow 3 -raise true
[15:16:41.27] /i gi::executeAction giCloseWindow -in [gi::getWindows 14]
[15:16:42.00] /i gi::executeAction giCloseWindow -in [gi::getWindows 13]
[15:16:45.05] /# gi::executeAction xtLVSRun -in [gi::getWindows 3]
[15:16:45.05] /i xt::physicalVerification::executeRun lvs 3
[15:16:45.47] /# xt::physicalVerification::executePve lvs 3
[15:16:46.94] /m Information: "Starting netlisting for design "clk/clk/schematic"..." (NETLISTING-010)
[15:16:46.96] /o No Design Integrity rule violations found in "clk/clk/schematic"
[15:16:47.06] /m Information: "Netlisting design "clk/clk/schematic" finished successfully." (NETLISTING-012)
[15:16:47.32] /r giWindowId 15
[15:16:47.37] /r giWindowGeometry 800x600
[15:16:57.21] /m Information: 
              /c =============================
              /c JobID: hercules_lvs_12
              /c Completed with no errors.
              /c =============================
              /c 
[15:17:00.99] /i gi::setActiveWindow 3
[15:17:00.99] /i gi::setActiveWindow 3 -raise true
[15:17:05.12] /# gi::executeAction xtLPERun -in [gi::getWindows 3]
[15:17:05.12] /i xt::physicalVerification::executeRun lpe 3
[15:17:05.50] /# xt::physicalVerification::executePve lpe 3
[15:17:06.15] /r giWindowId 16
[15:17:06.18] /r giWindowGeometry 800x600
[15:17:15.46] /m Information: 
              /c =============================
              /c JobID: starrc_lpe_13
              /c Completed with no errors.
              /c =============================
              /c 
[15:32:37.45] /i gi::setActiveWindow 3
[15:32:37.48] /i gi::setActiveWindow 3 -raise true
[15:32:39.86] /# gi::executeAction dePan -in [gi::getWindows 3]
[15:32:39.87] /i ide::pan [db::getNext [de::getContexts -window 3]]
[15:32:40.43] /# gi::executeAction deStartDrag -in [gi::getWindows 3]
[15:32:40.43] /i de::startDrag {-2.645 -0.995} -context [db::getNext [de::getContexts -window 3]]
[15:32:43.56] /# gi::executeAction deEndDrag -in [gi::getWindows 3]
[15:32:43.56] /i de::endDrag {-2.64 -1.016} -context [db::getNext [de::getContexts -window 3]]
[15:32:43.56] /r dePanToPoint {-5.078 -1.118}
[15:32:44.45] /# gi::executeAction deCanvasZoomInAtPoint -in [gi::getWindows 3]
[15:32:44.45] /i de::zoom -window [gi::getWindows 3] -factor 2.0 -center {-5.527 0.458}
[15:32:44.45] /o {-7.428 -1.272} {-3.178 0.612}
[15:32:44.52] /# gi::executeAction deCanvasZoomInAtPoint -in [gi::getWindows 3]
[15:32:44.52] /i de::zoom -window [gi::getWindows 3] -factor 2.0 -center {-5.527 0.458}
[15:32:44.52] /o {-6.478 -0.407} {-4.352 0.535}
[15:32:45.49] /# gi::executeAction deCanvasZoomOutAtPoint -in [gi::getWindows 3]
[15:32:45.49] /i de::zoom -window [gi::getWindows 3] -factor 0.5 -center {-5.449 0.422}
[15:32:45.49] /o {-7.506 -1.236} {-3.256 0.648}
[15:32:45.60] /# gi::executeAction deCanvasZoomOutAtPoint -in [gi::getWindows 3]
[15:32:45.60] /i de::zoom -window [gi::getWindows 3] -factor 0.5 -center {-5.449 0.422}
[15:32:45.61] /o {-9.563 -2.893} {-1.062 0.873}
[15:32:48.41] /# gi::executeAction deAbortCommand -in [gi::getWindows 3]
[15:32:48.41] /i de::abortCommand -context [db::getNext [de::getContexts -window 3]]
[15:32:48.93] /# gi::executeAction deAddPoint -in [gi::getWindows 3]
[15:32:48.93] /i de::addPoint {-6.62 0.418} -context [db::getNext [de::getContexts -window 3]]
[15:32:59.94] /# gi::executeAction deAddPoint -in [gi::getWindows 3]
[15:32:59.94] /i de::addPoint {-6.569 0.387} -context [db::getNext [de::getContexts -window 3]]
[15:33:02.86] /# gi::executeAction leDelete -in [gi::getWindows 3]
[15:33:02.86] /i ile::delete
[15:33:04.83] /# gi::executeAction deAddPoint -in [gi::getWindows 3]
[15:33:04.83] /i de::addPoint {-6.651 0.413} -context [db::getNext [de::getContexts -window 3]]
[15:33:05.04] /# gi::executeAction leDelete -in [gi::getWindows 3]
[15:33:05.04] /i ile::delete
[15:33:05.59] /# gi::executeAction deAddPoint -in [gi::getWindows 3]
[15:33:05.59] /i de::addPoint {-6.651 0.413} -context [db::getNext [de::getContexts -window 3]]
[15:33:05.87] /# gi::executeAction leDelete -in [gi::getWindows 3]
[15:33:05.87] /i ile::delete
[15:33:07.71] /# gi::executeAction deAddPoint -in [gi::getWindows 3]
[15:33:07.71] /i de::addPoint {-6.651 -2.33} -context [db::getNext [de::getContexts -window 3]]
[15:33:07.99] /# gi::executeAction leDelete -in [gi::getWindows 3]
[15:33:07.99] /i ile::delete
[15:33:08.53] /# gi::executeAction deAddPoint -in [gi::getWindows 3]
[15:33:08.53] /i de::addPoint {-6.651 -2.33} -context [db::getNext [de::getContexts -window 3]]
[15:33:08.95] /# gi::executeAction leDelete -in [gi::getWindows 3]
[15:33:08.95] /i ile::delete
[15:33:10.19] /# gi::executeAction deAddPoint -in [gi::getWindows 3]
[15:33:10.19] /i de::addPoint {-7.669 -1.496} -context [db::getNext [de::getContexts -window 3]]
[15:33:10.79] /# gi::executeAction deAddPoint -in [gi::getWindows 3]
[15:33:10.79] /i de::addPoint {-7.669 -1.496} -context [db::getNext [de::getContexts -window 3]]
[15:33:10.95] /# gi::executeAction deCompleteShape -in [gi::getWindows 3]
[15:33:10.95] /i de::completeShape -context [db::getNext [de::getContexts -window 3]]
[15:33:11.68] /# gi::executeAction deAbortCommand -in [gi::getWindows 3]
[15:33:11.68] /i de::abortCommand -context [db::getNext [de::getContexts -window 3]]
[15:33:13.45] /# gi::setCurrentIndex {lpps} -index {m2 drw} -in [gi::getAssistants leObjectLayerPanel -from [gi::getWindows 3]]
[15:33:13.45] /# gi::setItemSelection {lpps} -index {m2 drw} -in [gi::getAssistants leObjectLayerPanel -from [gi::getWindows 3]]
[15:33:13.53] /# gi::executeAction leOLPSetActiveLPP -in [gi::getAssistants leObjectLayerPanel -from [gi::getWindows 3]]
[15:33:13.53] /i de::setActiveLPP [de::getLPPs -from [oa::DesignFind clk clk layout] -filter {%lpp =="m2 drawing"}]
[15:33:14.53] /# gi::executeAction leRectangle -in [gi::getWindows 3]
[15:33:14.53] /i ile::createRectangle
[15:33:16.43] /# gi::executeAction deAddPoint -in [gi::getWindows 3]
[15:33:16.43] /i de::addPoint {-6.927 0.771} -context [db::getNext [de::getContexts -window 3]]
[15:33:22.22] /# gi::executeAction deCanvasZoomInAtPoint -in [gi::getWindows 3]
[15:33:22.22] /i de::zoom -window [gi::getWindows 3] -factor 2.0 -center {-2.787 -0.155}
[15:33:22.22] /o {-6.175 -1.524} {-1.925 0.359}
[15:33:22.89] /# gi::executeAction deCanvasZoomInAtPoint -in [gi::getWindows 3]
[15:33:22.89] /i de::zoom -window [gi::getWindows 3] -factor 2.0 -center {-2.79 -0.168}
[15:33:22.90] /o {-4.483 -0.846} {-2.357 0.096}
[15:33:32.14] /# gi::executeAction deAddPoint -in [gi::getWindows 3]
[15:33:32.14] /i de::addPoint {-2.795 -0.151} -context [db::getNext [de::getContexts -window 3]]
[15:33:32.65] /# gi::executeAction deCanvasZoomOutAtPoint -in [gi::getWindows 3]
[15:33:32.65] /i de::zoom -window [gi::getWindows 3] -factor 0.5 -center {-2.977 -0.064}
[15:33:32.66] /o {-5.988 -1.628} {-1.738 0.255}
[15:33:32.76] /# gi::executeAction deCanvasZoomOutAtPoint -in [gi::getWindows 3]
[15:33:32.76] /i de::zoom -window [gi::getWindows 3] -factor 0.5 -center {-2.976 -0.065}
[15:33:32.76] /o {-9.0 -3.191} {-0.499 0.575}
[15:33:34.22] /# gi::executeAction deCanvasZoomInAtPoint -in [gi::getWindows 3]
[15:33:34.22] /i de::zoom -window [gi::getWindows 3] -factor 2.0 -center {-6.943 -0.238}
[15:33:34.22] /o {-7.972 -1.715} {-3.721 0.169}
[15:33:34.29] /# gi::executeAction deCanvasZoomInAtPoint -in [gi::getWindows 3]
[15:33:34.29] /i de::zoom -window [gi::getWindows 3] -factor 2.0 -center {-6.943 -0.238}
[15:33:34.29] /o {-7.457 -0.976} {-5.332 -0.035}
[15:33:34.37] /# gi::executeAction deCanvasZoomInAtPoint -in [gi::getWindows 3]
[15:33:34.37] /i de::zoom -window [gi::getWindows 3] -factor 2.0 -center {-6.942 -0.238}
[15:33:34.37] /o {-7.2 -0.607} {-6.137 -0.136}
[15:33:34.73] /# gi::executeAction deCanvasZoomInAtPoint -in [gi::getWindows 3]
[15:33:34.73] /i de::zoom -window [gi::getWindows 3] -factor 2.0 -center {-6.815 -0.232}
[15:33:34.73] /o {-7.007 -0.42} {-6.476 -0.184}
[15:33:35.18] /# gi::executeAction deCanvasZoomInAtPoint -in [gi::getWindows 3]
[15:33:35.18] /i de::zoom -window [gi::getWindows 3] -factor 2.0 -center {-6.814 -0.231}
[15:33:35.18] /o {-6.911 -0.325} {-6.645 -0.208}
[15:33:36.17] /# gi::executeAction deCanvasZoomOutAtPoint -in [gi::getWindows 3]
[15:33:36.17] /i de::zoom -window [gi::getWindows 3] -factor 0.5 -center {-6.814 -0.231}
[15:33:36.17] /o {-7.007 -0.42} {-6.476 -0.184}
[15:33:37.54] /# gi::executeAction dePan -in [gi::getWindows 3]
[15:33:37.54] /i ide::pan [db::getNext [de::getContexts -window 3]]
[15:33:37.83] /# gi::executeAction deStartDrag -in [gi::getWindows 3]
[15:33:37.83] /i de::startDrag {-6.814 -0.231} -context [db::getNext [de::getContexts -window 3]]
[15:33:38.33] /# gi::executeAction deEndDrag -in [gi::getWindows 3]
[15:33:38.33] /i de::endDrag {-6.814 -0.234} -context [db::getNext [de::getContexts -window 3]]
[15:33:38.33] /r dePanToPoint {-6.746 -0.153}
[15:33:39.73] /# gi::executeAction deStartDrag -in [gi::getWindows 3]
[15:33:39.73] /i de::startDrag {-6.837 -0.136} -context [db::getNext [de::getContexts -window 3]]
[15:33:40.10] /# gi::executeAction deEndDrag -in [gi::getWindows 3]
[15:33:40.11] /i de::endDrag {-6.836 -0.136} -context [db::getNext [de::getContexts -window 3]]
[15:33:40.11] /r dePanToPoint {-6.748 -0.137}
[15:33:40.56] /# gi::executeAction deAbortCommand -in [gi::getWindows 3]
[15:33:40.56] /i de::abortCommand -context [db::getNext [de::getContexts -window 3]]
[15:33:42.41] /# gi::executeAction leStretch -in [gi::getWindows 3]
[15:33:42.41] /i ile::stretch
[15:33:43.14] /# gi::executeAction deAddPoint -in [gi::getWindows 3]
[15:33:43.14] /i de::addPoint {-6.925 -0.147} -context [db::getNext [de::getContexts -window 3]]
[15:33:47.47] /# gi::executeAction deAddPoint -in [gi::getWindows 3]
[15:33:47.47] /i de::addPoint {-6.934 -0.148} -context [db::getNext [de::getContexts -window 3]]
[15:33:48.48] /# gi::executeAction deAddPoint -in [gi::getWindows 3]
[15:33:48.48] /i de::addPoint {-6.916 -0.15} -context [db::getNext [de::getContexts -window 3]]
[15:33:49.81] /# gi::executeAction deAddPoint -in [gi::getWindows 3]
[15:33:49.81] /i de::addPoint {-6.915 -0.147} -context [db::getNext [de::getContexts -window 3]]
[15:33:50.21] /# gi::executeAction deCanvasZoomOutAtPoint -in [gi::getWindows 3]
[15:33:50.21] /i de::zoom -window [gi::getWindows 3] -factor 0.5 -center {-6.678 -0.098}
[15:33:50.21] /o {-7.349 -0.411} {-6.287 0.06}
[15:33:50.26] /# gi::executeAction deCanvasZoomOutAtPoint -in [gi::getWindows 3]
[15:33:50.26] /i de::zoom -window [gi::getWindows 3] -factor 0.5 -center {-6.679 -0.099}
[15:33:50.26] /o {-8.02 -0.723} {-5.895 0.219}
[15:33:50.28] /# gi::executeAction deCanvasZoomOutAtPoint -in [gi::getWindows 3]
[15:33:50.28] /i de::zoom -window [gi::getWindows 3] -factor 0.5 -center {-6.679 -0.099}
[15:33:50.28] /o {-9.361 -1.347} {-5.11 0.536}
[15:33:50.33] /# gi::executeAction deCanvasZoomOutAtPoint -in [gi::getWindows 3]
[15:33:50.33] /i de::zoom -window [gi::getWindows 3] -factor 0.5 -center {-6.679 -0.099}
[15:33:50.33] /o {-12.042 -2.596} {-3.542 1.171}
[15:33:51.39] /# gi::executeAction deCanvasZoomInAtPoint -in [gi::getWindows 3]
[15:33:51.39] /i de::zoom -window [gi::getWindows 3] -factor 2.0 -center {-5.476 0.091}
[15:33:51.39] /o {-8.759 -1.252} {-4.509 0.631}
[15:33:52.07] /# gi::executeAction deCanvasZoomOutAtPoint -in [gi::getWindows 3]
[15:33:52.07] /i de::zoom -window [gi::getWindows 3] -factor 0.5 -center {-5.63 0.027}
[15:33:52.08] /o {-11.888 -2.532} {-3.388 1.235}
[15:33:53.28] /# gi::executeAction dePan -in [gi::getWindows 3]
[15:33:53.28] /i ide::pan [db::getNext [de::getContexts -window 3]]
[15:33:53.54] /# gi::executeAction deStartDrag -in [gi::getWindows 3]
[15:33:53.54] /i de::startDrag {-4.959 -0.3} -context [db::getNext [de::getContexts -window 3]]
[15:33:55.65] /# gi::executeAction deEndDrag -in [gi::getWindows 3]
[15:33:55.65] /i de::endDrag {-4.959 -0.29} -context [db::getNext [de::getContexts -window 3]]
[15:33:55.65] /r dePanToPoint {-6.205 -1.922}
[15:33:59.73] /# gi::executeAction leRectangle -in [gi::getWindows 3]
[15:33:59.73] /i ile::createRectangle
[15:34:00.34] /# gi::executeAction deCanvasZoomInAtPoint -in [gi::getWindows 3]
[15:34:00.34] /i de::zoom -window [gi::getWindows 3] -factor 2.0 -center {-6.576 -2.025}
[15:34:00.34] /o {-8.516 -2.915} {-4.265 -1.032}
[15:34:01.97] /# gi::executeAction deCanvasZoomInAtPoint -in [gi::getWindows 3]
[15:34:01.97] /i de::zoom -window [gi::getWindows 3] -factor 2.0 -center {-6.932 -1.667}
[15:34:01.97] /o {-7.724 -2.291} {-5.599 -1.35}
[15:34:04.66] /# gi::executeAction deAddPoint -in [gi::getWindows 3]
[15:34:04.66] /i de::addPoint {-6.934 -1.658} -context [db::getNext [de::getContexts -window 3]]
[15:34:05.67] /# gi::executeAction deCanvasZoomOutAtPoint -in [gi::getWindows 3]
[15:34:05.67] /i de::zoom -window [gi::getWindows 3] -factor 0.5 -center {-6.032 -1.886}
[15:34:05.70] /o {-9.416 -2.696} {-5.165 -0.813}
[15:34:05.80] /# gi::executeAction deCanvasZoomOutAtPoint -in [gi::getWindows 3]
[15:34:05.80] /i de::zoom -window [gi::getWindows 3] -factor 0.5 -center {-5.785 -1.975}
[15:34:05.80] /o {-13.046 -3.418} {-4.546 0.349}
[15:34:10.03] /# gi::executeAction deCanvasZoomInAtPoint -in [gi::getWindows 3]
[15:34:10.03] /i de::zoom -window [gi::getWindows 3] -factor 2.0 -center {-5.682 -2.497}
[15:34:10.03] /o {-9.364 -2.957} {-5.114 -1.074}
[15:34:10.12] /# gi::executeAction deCanvasZoomInAtPoint -in [gi::getWindows 3]
[15:34:10.12] /i de::zoom -window [gi::getWindows 3] -factor 2.0 -center {-5.682 -2.497}
[15:34:10.12] /o {-7.523 -2.727} {-5.398 -1.786}
[15:34:12.24] /# gi::executeAction deAddPoint -in [gi::getWindows 3]
[15:34:12.24] /i de::addPoint {-5.984 -2.606} -context [db::getNext [de::getContexts -window 3]]
[15:34:13.23] /# gi::executeAction deAbortCommand -in [gi::getWindows 3]
[15:34:13.23] /i de::abortCommand -context [db::getNext [de::getContexts -window 3]]
[15:34:14.05] /# gi::executeAction deCanvasZoomOutAtPoint -in [gi::getWindows 3]
[15:34:14.05] /i de::zoom -window [gi::getWindows 3] -factor 0.5 -center {-5.677 -2.429}
[15:34:14.05] /o {-9.369 -3.025} {-5.119 -1.142}
[15:34:14.68] /# gi::executeAction dePan -in [gi::getWindows 3]
[15:34:14.68] /i ide::pan [db::getNext [de::getContexts -window 3]]
[15:34:14.93] /# gi::executeAction deStartDrag -in [gi::getWindows 3]
[15:34:14.93] /i de::startDrag {-5.288 -2.409} -context [db::getNext [de::getContexts -window 3]]
[15:34:16.97] /# gi::executeAction deEndDrag -in [gi::getWindows 3]
[15:34:16.97] /i de::endDrag {-5.283 -2.411} -context [db::getNext [de::getContexts -window 3]]
[15:34:16.98] /r dePanToPoint {-5.11 -1.966}
[15:34:17.82] /# gi::executeAction deStartDrag -in [gi::getWindows 3]
[15:34:17.82] /i de::startDrag {-4.313 -2.199} -context [db::getNext [de::getContexts -window 3]]
[15:34:19.00] /# gi::executeAction deEndDrag -in [gi::getWindows 3]
[15:34:19.00] /i de::endDrag {-4.315 -2.201} -context [db::getNext [de::getContexts -window 3]]
[15:34:19.00] /r dePanToPoint {-4.754 -1.907}
[15:34:19.45] /# gi::executeAction deAbortCommand -in [gi::getWindows 3]
[15:34:19.45] /i de::abortCommand -context [db::getNext [de::getContexts -window 3]]
[15:34:20.33] /i gi::executeAction deCanvasDragCancel -in [gi::getWindows 3]
[15:34:20.61] /# gi::executeAction deSelectActive -in [gi::getWindows 3]
[15:34:20.61] /i de::deselectAllLogic -context [db::getNext [de::getContexts -window 3]]
[15:34:21.84] /# gi::executeAction leStretch -in [gi::getWindows 3]
[15:34:21.84] /i ile::stretch
[15:34:22.85] /# gi::executeAction deAddPoint -in [gi::getWindows 3]
[15:34:22.85] /i de::addPoint {-5.986 -2.355} -context [db::getNext [de::getContexts -window 3]]
[15:34:29.51] /# gi::executeAction deAddPoint -in [gi::getWindows 3]
[15:34:29.51] /i de::addPoint {-2.793 -2.286} -context [db::getNext [de::getContexts -window 3]]
[15:34:30.61] /# gi::executeAction deCanvasZoomOutAtPoint -in [gi::getWindows 3]
[15:34:30.61] /i de::zoom -window [gi::getWindows 3] -factor 0.5 -center {-2.793 -2.286}
[15:34:30.61] /o {-10.966 -3.412} {-2.465 0.355}
[15:34:32.55] /# gi::executeAction deAbortCommand -in [gi::getWindows 3]
[15:34:32.55] /i de::abortCommand -context [db::getNext [de::getContexts -window 3]]
[15:34:34.82] /# gi::setCurrentIndex {lpps} -index {m2 pin} -in [gi::getAssistants leObjectLayerPanel -from [gi::getWindows 3]]
[15:34:34.82] /# gi::setItemSelection {lpps} -index {m2 pin} -in [gi::getAssistants leObjectLayerPanel -from [gi::getWindows 3]]
[15:34:34.91] /# gi::executeAction leOLPSetActiveLPP -in [gi::getAssistants leObjectLayerPanel -from [gi::getWindows 3]]
[15:34:34.91] /i de::setActiveLPP [de::getLPPs -from [oa::DesignFind clk clk layout] -filter {%lpp =="m2 pin"}]
[15:34:36.94] /# gi::executeAction lePin -in [gi::getWindows 3]
[15:34:36.94] /i ile::createPin
[15:34:39.43] /# gi::executeAction dbPrint -in [gi::getWindows 3]
[15:34:39.43] /i db::showPrint -parent 3
[15:34:39.89] /o oa:0x20a0dbb0
[15:34:39.93] /# gi::executeAction leDistance -in [gi::getWindows 3]
[15:34:39.93] /i ile::measureDistance
[15:34:40.12] /# gi::executeAction leDistance -in [gi::getWindows 3]
[15:34:40.12] /i ile::measureDistance
[15:34:40.23] /i db::setAttr geometry -of [gi::getDialogs {dbPrint} -parent [gi::getWindows 3]] -value 638x650+631+141
[15:34:40.40] /# gi::executeAction deCycleTapNext -in [gi::getWindows 3]
[15:34:40.40] /i de::cycleTapObject -context [db::getNext [de::getContexts -window 3]]
[15:34:40.43] /i gi::setActiveDialog [gi::getDialogs {dbPrint} -parent [gi::getWindows 3]]
[15:34:41.56] /i gi::setField {distanceEdgeToEdge} -value {false} -in [gi::getToolbars {deCommandOptions} -from [gi::getWindows 3]]
[15:34:42.57] /i gi::closeWindows [gi::getDialogs {dbPrint} -parent [gi::getWindows 3]]
[15:34:44.56] /# gi::executeAction lePin -in [gi::getWindows 3]
[15:34:44.56] /i ile::createPin
[15:34:48.06] /i gi::setField {termName} -value {vdd!} -in [gi::getToolbars {deCommandOptions} -from [gi::getWindows 3]]
[15:34:51.26] /# gi::executeAction deStartDrag -in [gi::getWindows 3]
[15:34:51.26] /i de::startDrag {-5.884 0.258} -context [db::getNext [de::getContexts -window 3]]
[15:34:52.48] /# gi::executeAction deEndDrag -in [gi::getWindows 3]
[15:34:52.48] /i de::endDrag {-5.49 0.099} -context [db::getNext [de::getContexts -window 3]]
[15:34:57.06] /i gi::setField {termName} -value {gnd!} -in [gi::getToolbars {deCommandOptions} -from [gi::getWindows 3]]
[15:34:58.41] /# gi::executeAction deStartDrag -in [gi::getWindows 3]
[15:34:58.41] /i de::startDrag {-5.618 -2.209} -context [db::getNext [de::getContexts -window 3]]
[15:34:59.12] /# gi::executeAction deEndDrag -in [gi::getWindows 3]
[15:34:59.12] /i de::endDrag {-5.183 -2.409} -context [db::getNext [de::getContexts -window 3]]
[15:35:01.06] /# gi::executeAction deAbortCommand -in [gi::getWindows 3]
[15:35:01.06] /i de::abortCommand -context [db::getNext [de::getContexts -window 3]]
[15:35:02.63] /# gi::executeAction deSelectActive -in [gi::getWindows 3]
[15:35:02.63] /i de::deselectAllLogic -context [db::getNext [de::getContexts -window 3]]
[15:35:04.70] /i gi::executeAction deSaveDesign -in [gi::getWindows 3]
[15:35:04.71] /m Information: Saving design 'clk clk layout'. (DESIGN_WINDOW-004)
[15:35:10.64] /# gi::executeAction xtDRCRun -in [gi::getWindows 3]
[15:35:10.64] /i xt::physicalVerification::executeRun drc 3
[15:35:10.99] /# xt::physicalVerification::executePve drc 3
[15:35:16.99] /i gi::pressButton {ConsoleToggleButton} -in [db::getAttr statusbar -of [gi::getWindows 12]]
[15:35:18.65] /m Information: 
              /c =============================
              /c JobID: hercules_drc_20
              /c Completed with no errors.
              /c =============================
              /c 
[15:35:24.49] /i gi::setActiveWindow 3
[15:35:24.49] /i gi::setActiveWindow 3 -raise true
[15:35:25.86] /i gi::executeAction giCloseWindow -in [gi::getWindows 16]
[15:35:26.68] /i gi::executeAction giCloseWindow -in [gi::getWindows 15]
[15:35:30.42] /# gi::executeAction xtLVSRun -in [gi::getWindows 3]
[15:35:30.42] /i xt::physicalVerification::executeRun lvs 3
[15:35:30.68] /# xt::physicalVerification::executePve lvs 3
[15:35:33.06] /m Information: "Starting netlisting for design "clk/clk/schematic"..." (NETLISTING-010)
[15:35:33.09] /o No Design Integrity rule violations found in "clk/clk/schematic"
[15:35:33.22] /m Information: "Netlisting design "clk/clk/schematic" finished successfully." (NETLISTING-012)
[15:35:33.67] /r giWindowId 17
[15:35:33.95] /r giWindowGeometry 800x600
[15:35:46.16] /m Information: 
              /c =============================
              /c JobID: hercules_lvs_13
              /c Completed with no errors.
              /c =============================
              /c 
[15:36:39.98] /i gi::pressButton {ConsoleToggleButton} -in [db::getAttr statusbar -of [gi::getWindows 17]]
[15:36:45.74] /i gi::setActiveWindow 3
[15:36:45.74] /i gi::setActiveWindow 3 -raise true
[15:36:48.88] /# gi::executeAction xtLPESetup -in [gi::getWindows 3]
[15:36:48.88] /i xt::showLPESetup -job lpe -window 3
[15:36:50.74] /o oa:0x21165d90
[15:36:50.94] /i gi::setActiveDialog [gi::getDialogs {xtLPESetup} -parent [gi::getWindows 3]]
[15:36:51.13] /i db::setAttr geometry -of [gi::getDialogs {xtLPESetup} -parent [gi::getWindows 3]] -value 487x659+830+100
[15:36:52.79] /i gi::setActiveTab {/tabGroup} -tabName {/tabGroup/extractionOptionsTab} -in [gi::getDialogs {xtLPESetup} -parent [gi::getWindows 3]]
[15:36:53.67] /i gi::setActiveTab {/tabGroup} -tabName {/tabGroup/outputOptionsTab} -in [gi::getDialogs {xtLPESetup} -parent [gi::getWindows 3]]
[15:36:58.32] /i gi::pressButton {/ok} -in [gi::getDialogs {xtLPESetup} -parent [gi::getWindows 3]]
[15:36:59.65] /# xt::physicalVerification::executePve lpe 3
[15:37:00.36] /r giWindowId 18
[15:37:00.44] /r giWindowGeometry 800x600
[15:37:10.64] /m Information: 
              /c =============================
              /c JobID: starrc_lpe_14
              /c Completed with no errors.
              /c =============================
              /c 
[15:54:32.80] /i gi::setActiveWindow 3
[15:54:32.84] /i gi::setActiveWindow 3 -raise true
[15:54:36.65] /# gi::executeAction dePan -in [gi::getWindows 3]
[15:54:36.66] /i ide::pan [db::getNext [de::getContexts -window 3]]
[15:54:37.20] /# gi::executeAction deStartDrag -in [gi::getWindows 3]
[15:54:37.20] /i de::startDrag {-5.157 -1.278} -context [db::getNext [de::getContexts -window 3]]
[15:54:39.39] /# gi::executeAction deEndDrag -in [gi::getWindows 3]
[15:54:39.39] /i de::endDrag {-5.188 -1.298} -context [db::getNext [de::getContexts -window 3]]
[15:54:39.40] /r dePanToPoint {-5.42 -0.893}
[15:54:41.20] /# gi::executeAction deCanvasZoomInAtPoint -in [gi::getWindows 3]
[15:54:41.20] /i de::zoom -window [gi::getWindows 3] -factor 2.0 -center {-4.937 0.217}
[15:54:41.20] /o {-7.304 -1.28} {-3.054 0.603}
[15:54:42.20] /# gi::executeAction deCanvasZoomOutAtPoint -in [gi::getWindows 3]
[15:54:42.20] /i de::zoom -window [gi::getWindows 3] -factor 0.5 -center {-4.937 0.217}
[15:54:42.20] /o {-9.671 -2.777} {-1.17 0.99}
[15:54:43.79] /# gi::executeAction deCanvasZoomInAtPoint -in [gi::getWindows 3]
[15:54:43.80] /i de::zoom -window [gi::getWindows 3] -factor 2.0 -center {-4.543 -1.129}
[15:54:43.80] /o {-7.107 -1.953} {-2.857 -0.07}
[15:54:45.36] /# gi::executeAction deCanvasZoomOutAtPoint -in [gi::getWindows 3]
[15:54:45.36] /i de::zoom -window [gi::getWindows 3] -factor 0.5 -center {-4.333 -1.101}
[15:54:45.36] /o {-9.881 -2.805} {-1.38 0.962}
[15:54:45.97] /# gi::executeAction deCanvasZoomInAtPoint -in [gi::getWindows 3]
[15:54:45.98] /i de::zoom -window [gi::getWindows 3] -factor 2.0 -center {-4.333 -1.101}
[15:54:45.98] /o {-7.107 -1.953} {-2.857 -0.07}
[15:54:46.10] /# gi::executeAction deCanvasZoomInAtPoint -in [gi::getWindows 3]
[15:54:46.10] /i de::zoom -window [gi::getWindows 3] -factor 2.0 -center {-4.333 -1.101}
[15:54:46.10] /o {-5.72 -1.527} {-3.595 -0.585}
[15:54:46.57] /# gi::executeAction deCanvasZoomInAtPoint -in [gi::getWindows 3]
[15:54:46.57] /i de::zoom -window [gi::getWindows 3] -factor 2.0 -center {-4.333 -1.101}
[15:54:46.58] /o {-5.027 -1.314} {-3.964 -0.843}
[15:54:46.75] /# gi::executeAction deCanvasZoomInAtPoint -in [gi::getWindows 3]
[15:54:46.75] /i de::zoom -window [gi::getWindows 3] -factor 2.0 -center {-4.333 -1.101}
[15:54:46.75] /o {-4.68 -1.208} {-4.148 -0.972}
[15:54:47.38] /# gi::executeAction deCanvasZoomOutAtPoint -in [gi::getWindows 3]
[15:54:47.38] /i de::zoom -window [gi::getWindows 3] -factor 0.5 -center {-4.333 -1.101}
[15:54:47.38] /o {-5.027 -1.314} {-3.964 -0.843}
[15:54:47.47] /# gi::executeAction deCanvasZoomOutAtPoint -in [gi::getWindows 3]
[15:54:47.47] /i de::zoom -window [gi::getWindows 3] -factor 0.5 -center {-4.333 -1.101}
[15:54:47.47] /o {-5.72 -1.527} {-3.595 -0.585}
[15:54:47.56] /# gi::executeAction deCanvasZoomOutAtPoint -in [gi::getWindows 3]
[15:54:47.56] /i de::zoom -window [gi::getWindows 3] -factor 0.5 -center {-4.333 -1.101}
[15:54:47.56] /o {-7.107 -1.953} {-2.857 -0.07}
[15:54:48.84] /# gi::executeAction deCanvasZoomOutAtPoint -in [gi::getWindows 3]
[15:54:48.84] /i de::zoom -window [gi::getWindows 3] -factor 0.5 -center {-4.53 -1.029}
[15:54:48.84] /o {-9.684 -2.877} {-1.183 0.89}
[15:54:49.27] /# gi::executeAction deCanvasZoomInAtPoint -in [gi::getWindows 3]
[15:54:49.27] /i de::zoom -window [gi::getWindows 3] -factor 2.0 -center {-4.53 -1.03}
[15:54:49.27] /o {-7.107 -1.954} {-2.857 -0.07}
[15:54:49.34] /# gi::executeAction deCanvasZoomInAtPoint -in [gi::getWindows 3]
[15:54:49.34] /i de::zoom -window [gi::getWindows 3] -factor 2.0 -center {-4.53 -1.03}
[15:54:49.35] /o {-5.819 -1.492} {-3.693 -0.55}
[15:54:51.05] /# gi::executeAction deStartDrag -in [gi::getWindows 3]
[15:54:51.05] /i de::startDrag {-5.02 -1.146} -context [db::getNext [de::getContexts -window 3]]
[15:54:52.42] /# gi::executeAction deEndDrag -in [gi::getWindows 3]
[15:54:52.43] /i de::endDrag {-5.019 -1.146} -context [db::getNext [de::getContexts -window 3]]
[15:54:52.44] /r dePanToPoint {-5.318 -1.054}
[15:54:53.59] /# gi::executeAction deAbortCommand -in [gi::getWindows 3]
[15:54:53.60] /i de::abortCommand -context [db::getNext [de::getContexts -window 3]]
[15:54:54.45] /i gi::executeAction deCanvasDragCancel -in [gi::getWindows 3]
[15:54:56.29] /# gi::executeAction leStretch -in [gi::getWindows 3]
[15:54:56.30] /i ile::stretch
[15:54:58.35] /# gi::executeAction deAddPoint -in [gi::getWindows 3]
[15:54:58.35] /i de::addPoint {-5.948 -0.999} -context [db::getNext [de::getContexts -window 3]]
[15:55:00.38] /# gi::executeAction deAddPoint -in [gi::getWindows 3]
[15:55:00.38] /i de::addPoint {-5.93 -1} -context [db::getNext [de::getContexts -window 3]]
[15:55:00.78] /# gi::executeAction deAbortCommand -in [gi::getWindows 3]
[15:55:00.78] /i de::abortCommand -context [db::getNext [de::getContexts -window 3]]
[15:55:01.41] /# gi::executeAction deCanvasZoomOutAtPoint -in [gi::getWindows 3]
[15:55:01.41] /i de::zoom -window [gi::getWindows 3] -factor 0.5 -center {-5.349 -1.025}
[15:55:01.42] /o {-7.414 -2.025} {-3.164 -0.142}
[15:55:01.51] /# gi::executeAction deCanvasZoomOutAtPoint -in [gi::getWindows 3]
[15:55:01.51] /i de::zoom -window [gi::getWindows 3] -factor 0.5 -center {-5.349 -1.025}
[15:55:01.52] /o {-9.479 -3.025} {-0.978 0.741}
[15:55:12.27] /# gi::executeAction deSelectActive -in [gi::getWindows 3]
[15:55:12.27] /i de::deselectAll [db::getNext [de::getContexts -window 3]]
[15:55:12.27] /i de::select [de::getActiveFigure [gi::getWindows 3] -point {-4.028 -1.116} -index 0 -intent none]
[15:55:12.28] /o oa:0x1fbf56e0
[15:55:14.08] /i gi::executeAction dePropertyEditorToggleExtended -in [gi::getWindows 3]
[15:55:14.16] /# db::setAttr shown -of [gi::getAssistants dePropertyEditor -from [gi::getWindows 3]] -value true
[15:55:14.85] /i db::setAttr dockSize -of [gi::getAssistants leObjectLayerPanel -from [gi::getWindows 3]] -value 200x710
[15:55:14.95] /i db::setAttr dockSize -of [gi::getAssistants dePropertyEditor -from [gi::getWindows 3]] -value 290x710
[15:55:17.82] /i gi::setItemSelection {connectivity} -index {termType,all} -in [gi::getAssistants dePropertyEditor -from [gi::getWindows 3]]
[15:55:17.83] /i gi::setCurrentIndex {connectivity} -index {termType,Value} -in [gi::getAssistants dePropertyEditor -from [gi::getWindows 3]]
[15:56:00.17] /# gi::executeAction deCanvasZoomInAtPoint -in [gi::getWindows 3]
[15:56:00.17] /i de::zoom -window [gi::getWindows 3] -factor 2.0 -center {-3.343 0.051}
[15:56:00.17] /o {-6.411 -1.487} {-2.391 0.396}
[15:56:00.87] /# gi::executeAction deCanvasZoomInAtPoint -in [gi::getWindows 3]
[15:56:00.87] /i de::zoom -window [gi::getWindows 3] -factor 2.0 -center {-3.24 0.023}
[15:56:00.88] /o {-4.825 -0.732} {-2.815 0.21}
[15:56:05.28] /# gi::executeAction deCanvasZoomOutAtPoint -in [gi::getWindows 3]
[15:56:05.28] /i de::zoom -window [gi::getWindows 3] -factor 0.5 -center {-3.297 -0.118}
[15:56:05.28] /o {-6.354 -1.346} {-2.334 0.537}
[15:56:08.53] /# gi::executeAction deCanvasZoomInAtPoint -in [gi::getWindows 3]
[15:56:08.53] /i de::zoom -window [gi::getWindows 3] -factor 2.0 -center {-3.578 0.023}
[15:56:08.53] /o {-4.966 -0.662} {-2.956 0.28}
[15:56:08.67] /# gi::executeAction deCanvasZoomInAtPoint -in [gi::getWindows 3]
[15:56:08.67] /i de::zoom -window [gi::getWindows 3] -factor 2.0 -center {-3.578 0.023}
[15:56:08.67] /o {-4.272 -0.319} {-3.267 0.152}
[15:56:09.36] /# gi::executeAction deCanvasZoomOutAtPoint -in [gi::getWindows 3]
[15:56:09.36] /i de::zoom -window [gi::getWindows 3] -factor 0.5 -center {-3.578 0.023}
[15:56:09.36] /o {-4.966 -0.662} {-2.956 0.28}
[15:56:09.42] /# gi::executeAction deCanvasZoomOutAtPoint -in [gi::getWindows 3]
[15:56:09.42] /i de::zoom -window [gi::getWindows 3] -factor 0.5 -center {-3.578 0.023}
[15:56:09.42] /o {-6.354 -1.346} {-2.334 0.537}
[15:56:09.63] /# gi::executeAction deCanvasZoomOutAtPoint -in [gi::getWindows 3]
[15:56:09.63] /i de::zoom -window [gi::getWindows 3] -factor 0.5 -center {-3.578 0.023}
[15:56:09.63] /o {-9.13 -2.715} {-1.09 1.051}
[15:56:11.26] /# gi::executeAction deCanvasZoomInAtPoint -in [gi::getWindows 3]
[15:56:11.26] /i de::zoom -window [gi::getWindows 3] -factor 2.0 -center {-3.173 -0.182}
[15:56:11.26] /o {-6.151 -1.449} {-2.131 0.435}
[15:56:11.34] /# gi::executeAction deCanvasZoomInAtPoint -in [gi::getWindows 3]
[15:56:11.34] /i de::zoom -window [gi::getWindows 3] -factor 2.0 -center {-3.173 -0.182}
[15:56:11.34] /o {-4.662 -0.815} {-2.652 0.126}
[15:56:13.19] /# gi::executeAction deCanvasZoomOutAtPoint -in [gi::getWindows 3]
[15:56:13.19] /i de::zoom -window [gi::getWindows 3] -factor 0.5 -center {-3.422 -0.096}
[15:56:13.19] /o {-5.902 -1.535} {-1.882 0.349}
[15:56:14.15] /# gi::executeAction dePan -in [gi::getWindows 3]
[15:56:14.15] /i ide::pan [db::getNext [de::getContexts -window 3]]
[15:56:14.47] /# gi::executeAction deStartDrag -in [gi::getWindows 3]
[15:56:14.47] /i de::startDrag {-3.195 -0.631} -context [db::getNext [de::getContexts -window 3]]
[15:56:15.97] /# gi::executeAction deEndDrag -in [gi::getWindows 3]
[15:56:15.97] /i de::endDrag {-3.193 -0.631} -context [db::getNext [de::getContexts -window 3]]
[15:56:15.98] /r dePanToPoint {-4.857 -1.01}
[15:56:16.37] /# gi::executeAction deCanvasZoomOutAtPoint -in [gi::getWindows 3]
[15:56:16.37] /i de::zoom -window [gi::getWindows 3] -factor 0.5 -center {-3.727 -0.631}
[15:56:16.37] /o {-10.007 -3.272} {-1.967 0.494}
[15:56:18.97] /# gi::executeAction deStartDrag -in [gi::getWindows 3]
[15:56:18.97] /i de::startDrag {-4.009 -0.58} -context [db::getNext [de::getContexts -window 3]]
[15:56:19.67] /# gi::executeAction deEndDrag -in [gi::getWindows 3]
[15:56:19.67] /i de::endDrag {-4.009 -0.586} -context [db::getNext [de::getContexts -window 3]]
[15:56:19.67] /r dePanToPoint {-5.987 -1.174}
[15:56:31.52] /# gi::executeAction xtLVSSetup -in [gi::getWindows 3]
[15:56:31.52] /i xt::showLVSSetup -job lvs -window 3
[15:56:34.14] /# gi::setActiveDialog [gi::getDialogs {xtLVSSetup} -parent [gi::getWindows 3]]
[15:56:34.50] /# db::setAttr geometry -of [gi::getDialogs {xtLVSSetup} -parent [gi::getWindows 3]] -value 698x454+787+330
[15:56:35.92] /o oa:0x203668c0
[15:56:36.24] /i db::setAttr geometry -of [gi::getDialogs {xtLVSSetup} -parent [gi::getWindows 3]] -value 704x454+787+330
[15:57:19.35] /i gi::closeWindows [gi::getDialogs {xtLVSSetup} -parent [gi::getWindows 3]]
[15:57:21.20] /# gi::executeAction dePan -in [gi::getWindows 3]
[15:57:21.20] /i ide::pan [db::getNext [de::getContexts -window 3]]
[15:57:21.44] /# gi::executeAction deStartDrag -in [gi::getWindows 3]
[15:57:21.44] /i de::startDrag {-3.395 0.013} -context [db::getNext [de::getContexts -window 3]]
[15:57:22.54] /# gi::executeAction deEndDrag -in [gi::getWindows 3]
[15:57:22.54] /i de::endDrag {-3.41 0.039} -context [db::getNext [de::getContexts -window 3]]
[15:57:22.54] /r dePanToPoint {-5.22 -0.718}
[15:57:24.56] /# gi::executeAction deCanvasZoomOutAtPoint -in [gi::getWindows 3]
[15:57:24.56] /i de::zoom -window [gi::getWindows 3] -factor 0.5 -center {-4.767 0.034}
[15:57:24.56] /o {-13.712 -5.238} {2.368 2.295}
[15:57:24.69] /# gi::executeAction deCanvasZoomOutAtPoint -in [gi::getWindows 3]
[15:57:24.69] /i de::zoom -window [gi::getWindows 3] -factor 0.5 -center {-4.766 0.033}
[15:57:24.69] /o {-22.658 -10.509} {9.502 4.558}
[15:57:25.16] /# gi::executeAction deCanvasZoomInAtPoint -in [gi::getWindows 3]
[15:57:25.16] /i de::zoom -window [gi::getWindows 3] -factor 2.0 -center {-4.767 0.034}
[15:57:25.16] /o {-13.713 -5.237} {2.367 2.296}
[15:57:26.04] /# gi::executeAction deAbortCommand -in [gi::getWindows 3]
[15:57:26.04] /i de::abortCommand -context [db::getNext [de::getContexts -window 3]]
[15:57:28.81] /# gi::executeAction leDelete -in [gi::getWindows 3]
[15:57:28.81] /i ile::delete
[15:57:29.37] /# gi::executeAction deSelectByWindow -in [gi::getWindows 3]
[15:57:29.37] /i db::setPrefValue deSelectMode -value Replace -scope [db::getScopes [db::getNext [de::getContexts -window 3]]]; ide::selectByRegion -region rectangle -point {-7.11 0.965} 
[15:57:29.94] /# gi::executeAction deEndDrag -in [gi::getWindows 3]
[15:57:29.94] /i de::endDrag {-1.747 -2.576} -context [db::getNext [de::getContexts -window 3]]
[15:57:32.13] /# gi::executeAction deSelectByWindow -in [gi::getWindows 3]
[15:57:32.13] /i db::setPrefValue deSelectMode -value Replace -scope [db::getScopes [db::getNext [de::getContexts -window 3]]]; ide::selectByRegion -region rectangle -point {-8.45 1.21} 
[15:57:32.91] /# gi::executeAction deEndDrag -in [gi::getWindows 3]
[15:57:32.91] /i de::endDrag {-2.822 -3.323} -context [db::getNext [de::getContexts -window 3]]
[15:57:34.22] /# gi::executeAction deSelectByWindow -in [gi::getWindows 3]
[15:57:34.22] /i db::setPrefValue deSelectMode -value Replace -scope [db::getScopes [db::getNext [de::getContexts -window 3]]]; ide::selectByRegion -region rectangle -point {-8.205 1.13} 
[15:57:35.06] /# gi::executeAction deEndDrag -in [gi::getWindows 3]
[15:57:35.06] /i de::endDrag {-1.143 -3.282} -context [db::getNext [de::getContexts -window 3]]
[15:57:35.74] /# gi::executeAction giPostContextMenu -in [gi::getWindows 3]
[15:57:35.79] /i gi::executeAction menuPreShow -in [gi::getWindows 3]
[15:57:35.79] /r giMenuAccess db::getNext [gi::getMenus leRectContextMenu]
[15:57:39.30] /# gi::executeAction leDelete -in [gi::getWindows 3]
[15:57:39.30] /i ile::delete
[15:57:40.80] /# gi::executeAction deCanvasZoomInAtPoint -in [gi::getWindows 3]
[15:57:40.80] /i de::zoom -window [gi::getWindows 3] -factor 2.0 -center {-7.234 -0.621}
[15:57:40.80] /o {-10.473 -2.929} {-2.433 0.837}
[15:57:40.90] /# gi::executeAction deCanvasZoomInAtPoint -in [gi::getWindows 3]
[15:57:40.90] /i de::zoom -window [gi::getWindows 3] -factor 2.0 -center {-7.234 -0.621}
[15:57:40.90] /o {-8.854 -1.775} {-4.834 0.108}
[15:57:41.26] /# gi::executeAction deCanvasZoomInAtPoint -in [gi::getWindows 3]
[15:57:41.26] /i de::zoom -window [gi::getWindows 3] -factor 2.0 -center {-7.234 -0.621}
[15:57:41.26] /o {-8.044 -1.198} {-6.034 -0.256}
[15:57:41.83] /# gi::executeAction deCanvasZoomInAtPoint -in [gi::getWindows 3]
[15:57:41.83] /i de::zoom -window [gi::getWindows 3] -factor 2.0 -center {-7.234 -0.621}
[15:57:41.83] /o {-7.639 -0.91} {-6.634 -0.439}
[15:57:45.28] /i gi::setActiveWindow 2
[15:57:45.28] /i gi::setActiveWindow 2 -raise true
[15:57:51.69] /i gi::setActiveWindow 3
[15:57:51.69] /i gi::setActiveWindow 3 -raise true
[15:57:53.23] /# gi::executeAction deCanvasZoomOutAtPoint -in [gi::getWindows 3]
[15:57:53.23] /i de::zoom -window [gi::getWindows 3] -factor 0.5 -center {-7.134 -0.58}
[15:57:53.23] /o {-8.144 -1.239} {-6.134 -0.297}
[15:57:54.46] /# gi::executeAction leInstance -in [gi::getWindows 3]
[15:57:54.46] /i ile::createInst
[15:57:54.87] /i gi::setActiveDialog [gi::getDialogs {leCreateInst} -parent [gi::getWindows 3]]
[15:57:55.04] /i db::setAttr geometry -of [gi::getDialogs {leCreateInst}] -value 612x532+654+196
[15:57:59.03] /i db::setAttr geometry -of [gi::getDialogs {leCreateInst}] -value 612x532+19+168
[15:58:00.43] /i gi::setCurrentIndex {instLCVLibs} -index {parasitics} -in [gi::getDialogs {leCreateInst} -parent [gi::getWindows 3]]
[15:58:00.47] /i gi::setItemSelection {instLCVLibs} -index {parasitics} -in [gi::getDialogs {leCreateInst} -parent [gi::getWindows 3]]
[15:58:00.96] /i gi::setCurrentIndex {instLCVLibs} -index {reference90RF} -in [gi::getDialogs {leCreateInst} -parent [gi::getWindows 3]]
[15:58:01.09] /i gi::setItemSelection {instLCVLibs} -index {reference90RF} -in [gi::getDialogs {leCreateInst} -parent [gi::getWindows 3]]
[15:58:02.61] /i gi::setCurrentIndex {instLCVCellCategories} -index {Mos_4t} -in [gi::getDialogs {leCreateInst} -parent [gi::getWindows 3]]
[15:58:02.63] /i gi::setItemSelection {instLCVCellCategories} -index {Mos_4t} -in [gi::getDialogs {leCreateInst} -parent [gi::getWindows 3]]
[15:58:03.80] /i gi::setCurrentIndex {instLCVCells} -index {n_4t} -in [gi::getDialogs {leCreateInst} -parent [gi::getWindows 3]]
[15:58:04.04] /i gi::setItemSelection {instLCVCells} -index {n_4t} -in [gi::getDialogs {leCreateInst} -parent [gi::getWindows 3]]
[15:58:05.01] /i gi::setActiveTab {tabWidget} -tabName {instParamTab} -in [gi::getDialogs {leCreateInst} -parent [gi::getWindows 3]]
[15:58:06.43] /i gi::setItemSelection {instParamExpand} -index {w,all} -in [gi::getDialogs {leCreateInst} -parent [gi::getWindows 3]]
[15:58:06.44] /i gi::setCurrentIndex {instParamExpand} -index {w,Value} -in [gi::getDialogs {leCreateInst} -parent [gi::getWindows 3]]
[15:58:11.90] /i gi::setField {instParamExpand} -value {0.2u} -index {w,Value} -in [gi::getDialogs {leCreateInst} -parent [gi::getWindows 3]]
[15:58:11.90] /i gi::setItemSelection {instParamExpand} -index {l,all} -in [gi::getDialogs {leCreateInst} -parent [gi::getWindows 3]]
[15:58:11.91] /i gi::setCurrentIndex {instParamExpand} -index {l,Value} -in [gi::getDialogs {leCreateInst} -parent [gi::getWindows 3]]
[15:58:15.91] /i gi::setField {instParamExpand} -value {0.14u} -index {l,Value} -in [gi::getDialogs {leCreateInst} -parent [gi::getWindows 3]]
[15:58:23.83] /# gi::executeAction deAddPoint -in [gi::getWindows 3]
[15:58:23.83] /i de::addPoint {-7.838 -1.064} -context [db::getNext [de::getContexts -window 3]]
[15:58:25.79] /# gi::executeAction deAddPoint -in [gi::getWindows 3]
[15:58:25.79] /i de::addPoint {-6.986 -0.574} -context [db::getNext [de::getContexts -window 3]]
[15:58:28.96] /# gi::executeAction deAddPoint -in [gi::getWindows 3]
[15:58:28.96] /i de::addPoint {-6.309 -1.078} -context [db::getNext [de::getContexts -window 3]]
[15:58:43.38] /i gi::setCurrentIndex {instLCVCells} -index {ph_4t} -in [gi::getDialogs {leCreateInst} -parent [gi::getWindows 3]]
[15:58:43.48] /i gi::setItemSelection {instLCVCells} -index {ph_4t} -in [gi::getDialogs {leCreateInst} -parent [gi::getWindows 3]]
[15:58:44.07] /i gi::setCurrentIndex {instLCVCells} -index {p_4t} -in [gi::getDialogs {leCreateInst} -parent [gi::getWindows 3]]
[15:58:44.13] /i gi::setItemSelection {instLCVCells} -index {p_4t} -in [gi::getDialogs {leCreateInst} -parent [gi::getWindows 3]]
[15:58:46.17] /i gi::setItemSelection {instParamExpand} -index {w,all} -in [gi::getDialogs {leCreateInst} -parent [gi::getWindows 3]]
[15:58:46.18] /i gi::setCurrentIndex {instParamExpand} -index {w,Value} -in [gi::getDialogs {leCreateInst} -parent [gi::getWindows 3]]
[15:58:50.14] /i gi::setField {instParamExpand} -value {0.45u} -index {w,Value} -in [gi::getDialogs {leCreateInst} -parent [gi::getWindows 3]]
[15:58:50.15] /i gi::setItemSelection {instParamExpand} -index {l,all} -in [gi::getDialogs {leCreateInst} -parent [gi::getWindows 3]]
[15:58:50.15] /i gi::setCurrentIndex {instParamExpand} -index {l,Value} -in [gi::getDialogs {leCreateInst} -parent [gi::getWindows 3]]
[15:58:54.90] /i gi::setField {instParamExpand} -value {0.14u} -index {l,Value} -in [gi::getDialogs {leCreateInst} -parent [gi::getWindows 3]]
[15:58:57.20] /# gi::executeAction deAddPoint -in [gi::getWindows 3]
[15:58:57.20] /i de::addPoint {-6.418 -0.478} -context [db::getNext [de::getContexts -window 3]]
[15:58:58.85] /i gi::closeWindows [gi::getDialogs {leCreateInst} -parent [gi::getWindows 3]]
[15:59:01.54] /# gi::executeAction deCanvasZoomOutAtPoint -in [gi::getWindows 3]
[15:59:01.54] /i de::zoom -window [gi::getWindows 3] -factor 0.5 -center {-6.797 -0.597}
[15:59:01.54] /o {-9.491 -1.881} {-5.471 0.002}
[15:59:01.63] /# gi::executeAction deCanvasZoomOutAtPoint -in [gi::getWindows 3]
[15:59:01.64] /i de::zoom -window [gi::getWindows 3] -factor 0.5 -center {-6.796 -0.597}
[15:59:01.64] /o {-12.185 -3.165} {-4.145 0.601}
[15:59:02.52] /# gi::executeAction deCanvasZoomInAtPoint -in [gi::getWindows 3]
[15:59:02.52] /i de::zoom -window [gi::getWindows 3] -factor 2.0 -center {-5.686 -0.217}
[15:59:02.52] /o {-8.936 -1.691} {-4.916 0.192}
[15:59:03.05] /i gi::executeAction deCanvasDragCancel -in [gi::getWindows 3]
[15:59:04.17] /# gi::executeAction leDelete -in [gi::getWindows 3]
[15:59:04.17] /i ile::delete
[15:59:04.63] /# gi::executeAction deAddPoint -in [gi::getWindows 3]
[15:59:04.63] /i de::addPoint {-7.096 -0.476} -context [db::getNext [de::getContexts -window 3]]
[15:59:05.06] /# gi::executeAction deAddPoint -in [gi::getWindows 3]
[15:59:05.06] /i de::addPoint {-6.287 -1.095} -context [db::getNext [de::getContexts -window 3]]
[15:59:07.36] /# gi::executeAction deAbortCommand -in [gi::getWindows 3]
[15:59:07.36] /i de::abortCommand -context [db::getNext [de::getContexts -window 3]]
[15:59:09.19] /# gi::executeAction leMove -in [gi::getWindows 3]
[15:59:09.19] /i ile::move
[15:59:09.47] /# gi::executeAction deAddPoint -in [gi::getWindows 3]
[15:59:09.47] /i de::addPoint {-6.645 -0.396} -context [db::getNext [de::getContexts -window 3]]
[15:59:16.37] /i gi::setField {editAngleMode} -value {Any Angle} -in [gi::getToolbars {deCommandOptions} -from [gi::getWindows 3]]
[15:59:17.12] /# gi::executeAction deCanvasZoomInAtPoint -in [gi::getWindows 3]
[15:59:17.12] /i de::zoom -window [gi::getWindows 3] -factor 2.0 -center {-7.8 -0.488}
[15:59:17.12] /o {-8.368 -1.09} {-6.358 -0.148}
[15:59:33.68] /# gi::executeAction deAddPoint -in [gi::getWindows 3]
[15:59:33.68] /i de::addPoint {-8.067 -0.328} -context [db::getNext [de::getContexts -window 3]]
[15:59:34.77] /# gi::executeAction leRuler -in [gi::getWindows 3]
[15:59:34.78] /i ile::createRuler
[15:59:36.48] /# gi::executeAction deAddPoint -in [gi::getWindows 3]
[15:59:36.48] /i de::addPoint {-7.955 -0.864} -context [db::getNext [de::getContexts -window 3]]
[15:59:39.62] /# gi::executeAction deAddPoint -in [gi::getWindows 3]
[15:59:39.63] /i de::addPoint {-7.897 -0.644} -context [db::getNext [de::getContexts -window 3]]
[15:59:41.37] /# gi::executeAction dePan -in [gi::getWindows 3]
[15:59:41.37] /i ide::pan [db::getNext [de::getContexts -window 3]]
[15:59:41.87] /# gi::executeAction deStartDrag -in [gi::getWindows 3]
[15:59:41.87] /i de::startDrag {-7.367 -0.866} -context [db::getNext [de::getContexts -window 3]]
[15:59:42.93] /# gi::executeAction deEndDrag -in [gi::getWindows 3]
[15:59:42.93] /i de::endDrag {-7.366 -0.866} -context [db::getNext [de::getContexts -window 3]]
[15:59:42.93] /r dePanToPoint {-7.725 -0.575}
[15:59:47.05] /# gi::executeAction deAddPoint -in [gi::getWindows 3]
[15:59:47.05] /i de::addPoint {-6.844 -0.547} -context [db::getNext [de::getContexts -window 3]]
[15:59:47.83] /# gi::executeAction deAbortCommand -in [gi::getWindows 3]
[15:59:47.83] /i de::abortCommand -context [db::getNext [de::getContexts -window 3]]
[15:59:49.15] /i db::setAttr shown -of [gi::getAssistants dePropertyEditor -from [gi::getWindows 3]] -value false
[15:59:49.47] /i db::setAttr dockSize -of [gi::getAssistants leObjectLayerPanel -from [gi::getWindows 3]] -value 290x736
[15:59:49.87] /# gi::executeAction dePan -in [gi::getWindows 3]
[15:59:49.87] /i ide::pan [db::getNext [de::getContexts -window 3]]
[15:59:50.05] /# gi::executeAction deStartDrag -in [gi::getWindows 3]
[15:59:50.05] /i de::startDrag {-6.897 -0.672} -context [db::getNext [de::getContexts -window 3]]
[15:59:51.54] /# gi::executeAction deEndDrag -in [gi::getWindows 3]
[15:59:51.54] /i de::endDrag {-6.896 -0.674} -context [db::getNext [de::getContexts -window 3]]
[15:59:51.54] /r dePanToPoint {-7.695 -0.551}
[15:59:55.50] /# gi::setCurrentIndex {lpps} -index {poly drw} -in [gi::getAssistants leObjectLayerPanel -from [gi::getWindows 3]]
[15:59:55.50] /# gi::setItemSelection {lpps} -index {poly drw} -in [gi::getAssistants leObjectLayerPanel -from [gi::getWindows 3]]
[15:59:55.55] /# gi::executeAction leOLPSetActiveLPP -in [gi::getAssistants leObjectLayerPanel -from [gi::getWindows 3]]
[15:59:55.56] /i de::setActiveLPP [de::getLPPs -from [oa::DesignFind clk clk layout] -filter {%lpp =="poly drawing"}]
[15:59:56.64] /# gi::executeAction leRectangle -in [gi::getWindows 3]
[15:59:56.64] /i ile::createRectangle
[15:59:59.36] /# gi::executeAction deAddPoint -in [gi::getWindows 3]
[15:59:59.36] /i de::addPoint {-7.839 -0.386} -context [db::getNext [de::getContexts -window 3]]
[16:00:02.56] /# gi::executeAction deAddPoint -in [gi::getWindows 3]
[16:00:02.56] /i de::addPoint {-7.698 -0.913} -context [db::getNext [de::getContexts -window 3]]
[16:00:04.05] /# gi::setCurrentIndex {lpps} -index {m1 drw} -in [gi::getAssistants leObjectLayerPanel -from [gi::getWindows 3]]
[16:00:04.05] /# gi::setItemSelection {lpps} -index {m1 drw} -in [gi::getAssistants leObjectLayerPanel -from [gi::getWindows 3]]
[16:00:04.13] /# gi::executeAction leOLPSetActiveLPP -in [gi::getAssistants leObjectLayerPanel -from [gi::getWindows 3]]
[16:00:04.13] /i de::setActiveLPP [de::getLPPs -from [oa::DesignFind clk clk layout] -filter {%lpp =="m1 drawing"}]
[16:00:05.24] /# gi::executeAction leRectangle -in [gi::getWindows 3]
[16:00:05.24] /i ile::createRectangle
[16:04:10.70] /# gi::executeAction deAddPoint -in [gi::getWindows 3]
[16:04:10.70] /i de::addPoint {-7.625 -0.29} -context [db::getNext [de::getContexts -window 3]]
[16:04:12.99] /# gi::executeAction deAddPoint -in [gi::getWindows 3]
[16:04:12.99] /i de::addPoint {-7.525 -0.981} -context [db::getNext [de::getContexts -window 3]]
[16:04:14.54] /# gi::executeAction deAbortCommand -in [gi::getWindows 3]
[16:04:14.54] /i de::abortCommand -context [db::getNext [de::getContexts -window 3]]
[16:04:15.05] /# gi::executeAction deCanvasZoomOutAtPoint -in [gi::getWindows 3]
[16:04:15.05] /i de::zoom -window [gi::getWindows 3] -factor 0.5 -center {-7.351 -0.621}
[16:04:15.06] /o {-10.049 -1.422} {-6.029 0.461}
[16:04:20.25] /i gi::executeAction deCanvasDragCancel -in [gi::getWindows 3]
[16:04:20.64] /# gi::executeAction deSelectByWindow -in [gi::getWindows 3]
[16:04:20.64] /i db::setPrefValue deSelectMode -value Replace -scope [db::getScopes [db::getNext [de::getContexts -window 3]]]; ide::selectByRegion -region rectangle -point {-8.545 0.315} 
[16:04:21.92] /# gi::executeAction deEndDrag -in [gi::getWindows 3]
[16:04:21.92] /i de::endDrag {-6.955 -1.282} -context [db::getNext [de::getContexts -window 3]]
[16:04:23.11] /# gi::executeAction giPostContextMenu -in [gi::getWindows 3]
[16:04:23.15] /i gi::executeAction menuPreShow -in [gi::getWindows 3]
[16:04:23.15] /r giMenuAccess db::getNext [gi::getMenus leRectContextMenu]
[16:04:26.01] /# gi::executeAction deSelectByWindow -in [gi::getWindows 3]
[16:04:26.01] /i db::setPrefValue deSelectMode -value Replace -scope [db::getScopes [db::getNext [de::getContexts -window 3]]]; ide::selectByRegion -region rectangle -point {-8.565 0.385} 
[16:04:26.93] /# gi::executeAction deEndDrag -in [gi::getWindows 3]
[16:04:26.93] /i de::endDrag {-6.968 -1.346} -context [db::getNext [de::getContexts -window 3]]
[16:04:29.47] /# gi::executeAction leCopyToClipboard -in [gi::getWindows 3]
[16:04:29.47] /i ile::copyToClipboard
[16:04:29.93] /# gi::executeAction deAddPoint -in [gi::getWindows 3]
[16:04:29.93] /i de::addPoint {-6.505 -0.793} -context [db::getNext [de::getContexts -window 3]]
[16:04:32.14] /# gi::executeAction deCanvasZoomInAtPoint -in [gi::getWindows 3]
[16:04:32.14] /i de::zoom -window [gi::getWindows 3] -factor 2.0 -center {-6.453 -0.816}
[16:04:32.15] /o {-8.251 -1.119} {-6.241 -0.178}
[16:04:32.62] /# gi::executeAction deCanvasZoomInAtPoint -in [gi::getWindows 3]
[16:04:32.62] /i de::zoom -window [gi::getWindows 3] -factor 2.0 -center {-6.453 -0.816}
[16:04:32.62] /o {-7.352 -0.968} {-6.347 -0.497}
[16:04:33.36] /# gi::executeAction deCanvasZoomOutAtPoint -in [gi::getWindows 3]
[16:04:33.36] /i de::zoom -window [gi::getWindows 3] -factor 0.5 -center {-6.56 -0.82}
[16:04:33.36] /o {-8.144 -1.115} {-6.134 -0.174}
[16:04:33.41] /# gi::executeAction deCanvasZoomOutAtPoint -in [gi::getWindows 3]
[16:04:33.41] /i de::zoom -window [gi::getWindows 3] -factor 0.5 -center {-6.564 -0.82}
[16:04:33.41] /o {-9.724 -1.41} {-5.704 0.473}
[16:04:33.97] /# gi::executeAction lePaste -in [gi::getWindows 3]
[16:04:33.97] /i ile::paste
[16:04:34.04] /e Error: Clipboard is empty. (ILE_EDIT_COMMANDS-022)
[16:04:47.90] /# gi::executeAction dePan -in [gi::getWindows 3]
[16:04:47.90] /i ide::pan [db::getNext [de::getContexts -window 3]]
[16:04:48.41] /# gi::executeAction deStartDrag -in [gi::getWindows 3]
[16:04:48.41] /i de::startDrag {-8.6 0.133} -context [db::getNext [de::getContexts -window 3]]
[16:04:49.39] /# gi::executeAction deEndDrag -in [gi::getWindows 3]
[16:04:49.39] /i de::endDrag {-8.593 0.122} -context [db::getNext [de::getContexts -window 3]]
[16:04:49.39] /r dePanToPoint {-7.755 -0.159}
[16:05:03.03] /# gi::setCurrentIndex {lpps} -index {m2 drw} -in [gi::getAssistants leObjectLayerPanel -from [gi::getWindows 3]]
[16:05:03.03] /# gi::setItemSelection {lpps} -index {m2 drw} -in [gi::getAssistants leObjectLayerPanel -from [gi::getWindows 3]]
[16:05:03.10] /# gi::executeAction leOLPSetActiveLPP -in [gi::getAssistants leObjectLayerPanel -from [gi::getWindows 3]]
[16:05:03.10] /i de::setActiveLPP [de::getLPPs -from [oa::DesignFind clk clk layout] -filter {%lpp =="m2 drawing"}]
[16:05:04.25] /# gi::executeAction leRectangle -in [gi::getWindows 3]
[16:05:04.25] /i ile::createRectangle
[16:05:05.59] /# gi::executeAction deCanvasZoomInAtPoint -in [gi::getWindows 3]
[16:05:05.59] /i de::zoom -window [gi::getWindows 3] -factor 2.0 -center {-8.424 0.294}
[16:05:05.59] /o {-9.094 -0.403} {-7.084 0.538}
[16:05:05.68] /# gi::executeAction deCanvasZoomInAtPoint -in [gi::getWindows 3]
[16:05:05.68] /i de::zoom -window [gi::getWindows 3] -factor 2.0 -center {-8.424 0.294}
[16:05:05.68] /o {-8.759 -0.055} {-7.754 0.416}
[16:05:07.47] /# gi::executeAction deAddPoint -in [gi::getWindows 3]
[16:05:07.47] /i de::addPoint {-8.43 0.275} -context [db::getNext [de::getContexts -window 3]]
[16:05:08.47] /# gi::executeAction deCanvasZoomInAtPoint -in [gi::getWindows 3]
[16:05:08.47] /i de::zoom -window [gi::getWindows 3] -factor 2.0 -center {-7.906 0.337}
[16:05:08.47] /o {-8.333 0.141} {-7.83 0.377}
[16:05:09.19] /# gi::executeAction deCanvasZoomOutAtPoint -in [gi::getWindows 3]
[16:05:09.19] /i de::zoom -window [gi::getWindows 3] -factor 0.5 -center {-7.895 0.338}
[16:05:09.19] /o {-8.77 -0.056} {-7.765 0.415}
[16:05:09.75] /# gi::executeAction deCanvasZoomOutAtPoint -in [gi::getWindows 3]
[16:05:09.76] /i de::zoom -window [gi::getWindows 3] -factor 0.5 -center {-7.843 0.367}
[16:05:09.76] /o {-9.697 -0.478} {-7.687 0.463}
[16:05:09.89] /# gi::executeAction deCanvasZoomOutAtPoint -in [gi::getWindows 3]
[16:05:09.89] /i de::zoom -window [gi::getWindows 3] -factor 0.5 -center {-7.827 0.38}
[16:05:09.89] /o {-11.568 -1.337} {-7.548 0.547}
[16:05:10.28] /# gi::executeAction deCanvasZoomOutAtPoint -in [gi::getWindows 3]
[16:05:10.28] /i de::zoom -window [gi::getWindows 3] -factor 0.5 -center {-7.793 0.442}
[16:05:10.28] /o {-15.342 -3.115} {-7.302 0.651}
[16:05:11.77] /# gi::executeAction deAbortCommand -in [gi::getWindows 3]
[16:05:11.77] /i de::abortCommand -context [db::getNext [de::getContexts -window 3]]
[16:05:13.31] /# gi::executeAction dePan -in [gi::getWindows 3]
[16:05:13.34] /i ide::pan [db::getNext [de::getContexts -window 3]]
[16:05:13.54] /# gi::executeAction deStartDrag -in [gi::getWindows 3]
[16:05:13.54] /i de::startDrag {-8.827 -1.427} -context [db::getNext [de::getContexts -window 3]]
[16:05:14.27] /# gi::executeAction deEndDrag -in [gi::getWindows 3]
[16:05:14.27] /i de::endDrag {-8.853 -1.442} -context [db::getNext [de::getContexts -window 3]]
[16:05:14.27] /r dePanToPoint {-8.845 -0.894}
[16:05:14.94] /# gi::executeAction deCanvasZoomInAtPoint -in [gi::getWindows 3]
[16:05:14.94] /i de::zoom -window [gi::getWindows 3] -factor 2.0 -center {-7.599 0.027}
[16:05:14.95] /o {-10.232 -1.375} {-6.212 0.508}
[16:05:17.83] /# gi::setCurrentIndex {lpps} -index {m1 drw} -in [gi::getAssistants leObjectLayerPanel -from [gi::getWindows 3]]
[16:05:17.83] /# gi::setItemSelection {lpps} -index {m1 drw} -in [gi::getAssistants leObjectLayerPanel -from [gi::getWindows 3]]
[16:05:17.92] /# gi::executeAction leOLPSetActiveLPP -in [gi::getAssistants leObjectLayerPanel -from [gi::getWindows 3]]
[16:05:17.92] /i de::setActiveLPP [de::getLPPs -from [oa::DesignFind clk clk layout] -filter {%lpp =="m1 drawing"}]
[16:05:22.79] /# gi::executeAction deAbortCommand -in [gi::getWindows 3]
[16:05:22.79] /i de::abortCommand -context [db::getNext [de::getContexts -window 3]]
[16:05:24.65] /# gi::executeAction deSelectActive -in [gi::getWindows 3]
[16:05:24.65] /i de::deselectAll [db::getNext [de::getContexts -window 3]]
[16:05:24.66] /i de::select [de::getActiveFigure [gi::getWindows 3] -point {-7.256 -0.221} -index 0 -intent none]
[16:05:24.66] /o oa:0x204b6900
[16:05:26.52] /# gi::executeAction deCanvasZoomOutAtPoint -in [gi::getWindows 3]
[16:05:26.53] /i de::zoom -window [gi::getWindows 3] -factor 0.5 -center {-6.972 0.198}
[16:05:26.53] /o {-13.492 -2.949} {-5.452 0.818}
[16:05:27.72] /# gi::executeAction dePan -in [gi::getWindows 3]
[16:05:27.72] /i ide::pan [db::getNext [de::getContexts -window 3]]
[16:05:27.97] /# gi::executeAction deStartDrag -in [gi::getWindows 3]
[16:05:27.97] /i de::startDrag {-6.563 -0.441} -context [db::getNext [de::getContexts -window 3]]
[16:05:29.01] /# gi::executeAction deEndDrag -in [gi::getWindows 3]
[16:05:29.01] /i de::endDrag {-6.563 -0.446} -context [db::getNext [de::getContexts -window 3]]
[16:05:29.01] /r dePanToPoint {-8.464 -0.405}
[16:05:29.54] /# gi::executeAction leMove -in [gi::getWindows 3]
[16:05:29.54] /i ile::move
[16:05:30.39] /# gi::executeAction deAddPoint -in [gi::getWindows 3]
[16:05:30.39] /i de::addPoint {-7.341 -0.159} -context [db::getNext [de::getContexts -window 3]]
[16:05:33.54] /# gi::executeAction deCanvasZoomInAtPoint -in [gi::getWindows 3]
[16:05:33.54] /i de::zoom -window [gi::getWindows 3] -factor 2.0 -center {-7.346 0.194}
[16:05:33.54] /o {-9.915 -1.047} {-5.895 0.836}
[16:05:36.22] /# gi::executeAction deCanvasZoomInAtPoint -in [gi::getWindows 3]
[16:05:36.22] /i de::zoom -window [gi::getWindows 3] -factor 2.0 -center {-7.346 0.327}
[16:05:36.22] /o {-8.63 -0.36} {-6.621 0.582}
[16:05:38.54] /# gi::executeAction deAddPoint -in [gi::getWindows 3]
[16:05:38.54] /i de::addPoint {-7.334 0.286} -context [db::getNext [de::getContexts -window 3]]
[16:05:39.74] /# gi::executeAction deCanvasZoomOutAtPoint -in [gi::getWindows 3]
[16:05:39.74] /i de::zoom -window [gi::getWindows 3] -factor 0.5 -center {-7.359 0.02}
[16:05:39.75] /o {-9.902 -0.74} {-5.882 1.143}
[16:05:41.18] /i gi::executeAction deCanvasDragCancel -in [gi::getWindows 3]
[16:05:41.85] /# gi::executeAction leStretch -in [gi::getWindows 3]
[16:05:41.85] /i ile::stretch
[16:05:43.12] /# gi::executeAction deAddPoint -in [gi::getWindows 3]
[16:05:43.12] /i de::addPoint {-7.778 -0.39} -context [db::getNext [de::getContexts -window 3]]
[16:05:44.51] /# gi::executeAction deAbortCommand -in [gi::getWindows 3]
[16:05:44.51] /i de::abortCommand -context [db::getNext [de::getContexts -window 3]]
[16:05:45.22] /# gi::executeAction deSelectActive -in [gi::getWindows 3]
[16:05:45.22] /i de::deselectAll [db::getNext [de::getContexts -window 3]]
[16:05:45.23] /i de::deselectAllLogic -context [db::getNext [de::getContexts -window 3]]
[16:05:45.36] /# gi::executeAction deSelectActive -in [gi::getWindows 3]
[16:05:45.36] /i de::deselectAllLogic -context [db::getNext [de::getContexts -window 3]]
[16:05:45.68] /# gi::executeAction deSelectActive -in [gi::getWindows 3]
[16:05:45.68] /i de::deselectAllLogic -context [db::getNext [de::getContexts -window 3]]
[16:05:46.47] /# gi::executeAction leStretch -in [gi::getWindows 3]
[16:05:46.47] /i ile::stretch
[16:05:48.30] /# gi::executeAction deAddPoint -in [gi::getWindows 3]
[16:05:48.30] /i de::addPoint {-7.77 -0.395} -context [db::getNext [de::getContexts -window 3]]
[16:05:51.66] /# gi::executeAction deAddPoint -in [gi::getWindows 3]
[16:05:51.66] /i de::addPoint {-7.727 0.12} -context [db::getNext [de::getContexts -window 3]]
[16:05:52.70] /# gi::executeAction deAddPoint -in [gi::getWindows 3]
[16:05:52.70] /i de::addPoint {-7.556 -0.298} -context [db::getNext [de::getContexts -window 3]]
[16:05:53.86] /# gi::executeAction deAddPoint -in [gi::getWindows 3]
[16:05:53.86] /i de::addPoint {-7.538 0.199} -context [db::getNext [de::getContexts -window 3]]
[16:05:54.10] /# gi::executeAction deAbortCommand -in [gi::getWindows 3]
[16:05:54.10] /i de::abortCommand -context [db::getNext [de::getContexts -window 3]]
[16:05:55.76] /# gi::executeAction deCanvasZoomInAtPoint -in [gi::getWindows 3]
[16:05:55.77] /i de::zoom -window [gi::getWindows 3] -factor 2.0 -center {-7.415 0.16}
[16:05:55.77] /o {-8.658 -0.29} {-6.649 0.652}
[16:05:56.66] /# gi::executeAction deSelectActive -in [gi::getWindows 3]
[16:05:56.66] /i de::deselectAll [db::getNext [de::getContexts -window 3]]
[16:05:56.66] /i de::select [de::getActiveFigure [gi::getWindows 3] -point {-7.338 0.138} -index 0 -intent none]
[16:05:56.66] /o oa:0x2034a450
[16:05:56.93] /# gi::executeAction leMove -in [gi::getWindows 3]
[16:05:56.93] /i ile::move
[16:05:57.21] /# gi::executeAction deAddPoint -in [gi::getWindows 3]
[16:05:57.21] /i de::addPoint {-7.338 0.138} -context [db::getNext [de::getContexts -window 3]]
[16:05:58.94] /# gi::executeAction deAddPoint -in [gi::getWindows 3]
[16:05:58.94] /i de::addPoint {-7.347 0.133} -context [db::getNext [de::getContexts -window 3]]
[16:05:59.41] /# gi::executeAction deCanvasZoomOutAtPoint -in [gi::getWindows 3]
[16:05:59.41] /i de::zoom -window [gi::getWindows 3] -factor 0.5 -center {-7.347 0.133}
[16:05:59.42] /o {-9.97 -0.713} {-5.95 1.17}
[16:06:00.04] /# gi::executeAction deCanvasZoomOutAtPoint -in [gi::getWindows 3]
[16:06:00.04] /i de::zoom -window [gi::getWindows 3] -factor 0.5 -center {-7.347 0.134}
[16:06:00.04] /o {-12.593 -1.56} {-4.553 2.206}
[16:06:01.91] /i gi::executeAction deCanvasDragCancel -in [gi::getWindows 3]
[16:06:02.89] /# gi::executeAction deSelectByWindow -in [gi::getWindows 3]
[16:06:02.89] /i db::setPrefValue deSelectMode -value Replace -scope [db::getScopes [db::getNext [de::getContexts -window 3]]]; ide::selectByRegion -region rectangle -point {-8.795 0.925} 
[16:06:03.92] /# gi::executeAction deEndDrag -in [gi::getWindows 3]
[16:06:03.92] /i de::endDrag {-6.636 -1.433} -context [db::getNext [de::getContexts -window 3]]
[16:06:05.79] /# gi::executeAction leCopyToClipboard -in [gi::getWindows 3]
[16:06:05.79] /i ile::copyToClipboard
[16:06:05.88] /i gi::executeAction deObjectActivation -in [gi::getWindows 3]
[16:06:08.02] /i gi::executeAction deObjectActivation -in [gi::getWindows 3]
[16:06:14.17] /i gi::pressButton {apply} -in [gi::getToolbars {deCommandOptions} -from [gi::getWindows 3]]
[16:06:14.47] /w Warning: Setting leStopLevel will not take effect on a temporary design. (DRD-006)
[16:06:14.56] /o true
[16:06:16.45] /# gi::executeAction lePaste -in [gi::getWindows 3]
[16:06:16.45] /i ile::paste
[16:06:19.37] /# gi::executeAction deCanvasZoomInAtPoint -in [gi::getWindows 3]
[16:06:19.38] /i de::zoom -window [gi::getWindows 3] -factor 2.0 -center {-6.544 -0.742}
[16:06:19.38] /o {-9.568 -1.151} {-5.549 0.732}
[16:06:23.96] /# gi::executeAction deCanvasZoomOutAtPoint -in [gi::getWindows 3]
[16:06:23.97] /i de::zoom -window [gi::getWindows 3] -factor 0.5 -center {-7.081 -0.755}
[16:06:23.97] /o {-12.056 -1.547} {-4.016 2.219}
[16:06:25.71] /# gi::executeAction deAbortCommand -in [gi::getWindows 3]
[16:06:25.71] /i de::abortCommand -context [db::getNext [de::getContexts -window 3]]
[16:06:27.25] /# gi::executeAction lePaste -in [gi::getWindows 3]
[16:06:27.25] /i ile::paste
[16:06:34.78] /# gi::executeAction deAddPoint -in [gi::getWindows 3]
[16:06:34.78] /i de::addPoint {-7.102 -1.184} -context [db::getNext [de::getContexts -window 3]]
[16:06:36.47] /# gi::executeAction deAddPoint -in [gi::getWindows 3]
[16:06:36.47] /i de::addPoint {-5.751 -1.153} -context [db::getNext [de::getContexts -window 3]]
[16:06:37.07] /# gi::executeAction deAbortCommand -in [gi::getWindows 3]
[16:06:37.07] /i de::abortCommand -context [db::getNext [de::getContexts -window 3]]
[16:06:37.98] /# gi::executeAction deCanvasZoomInAtPoint -in [gi::getWindows 3]
[16:06:37.98] /i de::zoom -window [gi::getWindows 3] -factor 2.0 -center {-6.488 0.116}
[16:06:37.99] /o {-9.272 -0.716} {-5.252 1.168}
[16:06:40.04] /# gi::executeAction dePan -in [gi::getWindows 3]
[16:06:40.04] /i ide::pan [db::getNext [de::getContexts -window 3]]
[16:06:40.38] /# gi::executeAction deStartDrag -in [gi::getWindows 3]
[16:06:40.38] /i de::startDrag {-5.871 -0.542} -context [db::getNext [de::getContexts -window 3]]
[16:06:41.37] /# gi::executeAction deEndDrag -in [gi::getWindows 3]
[16:06:41.37] /i de::endDrag {-5.879 -0.534} -context [db::getNext [de::getContexts -window 3]]
[16:06:41.38] /r dePanToPoint {-7.011 -0.288}
[16:06:42.58] /# gi::executeAction deCanvasZoomOutAtPoint -in [gi::getWindows 3]
[16:06:42.58] /i de::zoom -window [gi::getWindows 3] -factor 0.5 -center {-5.715 -0.45}
[16:06:42.58] /o {-12.327 -2.01} {-4.287 1.757}
[16:06:44.07] /# gi::executeAction leMove -in [gi::getWindows 3]
[16:06:44.07] /i ile::move
[16:06:44.93] /# gi::executeAction deStartDrag -in [gi::getWindows 3]
[16:06:44.93] /i de::startDrag {-7.21 0.958} -context [db::getNext [de::getContexts -window 3]]
[16:06:45.73] /# gi::executeAction deEndDrag -in [gi::getWindows 3]
[16:06:45.73] /i de::endDrag {-5.633 -1.724} -context [db::getNext [de::getContexts -window 3]]
[16:06:46.46] /# gi::executeAction deCanvasZoomInAtPoint -in [gi::getWindows 3]
[16:06:46.46] /i de::zoom -window [gi::getWindows 3] -factor 2.0 -center {-6.882 1.112}
[16:06:46.46] /o {-9.605 -0.449} {-5.585 1.434}
[16:06:47.20] /# gi::executeAction deCanvasZoomInAtPoint -in [gi::getWindows 3]
[16:06:47.20] /i de::zoom -window [gi::getWindows 3] -factor 2.0 -center {-6.9 0.626}
[16:06:47.21] /o {-8.252 0.088} {-6.242 1.03}
[16:06:48.08] /# gi::executeAction deAddPoint -in [gi::getWindows 3]
[16:06:48.08] /i de::addPoint {-6.981 0.504} -context [db::getNext [de::getContexts -window 3]]
[16:06:54.32] /# gi::executeAction deAddPoint -in [gi::getWindows 3]
[16:06:54.32] /i de::addPoint {-6.992 0.493} -context [db::getNext [de::getContexts -window 3]]
[16:06:55.51] /# gi::executeAction dePan -in [gi::getWindows 3]
[16:06:55.51] /i ide::pan [db::getNext [de::getContexts -window 3]]
[16:06:55.69] /# gi::executeAction deStartDrag -in [gi::getWindows 3]
[16:06:55.70] /i de::startDrag {-6.566 0.786} -context [db::getNext [de::getContexts -window 3]]
[16:06:56.10] /# gi::executeAction deEndDrag -in [gi::getWindows 3]
[16:06:56.10] /i de::endDrag {-6.567 0.786} -context [db::getNext [de::getContexts -window 3]]
[16:06:56.10] /r dePanToPoint {-6.075 0.502}
[16:06:56.80] /# gi::executeAction deStartDrag -in [gi::getWindows 3]
[16:06:56.80] /i de::startDrag {-5.764 0.677} -context [db::getNext [de::getContexts -window 3]]
[16:06:57.17] /# gi::executeAction deEndDrag -in [gi::getWindows 3]
[16:06:57.17] /i de::endDrag {-5.765 0.677} -context [db::getNext [de::getContexts -window 3]]
[16:06:57.17] /r dePanToPoint {-5.42 0.392}
[16:06:57.31] /# gi::executeAction deCanvasZoomOutAtPoint -in [gi::getWindows 3]
[16:06:57.31] /i de::zoom -window [gi::getWindows 3] -factor 0.5 -center {-5.562 0.625}
[16:06:57.31] /o {-7.289 -0.783} {-3.269 1.1}
[16:06:58.27] /# gi::executeAction deCanvasZoomOutAtPoint -in [gi::getWindows 3]
[16:06:58.27] /i de::zoom -window [gi::getWindows 3] -factor 0.5 -center {-4.208 -0.034}
[16:06:58.27] /o {-10.369 -1.533} {-2.329 2.234}
[16:06:59.73] /# gi::executeAction leMove -in [gi::getWindows 3]
[16:06:59.73] /i ile::move
[16:07:00.85] /# gi::executeAction deStartDrag -in [gi::getWindows 3]
[16:07:00.85] /i de::startDrag {-5.876 0.811} -context [db::getNext [de::getContexts -window 3]]
[16:07:02.23] /# gi::executeAction deEndDrag -in [gi::getWindows 3]
[16:07:02.23] /i de::endDrag {-4.387 -1.272} -context [db::getNext [de::getContexts -window 3]]
[16:07:03.37] /# gi::executeAction deCanvasZoomInAtPoint -in [gi::getWindows 3]
[16:07:03.37] /i de::zoom -window [gi::getWindows 3] -factor 2.0 -center {-5.594 0.289}
[16:07:03.37] /o {-7.982 -0.622} {-3.962 1.262}
[16:07:04.03] /# gi::executeAction deCanvasZoomInAtPoint -in [gi::getWindows 3]
[16:07:04.03] /i de::zoom -window [gi::getWindows 3] -factor 2.0 -center {-5.745 0.819}
[16:07:04.03] /o {-6.863 0.099} {-4.853 1.04}
[16:07:04.81] /# gi::executeAction deAddPoint -in [gi::getWindows 3]
[16:07:04.81] /i de::addPoint {-5.708 0.676} -context [db::getNext [de::getContexts -window 3]]
[16:07:09.17] /# gi::executeAction deAddPoint -in [gi::getWindows 3]
[16:07:09.17] /i de::addPoint {-5.751 0.633} -context [db::getNext [de::getContexts -window 3]]
[16:07:09.60] /# gi::executeAction deCanvasZoomOutAtPoint -in [gi::getWindows 3]
[16:07:09.60] /i de::zoom -window [gi::getWindows 3] -factor 0.5 -center {-5.751 0.633}
[16:07:09.61] /o {-7.976 -0.436} {-3.956 1.448}
[16:07:10.01] /# gi::executeAction deCanvasZoomOutAtPoint -in [gi::getWindows 3]
[16:07:10.02] /i de::zoom -window [gi::getWindows 3] -factor 0.5 -center {-5.752 0.634}
[16:07:10.02] /o {-10.199 -1.506} {-2.159 2.261}
[16:07:11.25] /# gi::executeAction dePan -in [gi::getWindows 3]
[16:07:11.25] /i ide::pan [db::getNext [de::getContexts -window 3]]
[16:07:11.51] /# gi::executeAction deStartDrag -in [gi::getWindows 3]
[16:07:11.51] /i de::startDrag {-4.089 -0.687} -context [db::getNext [de::getContexts -window 3]]
[16:07:12.93] /# gi::executeAction deEndDrag -in [gi::getWindows 3]
[16:07:12.93] /i de::endDrag {-4.084 -0.697} -context [db::getNext [de::getContexts -window 3]]
[16:07:12.93] /r dePanToPoint {-6.957 -0.692}
[16:07:13.60] /# gi::executeAction deCanvasZoomInAtPoint -in [gi::getWindows 3]
[16:07:13.60] /i de::zoom -window [gi::getWindows 3] -factor 2.0 -center {-6.172 -0.282}
[16:07:13.61] /o {-8.575 -1.429} {-4.555 0.455}
[16:07:14.28] /# gi::executeAction deAbortCommand -in [gi::getWindows 3]
[16:07:14.28] /i de::abortCommand -context [db::getNext [de::getContexts -window 3]]
[16:07:15.60] /# gi::executeAction deAddPoint -in [gi::getWindows 3]
[16:07:15.60] /i de::addPoint {-5.327 -0.687} -context [db::getNext [de::getContexts -window 3]]
[16:07:15.81] /# gi::executeAction leDelete -in [gi::getWindows 3]
[16:07:15.81] /i ile::delete
[16:07:16.92] /# gi::executeAction deSelectActive -in [gi::getWindows 3]
[16:07:16.92] /i de::deselectAll [db::getNext [de::getContexts -window 3]]
[16:07:16.92] /i de::select [de::getActiveFigure [gi::getWindows 3] -point {-6.638 -0.684} -index 0 -intent none]
[16:07:16.92] /o oa:0x209568d0
[16:07:17.06] /# gi::executeAction leDelete -in [gi::getWindows 3]
[16:07:17.06] /i ile::delete
[16:07:18.55] /# gi::executeAction deSelectActive -in [gi::getWindows 3]
[16:07:18.55] /i de::deselectAll [db::getNext [de::getContexts -window 3]]
[16:07:18.55] /i de::select [de::getActiveFigure [gi::getWindows 3] -point {-7.963 -0.694} -index 0 -intent none]
[16:07:18.56] /o oa:0x1fd8c630
[16:07:18.79] /# gi::executeAction leDelete -in [gi::getWindows 3]
[16:07:18.79] /i ile::delete
[16:07:23.09] /# gi::executeAction dePan -in [gi::getWindows 3]
[16:07:23.09] /i ide::pan [db::getNext [de::getContexts -window 3]]
[16:07:23.34] /# gi::executeAction deStartDrag -in [gi::getWindows 3]
[16:07:23.34] /i de::startDrag {-6.812 -0.492} -context [db::getNext [de::getContexts -window 3]]
[16:07:23.77] /# gi::executeAction deEndDrag -in [gi::getWindows 3]
[16:07:23.77] /i de::endDrag {-6.794 -0.53} -context [db::getNext [de::getContexts -window 3]]
[16:07:23.78] /r dePanToPoint {-6.672 0.398}
[16:07:29.50] /# gi::executeAction deStartDrag -in [gi::getWindows 3]
[16:07:29.50] /i de::startDrag {-5.491 0.918} -context [db::getNext [de::getContexts -window 3]]
[16:07:29.80] /# gi::executeAction deEndDrag -in [gi::getWindows 3]
[16:07:29.80] /i de::endDrag {-5.494 0.918} -context [db::getNext [de::getContexts -window 3]]
[16:07:29.80] /r dePanToPoint {-6.452 0.483}
[16:07:30.61] /# gi::executeAction deCanvasZoomOutAtPoint -in [gi::getWindows 3]
[16:07:30.61] /i de::zoom -window [gi::getWindows 3] -factor 0.5 -center {-5.494 0.918}
[16:07:30.62] /o {-11.43 -1.836} {-3.39 1.931}
[16:07:36.10] /# gi::executeAction deCanvasZoomInAtPoint -in [gi::getWindows 3]
[16:07:36.10] /i de::zoom -window [gi::getWindows 3] -factor 2.0 -center {-6.266 1.138}
[16:07:36.10] /o {-8.848 -0.349} {-4.828 1.535}
[16:07:37.03] /# gi::executeAction deCanvasZoomInAtPoint -in [gi::getWindows 3]
[16:07:37.03] /i de::zoom -window [gi::getWindows 3] -factor 2.0 -center {-7.064 0.882}
[16:07:37.03] /o {-7.956 0.267} {-5.946 1.208}
[16:07:38.05] /# gi::executeAction deCanvasZoomOutAtPoint -in [gi::getWindows 3]
[16:07:38.05] /i de::zoom -window [gi::getWindows 3] -factor 0.5 -center {-7.774 0.813}
[16:07:38.05] /o {-8.138 -0.28} {-4.118 1.604}
[16:07:38.83] /# gi::executeAction deCanvasZoomOutAtPoint -in [gi::getWindows 3]
[16:07:38.84] /i de::zoom -window [gi::getWindows 3] -factor 0.5 -center {-7.567 0.833}
[16:07:38.84] /o {-8.709 -1.393} {-0.669 2.374}
[16:07:41.36] /# gi::executeAction leRectangle -in [gi::getWindows 3]
[16:07:41.36] /i ile::createRectangle
[16:07:43.10] /# gi::executeAction deAddPoint -in [gi::getWindows 3]
[16:07:43.10] /i de::addPoint {-8.433 0.742} -context [db::getNext [de::getContexts -window 3]]
[16:07:46.36] /# gi::executeAction deAddPoint -in [gi::getWindows 3]
[16:07:46.36] /i de::addPoint {-4.466 1.115} -context [db::getNext [de::getContexts -window 3]]
[16:07:47.73] /# gi::executeAction dePan -in [gi::getWindows 3]
[16:07:47.73] /i ide::pan [db::getNext [de::getContexts -window 3]]
[16:07:48.01] /# gi::executeAction deStartDrag -in [gi::getWindows 3]
[16:07:48.01] /i de::startDrag {-7.005 -1.029} -context [db::getNext [de::getContexts -window 3]]
[16:07:49.04] /# gi::executeAction deEndDrag -in [gi::getWindows 3]
[16:07:49.04] /i de::endDrag {-6.984 -1.004} -context [db::getNext [de::getContexts -window 3]]
[16:07:49.04] /r dePanToPoint {-5.247 -0.814}
[16:07:49.26] /# gi::executeAction leRectangle -in [gi::getWindows 3]
[16:07:49.27] /i ile::createRectangle
[16:07:52.56] /# gi::executeAction deAddPoint -in [gi::getWindows 3]
[16:07:52.56] /i de::addPoint {-8.371 -1.275} -context [db::getNext [de::getContexts -window 3]]
[16:07:56.30] /# gi::executeAction deAddPoint -in [gi::getWindows 3]
[16:07:56.30] /i de::addPoint {-4.456 -1.848} -context [db::getNext [de::getContexts -window 3]]
[16:07:58.86] /# gi::executeAction leRectangle -in [gi::getWindows 3]
[16:07:58.86] /i ile::createRectangle
[16:07:59.16] /# gi::executeAction deStartDrag -in [gi::getWindows 3]
[16:07:59.16] /i de::startDrag {-4.338 0.26} -context [db::getNext [de::getContexts -window 3]]
[16:08:00.26] /# gi::executeAction deEndDrag -in [gi::getWindows 3]
[16:08:00.26] /i de::endDrag {-4.129 -0.594} -context [db::getNext [de::getContexts -window 3]]
[16:08:00.67] /# gi::executeAction deAbortCommand -in [gi::getWindows 3]
[16:08:00.67] /i de::abortCommand -context [db::getNext [de::getContexts -window 3]]
[16:08:02.94] /i de::undoTransaction -design [db::getAttr editDesign -of [de::getContexts -window 3]] -steps 1
[16:08:04.12] /# gi::executeAction dePan -in [gi::getWindows 3]
[16:08:04.12] /i ide::pan [db::getNext [de::getContexts -window 3]]
[16:08:04.46] /# gi::executeAction deStartDrag -in [gi::getWindows 3]
[16:08:04.46] /i de::startDrag {-5.787 -0.313} -context [db::getNext [de::getContexts -window 3]]
[16:08:05.71] /# gi::executeAction deEndDrag -in [gi::getWindows 3]
[16:08:05.71] /i de::endDrag {-5.777 -0.313} -context [db::getNext [de::getContexts -window 3]]
[16:08:05.71] /r dePanToPoint {-5.83 0.148}
[16:08:06.23] /# gi::executeAction deCanvasZoomInAtPoint -in [gi::getWindows 3]
[16:08:06.23] /i de::zoom -window [gi::getWindows 3] -factor 2.0 -center {-6.867 1.003}
[16:08:06.24] /o {-8.359 -0.366} {-4.339 1.517}
[16:08:07.50] /# gi::executeAction deStartDrag -in [gi::getWindows 3]
[16:08:07.50] /i de::startDrag {-7.069 0.519} -context [db::getNext [de::getContexts -window 3]]
[16:08:08.29] /# gi::executeAction deEndDrag -in [gi::getWindows 3]
[16:08:08.29] /i de::endDrag {-7.066 0.522} -context [db::getNext [de::getContexts -window 3]]
[16:08:08.29] /r dePanToPoint {-6.405 0.483}
[16:08:08.96] /# gi::executeAction leRectangle -in [gi::getWindows 3]
[16:08:08.96] /i ile::createRectangle
[16:08:11.05] /# gi::executeAction deAddPoint -in [gi::getWindows 3]
[16:08:11.05] /i de::addPoint {-8.008 0.309} -context [db::getNext [de::getContexts -window 3]]
[16:08:13.44] /# gi::executeAction deAbortCommand -in [gi::getWindows 3]
[16:08:13.44] /i de::abortCommand -context [db::getNext [de::getContexts -window 3]]
[16:08:14.69] /# gi::executeAction leRectangle -in [gi::getWindows 3]
[16:08:14.69] /i ile::createRectangle
[16:08:16.19] /# gi::executeAction deAddPoint -in [gi::getWindows 3]
[16:08:16.19] /i de::addPoint {-8.011 0.368} -context [db::getNext [de::getContexts -window 3]]
[16:08:17.29] /# gi::executeAction deAbortCommand -in [gi::getWindows 3]
[16:08:17.29] /i de::abortCommand -context [db::getNext [de::getContexts -window 3]]
[16:08:18.49] /# gi::executeAction leRectangle -in [gi::getWindows 3]
[16:08:18.49] /i ile::createRectangle
[16:08:20.40] /# gi::executeAction deAddPoint -in [gi::getWindows 3]
[16:08:20.40] /i de::addPoint {-8.013 0.33} -context [db::getNext [de::getContexts -window 3]]
[16:08:24.31] /# gi::executeAction deAddPoint -in [gi::getWindows 3]
[16:08:24.31] /i de::addPoint {-7.916 0.849} -context [db::getNext [de::getContexts -window 3]]
[16:08:26.20] /# gi::executeAction deAddPoint -in [gi::getWindows 3]
[16:08:26.20] /i de::addPoint {-6.693 0.314} -context [db::getNext [de::getContexts -window 3]]
[16:08:33.47] /# gi::executeAction deCanvasZoomInAtPoint -in [gi::getWindows 3]
[16:08:33.47] /i de::zoom -window [gi::getWindows 3] -factor 2.0 -center {-6.598 0.865}
[16:08:33.47] /o {-7.506 0.203} {-5.496 1.145}
[16:08:34.82] /# gi::executeAction deAddPoint -in [gi::getWindows 3]
[16:08:34.82] /i de::addPoint {-6.594 0.865} -context [db::getNext [de::getContexts -window 3]]
[16:08:35.95] /# gi::executeAction leRectangle -in [gi::getWindows 3]
[16:08:35.95] /i ile::createRectangle
[16:08:36.69] /# gi::executeAction dePan -in [gi::getWindows 3]
[16:08:36.69] /i ide::pan [db::getNext [de::getContexts -window 3]]
[16:08:37.00] /# gi::executeAction deStartDrag -in [gi::getWindows 3]
[16:08:37.00] /i de::startDrag {-5.962 0.64} -context [db::getNext [de::getContexts -window 3]]
[16:08:39.28] /# gi::executeAction deEndDrag -in [gi::getWindows 3]
[16:08:39.29] /i de::endDrag {-5.961 0.64} -context [db::getNext [de::getContexts -window 3]]
[16:08:39.32] /r dePanToPoint {-5.219 0.616}
[16:08:39.81] /# gi::executeAction leRectangle -in [gi::getWindows 3]
[16:08:39.81] /i ile::createRectangle
[16:08:41.14] /# gi::executeAction deAddPoint -in [gi::getWindows 3]
[16:08:41.14] /i de::addPoint {-5.377 0.345} -context [db::getNext [de::getContexts -window 3]]
[16:08:43.00] /# gi::executeAction deAddPoint -in [gi::getWindows 3]
[16:08:43.00] /i de::addPoint {-5.274 0.876} -context [db::getNext [de::getContexts -window 3]]
[16:08:45.32] /# gi::executeAction deCanvasZoomOutAtPoint -in [gi::getWindows 3]
[16:08:45.32] /i de::zoom -window [gi::getWindows 3] -factor 0.5 -center {-5.674 0.495}
[16:08:45.32] /o {-6.775 -0.203} {-2.755 1.68}
[16:08:45.59] /# gi::executeAction deCanvasZoomOutAtPoint -in [gi::getWindows 3]
[16:08:45.59] /i de::zoom -window [gi::getWindows 3] -factor 0.5 -center {-5.675 0.495}
[16:08:45.59] /o {-7.875 -0.902} {0.165 2.865}
[16:08:46.19] /# gi::executeAction deCanvasZoomInAtPoint -in [gi::getWindows 3]
[16:08:46.19] /i de::zoom -window [gi::getWindows 3] -factor 2.0 -center {-6.299 0.229}
[16:08:46.19] /o {-7.087 -0.336} {-3.067 1.547}
[16:08:47.77] /# gi::executeAction dePan -in [gi::getWindows 3]
[16:08:47.77] /i ide::pan [db::getNext [de::getContexts -window 3]]
[16:08:48.02] /# gi::executeAction deStartDrag -in [gi::getWindows 3]
[16:08:48.05] /i de::startDrag {-5.951 -0.293} -context [db::getNext [de::getContexts -window 3]]
[16:08:48.36] /# gi::executeAction deEndDrag -in [gi::getWindows 3]
[16:08:48.37] /i de::endDrag {-5.948 -0.29} -context [db::getNext [de::getContexts -window 3]]
[16:08:48.37] /r dePanToPoint {-6.832 -0.636}
[16:08:49.00] /# gi::executeAction deStartDrag -in [gi::getWindows 3]
[16:08:49.00] /i de::startDrag {-7.783 -1.076} -context [db::getNext [de::getContexts -window 3]]
[16:08:50.29] /# gi::executeAction deEndDrag -in [gi::getWindows 3]
[16:08:50.29] /i de::endDrag {-7.786 -1.079} -context [db::getNext [de::getContexts -window 3]]
[16:08:50.29] /r dePanToPoint {-7.444 -1.245}
[16:08:50.51] /# gi::executeAction leRectangle -in [gi::getWindows 3]
[16:08:50.51] /i ile::createRectangle
[16:08:52.60] /# gi::executeAction deAddPoint -in [gi::getWindows 3]
[16:08:52.60] /i de::addPoint {-8.016 -0.969} -context [db::getNext [de::getContexts -window 3]]
[16:08:55.52] /# gi::executeAction deCanvasZoomInAtPoint -in [gi::getWindows 3]
[16:08:55.52] /i de::zoom -window [gi::getWindows 3] -factor 2.0 -center {-7.913 -1.595}
[16:08:55.52] /o {-8.683 -1.891} {-6.673 -0.949}
[16:08:56.89] /# gi::executeAction deAddPoint -in [gi::getWindows 3]
[16:08:56.89] /i de::addPoint {-7.913 -1.595} -context [db::getNext [de::getContexts -window 3]]
[16:08:57.92] /# gi::executeAction dePan -in [gi::getWindows 3]
[16:08:57.95] /i ide::pan [db::getNext [de::getContexts -window 3]]
[16:08:58.13] /# gi::executeAction deStartDrag -in [gi::getWindows 3]
[16:08:58.13] /i de::startDrag {-7.028 -1.192} -context [db::getNext [de::getContexts -window 3]]
[16:08:59.30] /# gi::executeAction deEndDrag -in [gi::getWindows 3]
[16:08:59.30] /i de::endDrag {-7.029 -1.192} -context [db::getNext [de::getContexts -window 3]]
[16:08:59.30] /r dePanToPoint {-6.416 -1.128}
[16:08:59.86] /# gi::executeAction leRectangle -in [gi::getWindows 3]
[16:08:59.86] /i ile::createRectangle
[16:09:01.56] /# gi::executeAction deAddPoint -in [gi::getWindows 3]
[16:09:01.56] /i de::addPoint {-6.693 -0.97} -context [db::getNext [de::getContexts -window 3]]
[16:09:03.34] /# gi::executeAction deAddPoint -in [gi::getWindows 3]
[16:09:03.34] /i de::addPoint {-6.595 -1.508} -context [db::getNext [de::getContexts -window 3]]
[16:09:04.06] /# gi::executeAction dePan -in [gi::getWindows 3]
[16:09:04.06] /i ide::pan [db::getNext [de::getContexts -window 3]]
[16:09:04.42] /# gi::executeAction deStartDrag -in [gi::getWindows 3]
[16:09:04.43] /i de::startDrag {-5.931 -1.192} -context [db::getNext [de::getContexts -window 3]]
[16:09:05.53] /# gi::executeAction deEndDrag -in [gi::getWindows 3]
[16:09:05.53] /i de::endDrag {-5.971 -1.192} -context [db::getNext [de::getContexts -window 3]]
[16:09:05.53] /r dePanToPoint {-5.172 -1.032}
[16:09:05.79] /# gi::executeAction deAddPoint -in [gi::getWindows 3]
[16:09:05.79] /i de::addPoint {-5.971 -1.192} -context [db::getNext [de::getContexts -window 3]]
[16:09:06.07] /# gi::executeAction leRectangle -in [gi::getWindows 3]
[16:09:06.07] /i ile::createRectangle
[16:09:07.67] /# gi::executeAction deAddPoint -in [gi::getWindows 3]
[16:09:07.67] /i de::addPoint {-5.377 -0.966} -context [db::getNext [de::getContexts -window 3]]
[16:09:10.14] /# gi::executeAction deAddPoint -in [gi::getWindows 3]
[16:09:10.14] /i de::addPoint {-5.276 -1.505} -context [db::getNext [de::getContexts -window 3]]
[16:09:11.05] /# gi::executeAction deAbortCommand -in [gi::getWindows 3]
[16:09:11.05] /i de::abortCommand -context [db::getNext [de::getContexts -window 3]]
[16:09:11.48] /# gi::executeAction deCanvasZoomOutAtPoint -in [gi::getWindows 3]
[16:09:11.48] /i de::zoom -window [gi::getWindows 3] -factor 0.5 -center {-5.822 -1.232}
[16:09:11.48] /o {-8.13 -2.094} {-4.11 -0.21}
[16:09:12.80] /# gi::executeAction deDescendRead -in [gi::getWindows 3]
[16:09:12.80] /i ide::descend 3 -inPlace false -readOnly true -promptView false
[16:09:12.98] /# gi::executeAction deSelectActive -in [gi::getWindows 3]
[16:09:12.99] /i de::deselectAllLogic -context [db::getNext [de::getContexts -window 3]]
[16:09:14.36] /# gi::executeAction deEndDrag -in [gi::getWindows 3]
[16:09:14.36] /i de::endDrag {-5.51 -1.439} -context [db::getNext [de::getContexts -window 3]]
[16:09:15.44] /# gi::executeAction deSelectActive -in [gi::getWindows 3]
[16:09:15.44] /i de::deselectAllLogic -context [db::getNext [de::getContexts -window 3]]
[16:09:15.86] /# gi::executeAction deEndDrag -in [gi::getWindows 3]
[16:09:15.86] /i de::endDrag {-5.571 -0.978} -context [db::getNext [de::getContexts -window 3]]
[16:09:16.25] /# gi::executeAction dePan -in [gi::getWindows 3]
[16:09:16.25] /i ide::pan [db::getNext [de::getContexts -window 3]]
[16:09:16.49] /# gi::executeAction deStartDrag -in [gi::getWindows 3]
[16:09:16.49] /i de::startDrag {-5.924 -0.517} -context [db::getNext [de::getContexts -window 3]]
[16:09:18.73] /# gi::executeAction deEndDrag -in [gi::getWindows 3]
[16:09:18.73] /i de::endDrag {-5.919 -0.528} -context [db::getNext [de::getContexts -window 3]]
[16:09:18.73] /r dePanToPoint {-6.527 -0.325}
[16:09:20.90] /# gi::executeAction leVia -in [gi::getWindows 3]
[16:09:20.90] /i ile::createVia
[16:09:21.10] /o oa:0x1e2d47f0
[16:09:25.43] /i gi::setField {viaDefName} -value {poly_cust} -in [gi::getToolbars {deCommandOptions} -from [gi::getWindows 3]]
[16:09:26.68] /# gi::executeAction deCanvasZoomInAtPoint -in [gi::getWindows 3]
[16:09:26.68] /i de::zoom -window [gi::getWindows 3] -factor 2.0 -center {-6.52 -0.218}
[16:09:26.69] /o {-7.528 -0.743} {-5.518 0.199}
[16:09:29.33] /# gi::executeAction deCanvasZoomInAtPoint -in [gi::getWindows 3]
[16:09:29.33] /i de::zoom -window [gi::getWindows 3] -factor 2.0 -center {-6.506 -0.153}
[16:09:29.34] /o {-7.017 -0.448} {-6.012 0.023}
[16:09:30.04] /# gi::executeAction deCanvasZoomOutAtPoint -in [gi::getWindows 3]
[16:09:30.05] /i de::zoom -window [gi::getWindows 3] -factor 0.5 -center {-6.513 -0.166}
[16:09:30.05] /o {-7.521 -0.73} {-5.511 0.212}
[16:09:35.46] /# gi::executeAction deAddPoint -in [gi::getWindows 3]
[16:09:35.46] /i de::addPoint {-6.476 -0.255} -context [db::getNext [de::getContexts -window 3]]
[16:09:36.71] /# gi::executeAction leRuler -in [gi::getWindows 3]
[16:09:36.71] /i ile::createRuler
[16:09:38.40] /# gi::executeAction deAddPoint -in [gi::getWindows 3]
[16:09:38.40] /i de::addPoint {-6.307 -0.263} -context [db::getNext [de::getContexts -window 3]]
[16:09:42.58] /# gi::executeAction deAddPoint -in [gi::getWindows 3]
[16:09:42.58] /i de::addPoint {-6.404 -0.266} -context [db::getNext [de::getContexts -window 3]]
[16:09:43.01] /# gi::executeAction deAbortCommand -in [gi::getWindows 3]
[16:09:43.01] /i de::abortCommand -context [db::getNext [de::getContexts -window 3]]
[16:09:44.00] /# gi::executeAction deSelectActive -in [gi::getWindows 3]
[16:09:44.00] /i de::deselectAll [db::getNext [de::getContexts -window 3]]
[16:09:44.00] /i de::select [de::getActiveFigure [gi::getWindows 3] -point {-6.546 -0.307} -index 0 -intent none]
[16:09:44.00] /o oa:0x20c60b70
[16:09:44.26] /# gi::executeAction leMove -in [gi::getWindows 3]
[16:09:44.26] /i ile::move
[16:09:44.46] /# gi::executeAction deAddPoint -in [gi::getWindows 3]
[16:09:44.46] /i de::addPoint {-6.546 -0.307} -context [db::getNext [de::getContexts -window 3]]
[16:09:46.90] /# gi::executeAction deAddPoint -in [gi::getWindows 3]
[16:09:46.90] /i de::addPoint {-6.558 -0.304} -context [db::getNext [de::getContexts -window 3]]
[16:09:48.00] /# gi::executeAction deCanvasZoomOutAtPoint -in [gi::getWindows 3]
[16:09:48.00] /i de::zoom -window [gi::getWindows 3] -factor 0.5 -center {-6.039 -0.234}
[16:09:48.00] /o {-9.004 -1.225} {-4.984 0.658}
[16:09:49.09] /# gi::executeAction dePan -in [gi::getWindows 3]
[16:09:49.09] /i ide::pan [db::getNext [de::getContexts -window 3]]
[16:09:49.26] /# gi::executeAction deStartDrag -in [gi::getWindows 3]
[16:09:49.26] /i de::startDrag {-5.578 -0.327} -context [db::getNext [de::getContexts -window 3]]
[16:09:49.89] /# gi::executeAction deEndDrag -in [gi::getWindows 3]
[16:09:49.89] /i de::endDrag {-5.58 -0.327} -context [db::getNext [de::getContexts -window 3]]
[16:09:49.89] /r dePanToPoint {-5.643 -0.14}
[16:09:50.29] /# gi::executeAction deCanvasZoomInAtPoint -in [gi::getWindows 3]
[16:09:50.29] /i de::zoom -window [gi::getWindows 3] -factor 2.0 -center {-5.281 -0.181}
[16:09:50.29] /o {-6.467 -0.631} {-4.457 0.31}
[16:09:53.14] /# gi::executeAction leRuler -in [gi::getWindows 3]
[16:09:53.14] /i ile::createRuler
[16:09:55.93] /# gi::executeAction deAddPoint -in [gi::getWindows 3]
[16:09:55.93] /i de::addPoint {-4.984 -0.282} -context [db::getNext [de::getContexts -window 3]]
[16:09:57.19] /# gi::executeAction deAddPoint -in [gi::getWindows 3]
[16:09:57.19] /i de::addPoint {-5.086 -0.291} -context [db::getNext [de::getContexts -window 3]]
[16:09:58.12] /# gi::executeAction leVia -in [gi::getWindows 3]
[16:09:58.12] /i ile::createVia
[16:09:58.20] /o oa:0x20bb5cb0
[16:10:01.87] /# gi::executeAction deAddPoint -in [gi::getWindows 3]
[16:10:01.87] /i de::addPoint {-5.17 -0.29} -context [db::getNext [de::getContexts -window 3]]
[16:10:05.63] /# gi::executeAction deCanvasZoomOutAtPoint -in [gi::getWindows 3]
[16:10:05.63] /i de::zoom -window [gi::getWindows 3] -factor 0.5 -center {-5.876 -0.297}
[16:10:05.63] /o {-7.058 -0.966} {-3.038 0.917}
[16:10:06.80] /# gi::executeAction deCanvasZoomInAtPoint -in [gi::getWindows 3]
[16:10:06.80] /i de::zoom -window [gi::getWindows 3] -factor 2.0 -center {-6.485 -0.249}
[16:10:06.80] /o {-6.771 -0.607} {-4.761 0.334}
[16:10:08.22] /# gi::executeAction leRotate90 -in [gi::getWindows 3]
[16:10:08.22] /i de::commandOption R90 -point {-5.876 -0.331}
[16:10:09.81] /# gi::executeAction deAbortCommand -in [gi::getWindows 3]
[16:10:09.81] /i de::abortCommand -context [db::getNext [de::getContexts -window 3]]
[16:10:10.21] /# gi::executeAction leRectangle -in [gi::getWindows 3]
[16:10:10.21] /i ile::createRectangle
[16:10:12.60] /# gi::executeAction deAddPoint -in [gi::getWindows 3]
[16:10:12.60] /i de::addPoint {-5.193 -0.242} -context [db::getNext [de::getContexts -window 3]]
[16:10:17.43] /# gi::executeAction deAddPoint -in [gi::getWindows 3]
[16:10:17.43] /i de::addPoint {-6.306 -0.339} -context [db::getNext [de::getContexts -window 3]]
[16:10:18.65] /# gi::executeAction leRectangle -in [gi::getWindows 3]
[16:10:18.65] /i ile::createRectangle
[16:10:18.83] /# gi::executeAction deStartDrag -in [gi::getWindows 3]
[16:10:18.83] /i de::startDrag {-6.577 -0.431} -context [db::getNext [de::getContexts -window 3]]
[16:10:19.96] /# gi::executeAction deEndDrag -in [gi::getWindows 3]
[16:10:19.96] /i de::endDrag {-5.386 -0.427} -context [db::getNext [de::getContexts -window 3]]
[16:10:20.66] /# gi::executeAction deAbortCommand -in [gi::getWindows 3]
[16:10:20.66] /i de::abortCommand -context [db::getNext [de::getContexts -window 3]]
[16:10:22.94] /i de::undoTransaction -design [db::getAttr editDesign -of [de::getContexts -window 3]] -steps 1
[16:10:24.13] /# gi::executeAction dePan -in [gi::getWindows 3]
[16:10:24.13] /i ide::pan [db::getNext [de::getContexts -window 3]]
[16:10:24.39] /# gi::executeAction deStartDrag -in [gi::getWindows 3]
[16:10:24.39] /i de::startDrag {-6.651 -0.197} -context [db::getNext [de::getContexts -window 3]]
[16:10:26.08] /# gi::executeAction deEndDrag -in [gi::getWindows 3]
[16:10:26.08] /i de::endDrag {-6.654 -0.197} -context [db::getNext [de::getContexts -window 3]]
[16:10:26.08] /r dePanToPoint {-7.054 -0.149}
[16:10:26.57] /# gi::executeAction leRectangle -in [gi::getWindows 3]
[16:10:26.57] /i ile::createRectangle
[16:10:29.53] /# gi::executeAction deAddPoint -in [gi::getWindows 3]
[16:10:29.53] /i de::addPoint {-6.44 -0.203} -context [db::getNext [de::getContexts -window 3]]
[16:10:34.52] /# gi::executeAction deAddPoint -in [gi::getWindows 3]
[16:10:34.52] /i de::addPoint {-7.625 -0.305} -context [db::getNext [de::getContexts -window 3]]
[16:10:36.86] /# gi::executeAction dePan -in [gi::getWindows 3]
[16:10:36.86] /i ide::pan [db::getNext [de::getContexts -window 3]]
[16:10:37.06] /# gi::executeAction deStartDrag -in [gi::getWindows 3]
[16:10:37.06] /i de::startDrag {-7.3 -0.511} -context [db::getNext [de::getContexts -window 3]]
[16:10:38.69] /# gi::executeAction deEndDrag -in [gi::getWindows 3]
[16:10:38.69] /i de::endDrag {-7.3 -0.511} -context [db::getNext [de::getContexts -window 3]]
[16:10:38.69] /r dePanToPoint {-7.201 -0.464}
[16:10:39.34] /# gi::executeAction leRuler -in [gi::getWindows 3]
[16:10:39.34] /i ile::createRuler
[16:10:40.87] /# gi::executeAction deAddPoint -in [gi::getWindows 3]
[16:10:40.87] /i de::addPoint {-7.625 -0.526} -context [db::getNext [de::getContexts -window 3]]
[16:10:42.62] /# gi::executeAction deAddPoint -in [gi::getWindows 3]
[16:10:42.62] /i de::addPoint {-7.726 -0.519} -context [db::getNext [de::getContexts -window 3]]
[16:10:43.46] /# gi::executeAction leVia -in [gi::getWindows 3]
[16:10:43.46] /i ile::createVia
[16:10:43.61] /o oa:0x210f5050
[16:10:46.49] /# gi::executeAction deAddPoint -in [gi::getWindows 3]
[16:10:46.49] /i de::addPoint {-7.809 -0.51} -context [db::getNext [de::getContexts -window 3]]
[16:10:48.07] /# gi::executeAction deAbortCommand -in [gi::getWindows 3]
[16:10:48.07] /i de::abortCommand -context [db::getNext [de::getContexts -window 3]]
[16:10:50.34] /# gi::executeAction leVia -in [gi::getWindows 3]
[16:10:50.34] /i ile::createVia
[16:10:50.59] /o oa:0x1f6901f0
[16:10:53.79] /i gi::setField {viaDefName} -value {via12} -in [gi::getToolbars {deCommandOptions} -from [gi::getWindows 3]]
[16:11:02.63] /# gi::executeAction deAddPoint -in [gi::getWindows 3]
[16:11:02.63] /i de::addPoint {-7.937 -0.511} -context [db::getNext [de::getContexts -window 3]]
[16:11:05.11] /# gi::executeAction deStartDrag -in [gi::getWindows 3]
[16:11:05.11] /i de::startDrag {-6.606 -0.582} -context [db::getNext [de::getContexts -window 3]]
[16:11:05.37] /# gi::executeAction deEndDrag -in [gi::getWindows 3]
[16:11:05.37] /i de::endDrag {-7.742 -0.601} -context [db::getNext [de::getContexts -window 3]]
[16:11:09.57] /i de::undoTransaction -design [db::getAttr editDesign -of [de::getContexts -window 3]] -steps 1
[16:11:11.15] /# gi::executeAction dePan -in [gi::getWindows 3]
[16:11:11.15] /i ide::pan [db::getNext [de::getContexts -window 3]]
[16:11:11.39] /# gi::executeAction deStartDrag -in [gi::getWindows 3]
[16:11:11.39] /i de::startDrag {-6.588 -0.555} -context [db::getNext [de::getContexts -window 3]]
[16:11:11.64] /# gi::executeAction deEndDrag -in [gi::getWindows 3]
[16:11:11.64] /i de::endDrag {-6.66 -0.555} -context [db::getNext [de::getContexts -window 3]]
[16:11:11.64] /r dePanToPoint {-5.981 -0.431}
[16:11:12.05] /# gi::executeAction deStartDrag -in [gi::getWindows 3]
[16:11:12.05] /i de::startDrag {-5.396 -0.476} -context [db::getNext [de::getContexts -window 3]]
[16:11:12.27] /# gi::executeAction deEndDrag -in [gi::getWindows 3]
[16:11:12.27] /i de::endDrag {-5.436 -0.481} -context [db::getNext [de::getContexts -window 3]]
[16:11:12.28] /r dePanToPoint {-5.43 -0.397}
[16:11:12.45] /# gi::executeAction deCanvasZoomOutAtPoint -in [gi::getWindows 3]
[16:11:12.45] /i de::zoom -window [gi::getWindows 3] -factor 0.5 -center {-5.436 -0.481}
[16:11:12.45] /o {-7.434 -1.256} {-3.414 0.627}
[16:11:13.38] /# gi::executeAction deCanvasZoomOutAtPoint -in [gi::getWindows 3]
[16:11:13.38] /i de::zoom -window [gi::getWindows 3] -factor 0.5 -center {-5.364 -0.496}
[16:11:13.40] /o {-9.504 -2.016} {-1.464 1.751}
[16:11:13.50] /# gi::executeAction deCanvasZoomOutAtPoint -in [gi::getWindows 3]
[16:11:13.51] /i de::zoom -window [gi::getWindows 3] -factor 0.5 -center {-5.363 -0.496}
[16:11:13.51] /o {-13.644 -3.535} {2.436 3.998}
[16:11:14.23] /# gi::executeAction deCanvasZoomInAtPoint -in [gi::getWindows 3]
[16:11:14.23] /i de::zoom -window [gi::getWindows 3] -factor 2.0 -center {-5.814 -0.649}
[16:11:14.23] /o {-9.729 -2.092} {-1.689 1.674}
[16:11:15.30] /# gi::executeAction deCanvasZoomInAtPoint -in [gi::getWindows 3]
[16:11:15.30] /i de::zoom -window [gi::getWindows 3] -factor 2.0 -center {-5.609 -0.623}
[16:11:15.30] /o {-7.669 -1.358} {-3.649 0.526}
[16:11:15.87] /# gi::executeAction deCanvasZoomOutAtPoint -in [gi::getWindows 3]
[16:11:15.87] /i de::zoom -window [gi::getWindows 3] -factor 0.5 -center {-5.609 -0.623}
[16:11:15.87] /o {-9.729 -2.092} {-1.689 1.674}
[16:11:17.85] /# gi::executeAction leVia -in [gi::getWindows 3]
[16:11:17.85] /i ile::createVia
[16:11:17.89] /o oa:0x1fa9be60
[16:11:26.23] /# gi::executeAction deCanvasZoomInAtPoint -in [gi::getWindows 3]
[16:11:26.23] /i de::zoom -window [gi::getWindows 3] -factor 2.0 -center {-4.872 -0.526}
[16:11:26.23] /o {-7.301 -1.309} {-3.281 0.574}
[16:11:27.55] /# gi::executeAction deAddPoint -in [gi::getWindows 3]
[16:11:27.55] /i de::addPoint {-4.875 -0.526} -context [db::getNext [de::getContexts -window 3]]
[16:11:28.21] /# gi::executeAction deCanvasZoomOutAtPoint -in [gi::getWindows 3]
[16:11:28.21] /i de::zoom -window [gi::getWindows 3] -factor 0.5 -center {-4.427 -0.501}
[16:11:28.22] /o {-10.174 -2.117} {-2.134 1.649}
[16:11:29.62] /# gi::setCurrentIndex {lpps} -index {m2 drw} -in [gi::getAssistants leObjectLayerPanel -from [gi::getWindows 3]]
[16:11:29.62] /# gi::setItemSelection {lpps} -index {m2 drw} -in [gi::getAssistants leObjectLayerPanel -from [gi::getWindows 3]]
[16:11:29.69] /# gi::executeAction leOLPSetActiveLPP -in [gi::getAssistants leObjectLayerPanel -from [gi::getWindows 3]]
[16:11:29.69] /i de::setActiveLPP [de::getLPPs -from [oa::DesignFind clk clk layout] -filter {%lpp =="m2 drawing"}]
[16:11:30.62] /# gi::executeAction leRotate90 -in [gi::getWindows 3]
[16:11:30.62] /i de::commandOption R90 -point {-7.779 -0.577}
[16:11:31.39] /# gi::executeAction deCanvasZoomInAtPoint -in [gi::getWindows 3]
[16:11:31.39] /i de::zoom -window [gi::getWindows 3] -factor 2.0 -center {-8.101 -0.27}
[16:11:31.39] /o {-9.138 -1.194} {-5.118 0.69}
[16:11:32.61] /# gi::executeAction deAbortCommand -in [gi::getWindows 3]
[16:11:32.61] /i de::abortCommand -context [db::getNext [de::getContexts -window 3]]
[16:11:33.28] /# gi::executeAction leRectangle -in [gi::getWindows 3]
[16:11:33.28] /i ile::createRectangle
[16:11:36.76] /# gi::executeAction deAddPoint -in [gi::getWindows 3]
[16:11:36.76] /i de::addPoint {-8.007 -0.4} -context [db::getNext [de::getContexts -window 3]]
[16:11:38.03] /# gi::executeAction deCanvasZoomOutAtPoint -in [gi::getWindows 3]
[16:11:38.04] /i de::zoom -window [gi::getWindows 3] -factor 0.5 -center {-5.394 -0.5}
[16:11:38.04] /o {-12.881 -1.887} {-4.841 1.879}
[16:11:40.24] /# gi::executeAction deAddPoint -in [gi::getWindows 3]
[16:11:40.24] /i de::addPoint {-4.872 -0.618} -context [db::getNext [de::getContexts -window 3]]
[16:11:41.33] /# gi::executeAction deAbortCommand -in [gi::getWindows 3]
[16:11:41.33] /i de::abortCommand -context [db::getNext [de::getContexts -window 3]]
[16:11:45.85] /# gi::setCurrentIndex {lpps} -index {m1 pin} -in [gi::getAssistants leObjectLayerPanel -from [gi::getWindows 3]]
[16:11:45.85] /# gi::setItemSelection {lpps} -index {m1 pin} -in [gi::getAssistants leObjectLayerPanel -from [gi::getWindows 3]]
[16:11:45.93] /# gi::executeAction leOLPSetActiveLPP -in [gi::getAssistants leObjectLayerPanel -from [gi::getWindows 3]]
[16:11:45.93] /i de::setActiveLPP [de::getLPPs -from [oa::DesignFind clk clk layout] -filter {%lpp =="m1 pin"}]
[16:11:47.59] /# gi::executeAction lePin -in [gi::getWindows 3]
[16:11:47.59] /i ile::createPin
[16:11:50.90] /i gi::setField {termName} -value {vdd} -in [gi::getToolbars {deCommandOptions} -from [gi::getWindows 3]]
[16:11:51.06] /# gi::executeAction deCycleTapNext -in [gi::getWindows 3]
[16:11:51.06] /i de::cycleTapObject -context [db::getNext [de::getContexts -window 3]]
[16:11:53.93] /i gi::setField {termName} -value {vdd!} -in [gi::getToolbars {deCommandOptions} -from [gi::getWindows 3]]
[16:11:55.33] /# gi::executeAction deStartDrag -in [gi::getWindows 3]
[16:11:55.33] /i de::startDrag {-7.615 1.009} -context [db::getNext [de::getContexts -window 3]]
[16:11:55.70] /# gi::executeAction deEndDrag -in [gi::getWindows 3]
[16:11:55.70] /i de::endDrag {-7.129 0.774} -context [db::getNext [de::getContexts -window 3]]
[16:11:59.43] /i gi::setField {termName} -value {gnd!} -in [gi::getToolbars {deCommandOptions} -from [gi::getWindows 3]]
[16:12:00.69] /# gi::executeAction deStartDrag -in [gi::getWindows 3]
[16:12:00.69] /i de::startDrag {-7.671 -1.473} -context [db::getNext [de::getContexts -window 3]]
[16:12:02.14] /# gi::executeAction deEndDrag -in [gi::getWindows 3]
[16:12:02.14] /i de::endDrag {-7.129 -1.642} -context [db::getNext [de::getContexts -window 3]]
[16:12:03.69] /# gi::setCurrentIndex {lpps} -index {m2 pin} -in [gi::getAssistants leObjectLayerPanel -from [gi::getWindows 3]]
[16:12:03.69] /# gi::setItemSelection {lpps} -index {m2 pin} -in [gi::getAssistants leObjectLayerPanel -from [gi::getWindows 3]]
[16:12:03.77] /# gi::executeAction leOLPSetActiveLPP -in [gi::getAssistants leObjectLayerPanel -from [gi::getWindows 3]]
[16:12:03.77] /i de::setActiveLPP [de::getLPPs -from [oa::DesignFind clk clk layout] -filter {%lpp =="m2 pin"}]
[16:12:06.90] /i gi::setField {termName} -value {clk} -in [gi::getToolbars {deCommandOptions} -from [gi::getWindows 3]]
[16:12:08.78] /# gi::executeAction deStartDrag -in [gi::getWindows 3]
[16:12:08.78] /i de::startDrag {-5.706 -0.475} -context [db::getNext [de::getContexts -window 3]]
[16:12:10.29] /# gi::executeAction deEndDrag -in [gi::getWindows 3]
[16:12:10.29] /i de::endDrag {-5.46 -0.567} -context [db::getNext [de::getContexts -window 3]]
[16:12:11.51] /# gi::executeAction deAbortCommand -in [gi::getWindows 3]
[16:12:11.51] /i de::abortCommand -context [db::getNext [de::getContexts -window 3]]
[16:12:14.03] /# gi::executeAction dePan -in [gi::getWindows 3]
[16:12:14.03] /i ide::pan [db::getNext [de::getContexts -window 3]]
[16:12:14.32] /# gi::executeAction deStartDrag -in [gi::getWindows 3]
[16:12:14.32] /i de::startDrag {-10.143 0.298} -context [db::getNext [de::getContexts -window 3]]
[16:12:16.14] /# gi::executeAction deEndDrag -in [gi::getWindows 3]
[16:12:16.14] /i de::endDrag {-10.153 0.298} -context [db::getNext [de::getContexts -window 3]]
[16:12:16.14] /r dePanToPoint {-6.778 -0.485}
[16:12:18.39] /i gi::executeAction deSaveDesign -in [gi::getWindows 3]
[16:12:18.39] /m Information: Saving design 'clk clk layout'. (DESIGN_WINDOW-004)
[16:12:23.86] /# gi::executeAction xtDRCRun -in [gi::getWindows 3]
[16:12:23.87] /i xt::physicalVerification::executeRun drc 3
[16:12:24.15] /# xt::physicalVerification::executePve drc 3
[16:12:30.96] /m Information: 
              /c =============================
              /c JobID: hercules_drc_21
              /c Completed with no errors.
              /c =============================
              /c 
[16:12:36.53] /i gi::setActiveWindow 3
[16:12:36.53] /i gi::setActiveWindow 3 -raise true
[16:12:37.93] /i gi::executeAction giCloseWindow -in [gi::getWindows 18]
[16:12:38.94] /i gi::executeAction giCloseWindow -in [gi::getWindows 17]
[16:12:42.56] /# gi::executeAction xtLVSRun -in [gi::getWindows 3]
[16:12:42.56] /i xt::physicalVerification::executeRun lvs 3
[16:12:42.75] /# xt::physicalVerification::executePve lvs 3
[16:12:44.15] /m Information: "Starting netlisting for design "clk/clk/schematic"..." (NETLISTING-010)
[16:12:44.19] /o No Design Integrity rule violations found in "clk/clk/schematic"
[16:12:44.32] /m Information: "Netlisting design "clk/clk/schematic" finished successfully." (NETLISTING-012)
[16:12:44.62] /r giWindowId 19
[16:12:44.71] /r giWindowGeometry 800x600
[16:12:52.14] /m Information: 
              /c =============================
              /c JobID: hercules_lvs_14
              /c Completed with no errors.
              /c =============================
              /c 
[16:12:54.67] /i gi::setActiveWindow 3
[16:12:54.67] /i gi::setActiveWindow 3 -raise true
[16:12:57.57] /# gi::executeAction xtLPERun -in [gi::getWindows 3]
[16:12:57.57] /i xt::physicalVerification::executeRun lpe 3
[16:12:57.75] /# xt::physicalVerification::executePve lpe 3
[16:12:58.37] /r giWindowId 20
[16:12:58.54] /r giWindowGeometry 800x600
[16:13:05.25] /i gi::pressButton {ConsoleToggleButton} -in [db::getAttr statusbar -of [gi::getWindows 20]]
[16:13:12.65] /m Information: 
              /c =============================
              /c JobID: starrc_lpe_15
              /c Completed with no errors.
              /c =============================
              /c 
[16:15:01.67] /i gi::setActiveWindow 3
[16:15:01.67] /i gi::setActiveWindow 3 -raise true
[16:15:16.09] /i gi::executeAction deObjectActivation -in [gi::getWindows 3]
[16:15:16.17] /i gi::executeAction deObjectActivation -in [gi::getWindows 3]
[16:15:24.83] /i gi::setActiveWindow 2
[16:15:24.83] /i gi::setActiveWindow 2 -raise true
[16:15:26.76] /i gi::executeAction giCloseWindow -in [gi::getWindows 20]
[16:15:27.78] /i gi::executeAction giCloseWindow -in [gi::getWindows 19]
[16:15:28.56] /i gi::executeAction giCloseWindow -in [gi::getWindows 12]
[16:15:29.40] /# gi::executeAction deSelectActive -in [gi::getWindows 2]
[16:15:29.40] /i de::deselectAll [db::getNext [de::getContexts -window 2]]
[16:15:29.40] /i de::select [de::getActiveFigure [gi::getWindows 2] -point {2.74375 1.925} -index 0 -intent none]
[16:15:29.40] /o oa:0x1f613b00
[16:15:29.53] /# gi::executeAction deDescend -in [gi::getWindows 2]
[16:15:29.54] /i ide::descend 2 -inPlace false -promptView false -readOnly auto
[16:15:29.56] /# Navigating to inv/inv/schematic (I0)
[16:15:29.85] /o true
[16:15:31.53] /# gi::executeAction deCanvasZoomOutAtPoint -in [gi::getWindows 2]
[16:15:31.53] /i de::zoom -window [gi::getWindows 2] -factor 0.5 -center {1.8875 0.2375}
[16:15:31.54] /o {-2.7625 -1.78125} {6.7 1.55625}
[16:15:37.65] /# gi::executeAction deSelectActive -in [gi::getWindows 2]
[16:15:37.65] /i de::deselectAll [db::getNext [de::getContexts -window 2]]
[16:15:37.66] /i de::select [de::getActiveFigure [gi::getWindows 2] -point {2.3875 -0.21875} -index 0 -intent none]
[16:15:37.66] /o oa:0x1fab43d0
[16:15:38.82] /# gi::executeAction deSelectActive -in [gi::getWindows 2]
[16:15:38.82] /i de::deselectAll [db::getNext [de::getContexts -window 2]]
[16:15:38.82] /i de::select [de::getActiveFigure [gi::getWindows 2] -point {0.91875 -0.275} -index 0 -intent none]
[16:15:38.83] /o oa:0x202f5d80
[16:15:40.71] /# gi::executeAction deSelectActive -in [gi::getWindows 2]
[16:15:40.72] /i de::deselectAll [db::getNext [de::getContexts -window 2]]
[16:15:40.72] /i de::select [de::getActiveFigure [gi::getWindows 2] -point {2.4375 -0.325} -index 0 -intent none]
[16:15:40.72] /o oa:0x207301b0
[16:16:06.22] /i gi::setActiveWindow 3
[16:16:06.22] /i gi::setActiveWindow 3 -raise true
[16:22:26.66] /i gi::setActiveWindow 2
[16:22:26.67] /i gi::setActiveWindow 2 -raise true
[16:22:28.56] /# gi::executeAction deCanvasZoomInAtPoint -in [gi::getWindows 2]
[16:22:28.56] /i de::zoom -window [gi::getWindows 2] -factor 2.0 -center {1.9125 -1.0375}
[16:22:28.61] /o {-0.425 -1.40625} {4.30625 0.25625}
[16:22:30.98] /# gi::executeAction deSelectActive -in [gi::getWindows 2]
[16:22:30.98] /i de::deselectAll [db::getNext [de::getContexts -window 2]]
[16:22:30.99] /i de::select [de::getActiveFigure [gi::getWindows 2] -point {1.9375 -1.075} -index 0 -intent none]
[16:22:30.99] /o oa:0x20bcd9e0
[16:22:31.33] /# gi::executeAction giPostContextMenu -in [gi::getWindows 2]
[16:22:31.35] /i gi::executeAction menuPreShow -in [gi::getWindows 2]
[16:22:31.35] /r giMenuAccess db::getNext [gi::getMenus seSchInstLabelContextMenu]
[16:22:32.27] /# gi::executeAction deEditCanvasText -in [gi::getWindows 2]
[16:22:32.27] /i ide::editCanvasText -object [de::getActiveFigure [gi::getWindows 2] -point {1.9375 -1.075} -index 0 -intent none]
[16:22:57.81] /i de::commandOption {0.2}
[16:22:57.86] /o 
              /c ************************ N **************************
[16:22:57.86] /o 
[16:22:57.86] /o WARNING 0007> "Length" 0.2 > Max value 20u
[16:22:57.86] /o               Resetting "Length" to Max value
[16:22:57.86] /o 
[16:22:59.14] /# gi::executeAction deSelectActive -in [gi::getWindows 2]
[16:22:59.14] /i de::deselectAll [db::getNext [de::getContexts -window 2]]
[16:22:59.15] /i de::deselectAllLogic -context [db::getNext [de::getContexts -window 2]]
[16:23:01.50] /# gi::executeAction giPostContextMenu -in [gi::getWindows 2]
[16:23:01.53] /i gi::executeAction menuPreShow -in [gi::getWindows 2]
[16:23:01.53] /r giMenuAccess db::getNext [gi::getMenus seSchInstLabelContextMenu]
[16:23:02.38] /# gi::executeAction deEditCanvasText -in [gi::getWindows 2]
[16:23:02.38] /i ide::editCanvasText -object [de::getActiveFigure [gi::getWindows 2] -point {1.95625 -1.08125} -index 0 -intent none]
[16:23:06.24] /i de::commandOption {0.2u}
[16:23:07.66] /# gi::executeAction dePan -in [gi::getWindows 2]
[16:23:07.69] /i ide::pan [db::getNext [de::getContexts -window 2]]
[16:23:07.97] /# gi::executeAction deStartDrag -in [gi::getWindows 2]
[16:23:07.97] /i de::startDrag {3.00625 -0.61875} -context [db::getNext [de::getContexts -window 2]]
[16:23:08.75] /# gi::executeAction deEndDrag -in [gi::getWindows 2]
[16:23:08.75] /i de::endDrag {3.03125 -0.68125} -context [db::getNext [de::getContexts -window 2]]
[16:23:08.75] /r dePanToPoint {1.9 0.06875}
[16:23:09.04] /# gi::executeAction deAbortCommand -in [gi::getWindows 2]
[16:23:09.04] /i de::abortCommand -context [db::getNext [de::getContexts -window 2]]
[16:23:10.22] /# gi::executeAction deSelectActive -in [gi::getWindows 2]
[16:23:10.22] /i de::deselectAll [db::getNext [de::getContexts -window 2]]
[16:23:10.22] /i de::select [de::getActiveFigure [gi::getWindows 2] -point {1.99375 0.23125} -index 0 -intent none]
[16:23:10.22] /o oa:0x20402550
[16:23:10.55] /# gi::executeAction giPostContextMenu -in [gi::getWindows 2]
[16:23:10.57] /i gi::executeAction menuPreShow -in [gi::getWindows 2]
[16:23:10.57] /r giMenuAccess db::getNext [gi::getMenus seSchInstLabelContextMenu]
[16:23:11.80] /# gi::executeAction deEditCanvasText -in [gi::getWindows 2]
[16:23:11.80] /i ide::editCanvasText -object [de::getActiveFigure [gi::getWindows 2] -point {1.99375 0.23125} -index 0 -intent none]
[16:23:14.66] /i de::commandOption {0.2u}
[16:23:15.50] /# gi::executeAction deSelectActive -in [gi::getWindows 2]
[16:23:15.50] /i de::deselectAll [db::getNext [de::getContexts -window 2]]
[16:23:15.50] /i de::deselectAllLogic -context [db::getNext [de::getContexts -window 2]]
[16:23:18.66] /# gi::executeAction deCanvasZoomOutAtPoint -in [gi::getWindows 2]
[16:23:18.66] /i de::zoom -window [gi::getWindows 2] -factor 0.5 -center {1.65 0.40625}
[16:23:18.66] /o {-2.56875 -1.93125} {6.8875 1.4}
[16:23:20.04] /# gi::executeAction deCanvasZoomInAtPoint -in [gi::getWindows 2]
[16:23:20.04] /i de::zoom -window [gi::getWindows 2] -factor 2.0 -center {1.4875 0.5}
[16:23:20.04] /o {-0.54375 -0.71875} {4.1875 0.95}
[16:23:21.62] /# gi::executeAction deCanvasZoomOutAtPoint -in [gi::getWindows 2]
[16:23:21.62] /i de::zoom -window [gi::getWindows 2] -factor 0.5 -center {1.79375 0.6375}
[16:23:21.62] /o {-2.875 -2.06875} {6.58125 1.2625}
[16:23:21.74] /# gi::executeAction deCanvasZoomOutAtPoint -in [gi::getWindows 2]
[16:23:21.74] /i de::zoom -window [gi::getWindows 2] -factor 0.5 -center {1.79375 0.6375}
[16:23:21.74] /o {-7.54375 -4.78125} {11.36875 1.8875}
[16:23:23.46] /i gi::setActiveWindow 3
[16:23:23.46] /i gi::setActiveWindow 3 -raise true
[16:23:28.12] /# gi::executeAction deCanvasZoomInAtPoint -in [gi::getWindows 3]
[16:23:28.12] /i de::zoom -window [gi::getWindows 3] -factor 2.0 -center {-8.06 -0.879}
[16:23:28.12] /o {-9.429 -1.624} {-5.409 0.26}
[16:23:30.76] /i gi::setActiveWindow 2
[16:23:30.76] /i gi::setActiveWindow 2 -raise true
[16:23:32.35] /# gi::executeAction deCanvasZoomInAtPoint -in [gi::getWindows 2]
[16:23:32.35] /i de::zoom -window [gi::getWindows 2] -factor 2.0 -center {0.26875 0.1625}
[16:23:32.36] /o {-3.6375 -2.30625} {5.81875 1.025}
[16:23:35.98] /i gi::setActiveWindow 3
[16:23:35.98] /i gi::setActiveWindow 3 -raise true
[16:23:38.59] /# gi::executeAction deAddPoint -in [gi::getWindows 3]
[16:23:38.59] /i de::addPoint {-7.39 -0.774} -context [db::getNext [de::getContexts -window 3]]
[16:23:39.80] /# gi::executeAction deAbortCommand -in [gi::getWindows 3]
[16:23:39.80] /i de::abortCommand -context [db::getNext [de::getContexts -window 3]]
[16:23:41.19] /# gi::executeAction deSelectActive -in [gi::getWindows 3]
[16:23:41.19] /i de::deselectAll [db::getNext [de::getContexts -window 3]]
[16:23:41.19] /i de::select [de::getActiveFigure [gi::getWindows 3] -point {-7.419 -0.858} -index 0 -intent none]
[16:23:41.19] /o oa:0x204dcc70
[16:23:42.17] /i gi::executeAction dePropertyEditorToggleExtended -in [gi::getWindows 3]
[16:23:42.18] /# db::setAttr shown -of [gi::getAssistants dePropertyEditor -from [gi::getWindows 3]] -value true
[16:23:42.54] /i db::setAttr dockSize -of [gi::getAssistants leObjectLayerPanel -from [gi::getWindows 3]] -value 290x710
[16:23:45.56] /i gi::setItemSelection {parameters} -index {l,all} -in [gi::getAssistants dePropertyEditor -from [gi::getWindows 3]]
[16:23:45.56] /i gi::setCurrentIndex {parameters} -index {l,Value} -in [gi::getAssistants dePropertyEditor -from [gi::getWindows 3]]
[16:23:50.71] /i gi::setField {parameters} -value {0.2u} -index {l,Value} -in [gi::getAssistants dePropertyEditor -from [gi::getWindows 3]]
[16:23:50.71] /i gi::executeAction dePropertyEditorApplyChanges -in [gi::getAssistants dePropertyEditor -from [gi::getWindows 3]]
[16:23:52.47] /# gi::executeAction deSelectActive -in [gi::getWindows 3]
[16:23:52.47] /i de::deselectAll [db::getNext [de::getContexts -window 3]]
[16:23:52.47] /i de::select [de::getActiveFigure [gi::getWindows 3] -point {-6.043 -1.048} -index 0 -intent none]
[16:23:52.47] /o oa:0x20162f60
[16:23:53.64] /i gi::setItemSelection {parameters} -index {l,all} -in [gi::getAssistants dePropertyEditor -from [gi::getWindows 3]]
[16:23:53.64] /i gi::setCurrentIndex {parameters} -index {l,Value} -in [gi::getAssistants dePropertyEditor -from [gi::getWindows 3]]
[16:23:57.90] /i gi::setField {parameters} -value {0.2u} -index {l,Value} -in [gi::getAssistants dePropertyEditor -from [gi::getWindows 3]]
[16:23:57.90] /i gi::executeAction dePropertyEditorApplyChanges -in [gi::getAssistants dePropertyEditor -from [gi::getWindows 3]]
[16:23:59.09] /# gi::executeAction dePan -in [gi::getWindows 3]
[16:23:59.09] /i ide::pan [db::getNext [de::getContexts -window 3]]
[16:23:59.64] /# gi::executeAction deStartDrag -in [gi::getWindows 3]
[16:23:59.64] /i de::startDrag {-5.756 -0.92} -context [db::getNext [de::getContexts -window 3]]
[16:24:00.36] /# gi::executeAction deEndDrag -in [gi::getWindows 3]
[16:24:00.36] /i de::endDrag {-5.787 -0.915} -context [db::getNext [de::getContexts -window 3]]
[16:24:00.37] /r dePanToPoint {-6.205 -0.725}
[16:24:00.67] /# gi::executeAction deAbortCommand -in [gi::getWindows 3]
[16:24:00.67] /i de::abortCommand -context [db::getNext [de::getContexts -window 3]]
[16:24:01.42] /# gi::executeAction deSelectActive -in [gi::getWindows 3]
[16:24:01.42] /i de::deselectAll [db::getNext [de::getContexts -window 3]]
[16:24:01.42] /i de::select [de::getActiveFigure [gi::getWindows 3] -point {-4.807 -1.053} -index 0 -intent none]
[16:24:01.42] /o oa:0x1fb64dd0
[16:24:02.41] /i gi::setItemSelection {parameters} -index {l,all} -in [gi::getAssistants dePropertyEditor -from [gi::getWindows 3]]
[16:24:02.42] /i gi::setCurrentIndex {parameters} -index {l,Value} -in [gi::getAssistants dePropertyEditor -from [gi::getWindows 3]]
[16:24:05.07] /i gi::setField {parameters} -value {0.2u} -index {l,Value} -in [gi::getAssistants dePropertyEditor -from [gi::getWindows 3]]
[16:24:05.07] /i gi::executeAction dePropertyEditorApplyChanges -in [gi::getAssistants dePropertyEditor -from [gi::getWindows 3]]
[16:24:07.00] /# gi::executeAction dePan -in [gi::getWindows 3]
[16:24:07.00] /i ide::pan [db::getNext [de::getContexts -window 3]]
[16:24:07.25] /# gi::executeAction deStartDrag -in [gi::getWindows 3]
[16:24:07.25] /i de::startDrag {-4.454 -0.457} -context [db::getNext [de::getContexts -window 3]]
[16:24:08.48] /# gi::executeAction deEndDrag -in [gi::getWindows 3]
[16:24:08.48] /i de::endDrag {-4.454 -0.462} -context [db::getNext [de::getContexts -window 3]]
[16:24:08.48] /r dePanToPoint {-6.254 0.001}
[16:24:09.05] /# gi::executeAction deAddPoint -in [gi::getWindows 3]
[16:24:09.05] /i de::addPoint {-4.607 -0.006} -context [db::getNext [de::getContexts -window 3]]
[16:24:10.07] /# gi::executeAction deStartDrag -in [gi::getWindows 3]
[16:24:10.07] /i de::startDrag {-4.15 0.014} -context [db::getNext [de::getContexts -window 3]]
[16:24:10.49] /# gi::executeAction deEndDrag -in [gi::getWindows 3]
[16:24:10.49] /i de::endDrag {-4.135 0.014} -context [db::getNext [de::getContexts -window 3]]
[16:24:10.49] /r dePanToPoint {-5.633 -0.006}
[16:24:10.63] /# gi::executeAction deAbortCommand -in [gi::getWindows 3]
[16:24:10.63] /i de::abortCommand -context [db::getNext [de::getContexts -window 3]]
[16:24:11.22] /# gi::executeAction deSelectActive -in [gi::getWindows 3]
[16:24:11.22] /i de::deselectAll [db::getNext [de::getContexts -window 3]]
[16:24:11.22] /i de::select [de::getActiveFigure [gi::getWindows 3] -point {-4.619 0.058} -index 0 -intent none]
[16:24:11.22] /o oa:0x21711f50
[16:24:12.99] /i gi::setItemSelection {parameters} -index {l,all} -in [gi::getAssistants dePropertyEditor -from [gi::getWindows 3]]
[16:24:13.00] /i gi::setCurrentIndex {parameters} -index {l,Value} -in [gi::getAssistants dePropertyEditor -from [gi::getWindows 3]]
[16:24:16.96] /i gi::setField {parameters} -value {0.2u} -index {l,Value} -in [gi::getAssistants dePropertyEditor -from [gi::getWindows 3]]
[16:24:16.96] /i gi::executeAction dePropertyEditorApplyChanges -in [gi::getAssistants dePropertyEditor -from [gi::getWindows 3]]
[16:24:18.82] /# gi::executeAction deSelectActive -in [gi::getWindows 3]
[16:24:18.82] /i de::deselectAll [db::getNext [de::getContexts -window 3]]
[16:24:18.82] /i de::deselectAllLogic -context [db::getNext [de::getContexts -window 3]]
[16:24:19.78] /# gi::executeAction deSelectActive -in [gi::getWindows 3]
[16:24:19.78] /i de::deselectAll [db::getNext [de::getContexts -window 3]]
[16:24:19.78] /i de::select [de::getActiveFigure [gi::getWindows 3] -point {-6.044 0.181} -index 0 -intent none]
[16:24:19.78] /o oa:0x20768d00
[16:24:21.20] /i gi::setItemSelection {parameters} -index {l,all} -in [gi::getAssistants dePropertyEditor -from [gi::getWindows 3]]
[16:24:21.20] /i gi::setCurrentIndex {parameters} -index {l,Value} -in [gi::getAssistants dePropertyEditor -from [gi::getWindows 3]]
[16:24:24.46] /i gi::setField {parameters} -value {0.2u} -index {l,Value} -in [gi::getAssistants dePropertyEditor -from [gi::getWindows 3]]
[16:24:24.46] /i gi::executeAction dePropertyEditorApplyChanges -in [gi::getAssistants dePropertyEditor -from [gi::getWindows 3]]
[16:24:26.12] /# gi::executeAction dePan -in [gi::getWindows 3]
[16:24:26.12] /i ide::pan [db::getNext [de::getContexts -window 3]]
[16:24:26.39] /# gi::executeAction deStartDrag -in [gi::getWindows 3]
[16:24:26.39] /i de::startDrag {-4.606 -0.485} -context [db::getNext [de::getContexts -window 3]]
[16:24:27.68] /# gi::executeAction deEndDrag -in [gi::getWindows 3]
[16:24:27.68] /i de::endDrag {-4.593 -0.485} -context [db::getNext [de::getContexts -window 3]]
[16:24:27.69] /r dePanToPoint {-6.838 -0.006}
[16:24:28.48] /# gi::executeAction deAbortCommand -in [gi::getWindows 3]
[16:24:28.48] /i de::abortCommand -context [db::getNext [de::getContexts -window 3]]
[16:24:29.14] /# gi::executeAction deSelectActive -in [gi::getWindows 3]
[16:24:29.14] /i de::deselectAll [db::getNext [de::getContexts -window 3]]
[16:24:29.14] /i de::select [de::getActiveFigure [gi::getWindows 3] -point {-7.226 0.117} -index 0 -intent none]
[16:24:29.15] /o oa:0x21385470
[16:24:30.27] /i gi::setItemSelection {parameters} -index {l,all} -in [gi::getAssistants dePropertyEditor -from [gi::getWindows 3]]
[16:24:30.28] /i gi::setCurrentIndex {parameters} -index {l,Value} -in [gi::getAssistants dePropertyEditor -from [gi::getWindows 3]]
[16:24:33.15] /i gi::setField {parameters} -value {0.2u} -index {l,Value} -in [gi::getAssistants dePropertyEditor -from [gi::getWindows 3]]
[16:24:33.15] /i gi::executeAction dePropertyEditorApplyChanges -in [gi::getAssistants dePropertyEditor -from [gi::getWindows 3]]
[16:24:34.94] /# gi::executeAction deSelectActive -in [gi::getWindows 3]
[16:24:34.94] /i de::deselectAll [db::getNext [de::getContexts -window 3]]
[16:24:34.94] /i de::deselectAllLogic -context [db::getNext [de::getContexts -window 3]]
[16:24:38.86] /# gi::executeAction deSelectActive -in [gi::getWindows 3]
[16:24:38.86] /i de::deselectAll [db::getNext [de::getContexts -window 3]]
[16:24:38.86] /i de::select [de::getActiveFigure [gi::getWindows 3] -point {-7.571 -0.676} -index 0 -intent none]
[16:24:38.86] /o oa:0x1fdedb30
[16:24:39.20] /# gi::executeAction leMove -in [gi::getWindows 3]
[16:24:39.20] /i ile::move
[16:24:39.48] /# gi::executeAction deAddPoint -in [gi::getWindows 3]
[16:24:39.49] /i de::addPoint {-7.571 -0.676} -context [db::getNext [de::getContexts -window 3]]
[16:24:44.87] /# gi::executeAction deCanvasZoomInAtPoint -in [gi::getWindows 3]
[16:24:44.87] /i de::zoom -window [gi::getWindows 3] -factor 2.0 -center {-7.507 -0.664}
[16:24:44.87] /o {-8.178 -0.806} {-6.168 0.136}
[16:24:46.20] /# gi::executeAction deAddPoint -in [gi::getWindows 3]
[16:24:46.20] /i de::addPoint {-7.509 -0.664} -context [db::getNext [de::getContexts -window 3]]
[16:24:47.27] /# gi::executeAction dePan -in [gi::getWindows 3]
[16:24:47.28] /i ide::pan [db::getNext [de::getContexts -window 3]]
[16:24:47.70] /# gi::executeAction deStartDrag -in [gi::getWindows 3]
[16:24:47.70] /i de::startDrag {-6.879 -0.68} -context [db::getNext [de::getContexts -window 3]]
[16:24:48.58] /# gi::executeAction deEndDrag -in [gi::getWindows 3]
[16:24:48.58] /i de::endDrag {-6.896 -0.68} -context [db::getNext [de::getContexts -window 3]]
[16:24:48.58] /r dePanToPoint {-6.318 -0.351}
[16:24:49.65] /# gi::executeAction deAddPoint -in [gi::getWindows 3]
[16:24:49.65] /i de::addPoint {-6.271 -0.659} -context [db::getNext [de::getContexts -window 3]]
[16:24:50.31] /# gi::executeAction leMove -in [gi::getWindows 3]
[16:24:50.31] /i ile::move
[16:24:50.62] /# gi::executeAction deAddPoint -in [gi::getWindows 3]
[16:24:50.62] /i de::addPoint {-6.224 -0.966} -context [db::getNext [de::getContexts -window 3]]
[16:24:53.16] /# gi::executeAction deCanvasZoomOutAtPoint -in [gi::getWindows 3]
[16:24:53.17] /i de::zoom -window [gi::getWindows 3] -factor 0.5 -center {-6.182 -0.777}
[16:24:53.17] /o {-8.37 -1.483} {-4.35 0.401}
[16:24:54.45] /# gi::executeAction deAbortCommand -in [gi::getWindows 3]
[16:24:54.45] /i de::abortCommand -context [db::getNext [de::getContexts -window 3]]
[16:24:55.98] /# gi::executeAction deSelectActive -in [gi::getWindows 3]
[16:24:55.98] /i de::deselectAll [db::getNext [de::getContexts -window 3]]
[16:24:55.98] /i de::select [de::getActiveFigure [gi::getWindows 3] -point {-6.238 -0.677} -index 0 -intent none]
[16:24:55.98] /o oa:0x2084ba90
[16:24:56.62] /i gi::executeAction deCanvasDragCancel -in [gi::getWindows 3]
[16:24:57.63] /# gi::executeAction deCanvasZoomInAtPoint -in [gi::getWindows 3]
[16:24:57.63] /i de::zoom -window [gi::getWindows 3] -factor 2.0 -center {-6.238 -0.677}
[16:24:57.63] /o {-7.304 -1.08} {-5.294 -0.138}
[16:24:59.08] /# gi::executeAction leMove -in [gi::getWindows 3]
[16:24:59.08] /i ile::move
[16:24:59.32] /# gi::executeAction deAddPoint -in [gi::getWindows 3]
[16:24:59.33] /i de::addPoint {-6.237 -0.682} -context [db::getNext [de::getContexts -window 3]]
[16:25:03.29] /# gi::executeAction deAddPoint -in [gi::getWindows 3]
[16:25:03.29] /i de::addPoint {-6.173 -0.682} -context [db::getNext [de::getContexts -window 3]]
[16:25:04.19] /# gi::executeAction dePan -in [gi::getWindows 3]
[16:25:04.19] /i ide::pan [db::getNext [de::getContexts -window 3]]
[16:25:04.52] /# gi::executeAction deStartDrag -in [gi::getWindows 3]
[16:25:04.54] /i de::startDrag {-5.776 -0.76} -context [db::getNext [de::getContexts -window 3]]
[16:25:05.66] /# gi::executeAction deEndDrag -in [gi::getWindows 3]
[16:25:05.66] /i de::endDrag {-5.783 -0.76} -context [db::getNext [de::getContexts -window 3]]
[16:25:05.66] /r dePanToPoint {-5.135 -0.547}
[16:25:05.98] /# gi::executeAction deAbortCommand -in [gi::getWindows 3]
[16:25:05.98] /i de::abortCommand -context [db::getNext [de::getContexts -window 3]]
[16:25:06.80] /# gi::executeAction deSelectActive -in [gi::getWindows 3]
[16:25:06.80] /i de::deselectAll [db::getNext [de::getContexts -window 3]]
[16:25:06.80] /i de::select [de::getActiveFigure [gi::getWindows 3] -point {-4.926 -0.665} -index 0 -intent none]
[16:25:06.80] /o oa:0x1ffcff80
[16:25:09.20] /# gi::executeAction leMove -in [gi::getWindows 3]
[16:25:09.20] /i ile::move
[16:25:09.46] /# gi::executeAction deAddPoint -in [gi::getWindows 3]
[16:25:09.46] /i de::addPoint {-4.926 -0.665} -context [db::getNext [de::getContexts -window 3]]
[16:25:13.00] /# gi::executeAction deAddPoint -in [gi::getWindows 3]
[16:25:13.00] /i de::addPoint {-4.864 -0.667} -context [db::getNext [de::getContexts -window 3]]
[16:25:13.96] /# gi::executeAction dePan -in [gi::getWindows 3]
[16:25:13.96] /i ide::pan [db::getNext [de::getContexts -window 3]]
[16:25:14.34] /# gi::executeAction deStartDrag -in [gi::getWindows 3]
[16:25:14.34] /i de::startDrag {-4.548 -0.403} -context [db::getNext [de::getContexts -window 3]]
[16:25:15.46] /# gi::executeAction deEndDrag -in [gi::getWindows 3]
[16:25:15.46] /i de::endDrag {-4.548 -0.404} -context [db::getNext [de::getContexts -window 3]]
[16:25:15.46] /r dePanToPoint {-5.071 -0.199}
[16:25:15.92] /# gi::executeAction deCanvasZoomOutAtPoint -in [gi::getWindows 3]
[16:25:15.92] /i de::zoom -window [gi::getWindows 3] -factor 0.5 -center {-4.606 -0.303}
[16:25:15.92] /o {-7.545 -1.038} {-3.525 0.846}
[16:25:17.82] /# gi::executeAction deStartDrag -in [gi::getWindows 3]
[16:25:17.82] /i de::startDrag {-5.744 -0.68} -context [db::getNext [de::getContexts -window 3]]
[16:25:18.35] /# gi::executeAction deEndDrag -in [gi::getWindows 3]
[16:25:18.35] /i de::endDrag {-5.741 -0.68} -context [db::getNext [de::getContexts -window 3]]
[16:25:18.35] /r dePanToPoint {-5.96 -0.162}
[16:25:19.06] /# gi::executeAction deCanvasZoomInAtPoint -in [gi::getWindows 3]
[16:25:19.06] /i de::zoom -window [gi::getWindows 3] -factor 2.0 -center {-6.223 -0.398}
[16:25:19.07] /o {-7.097 -0.751} {-5.087 0.19}
[16:25:19.46] /# gi::executeAction deAbortCommand -in [gi::getWindows 3]
[16:25:19.46] /i de::abortCommand -context [db::getNext [de::getContexts -window 3]]
[16:25:20.20] /# gi::executeAction deSelectActive -in [gi::getWindows 3]
[16:25:20.20] /i de::deselectAll [db::getNext [de::getContexts -window 3]]
[16:25:20.20] /i de::deselectAllLogic -context [db::getNext [de::getContexts -window 3]]
[16:25:21.66] /# gi::executeAction deCanvasZoomOutAtPoint -in [gi::getWindows 3]
[16:25:21.66] /i de::zoom -window [gi::getWindows 3] -factor 0.5 -center {-6.317 -0.339}
[16:25:21.66] /o {-7.876 -1.163} {-3.856 0.72}
[16:25:24.21] /i gi::executeAction deSaveDesign -in [gi::getWindows 3]
[16:25:24.21] /m Information: Saving design 'clk clk layout'. (DESIGN_WINDOW-004)
[16:25:33.50] /# gi::executeAction xtLVSRun -in [gi::getWindows 3]
[16:25:33.50] /i xt::physicalVerification::executeRun lvs 3
[16:25:33.87] /# xt::physicalVerification::executePve lvs 3
[16:25:35.45] /m Information: "Starting netlisting for design "clk/clk/schematic"..." (NETLISTING-010)
[16:25:35.47] /o No Design Integrity rule violations found in "clk/clk/schematic"
[16:25:35.48] /m Information: 
[16:25:35.48] /o Checking "inv/inv/schematic"
[16:25:35.48] /o No rule violations found in "inv/inv/schematic"
[16:25:35.58] /m Information: "Netlisting design "clk/clk/schematic" finished successfully." (NETLISTING-012)
[16:25:36.15] /r giWindowId 21
[16:25:36.26] /r giWindowGeometry 800x600
[16:25:46.55] /m Information: 
              /c =============================
              /c JobID: hercules_lvs_15
              /c Completed with no errors.
              /c =============================
              /c 
[16:25:49.62] /i gi::setActiveWindow 2
[16:25:49.62] /i gi::setActiveWindow 2 -raise true
[16:25:52.40] /i gi::setActiveWindow 21
[16:25:52.40] /i gi::setActiveWindow 21 -raise true
[16:25:57.67] /i gi::setActiveWindow 2
[16:25:57.67] /i gi::setActiveWindow 2 -raise true
[16:26:02.58] /# gi::executeAction deSelectActive -in [gi::getWindows 2]
[16:26:02.58] /i de::deselectAllLogic -context [db::getNext [de::getContexts -window 2]]
[16:26:02.92] /i gi::executeAction deSaveDesign -in [gi::getWindows 2]
[16:26:02.92] /m Information: Saving design 'inv inv schematic'. (DESIGN_WINDOW-004)
[16:26:06.31] /i gi::setActiveWindow 3
[16:26:06.32] /i gi::setActiveWindow 3 -raise true
[16:26:08.05] /# gi::executeAction deSelectActive -in [gi::getWindows 3]
[16:26:08.05] /i de::deselectAllLogic -context [db::getNext [de::getContexts -window 3]]
[16:26:08.91] /i gi::executeAction deSaveDesign -in [gi::getWindows 3]
[16:26:08.91] /m Information: Saving design 'clk clk layout'. (DESIGN_WINDOW-004)
[16:26:13.46] /# gi::executeAction xtDRCRun -in [gi::getWindows 3]
[16:26:13.46] /i xt::physicalVerification::executeRun drc 3
[16:26:14.30] /# xt::physicalVerification::executePve drc 3
[16:26:16.53] /r giWindowId 22
[16:26:16.64] /r giWindowGeometry 800x600
[16:26:19.09] /i gi::executeAction giCloseWindow -in [gi::getWindows 21]
[16:26:22.73] /m Information: 
              /c =============================
              /c JobID: hercules_drc_22
              /c Completed with no errors.
              /c =============================
              /c 
[16:26:25.21] /i gi::setActiveWindow 3
[16:26:25.21] /i gi::setActiveWindow 3 -raise true
[16:26:28.15] /# gi::executeAction xtLVSRun -in [gi::getWindows 3]
[16:26:28.15] /i xt::physicalVerification::executeRun lvs 3
[16:26:28.40] /# xt::physicalVerification::executePve lvs 3
[16:26:29.90] /m Information: "Starting netlisting for design "clk/clk/schematic"..." (NETLISTING-010)
[16:26:29.92] /o No Design Integrity rule violations found in "clk/clk/schematic"
[16:26:29.93] /m Information: 
[16:26:29.93] /o Checking "inv/inv/schematic"
[16:26:29.93] /o No rule violations found in "inv/inv/schematic"
[16:26:30.00] /m Information: "Netlisting design "clk/clk/schematic" finished successfully." (NETLISTING-012)
[16:26:30.34] /r giWindowId 23
[16:26:30.38] /r giWindowGeometry 800x600
[16:26:38.77] /m Information: 
              /c =============================
              /c JobID: hercules_lvs_16
              /c Completed with no errors.
              /c =============================
              /c 
[16:26:40.63] /i gi::setActiveWindow 3
[16:26:40.63] /i gi::setActiveWindow 3 -raise true
[16:26:43.31] /# gi::executeAction xtLPERun -in [gi::getWindows 3]
[16:26:43.31] /i xt::physicalVerification::executeRun lpe 3
[16:26:43.56] /# xt::physicalVerification::executePve lpe 3
[16:26:44.46] /r giWindowId 24
[16:26:44.58] /r giWindowGeometry 800x600
[16:26:56.19] /m Information: 
              /c =============================
              /c JobID: starrc_lpe_16
              /c Completed with no errors.
              /c =============================
              /c 
[16:26:59.95] /i db::setAttr iconified -of [gi::getFrames 1] -value true
[16:28:04.94] /i db::setAttr maximized -of [gi::getFrames 1] -value true
[16:28:04.94] /i db::setAttr iconified -of [gi::getFrames 1] -value false
[16:28:06.99] /i gi::executeAction giCloseWindow -in [gi::getWindows 24]
[16:28:07.18] /i gi::setActiveWindow 3
[16:28:07.18] /i gi::setActiveWindow 3 -raise true
[16:28:08.12] /i gi::executeAction giCloseWindow -in [gi::getWindows 23]
[16:28:08.87] /i gi::executeAction giCloseWindow -in [gi::getWindows 22]
[16:28:10.64] /i gi::setActiveWindow 2
[16:28:10.64] /i gi::setActiveWindow 2 -raise true
[16:28:11.64] /i gi::setActiveWindow 3
[16:28:11.64] /i gi::setActiveWindow 3 -raise true
[16:28:23.40] /i gi::setActiveWindow 2
[16:28:23.40] /i gi::setActiveWindow 2 -raise true
[16:28:28.36] /# gi::executeAction deUndo -in [gi::getWindows 2]
[16:28:28.37] /i de::undoTransaction -design [db::getAttr editDesign -of [db::getNext [de::getContexts -window 2]]]
[16:28:30.88] /# gi::executeAction deCanvasZoomInAtPoint -in [gi::getWindows 2]
[16:28:30.88] /i de::zoom -window [gi::getWindows 2] -factor 2.0 -center {2.1875 0.3375}
[16:28:30.88] /o {-0.725 -0.9875} {4.00625 0.68125}
[16:28:32.75] /# gi::executeAction deUndo -in [gi::getWindows 2]
[16:28:32.75] /i de::undoTransaction -design [db::getAttr editDesign -of [db::getNext [de::getContexts -window 2]]]
[16:28:35.29] /# gi::executeAction deSelectActive -in [gi::getWindows 2]
[16:28:35.29] /i de::deselectAll [db::getNext [de::getContexts -window 2]]
[16:28:35.29] /i de::select [de::getActiveFigure [gi::getWindows 2] -point {2.01875 0.25625} -index 0 -intent none]
[16:28:35.29] /o oa:0x200c8570
[16:28:35.53] /# gi::executeAction giPostContextMenu -in [gi::getWindows 2]
[16:28:35.57] /i gi::executeAction menuPreShow -in [gi::getWindows 2]
[16:28:35.58] /r giMenuAccess db::getNext [gi::getMenus seSchInstLabelContextMenu]
[16:28:36.84] /# gi::executeAction deEditCanvasText -in [gi::getWindows 2]
[16:28:36.84] /i ide::editCanvasText -object [de::getActiveFigure [gi::getWindows 2] -point {2.01875 0.25625} -index 0 -intent none]
[16:28:44.80] /i de::commandOption {0.12u}
[16:28:45.73] /# gi::executeAction deSelectActive -in [gi::getWindows 2]
[16:28:45.73] /i de::deselectAll [db::getNext [de::getContexts -window 2]]
[16:28:45.73] /i de::deselectAllLogic -context [db::getNext [de::getContexts -window 2]]
[16:28:47.27] /# gi::executeAction deSelectActive -in [gi::getWindows 2]
[16:28:47.27] /i de::deselectAll [db::getNext [de::getContexts -window 2]]
[16:28:47.27] /i de::select [de::getActiveFigure [gi::getWindows 2] -point {2.00625 -0.89375} -index 0 -intent none]
[16:28:47.27] /o oa:0x20560070
[16:28:47.54] /# gi::executeAction giPostContextMenu -in [gi::getWindows 2]
[16:28:47.60] /i gi::executeAction menuPreShow -in [gi::getWindows 2]
[16:28:47.60] /r giMenuAccess db::getNext [gi::getMenus seSchInstLabelContextMenu]
[16:28:48.58] /# gi::executeAction deEditCanvasText -in [gi::getWindows 2]
[16:28:48.59] /i ide::editCanvasText -object [de::getActiveFigure [gi::getWindows 2] -point {2.00625 -0.89375} -index 0 -intent none]
[16:28:48.62] /o 1
[16:28:50.56] /i de::commandOption {0.2u}
[16:28:51.65] /# gi::executeAction dePan -in [gi::getWindows 2]
[16:28:51.65] /i ide::pan [db::getNext [de::getContexts -window 2]]
[16:28:51.89] /# gi::executeAction deStartDrag -in [gi::getWindows 2]
[16:28:51.89] /i de::startDrag {2.8 -0.7625} -context [db::getNext [de::getContexts -window 2]]
[16:28:52.64] /# gi::executeAction deEndDrag -in [gi::getWindows 2]
[16:28:52.64] /i de::endDrag {2.8 -0.75} -context [db::getNext [de::getContexts -window 2]]
[16:28:52.64] /r dePanToPoint {1.675 -0.975}
[16:28:52.87] /# gi::executeAction deAbortCommand -in [gi::getWindows 2]
[16:28:52.87] /i de::abortCommand -context [db::getNext [de::getContexts -window 2]]
[16:28:53.79] /# gi::executeAction deSelectActive -in [gi::getWindows 2]
[16:28:53.79] /i de::deselectAll [db::getNext [de::getContexts -window 2]]
[16:28:53.79] /i de::select [de::getActiveFigure [gi::getWindows 2] -point {1.9125 -1.075} -index 0 -intent none]
[16:28:53.79] /o oa:0x1faa0d90
[16:28:54.47] /# gi::executeAction giPostContextMenu -in [gi::getWindows 2]
[16:28:54.51] /i gi::executeAction menuPreShow -in [gi::getWindows 2]
[16:28:54.51] /r giMenuAccess db::getNext [gi::getMenus seSchInstLabelContextMenu]
[16:28:56.25] /# gi::executeAction giPostContextMenu -in [gi::getWindows 2]
[16:28:56.29] /i gi::executeAction menuPreShow -in [gi::getWindows 2]
[16:28:56.29] /r giMenuAccess db::getNext [gi::getMenus seSchWireContextMenu]
[16:28:59.04] /# gi::executeAction giPostContextMenu -in [gi::getWindows 2]
[16:28:59.07] /i gi::executeAction menuPreShow -in [gi::getWindows 2]
[16:28:59.07] /r giMenuAccess db::getNext [gi::getMenus seSchWireContextMenu]
[16:29:00.01] /# gi::executeAction deCanvasZoomInAtPoint -in [gi::getWindows 2]
[16:29:00.01] /i de::zoom -window [gi::getWindows 2] -factor 2.0 -center {2.60625 -0.90625}
[16:29:00.01] /o {0.95625 -1.35625} {3.325 -0.525}
[16:29:00.47] /# gi::executeAction deCanvasZoomOutAtPoint -in [gi::getWindows 2]
[16:29:00.47] /i de::zoom -window [gi::getWindows 2] -factor 0.5 -center {2.6 -0.88125}
[16:29:00.47] /o {-0.68125 -1.83125} {4.04375 -0.16875}
[16:29:02.42] /# gi::executeAction giPostContextMenu -in [gi::getWindows 2]
[16:29:02.43] /i gi::executeAction menuPreShow -in [gi::getWindows 2]
[16:29:02.43] /r giMenuAccess db::getNext [gi::getMenus seSchInstLabelContextMenu]
[16:29:03.41] /# gi::executeAction deEditCanvasText -in [gi::getWindows 2]
[16:29:03.41] /i ide::editCanvasText -object [de::getActiveFigure [gi::getWindows 2] -point {1.95 -1.0625} -index 0 -intent none]
[16:29:05.66] /i de::commandOption {0.12u}
[16:29:06.56] /# gi::executeAction deSelectActive -in [gi::getWindows 2]
[16:29:06.56] /i de::deselectAll [db::getNext [de::getContexts -window 2]]
[16:29:06.56] /i de::deselectAllLogic -context [db::getNext [de::getContexts -window 2]]
[16:29:07.47] /i gi::executeAction deSaveDesign -in [gi::getWindows 2]
[16:29:07.47] /m Information: Saving design 'inv inv schematic'. (DESIGN_WINDOW-004)
[16:29:09.73] /i gi::setActiveWindow 3
[16:29:09.73] /i gi::setActiveWindow 3 -raise true
[16:29:10.74] /# gi::executeAction deCanvasZoomOutAtPoint -in [gi::getWindows 3]
[16:29:10.74] /i de::zoom -window [gi::getWindows 3] -factor 0.5 -center {-5.729 -0.004}
[16:29:10.76] /o {-10.023 -2.323} {-1.984 1.444}
[16:29:12.34] /# gi::executeAction deSelectActive -in [gi::getWindows 3]
[16:29:12.34] /i de::deselectAll [db::getNext [de::getContexts -window 3]]
[16:29:12.34] /i de::select [de::getActiveFigure [gi::getWindows 3] -point {-7.173 0.426} -index 0 -intent none]
[16:29:12.34] /o oa:0x20161ad0
[16:29:14.03] /i gi::setItemSelection {parameters} -index {l,all} -in [gi::getAssistants dePropertyEditor -from [gi::getWindows 3]]
[16:29:14.04] /i gi::setCurrentIndex {parameters} -index {l,Value} -in [gi::getAssistants dePropertyEditor -from [gi::getWindows 3]]
[16:29:17.27] /i gi::setField {parameters} -value {0.12u} -index {l,Value} -in [gi::getAssistants dePropertyEditor -from [gi::getWindows 3]]
[16:29:17.27] /i gi::executeAction dePropertyEditorApplyChanges -in [gi::getAssistants dePropertyEditor -from [gi::getWindows 3]]
[16:29:18.89] /# gi::executeAction deSelectActive -in [gi::getWindows 3]
[16:29:18.89] /i de::deselectAll [db::getNext [de::getContexts -window 3]]
[16:29:18.90] /i de::select [de::getActiveFigure [gi::getWindows 3] -point {-7.444 -0.992} -index 0 -intent none]
[16:29:18.90] /o oa:0x20e49420
[16:29:20.75] /i gi::setItemSelection {parameters} -index {l,all} -in [gi::getAssistants dePropertyEditor -from [gi::getWindows 3]]
[16:29:20.76] /i gi::setCurrentIndex {parameters} -index {l,Value} -in [gi::getAssistants dePropertyEditor -from [gi::getWindows 3]]
[16:29:23.40] /i gi::setField {parameters} -value {0.12u} -index {l,Value} -in [gi::getAssistants dePropertyEditor -from [gi::getWindows 3]]
[16:29:23.40] /i gi::executeAction dePropertyEditorApplyChanges -in [gi::getAssistants dePropertyEditor -from [gi::getWindows 3]]
[16:29:24.98] /# gi::executeAction deSelectActive -in [gi::getWindows 3]
[16:29:24.98] /i de::deselectAll [db::getNext [de::getContexts -window 3]]
[16:29:24.98] /i de::select [de::getActiveFigure [gi::getWindows 3] -point {-6.124 -1.064} -index 0 -intent none]
[16:29:24.98] /o oa:0x20dec940
[16:29:26.39] /i gi::setItemSelection {parameters} -index {l,all} -in [gi::getAssistants dePropertyEditor -from [gi::getWindows 3]]
[16:29:26.40] /i gi::setCurrentIndex {parameters} -index {l,Value} -in [gi::getAssistants dePropertyEditor -from [gi::getWindows 3]]
[16:29:29.75] /i gi::setField {parameters} -value {0.12u} -index {l,Value} -in [gi::getAssistants dePropertyEditor -from [gi::getWindows 3]]
[16:29:29.75] /i gi::executeAction dePropertyEditorApplyChanges -in [gi::getAssistants dePropertyEditor -from [gi::getWindows 3]]
[16:29:31.78] /# gi::executeAction deSelectActive -in [gi::getWindows 3]
[16:29:31.78] /i de::deselectAll [db::getNext [de::getContexts -window 3]]
[16:29:31.78] /i de::select [de::getActiveFigure [gi::getWindows 3] -point {-5.965 0.185} -index 0 -intent none]
[16:29:31.78] /o oa:0x20009620
[16:29:32.97] /i gi::setItemSelection {parameters} -index {l,all} -in [gi::getAssistants dePropertyEditor -from [gi::getWindows 3]]
[16:29:32.97] /i gi::setCurrentIndex {parameters} -index {l,Value} -in [gi::getAssistants dePropertyEditor -from [gi::getWindows 3]]
[16:29:35.86] /i gi::setField {parameters} -value {0.12u} -index {l,Value} -in [gi::getAssistants dePropertyEditor -from [gi::getWindows 3]]
[16:29:35.86] /i gi::executeAction dePropertyEditorApplyChanges -in [gi::getAssistants dePropertyEditor -from [gi::getWindows 3]]
[16:29:37.13] /# gi::executeAction deSelectActive -in [gi::getWindows 3]
[16:29:37.13] /i de::deselectAll [db::getNext [de::getContexts -window 3]]
[16:29:37.13] /i de::select [de::getActiveFigure [gi::getWindows 3] -point {-4.476 0.195} -index 0 -intent none]
[16:29:37.13] /o oa:0x1fc8dfe0
[16:29:38.77] /i gi::setItemSelection {parameters} -index {l,all} -in [gi::getAssistants dePropertyEditor -from [gi::getWindows 3]]
[16:29:38.77] /i gi::setCurrentIndex {parameters} -index {l,Value} -in [gi::getAssistants dePropertyEditor -from [gi::getWindows 3]]
[16:29:41.36] /i gi::setField {parameters} -value {0.12u} -index {l,Value} -in [gi::getAssistants dePropertyEditor -from [gi::getWindows 3]]
[16:29:41.36] /i gi::executeAction dePropertyEditorApplyChanges -in [gi::getAssistants dePropertyEditor -from [gi::getWindows 3]]
[16:29:42.60] /# gi::executeAction deSelectActive -in [gi::getWindows 3]
[16:29:42.60] /i de::deselectAll [db::getNext [de::getContexts -window 3]]
[16:29:42.60] /i de::select [de::getActiveFigure [gi::getWindows 3] -point {-4.701 -1.11} -index 0 -intent none]
[16:29:42.60] /o oa:0x1f178e30
[16:29:44.22] /i gi::setItemSelection {parameters} -index {l,all} -in [gi::getAssistants dePropertyEditor -from [gi::getWindows 3]]
[16:29:44.23] /i gi::setCurrentIndex {parameters} -index {l,Value} -in [gi::getAssistants dePropertyEditor -from [gi::getWindows 3]]
[16:29:46.92] /i gi::setField {parameters} -value {0.12u} -index {l,Value} -in [gi::getAssistants dePropertyEditor -from [gi::getWindows 3]]
[16:29:46.92] /i gi::executeAction dePropertyEditorApplyChanges -in [gi::getAssistants dePropertyEditor -from [gi::getWindows 3]]
[16:29:49.16] /# gi::executeAction deCanvasPanWest -in [gi::getWindows 3]
[16:29:49.16] /i de::pan -window [gi::getWindows 3] -direction W -multiplier 0.5
[16:29:49.19] /o {-14.041 -2.323} {-6.001 1.444}
[16:29:50.93] /# gi::executeAction dePan -in [gi::getWindows 3]
[16:29:50.93] /i ide::pan [db::getNext [de::getContexts -window 3]]
[16:29:51.11] /# gi::executeAction deStartDrag -in [gi::getWindows 3]
[16:29:51.11] /i de::startDrag {-6.702 -0.583} -context [db::getNext [de::getContexts -window 3]]
[16:29:52.24] /# gi::executeAction deEndDrag -in [gi::getWindows 3]
[16:29:52.24] /i de::endDrag {-6.932 -0.613} -context [db::getNext [de::getContexts -window 3]]
[16:29:52.24] /r dePanToPoint {-7.222 -0.009}
[16:29:52.64] /# gi::executeAction deCanvasZoomInAtPoint -in [gi::getWindows 3]
[16:29:52.64] /i de::zoom -window [gi::getWindows 3] -factor 2.0 -center {-6.052 -0.276}
[16:29:52.64] /o {-8.647 -1.084} {-4.627 0.799}
[16:29:54.57] /# gi::executeAction deStartDrag -in [gi::getWindows 3]
[16:29:54.57] /i de::startDrag {-7.196 -0.79} -context [db::getNext [de::getContexts -window 3]]
[16:29:55.36] /# gi::executeAction deEndDrag -in [gi::getWindows 3]
[16:29:55.36] /i de::endDrag {-7.188 -0.782} -context [db::getNext [de::getContexts -window 3]]
[16:29:55.36] /r dePanToPoint {-6.696 -0.291}
[16:29:55.99] /# gi::executeAction deAbortCommand -in [gi::getWindows 3]
[16:29:55.99] /i de::abortCommand -context [db::getNext [de::getContexts -window 3]]
[16:29:57.42] /# gi::executeAction deSelectActive -in [gi::getWindows 3]
[16:29:57.42] /i de::deselectAll [db::getNext [de::getContexts -window 3]]
[16:29:57.42] /i de::select [de::getActiveFigure [gi::getWindows 3] -point {-7.703 -0.693} -index 0 -intent none]
[16:29:57.42] /o oa:0x207da130
[16:30:00.16] /i gi::executeAction deCanvasDragCancel -in [gi::getWindows 3]
[16:30:00.58] /# gi::executeAction deSelectActive -in [gi::getWindows 3]
[16:30:00.58] /i de::deselectAll [db::getNext [de::getContexts -window 3]]
[16:30:00.58] /i de::deselectAllLogic -context [db::getNext [de::getContexts -window 3]]
[16:30:01.09] /# gi::executeAction leMove -in [gi::getWindows 3]
[16:30:01.10] /i ile::move
[16:30:01.88] /# gi::executeAction deAddPoint -in [gi::getWindows 3]
[16:30:01.88] /i de::addPoint {-7.516 -0.678} -context [db::getNext [de::getContexts -window 3]]
[16:30:05.10] /# gi::executeAction deAddPoint -in [gi::getWindows 3]
[16:30:05.10] /i de::addPoint {-7.593 -0.683} -context [db::getNext [de::getContexts -window 3]]
[16:30:07.25] /# gi::executeAction deAddPoint -in [gi::getWindows 3]
[16:30:07.25] /i de::addPoint {-6.188 -0.665} -context [db::getNext [de::getContexts -window 3]]
[16:30:13.09] /# gi::executeAction deAddPoint -in [gi::getWindows 3]
[16:30:13.09] /i de::addPoint {-6.27 -0.67} -context [db::getNext [de::getContexts -window 3]]
[16:30:14.60] /# gi::executeAction deAddPoint -in [gi::getWindows 3]
[16:30:14.60] /i de::addPoint {-4.847 -0.667} -context [db::getNext [de::getContexts -window 3]]
[16:30:18.74] /# gi::executeAction deAddPoint -in [gi::getWindows 3]
[16:30:18.74] /i de::addPoint {-4.924 -0.667} -context [db::getNext [de::getContexts -window 3]]
[16:30:20.99] /# gi::executeAction deAbortCommand -in [gi::getWindows 3]
[16:30:20.99] /i de::abortCommand -context [db::getNext [de::getContexts -window 3]]
[16:30:21.36] /# gi::executeAction deSelectActive -in [gi::getWindows 3]
[16:30:21.36] /i de::deselectAllLogic -context [db::getNext [de::getContexts -window 3]]
[16:30:22.68] /# gi::executeAction leStretch -in [gi::getWindows 3]
[16:30:22.68] /i ile::stretch
[16:30:23.48] /# gi::executeAction deAddPoint -in [gi::getWindows 3]
[16:30:23.48] /i de::addPoint {-7.7 -0.683} -context [db::getNext [de::getContexts -window 3]]
[16:30:27.78] /# gi::executeAction deAddPoint -in [gi::getWindows 3]
[16:30:27.78] /i de::addPoint {-7.72 -0.683} -context [db::getNext [de::getContexts -window 3]]
[16:30:29.70] /# gi::executeAction deAddPoint -in [gi::getWindows 3]
[16:30:29.70] /i de::addPoint {-6.38 -0.68} -context [db::getNext [de::getContexts -window 3]]
[16:30:31.31] /# gi::executeAction deAddPoint -in [gi::getWindows 3]
[16:30:31.31] /i de::addPoint {-6.398 -0.683} -context [db::getNext [de::getContexts -window 3]]
[16:30:32.62] /# gi::executeAction deAddPoint -in [gi::getWindows 3]
[16:30:32.62] /i de::addPoint {-5.064 -0.67} -context [db::getNext [de::getContexts -window 3]]
[16:30:34.30] /# gi::executeAction deAddPoint -in [gi::getWindows 3]
[16:30:34.30] /i de::addPoint {-5.087 -0.675} -context [db::getNext [de::getContexts -window 3]]
[16:30:36.04] /# gi::executeAction deCanvasZoomOutAtPoint -in [gi::getWindows 3]
[16:30:36.04] /i de::zoom -window [gi::getWindows 3] -factor 0.5 -center {-5.753 -0.68}
[16:30:36.05] /o {-11.658 -1.786} {-3.618 1.981}
[16:30:37.70] /# gi::executeAction deCanvasZoomInAtPoint -in [gi::getWindows 3]
[16:30:37.70] /i de::zoom -window [gi::getWindows 3] -factor 2.0 -center {-6.796 0.067}
[16:30:37.74] /o {-9.227 -0.859} {-5.207 1.024}
[16:30:39.22] /# gi::executeAction deCanvasZoomOutAtPoint -in [gi::getWindows 3]
[16:30:39.22] /i de::zoom -window [gi::getWindows 3] -factor 0.5 -center {-6.799 0}
[16:30:39.22] /o {-11.655 -1.719} {-3.615 2.048}
[16:30:44.82] /i gi::executeAction deSaveDesign -in [gi::getWindows 3]
[16:30:44.82] /m Information: Saving design 'clk clk layout'. (DESIGN_WINDOW-004)
[16:30:51.55] /# gi::executeAction xtDRCRun -in [gi::getWindows 3]
[16:30:51.55] /i xt::physicalVerification::executeRun drc 3
[16:30:51.92] /# xt::physicalVerification::executePve drc 3
[16:30:53.74] /r giWindowId 25
[16:30:53.77] /r giWindowGeometry 800x600
[16:30:58.08] /i gi::setActiveWindow 3
[16:30:58.08] /i gi::setActiveWindow 3 -raise true
[16:30:58.18] /m Information: 
              /c =============================
              /c JobID: hercules_drc_23
              /c --- ERROR SUMMARY -----------
              /c 7.29: Minimum spacing for Metal 1 >= 0.1
              /c  EXTERNAL M1S { } (101) ................................. 3 violations found.
              /c =============================
              /c 
[16:30:59.16] /i gi::setActiveWindow 25
[16:30:59.16] /i gi::setActiveWindow 25 -raise true
[16:31:00.76] /j ::xt::hercules::vue::_private::registerConnection localhost:51247 tcp52 herculesVue_1 
[16:31:00.82] /j ::xt::hercules::vue::_private::isJobReady 
[16:31:00.83] /o false
[16:31:01.83] /j ::xt::hercules::vue::_private::isJobReady 
[16:31:01.84] /o false
[16:31:02.84] /m Information: Connection established with 'Hercules-VUE' running on 'localhost'.
[16:31:02.84] /j ::xt::hercules::vue::_private::isJobReady 
[16:31:02.84] /o true
[16:31:02.85] /j ::xt::hercules::vue::startFilter LAY 
[16:31:03.40] /j ::xt::hercules::vue::setInlibPath /root/Excercise/ring_oscillator/synopsys_custom/clk.hercules.drc/. 
[16:31:03.42] /j ::xt::hercules::vue::setTopLayLCV clk clk layout 
[16:31:03.44] /j ::xt::hercules::vue::openCell clk clk layout 
[16:31:05.26] /j ::xt::hercules::vue::clearAllHighlights clk layout 
[16:31:06.12] /j ::xt::hercules::vue::clearAllHighlights clk layout 
[16:31:06.14] /j ::xt::hercules::vue::clearAllHighlights clk layout 
[16:31:06.16] /j ::xt::hercules::vue::openCell clk clk layout 
[16:31:06.80] /j ::xt::hercules::vue::clearAllHighlights clk layout 
[16:31:06.82] /j ::xt::hercules::vue::clearAllHighlights clk layout 
[16:31:06.84] /j ::xt::hercules::vue::setHighlightProperty clk layout yellow brick 
[16:31:06.89] /j ::xt::hercules::vue::addPolygonBegin 4 
[16:31:06.89] /j ::xt::hercules::vue::addPolygonPoints {-5.085 -0.340 -5.085 -0.240 -5.005 -0.240 -5.005 -0.340 -5.085 -0.340} 
[16:31:06.89] /j ::xt::hercules::vue::addPolygonEnd 
[16:31:06.89] /j ::xt::hercules::vue::setViewPort extents {-5.095 -0.353 -4.995 -0.228} LAY 
[16:31:06.91] /j ::xt::hercules::vue::addErrorDescription {"Distance: 0.080"} 
[16:31:06.93] /j ::xt::hercules::vue::drawHighlights clk layout all 
[16:31:08.11] /j ::xt::hercules::vue::clearAllHighlights clk layout 
[16:31:08.13] /j ::xt::hercules::vue::setHighlightProperty clk layout yellow brick 
[16:31:08.14] /j ::xt::hercules::vue::addPolygonBegin 4 
[16:31:08.19] /j ::xt::hercules::vue::addPolygonPoints {-5.085 -0.340 -5.085 -0.240 -5.005 -0.240 -5.005 -0.340 -5.085 -0.340} 
[16:31:08.19] /j ::xt::hercules::vue::addPolygonEnd 
[16:31:08.19] /j ::xt::hercules::vue::setViewPort extents {-5.095 -0.353 -4.995 -0.228} LAY 
[16:31:08.22] /j ::xt::hercules::vue::addErrorDescription {"Distance: 0.080"} 
[16:31:08.23] /j ::xt::hercules::vue::drawHighlights clk layout all 
[16:31:09.46] /i gi::setActiveWindow 25
[16:31:09.46] /i gi::setActiveWindow 25 -raise true
[16:31:09.70] /i gi::setActiveWindow 3
[16:31:09.70] /i gi::setActiveWindow 3 -raise true
[16:31:11.37] /# gi::executeAction deCanvasZoomOutAtPoint -in [gi::getWindows 3]
[16:31:11.37] /i de::zoom -window [gi::getWindows 3] -factor 0.5 -center {-5.067 -0.281}
[16:31:11.37] /o {-5.29 -0.425} {-4.756 -0.175}
[16:31:12.12] /# gi::executeAction deCanvasZoomOutAtPoint -in [gi::getWindows 3]
[16:31:12.12] /i de::zoom -window [gi::getWindows 3] -factor 0.5 -center {-5.045 -0.28}
[16:31:12.12] /o {-5.535 -0.57} {-4.467 -0.07}
[16:31:13.09] /# gi::executeAction deCanvasZoomOutAtPoint -in [gi::getWindows 3]
[16:31:13.09] /i de::zoom -window [gi::getWindows 3] -factor 0.5 -center {-5.073 -0.236}
[16:31:13.09] /o {-5.996 -0.904} {-3.862 0.096}
[16:31:13.60] /# gi::executeAction deCanvasZoomInAtPoint -in [gi::getWindows 3]
[16:31:13.60] /i de::zoom -window [gi::getWindows 3] -factor 2.0 -center {-5.072 -0.237}
[16:31:13.61] /o {-5.534 -0.57} {-4.467 -0.07}
[16:31:16.87] /# gi::executeAction deAbortCommand -in [gi::getWindows 3]
[16:31:16.87] /i de::abortCommand -context [db::getNext [de::getContexts -window 3]]
[16:31:18.17] /# gi::executeAction deSelectActive -in [gi::getWindows 3]
[16:31:18.17] /i de::deselectAll [db::getNext [de::getContexts -window 3]]
[16:31:18.17] /i de::select [de::getActiveFigure [gi::getWindows 3] -point {-5.229 -0.358} -index 0 -intent none]
[16:31:18.17] /o oa:0x201d0ec0
[16:31:18.40] /# gi::executeAction leMove -in [gi::getWindows 3]
[16:31:18.40] /i ile::move
[16:31:18.73] /# gi::executeAction deAddPoint -in [gi::getWindows 3]
[16:31:18.73] /i de::addPoint {-5.229 -0.358} -context [db::getNext [de::getContexts -window 3]]
[16:31:22.49] /# gi::executeAction deAddPoint -in [gi::getWindows 3]
[16:31:22.49] /i de::addPoint {-5.29 -0.359} -context [db::getNext [de::getContexts -window 3]]
[16:31:23.59] /# gi::executeAction deCanvasZoomOutAtPoint -in [gi::getWindows 3]
[16:31:23.59] /i de::zoom -window [gi::getWindows 3] -factor 0.5 -center {-5.277 -0.356}
[16:31:23.59] /o {-5.791 -0.785} {-3.657 0.215}
[16:31:24.60] /# gi::executeAction dePan -in [gi::getWindows 3]
[16:31:24.61] /i ide::pan [db::getNext [de::getContexts -window 3]]
[16:31:24.88] /# gi::executeAction deStartDrag -in [gi::getWindows 3]
[16:31:24.88] /i de::startDrag {-5.499 -0.361} -context [db::getNext [de::getContexts -window 3]]
[16:31:26.80] /# gi::executeAction deEndDrag -in [gi::getWindows 3]
[16:31:26.81] /i de::endDrag {-5.495 -0.361} -context [db::getNext [de::getContexts -window 3]]
[16:31:26.81] /r dePanToPoint {-6.279 -0.297}
[16:31:29.42] /# gi::executeAction deCanvasZoomInAtPoint -in [gi::getWindows 3]
[16:31:29.43] /i de::zoom -window [gi::getWindows 3] -factor 2.0 -center {-6.545 -0.304}
[16:31:29.43] /o {-6.946 -0.551} {-5.879 -0.051}
[16:31:30.66] /# gi::executeAction deAbortCommand -in [gi::getWindows 3]
[16:31:30.66] /i de::abortCommand -context [db::getNext [de::getContexts -window 3]]
[16:31:31.19] /# gi::executeAction deSelectActive -in [gi::getWindows 3]
[16:31:31.19] /i de::deselectAll [db::getNext [de::getContexts -window 3]]
[16:31:31.19] /i de::select [de::getActiveFigure [gi::getWindows 3] -point {-6.544 -0.326} -index 0 -intent none]
[16:31:31.19] /o oa:0x20426650
[16:31:31.53] /# gi::executeAction leMove -in [gi::getWindows 3]
[16:31:31.53] /i ile::move
[16:31:31.76] /# gi::executeAction deAddPoint -in [gi::getWindows 3]
[16:31:31.76] /i de::addPoint {-6.544 -0.326} -context [db::getNext [de::getContexts -window 3]]
[16:31:34.67] /# gi::executeAction deAddPoint -in [gi::getWindows 3]
[16:31:34.67] /i de::addPoint {-6.591 -0.324} -context [db::getNext [de::getContexts -window 3]]
[16:31:37.13] /# gi::executeAction leStretch -in [gi::getWindows 3]
[16:31:37.13] /i ile::stretch
[16:31:38.16] /# gi::executeAction deAbortCommand -in [gi::getWindows 3]
[16:31:38.16] /i de::abortCommand -context [db::getNext [de::getContexts -window 3]]
[16:31:39.09] /# gi::executeAction deSelectActive -in [gi::getWindows 3]
[16:31:39.09] /i de::deselectAll [db::getNext [de::getContexts -window 3]]
[16:31:39.10] /i de::deselectAllLogic -context [db::getNext [de::getContexts -window 3]]
[16:31:40.10] /# gi::executeAction leStretch -in [gi::getWindows 3]
[16:31:40.10] /i ile::stretch
[16:31:41.26] /# gi::executeAction deAddPoint -in [gi::getWindows 3]
[16:31:41.26] /i de::addPoint {-6.441 -0.268} -context [db::getNext [de::getContexts -window 3]]
[16:31:43.79] /# gi::executeAction deAddPoint -in [gi::getWindows 3]
[16:31:43.79] /i de::addPoint {-6.498 -0.269} -context [db::getNext [de::getContexts -window 3]]
[16:31:44.32] /# gi::executeAction deAbortCommand -in [gi::getWindows 3]
[16:31:44.32] /i de::abortCommand -context [db::getNext [de::getContexts -window 3]]
[16:31:44.75] /# gi::executeAction deCanvasZoomOutAtPoint -in [gi::getWindows 3]
[16:31:44.75] /i de::zoom -window [gi::getWindows 3] -factor 0.5 -center {-6.471 -0.27}
[16:31:44.75] /o {-7.421 -0.831} {-5.286 0.169}
[16:31:46.93] /i gi::executeAction deSaveDesign -in [gi::getWindows 3]
[16:31:46.93] /m Information: Saving design 'clk clk layout'. (DESIGN_WINDOW-004)
[16:31:50.62] /# gi::executeAction xtDRCRun -in [gi::getWindows 3]
[16:31:50.62] /i xt::physicalVerification::executeRun drc 3
[16:31:51.16] /# xt::physicalVerification::executePve drc 3
[16:32:00.93] /m Information: 
              /c =============================
              /c JobID: hercules_drc_24
              /c --- ERROR SUMMARY -----------
              /c 7.29: Minimum spacing for Metal 1 >= 0.1
              /c  EXTERNAL M1S { } (101) ................................. 1 violation found.
              /c =============================
              /c 
[16:32:01.87] /j ::xt::hercules::vue::clearAllHighlights clk layout 
[16:32:01.94] /j ::xt::hercules::vue::clearAllHighlights clk layout 
[16:32:02.35] /m Information: Connection closed with 'Hercules-VUE' running on 'localhost'.
[16:32:02.70] /j ::xt::hercules::vue::_private::registerConnection localhost:53477 tcp58 herculesVue_2 
[16:32:02.76] /j ::xt::hercules::vue::_private::isJobReady 
[16:32:02.76] /o true
[16:32:02.77] /m Information: Connection established with 'Hercules-VUE' running on 'localhost'.
[16:32:02.77] /j ::xt::hercules::vue::startFilter LAY 
[16:32:03.38] /j ::xt::hercules::vue::setInlibPath /root/Excercise/ring_oscillator/synopsys_custom/clk.hercules.drc/. 
[16:32:03.39] /j ::xt::hercules::vue::setTopLayLCV clk clk layout 
[16:32:03.44] /j ::xt::hercules::vue::openCell clk clk layout 
[16:32:05.56] /j ::xt::hercules::vue::clearAllHighlights clk layout 
[16:32:06.90] /j ::xt::hercules::vue::clearAllHighlights clk layout 
[16:32:06.92] /j ::xt::hercules::vue::clearAllHighlights clk layout 
[16:32:06.94] /j ::xt::hercules::vue::openCell clk clk layout 
[16:32:07.84] /j ::xt::hercules::vue::clearAllHighlights clk layout 
[16:32:07.84] /j ::xt::hercules::vue::clearAllHighlights clk layout 
[16:32:07.86] /j ::xt::hercules::vue::setHighlightProperty clk layout yellow brick 
[16:32:07.88] /j ::xt::hercules::vue::addPolygonBegin 4 
[16:32:07.92] /j ::xt::hercules::vue::addPolygonPoints {-7.725 -0.560 -7.725 -0.460 -7.645 -0.460 -7.645 -0.560 -7.725 -0.560} 
[16:32:07.92] /j ::xt::hercules::vue::addPolygonEnd 
[16:32:07.92] /j ::xt::hercules::vue::setViewPort extents {-7.735 -0.573 -7.635 -0.448} LAY 
[16:32:07.94] /j ::xt::hercules::vue::addErrorDescription {"Distance: 0.080"} 
[16:32:07.94] /j ::xt::hercules::vue::drawHighlights clk layout all 
[16:32:10.06] /j ::xt::hercules::vue::clearAllHighlights clk layout 
[16:32:10.08] /j ::xt::hercules::vue::setHighlightProperty clk layout yellow brick 
[16:32:10.10] /j ::xt::hercules::vue::addPolygonBegin 4 
[16:32:10.14] /j ::xt::hercules::vue::addPolygonPoints {-7.725 -0.560 -7.725 -0.460 -7.645 -0.460 -7.645 -0.560 -7.725 -0.560} 
[16:32:10.14] /j ::xt::hercules::vue::addPolygonEnd 
[16:32:10.15] /j ::xt::hercules::vue::setViewPort extents {-7.735 -0.573 -7.635 -0.448} LAY 
[16:32:10.16] /j ::xt::hercules::vue::addErrorDescription {"Distance: 0.080"} 
[16:32:10.17] /j ::xt::hercules::vue::drawHighlights clk layout all 
[16:32:11.35] /i gi::setActiveWindow 25
[16:32:11.35] /i gi::setActiveWindow 25 -raise true
[16:32:11.57] /i gi::setActiveWindow 3
[16:32:11.57] /i gi::setActiveWindow 3 -raise true
[16:32:12.64] /# gi::executeAction deCanvasZoomOutAtPoint -in [gi::getWindows 3]
[16:32:12.64] /i de::zoom -window [gi::getWindows 3] -factor 0.5 -center {-7.723 -0.481}
[16:32:12.66] /o {-7.914 -0.665} {-7.38 -0.415}
[16:32:13.00] /# gi::executeAction deCanvasZoomOutAtPoint -in [gi::getWindows 3]
[16:32:13.00] /i de::zoom -window [gi::getWindows 3] -factor 0.5 -center {-7.722 -0.481}
[16:32:13.00] /o {-8.106 -0.849} {-7.038 -0.349}
[16:32:13.13] /# gi::executeAction deCanvasZoomOutAtPoint -in [gi::getWindows 3]
[16:32:13.14] /i de::zoom -window [gi::getWindows 3] -factor 0.5 -center {-7.722 -0.481}
[16:32:13.15] /o {-8.489 -1.217} {-6.355 -0.217}
[16:32:14.24] /# gi::executeAction deCanvasZoomInAtPoint -in [gi::getWindows 3]
[16:32:14.24] /i de::zoom -window [gi::getWindows 3] -factor 2.0 -center {-7.8 -0.407}
[16:32:14.24] /o {-8.145 -0.812} {-7.077 -0.312}
[16:32:16.05] /# gi::executeAction deCanvasZoomOutAtPoint -in [gi::getWindows 3]
[16:32:16.05] /i de::zoom -window [gi::getWindows 3] -factor 0.5 -center {-7.869 -0.398}
[16:32:16.06] /o {-8.42 -1.226} {-6.286 -0.226}
[16:32:16.94] /# gi::executeAction deCanvasZoomInAtPoint -in [gi::getWindows 3]
[16:32:16.94] /i de::zoom -window [gi::getWindows 3] -factor 2.0 -center {-8.009 -0.423}
[16:32:16.94] /o {-8.215 -0.824} {-7.147 -0.324}
[16:32:17.59] /i gi::executeAction deCanvasDragCancel -in [gi::getWindows 3]
[16:32:18.25] /# gi::executeAction deSelectActive -in [gi::getWindows 3]
[16:32:18.25] /i de::deselectAllLogic -context [db::getNext [de::getContexts -window 3]]
[16:32:19.20] /# gi::executeAction leMove -in [gi::getWindows 3]
[16:32:19.20] /i ile::move
[16:32:19.50] /# gi::executeAction deAddPoint -in [gi::getWindows 3]
[16:32:19.50] /i de::addPoint {-7.965 -0.511} -context [db::getNext [de::getContexts -window 3]]
[16:32:21.47] /# gi::executeAction deAbortCommand -in [gi::getWindows 3]
[16:32:21.47] /i de::abortCommand -context [db::getNext [de::getContexts -window 3]]
[16:32:22.51] /# gi::executeAction deSelectActive -in [gi::getWindows 3]
[16:32:22.51] /i de::deselectAll [db::getNext [de::getContexts -window 3]]
[16:32:22.51] /i de::select [de::getActiveFigure [gi::getWindows 3] -point {-8.029 -0.511} -index 0 -intent none]
[16:32:22.51] /o oa:0x1ffead50
[16:32:23.28] /# gi::executeAction leMove -in [gi::getWindows 3]
[16:32:23.28] /i ile::move
[16:32:23.51] /# gi::executeAction deAddPoint -in [gi::getWindows 3]
[16:32:23.51] /i de::addPoint {-8.029 -0.511} -context [db::getNext [de::getContexts -window 3]]
[16:32:28.72] /# gi::executeAction deAddPoint -in [gi::getWindows 3]
[16:32:28.72] /i de::addPoint {-8.117 -0.505} -context [db::getNext [de::getContexts -window 3]]
[16:32:34.61] /# gi::executeAction deSelectActive -in [gi::getWindows 3]
[16:32:34.61] /i de::deselectAll [db::getNext [de::getContexts -window 3]]
[16:32:34.61] /i de::select [de::getActiveFigure [gi::getWindows 3] -point {-7.862 -0.621} -index 0 -intent none]
[16:32:34.61] /o oa:0x1ff51e10
[16:32:35.64] /# gi::executeAction deSelectActive -in [gi::getWindows 3]
[16:32:35.64] /i de::deselectAll [db::getNext [de::getContexts -window 3]]
[16:32:35.64] /i de::select [de::getActiveFigure [gi::getWindows 3] -point {-7.867 -0.623} -index 0 -intent none]
[16:32:35.64] /o oa:0x1fe1cc70
[16:32:36.47] /# gi::executeAction leMove -in [gi::getWindows 3]
[16:32:36.48] /i ile::move
[16:32:36.73] /# gi::executeAction deAddPoint -in [gi::getWindows 3]
[16:32:36.73] /i de::addPoint {-7.867 -0.623} -context [db::getNext [de::getContexts -window 3]]
[16:32:41.01] /# gi::executeAction deAddPoint -in [gi::getWindows 3]
[16:32:41.02] /i de::addPoint {-7.916 -0.625} -context [db::getNext [de::getContexts -window 3]]
[16:32:41.69] /i gi::executeAction deCanvasDragCancel -in [gi::getWindows 3]
[16:32:43.57] /i gi::executeAction deSaveDesign -in [gi::getWindows 3]
[16:32:43.57] /m Information: Saving design 'clk clk layout'. (DESIGN_WINDOW-004)
[16:32:45.84] /# gi::executeAction xtDRCRun -in [gi::getWindows 3]
[16:32:45.84] /i xt::physicalVerification::executeRun drc 3
[16:32:46.30] /# xt::physicalVerification::executePve drc 3
[16:32:53.39] /m Information: 
              /c =============================
              /c JobID: hercules_drc_25
              /c Completed with no errors.
              /c =============================
              /c 
[16:32:59.06] /i gi::setActiveWindow 3
[16:32:59.06] /i gi::setActiveWindow 3 -raise true
[16:33:02.06] /# gi::executeAction xtLVSRun -in [gi::getWindows 3]
[16:33:02.06] /i xt::physicalVerification::executeRun lvs 3
[16:33:02.56] /# xt::physicalVerification::executePve lvs 3
[16:33:04.20] /m Information: "Starting netlisting for design "clk/clk/schematic"..." (NETLISTING-010)
[16:33:04.23] /o No Design Integrity rule violations found in "clk/clk/schematic"
[16:33:04.23] /m Information: 
[16:33:04.23] /o Checking "inv/inv/schematic"
[16:33:04.23] /o No rule violations found in "inv/inv/schematic"
[16:33:04.29] /m Information: "Netlisting design "clk/clk/schematic" finished successfully." (NETLISTING-012)
[16:33:04.54] /r giWindowId 26
[16:33:04.60] /r giWindowGeometry 800x600
[16:33:13.39] /m Information: 
              /c =============================
              /c JobID: hercules_lvs_17
              /c Completed with no errors.
              /c =============================
              /c 
[16:33:15.37] /i gi::setActiveWindow 3
[16:33:15.37] /i gi::setActiveWindow 3 -raise true
[16:33:18.99] /# gi::executeAction xtLPERun -in [gi::getWindows 3]
[16:33:18.99] /i xt::physicalVerification::executeRun lpe 3
[16:33:19.38] /# xt::physicalVerification::executePve lpe 3
[16:33:20.05] /r giWindowId 27
[16:33:20.10] /r giWindowGeometry 800x600
[16:33:28.95] /m Information: 
              /c =============================
              /c JobID: starrc_lpe_17
              /c Completed with no errors.
              /c =============================
              /c 
[16:34:04.37] /i gi::setActiveWindow 3
[16:34:04.37] /i gi::setActiveWindow 3 -raise true
[16:34:06.56] /# gi::executeAction deCanvasZoomOutAtPoint -in [gi::getWindows 3]
[16:34:06.56] /i de::zoom -window [gi::getWindows 3] -factor 0.5 -center {-7.621 -0.355}
[16:34:06.56] /o {-8.808 -1.294} {-6.674 -0.294}
[16:34:08.86] /# gi::executeAction dePan -in [gi::getWindows 3]
[16:34:08.86] /i ide::pan [db::getNext [de::getContexts -window 3]]
[16:34:09.42] /# gi::executeAction deStartDrag -in [gi::getWindows 3]
[16:34:09.42] /i de::startDrag {-7.209 -0.361} -context [db::getNext [de::getContexts -window 3]]
[16:34:09.62] /# gi::executeAction deEndDrag -in [gi::getWindows 3]
[16:34:09.62] /i de::endDrag {-7.21 -0.365} -context [db::getNext [de::getContexts -window 3]]
[16:34:09.63] /r dePanToPoint {-7.666 -0.653}
[16:34:10.02] /# gi::executeAction deAbortCommand -in [gi::getWindows 3]
[16:34:10.02] /i de::abortCommand -context [db::getNext [de::getContexts -window 3]]
[16:34:11.49] /i gi::executeAction giCloseWindow -in [gi::getWindows 27]
[16:34:12.77] /i gi::executeAction giCloseWindow -in [gi::getWindows 26]
[16:34:13.40] /i gi::executeAction giCloseWindow -in [gi::getWindows 25]
[16:34:14.16] /i gi::setActiveWindow 2
[16:34:14.16] /i gi::setActiveWindow 2 -raise true
[16:34:15.87] /# gi::executeAction deSelectActive -in [gi::getWindows 2]
[16:34:15.87] /i de::deselectAll [db::getNext [de::getContexts -window 2]]
[16:34:15.87] /i de::select [de::getActiveFigure [gi::getWindows 2] -point {2.04375 -1.06875} -index 0 -intent none]
[16:34:15.87] /o oa:0x20c86cc0
[16:34:16.19] /# gi::executeAction giPostContextMenu -in [gi::getWindows 2]
[16:34:16.21] /i gi::executeAction menuPreShow -in [gi::getWindows 2]
[16:34:16.21] /r giMenuAccess db::getNext [gi::getMenus seSchInstLabelContextMenu]
[16:34:17.27] /# gi::executeAction deEditCanvasText -in [gi::getWindows 2]
[16:34:17.27] /i ide::editCanvasText -object [de::getActiveFigure [gi::getWindows 2] -point {2.04375 -1.06875} -index 0 -intent none]
[16:34:21.02] /i de::commandOption {0.134u}
[16:34:21.02] /o 
              /c ************************ N **************************
[16:34:21.02] /o 
[16:34:21.02] /o WARNING 0003> Resetting parameter "Length" 0.134u to 0.135u to be on grid.
[16:34:21.02] /o 
[16:34:22.58] /# gi::executeAction deSelectActive -in [gi::getWindows 2]
[16:34:22.58] /i de::deselectAll [db::getNext [de::getContexts -window 2]]
[16:34:22.59] /i de::deselectAllLogic -context [db::getNext [de::getContexts -window 2]]
[16:34:24.89] /# gi::executeAction deSelectActive -in [gi::getWindows 2]
[16:34:24.89] /i de::deselectAll [db::getNext [de::getContexts -window 2]]
[16:34:24.89] /i de::select [de::getActiveFigure [gi::getWindows 2] -point {2.10625 -1.06875} -index 0 -intent none]
[16:34:24.89] /o oa:0x20e407d0
[16:34:26.67] /# gi::executeAction deSelectActive -in [gi::getWindows 2]
[16:34:26.67] /i de::cycleActiveFigure [gi::getWindows 2] -direction next
[16:34:26.67] /o oa:0x202f1d60
[16:34:27.55] /# gi::executeAction giPostContextMenu -in [gi::getWindows 2]
[16:34:27.57] /i gi::executeAction menuPreShow -in [gi::getWindows 2]
[16:34:27.57] /r giMenuAccess db::getNext [gi::getMenus seSchWireContextMenu]
[16:34:28.42] /# gi::executeAction seMoveActive -in [gi::getWindows 2]
[16:34:28.42] /i ise::move -object [de::getActiveFigure [gi::getWindows 2] -point {2.0125 -1.08125} -index 0 -intent none]
[16:34:28.62] /# gi::executeAction deAddPoint -in [gi::getWindows 2]
[16:34:28.62] /i de::addPoint {2.1375 -1.13125} -context [db::getNext [de::getContexts -window 2]]
[16:34:29.95] /# gi::executeAction deAbortCommand -in [gi::getWindows 2]
[16:34:29.95] /i de::abortCommand -context [db::getNext [de::getContexts -window 2]]
[16:34:30.63] /# gi::executeAction deSelectActive -in [gi::getWindows 2]
[16:34:30.63] /i de::deselectAll [db::getNext [de::getContexts -window 2]]
[16:34:30.63] /i de::deselectAllLogic -context [db::getNext [de::getContexts -window 2]]
[16:34:31.83] /# gi::executeAction deSelectActive -in [gi::getWindows 2]
[16:34:31.83] /i de::deselectAll [db::getNext [de::getContexts -window 2]]
[16:34:31.83] /i de::select [de::getActiveFigure [gi::getWindows 2] -point {2.11875 -1.08125} -index 0 -intent none]
[16:34:31.83] /o oa:0x2105f4e0
[16:34:32.06] /# gi::executeAction giPostContextMenu -in [gi::getWindows 2]
[16:34:32.08] /i gi::executeAction menuPreShow -in [gi::getWindows 2]
[16:34:32.08] /r giMenuAccess db::getNext [gi::getMenus seSchInstLabelContextMenu]
[16:34:33.29] /# gi::executeAction deEditCanvasText -in [gi::getWindows 2]
[16:34:33.29] /i ide::editCanvasText -object [de::getActiveFigure [gi::getWindows 2] -point {2.11875 -1.08125} -index 0 -intent none]
[16:34:37.93] /i de::commandOption {0.13u}
[16:34:39.13] /# gi::executeAction dePan -in [gi::getWindows 2]
[16:34:39.13] /i ide::pan [db::getNext [de::getContexts -window 2]]
[16:34:39.40] /# gi::executeAction deStartDrag -in [gi::getWindows 2]
[16:34:39.40] /i de::startDrag {2.63125 -0.74375} -context [db::getNext [de::getContexts -window 2]]
[16:34:40.24] /# gi::executeAction deEndDrag -in [gi::getWindows 2]
[16:34:40.25] /i de::endDrag {2.6375 -0.75625} -context [db::getNext [de::getContexts -window 2]]
[16:34:40.26] /r dePanToPoint {1.79375 -0.03125}
[16:34:40.60] /# gi::executeAction deAbortCommand -in [gi::getWindows 2]
[16:34:40.60] /i de::abortCommand -context [db::getNext [de::getContexts -window 2]]
[16:34:41.36] /# gi::executeAction deSelectActive -in [gi::getWindows 2]
[16:34:41.36] /i de::deselectAll [db::getNext [de::getContexts -window 2]]
[16:34:41.36] /i de::deselectAllLogic -context [db::getNext [de::getContexts -window 2]]
[16:34:42.09] /# gi::executeAction deSelectActive -in [gi::getWindows 2]
[16:34:42.09] /i de::deselectAll [db::getNext [de::getContexts -window 2]]
[16:34:42.09] /i de::select [de::getActiveFigure [gi::getWindows 2] -point {2.075 0.23125} -index 0 -intent none]
[16:34:42.09] /o oa:0x1f5ed4b0
[16:34:42.31] /# gi::executeAction giPostContextMenu -in [gi::getWindows 2]
[16:34:42.36] /i gi::executeAction menuPreShow -in [gi::getWindows 2]
[16:34:42.36] /r giMenuAccess db::getNext [gi::getMenus seSchInstLabelContextMenu]
[16:34:43.32] /# gi::executeAction deEditCanvasText -in [gi::getWindows 2]
[16:34:43.32] /i ide::editCanvasText -object [de::getActiveFigure [gi::getWindows 2] -point {2.075 0.23125} -index 0 -intent none]
[16:34:46.35] /i de::commandOption {0.13u}
[16:34:47.47] /# gi::executeAction deSelectActive -in [gi::getWindows 2]
[16:34:47.47] /i de::deselectAll [db::getNext [de::getContexts -window 2]]
[16:34:47.47] /i de::deselectAllLogic -context [db::getNext [de::getContexts -window 2]]
[16:34:49.25] /i gi::executeAction deSaveDesign -in [gi::getWindows 2]
[16:34:49.29] /m Information: Saving design 'inv inv schematic'. (DESIGN_WINDOW-004)
[16:34:50.97] /i gi::setActiveWindow 3
[16:34:50.97] /i gi::setActiveWindow 3 -raise true
[16:34:52.09] /# gi::executeAction deCanvasZoomOutAtPoint -in [gi::getWindows 3]
[16:34:52.09] /i de::zoom -window [gi::getWindows 3] -factor 0.5 -center {-7.975 -0.457}
[16:34:52.09] /o {-9.492 -1.848} {-5.223 0.152}
[16:34:53.17] /# gi::executeAction deSelectActive -in [gi::getWindows 3]
[16:34:53.17] /i de::deselectAll [db::getNext [de::getContexts -window 3]]
[16:34:53.17] /i de::select [de::getActiveFigure [gi::getWindows 3] -point {-7.321 -0.025} -index 0 -intent none]
[16:34:53.17] /o oa:0x1f9228e0
[16:34:55.26] /i gi::setItemSelection {parameters} -index {l,all} -in [gi::getAssistants dePropertyEditor -from [gi::getWindows 3]]
[16:34:55.27] /i gi::setCurrentIndex {parameters} -index {l,Value} -in [gi::getAssistants dePropertyEditor -from [gi::getWindows 3]]
[16:34:58.83] /i gi::setField {parameters} -value {0.13u} -index {l,Value} -in [gi::getAssistants dePropertyEditor -from [gi::getWindows 3]]
[16:34:58.83] /i gi::executeAction dePropertyEditorApplyChanges -in [gi::getAssistants dePropertyEditor -from [gi::getWindows 3]]
[16:35:00.53] /# gi::executeAction deSelectActive -in [gi::getWindows 3]
[16:35:00.53] /i de::deselectAll [db::getNext [de::getContexts -window 3]]
[16:35:00.53] /i de::select [de::getActiveFigure [gi::getWindows 3] -point {-7.44 -1.068} -index 0 -intent none]
[16:35:00.53] /o oa:0x205c8640
[16:35:03.70] /i gi::setItemSelection {parameters} -index {l,all} -in [gi::getAssistants dePropertyEditor -from [gi::getWindows 3]]
[16:35:03.70] /i gi::setCurrentIndex {parameters} -index {l,Value} -in [gi::getAssistants dePropertyEditor -from [gi::getWindows 3]]
[16:35:09.36] /i gi::setField {parameters} -value {0.13u} -index {l,Value} -in [gi::getAssistants dePropertyEditor -from [gi::getWindows 3]]
[16:35:09.36] /i gi::executeAction dePropertyEditorApplyChanges -in [gi::getAssistants dePropertyEditor -from [gi::getWindows 3]]
[16:35:10.86] /# gi::executeAction deSelectActive -in [gi::getWindows 3]
[16:35:10.87] /i de::deselectAll [db::getNext [de::getContexts -window 3]]
[16:35:10.91] /i de::select [de::getActiveFigure [gi::getWindows 3] -point {-6.122 -1.06} -index 0 -intent none]
[16:35:10.92] /o oa:0x210f4290
[16:35:12.16] /i gi::setItemSelection {parameters} -index {l,all} -in [gi::getAssistants dePropertyEditor -from [gi::getWindows 3]]
[16:35:12.17] /i gi::setCurrentIndex {parameters} -index {l,Value} -in [gi::getAssistants dePropertyEditor -from [gi::getWindows 3]]
[16:35:15.49] /i gi::setField {parameters} -value {0.13u} -index {l,Value} -in [gi::getAssistants dePropertyEditor -from [gi::getWindows 3]]
[16:35:15.49] /i gi::executeAction dePropertyEditorApplyChanges -in [gi::getAssistants dePropertyEditor -from [gi::getWindows 3]]
[16:35:17.18] /# gi::executeAction dePan -in [gi::getWindows 3]
[16:35:17.18] /i ide::pan [db::getNext [de::getContexts -window 3]]
[16:35:17.56] /# gi::executeAction deStartDrag -in [gi::getWindows 3]
[16:35:17.56] /i de::startDrag {-5.775 -0.895} -context [db::getNext [de::getContexts -window 3]]
[16:35:18.90] /# gi::executeAction deEndDrag -in [gi::getWindows 3]
[16:35:18.90] /i de::endDrag {-5.788 -0.911} -context [db::getNext [de::getContexts -window 3]]
[16:35:18.90] /r dePanToPoint {-6.843 -0.278}
[16:35:19.45] /# gi::executeAction deAbortCommand -in [gi::getWindows 3]
[16:35:19.45] /i de::abortCommand -context [db::getNext [de::getContexts -window 3]]
[16:35:20.09] /# gi::executeAction deSelectActive -in [gi::getWindows 3]
[16:35:20.09] /i de::deselectAll [db::getNext [de::getContexts -window 3]]
[16:35:20.09] /i de::select [de::getActiveFigure [gi::getWindows 3] -point {-6.063 0.081} -index 0 -intent none]
[16:35:20.10] /o oa:0x2033f560
[16:35:21.13] /i gi::setItemSelection {parameters} -index {l,all} -in [gi::getAssistants dePropertyEditor -from [gi::getWindows 3]]
[16:35:21.13] /i gi::setCurrentIndex {parameters} -index {l,Value} -in [gi::getAssistants dePropertyEditor -from [gi::getWindows 3]]
[16:35:24.82] /i gi::setField {parameters} -value {0.13u} -index {l,Value} -in [gi::getAssistants dePropertyEditor -from [gi::getWindows 3]]
[16:35:24.82] /i gi::executeAction dePropertyEditorApplyChanges -in [gi::getAssistants dePropertyEditor -from [gi::getWindows 3]]
[16:35:26.73] /# gi::executeAction deSelectActive -in [gi::getWindows 3]
[16:35:26.73] /i de::deselectAll [db::getNext [de::getContexts -window 3]]
[16:35:26.74] /i de::select [de::getActiveFigure [gi::getWindows 3] -point {-5.685 0.005} -index 0 -intent none]
[16:35:26.74] /o oa:0x1e4c0f10
[16:35:28.34] /i gi::setItemSelection {parameters} -index {l,all} -in [gi::getAssistants dePropertyEditor -from [gi::getWindows 3]]
[16:35:28.35] /i gi::setCurrentIndex {parameters} -index {l,Value} -in [gi::getAssistants dePropertyEditor -from [gi::getWindows 3]]
[16:35:30.88] /i gi::setField {parameters} -value {0.13u} -index {l,Value} -in [gi::getAssistants dePropertyEditor -from [gi::getWindows 3]]
[16:35:30.88] /i gi::executeAction dePropertyEditorApplyChanges -in [gi::getAssistants dePropertyEditor -from [gi::getWindows 3]]
[16:35:32.48] /# gi::executeAction deSelectActive -in [gi::getWindows 3]
[16:35:32.48] /i de::deselectAll [db::getNext [de::getContexts -window 3]]
[16:35:32.48] /i de::select [de::getActiveFigure [gi::getWindows 3] -point {-5.449 -0.867} -index 0 -intent none]
[16:35:32.49] /o oa:0x1de41980
[16:35:34.37] /i gi::setItemSelection {parameters} -index {l,all} -in [gi::getAssistants dePropertyEditor -from [gi::getWindows 3]]
[16:35:34.38] /i gi::setCurrentIndex {parameters} -index {l,Value} -in [gi::getAssistants dePropertyEditor -from [gi::getWindows 3]]
[16:35:37.12] /i gi::setField {parameters} -value {0.13u} -index {l,Value} -in [gi::getAssistants dePropertyEditor -from [gi::getWindows 3]]
[16:35:37.12] /i gi::executeAction dePropertyEditorApplyChanges -in [gi::getAssistants dePropertyEditor -from [gi::getWindows 3]]
[16:35:41.79] /# gi::executeAction deSelectActive -in [gi::getWindows 3]
[16:35:41.79] /i de::deselectAll [db::getNext [de::getContexts -window 3]]
[16:35:41.79] /i de::select [de::getActiveFigure [gi::getWindows 3] -point {-7.582 -0.677} -index 0 -intent none]
[16:35:41.79] /o oa:0x2104da50
[16:35:43.49] /# gi::executeAction leMove -in [gi::getWindows 3]
[16:35:43.50] /i ile::move
[16:35:43.76] /# gi::executeAction deAddPoint -in [gi::getWindows 3]
[16:35:43.76] /i de::addPoint {-7.582 -0.677} -context [db::getNext [de::getContexts -window 3]]
[16:35:45.51] /# gi::executeAction deAddPoint -in [gi::getWindows 3]
[16:35:45.51] /i de::addPoint {-7.568 -0.677} -context [db::getNext [de::getContexts -window 3]]
[16:35:46.43] /# gi::executeAction deSelectActive -in [gi::getWindows 3]
[16:35:46.43] /i de::deselectAll [db::getNext [de::getContexts -window 3]]
[16:35:46.43] /i de::select [de::getActiveFigure [gi::getWindows 3] -point {-6.277 -0.674} -index 0 -intent none]
[16:35:46.43] /o oa:0x20ecf370
[16:35:48.84] /# gi::executeAction deSelectActive -in [gi::getWindows 3]
[16:35:48.84] /i de::cycleActiveFigure [gi::getWindows 3] -direction next
[16:35:48.84] /o oa:0x1ec64350
[16:35:50.36] /# gi::executeAction leMove -in [gi::getWindows 3]
[16:35:50.36] /i ile::move
[16:35:50.64] /# gi::executeAction deAddPoint -in [gi::getWindows 3]
[16:35:50.64] /i de::addPoint {-6.237 -0.664} -context [db::getNext [de::getContexts -window 3]]
[16:35:53.60] /# gi::executeAction deAddPoint -in [gi::getWindows 3]
[16:35:53.60] /i de::addPoint {-6.226 -0.674} -context [db::getNext [de::getContexts -window 3]]
[16:35:54.72] /# gi::executeAction deSelectActive -in [gi::getWindows 3]
[16:35:54.72] /i de::deselectAll [db::getNext [de::getContexts -window 3]]
[16:35:54.72] /i de::select [de::getActiveFigure [gi::getWindows 3] -point {-4.951 -0.688} -index 0 -intent none]
[16:35:54.72] /o oa:0x1ed4c7b0
[16:35:56.62] /# gi::executeAction leMove -in [gi::getWindows 3]
[16:35:56.62] /i ile::move
[16:35:56.97] /# gi::executeAction deAddPoint -in [gi::getWindows 3]
[16:35:56.97] /i de::addPoint {-4.932 -0.685} -context [db::getNext [de::getContexts -window 3]]
[16:35:59.05] /# gi::executeAction deAddPoint -in [gi::getWindows 3]
[16:35:59.05] /i de::addPoint {-4.919 -0.685} -context [db::getNext [de::getContexts -window 3]]
[16:36:00.06] /i gi::executeAction deCanvasDragCancel -in [gi::getWindows 3]
[16:36:03.58] /i gi::executeAction deSaveDesign -in [gi::getWindows 3]
[16:36:03.58] /m Information: Saving design 'clk clk layout'. (DESIGN_WINDOW-004)
[16:36:09.42] /# gi::executeAction xtDRCRun -in [gi::getWindows 3]
[16:36:09.42] /i xt::physicalVerification::executeRun drc 3
[16:36:09.83] /# xt::physicalVerification::executePve drc 3
[16:36:12.25] /r giWindowId 28
[16:36:12.33] /r giWindowGeometry 800x600
[16:36:16.39] /m Information: 
              /c =============================
              /c JobID: hercules_drc_26
              /c Completed with no errors.
              /c =============================
              /c 
[16:36:20.06] /i gi::setActiveWindow 3
[16:36:20.06] /i gi::setActiveWindow 3 -raise true
[16:36:23.61] /# gi::executeAction xtLVSRun -in [gi::getWindows 3]
[16:36:23.61] /i xt::physicalVerification::executeRun lvs 3
[16:36:24.22] /# xt::physicalVerification::executePve lvs 3
[16:36:26.49] /m Information: "Starting netlisting for design "clk/clk/schematic"..." (NETLISTING-010)
[16:36:26.52] /o No Design Integrity rule violations found in "clk/clk/schematic"
[16:36:26.52] /m Information: 
[16:36:26.52] /o Checking "inv/inv/schematic"
[16:36:26.53] /o No rule violations found in "inv/inv/schematic"
[16:36:26.59] /m Information: "Netlisting design "clk/clk/schematic" finished successfully." (NETLISTING-012)
[16:36:27.15] /r giWindowId 29
[16:36:27.22] /r giWindowGeometry 800x600
[16:36:32.13] /i gi::pressButton {ConsoleToggleButton} -in [db::getAttr statusbar -of [gi::getWindows 29]]
[16:36:59.65] /m Information: 
              /c =============================
              /c JobID: hercules_lvs_18
              /c Completed with no errors.
              /c =============================
              /c 
[16:37:01.72] /i gi::setActiveWindow 3
[16:37:01.72] /i gi::setActiveWindow 3 -raise true
[16:37:06.03] /# gi::executeAction xtLPERun -in [gi::getWindows 3]
[16:37:06.03] /i xt::physicalVerification::executeRun lpe 3
[16:37:07.02] /# xt::physicalVerification::executePve lpe 3
[16:37:08.55] /r giWindowId 30
[16:37:08.71] /r giWindowGeometry 800x600
[16:37:29.01] /m Information: 
              /c =============================
              /c JobID: starrc_lpe_18
              /c Completed with no errors.
              /c =============================
              /c 
[16:38:20.44] /j ::xt::hercules::vue::clearAllHighlights clk layout 
[16:38:20.47] /j ::xt::hercules::vue::clearAllHighlights clk layout 
[16:38:20.86] /m Information: Connection closed with 'Hercules-VUE' running on 'localhost'.
[16:38:29.64] /i gi::executeAction giCloseWindow -in [gi::getWindows 29]
[16:38:30.47] /i gi::executeAction giCloseWindow -in [gi::getWindows 28]
[16:38:32.66] /i gi::executeAction giCloseWindow -in [gi::getWindows 30]
[16:38:33.12] /i gi::setActiveWindow 3
[16:38:33.12] /i gi::setActiveWindow 3 -raise true
[16:38:34.28] /i gi::setActiveWindow 2
[16:38:34.28] /i gi::setActiveWindow 2 -raise true
[16:38:37.12] /# gi::executeAction deSelectActive -in [gi::getWindows 2]
[16:38:37.12] /i de::deselectAll [db::getNext [de::getContexts -window 2]]
[16:38:37.12] /i de::select [de::getActiveFigure [gi::getWindows 2] -point {2.075 0.23125} -index 0 -intent none]
[16:38:37.13] /o oa:0x2076d920
[16:38:43.01] /# gi::executeAction giPostContextMenu -in [gi::getWindows 2]
[16:38:43.05] /i gi::executeAction menuPreShow -in [gi::getWindows 2]
[16:38:43.05] /r giMenuAccess db::getNext [gi::getMenus seSchCanvasContextMenu]
[16:38:45.03] /# gi::executeAction giPostContextMenu -in [gi::getWindows 2]
[16:38:45.06] /i gi::executeAction menuPreShow -in [gi::getWindows 2]
[16:38:45.06] /r giMenuAccess db::getNext [gi::getMenus seSchInstLabelContextMenu]
[16:38:46.37] /# gi::executeAction deEditCanvasText -in [gi::getWindows 2]
[16:38:46.37] /i ide::editCanvasText -object [de::getActiveFigure [gi::getWindows 2] -point {2.00625 0.2375} -index 0 -intent none]
[16:38:52.80] /i de::commandOption {0.132u}
[16:38:52.83] /o 
              /c ************************ P **************************
[16:38:52.83] /o 
[16:38:52.83] /o WARNING 0003> Resetting parameter "Length" 0.132u to 0.13u to be on grid.
[16:38:52.83] /o 
[16:38:53.69] /# gi::executeAction deSelectActive -in [gi::getWindows 2]
[16:38:53.69] /i de::deselectAll [db::getNext [de::getContexts -window 2]]
[16:38:53.69] /i de::deselectAllLogic -context [db::getNext [de::getContexts -window 2]]
[16:38:54.71] /# gi::executeAction deSelectActive -in [gi::getWindows 2]
[16:38:54.71] /i de::deselectAll [db::getNext [de::getContexts -window 2]]
[16:38:54.71] /i de::select [de::getActiveFigure [gi::getWindows 2] -point {2.0625 0.25625} -index 0 -intent none]
[16:38:54.71] /o oa:0x20750d30
[16:38:55.10] /# gi::executeAction giPostContextMenu -in [gi::getWindows 2]
[16:38:55.13] /i gi::executeAction menuPreShow -in [gi::getWindows 2]
[16:38:55.13] /r giMenuAccess db::getNext [gi::getMenus seSchInstLabelContextMenu]
[16:38:56.53] /# gi::executeAction deEditCanvasText -in [gi::getWindows 2]
[16:38:56.53] /i ide::editCanvasText -object [de::getActiveFigure [gi::getWindows 2] -point {2.0625 0.25625} -index 0 -intent none]
[16:39:01.73] /i de::commandOption {0.135u}
[16:39:02.76] /# gi::executeAction deSelectActive -in [gi::getWindows 2]
[16:39:02.76] /i de::deselectAll [db::getNext [de::getContexts -window 2]]
[16:39:02.76] /i de::deselectAllLogic -context [db::getNext [de::getContexts -window 2]]
[16:39:09.91] /# gi::executeAction dePan -in [gi::getWindows 2]
[16:39:09.91] /i ide::pan [db::getNext [de::getContexts -window 2]]
[16:39:10.35] /# gi::executeAction deStartDrag -in [gi::getWindows 2]
[16:39:10.35] /i de::startDrag {2.39375 0.00625} -context [db::getNext [de::getContexts -window 2]]
[16:39:11.07] /# gi::executeAction deEndDrag -in [gi::getWindows 2]
[16:39:11.07] /i de::endDrag {2.39375 0.0125} -context [db::getNext [de::getContexts -window 2]]
[16:39:11.07] /r dePanToPoint {1.75625 -0.51875}
[16:39:11.38] /# gi::executeAction deAbortCommand -in [gi::getWindows 2]
[16:39:11.38] /i de::abortCommand -context [db::getNext [de::getContexts -window 2]]
[16:39:13.21] /# gi::executeAction deSelectActive -in [gi::getWindows 2]
[16:39:13.21] /i de::deselectAll [db::getNext [de::getContexts -window 2]]
[16:39:13.22] /i de::select [de::getActiveFigure [gi::getWindows 2] -point {1.98125 -1.06875} -index 0 -intent none]
[16:39:13.22] /o oa:0x1fe1fc10
[16:39:15.36] /# gi::executeAction deSelectActive -in [gi::getWindows 2]
[16:39:15.36] /i de::deselectAll [db::getNext [de::getContexts -window 2]]
[16:39:15.36] /i de::select [de::getActiveFigure [gi::getWindows 2] -point {2.06875 -1.075} -index 0 -intent none]
[16:39:15.37] /o oa:0x203226a0
[16:39:18.93] /i gi::executeAction deCanvasDragSelect -in [gi::getWindows 2]
[16:39:18.94] /r deCanvasDragStart 2.325 0.1625
[16:39:20.41] /# gi::executeAction deCanvasDragEnd -in [gi::getWindows 2]
[16:39:20.41] /i gi::executeAction deCanvasDragEnd -in [gi::getWindows 2]
[16:39:20.42] /r deCanvasDragEnd 2.3 0.01875
[16:39:37.73] /# gi::executeAction deSelectActive -in [gi::getWindows 2]
[16:39:37.73] /i de::deselectAll [db::getNext [de::getContexts -window 2]]
[16:39:37.73] /i de::select [de::getActiveFigure [gi::getWindows 2] -point {2.06875 0.225} -index 0 -intent none]
[16:39:37.74] /o oa:0x20d6f750
[16:39:37.89] /# gi::executeAction deDescend -in [gi::getWindows 2]
[16:39:37.89] /i ide::descend 2 -inPlace false -promptView false -readOnly auto
[16:39:37.98] /# Navigating to reference90RF/p_4t/symbol (M2)
[16:39:40.77] /i db::setAttr dockSize -of [gi::getAssistants giConsole -from [gi::getWindows 2]] -value 1867x211
[16:39:40.77] /i db::setAttr dockSize -of [gi::getAssistants deMarkerBrowser -from [gi::getWindows 2]] -value 292x553
[16:39:40.82] /# gi::executeAction deSelectActive -in [gi::getWindows 2]
[16:39:40.82] /i de::deselectAll [db::getNext [de::getContexts -window 2]]
[16:39:40.82] /i de::select [de::getActiveFigure [gi::getWindows 2] -point {0.35625 0.275} -index 0 -intent none]
[16:39:40.83] /o oa:0x20e1e350
[16:39:40.83] /i ide::editCanvasText -object [de::getActiveFigure [gi::getWindows 2] -point {0.35625 0.275} -index 0 -intent none]
[16:39:42.81] /i de::commandOption {cdsName()}
[16:39:45.11] /# gi::executeAction giPostContextMenu -in [gi::getWindows 2]
[16:39:45.91] /# gi::executeAction deReturn -in [gi::getWindows 2]
[16:39:45.91] /i de::return [db::getNext [de::getContexts -window 2]]
[16:39:45.92] /# Navigating to inv/inv/schematic (I0)
[16:39:47.62] /o oa:0x20483790
[16:39:47.89] /i db::setAttr dockSize -of [gi::getAssistants deMarkerBrowser -from [gi::getWindows 2]] -value 292x553
[16:39:47.89] /i db::setAttr dockSize -of [gi::getAssistants giConsole -from [gi::getWindows 2]] -value 1867x211
[16:39:49.70] /# gi::executeAction giPostContextMenu -in [gi::getWindows 2]
[16:39:49.73] /i gi::executeAction menuPreShow -in [gi::getWindows 2]
[16:39:49.73] /r giMenuAccess db::getNext [gi::getMenus seSchInstLabelContextMenu]
[16:39:50.45] /# gi::executeAction deEditCanvasText -in [gi::getWindows 2]
[16:39:50.45] /i ide::editCanvasText -object [de::getActiveFigure [gi::getWindows 2] -point {1.99375 0.2375} -index 0 -intent none]
[16:39:53.64] /i de::commandOption {0.13u}
[16:39:54.83] /i gi::executeAction deSaveDesign -in [gi::getWindows 2]
[16:39:54.84] /m Information: Saving design 'inv inv schematic'. (DESIGN_WINDOW-004)
[16:39:57.37] /# gi::executeAction giPostContextMenu -in [gi::getWindows 2]
[16:39:57.44] /i gi::executeAction menuPreShow -in [gi::getWindows 2]
[16:39:57.45] /r giMenuAccess db::getNext [gi::getMenus seSchCanvasContextMenu]
[16:39:58.51] /# gi::executeAction deReturn -in [gi::getWindows 2]
[16:39:58.51] /i de::return [db::getNext [de::getContexts -window 2]]
[16:39:58.51] /# Navigating to clk/clk/schematic
[16:39:58.61] /o oa:0x1feecce0
[16:40:00.49] /# gi::executeAction deSelectActive -in [gi::getWindows 2]
[16:40:00.49] /i de::deselectAll [db::getNext [de::getContexts -window 2]]
[16:40:00.50] /i de::deselectAllLogic -context [db::getNext [de::getContexts -window 2]]
[16:51:12.56] /i gi::setActiveWindow 3
[16:51:12.59] /i gi::setActiveWindow 3 -raise true
[16:51:14.41] /# gi::executeAction deCanvasZoomOutAtPoint -in [gi::getWindows 3]
[16:51:14.41] /i de::zoom -window [gi::getWindows 3] -factor 0.5 -center {-7.147 0.124}
[16:51:14.42] /o {-10.81 -2.679} {-2.272 1.321}
[16:51:20.90] /# gi::executeAction deCanvasZoomInAtPoint -in [gi::getWindows 3]
[16:51:20.90] /i de::zoom -window [gi::getWindows 3] -factor 2.0 -center {-4.326 -1.321}
[16:51:20.90] /o {-7.568 -2.0} {-3.299 0.0}
[16:51:22.09] /# gi::executeAction deCanvasZoomOutAtPoint -in [gi::getWindows 3]
[16:51:22.09] /i de::zoom -window [gi::getWindows 3] -factor 0.5 -center {-4.326 -1.321}
[16:51:22.09] /o {-10.81 -2.679} {-2.272 1.321}
[16:51:26.61] /# gi::executeAction leBoundary -in [gi::getWindows 3]
[16:51:26.63] /i ile::createBoundary
[16:51:28.33] /i gi::pressButton {autoCreate} -in [gi::getToolbars {deCommandOptions} -from [gi::getWindows 3]]
[16:51:31.50] /# gi::executeAction deCanvasZoomInAtPoint -in [gi::getWindows 3]
[16:51:31.50] /i de::zoom -window [gi::getWindows 3] -factor 2.0 -center {-4.652 -0.19}
[16:51:31.51] /o {-7.731 -1.435} {-3.462 0.565}
[16:51:33.06] /# gi::executeAction dePan -in [gi::getWindows 3]
[16:51:33.06] /i ide::pan [db::getNext [de::getContexts -window 3]]
[16:51:33.50] /# gi::executeAction deStartDrag -in [gi::getWindows 3]
[16:51:33.50] /i de::startDrag {-4.299 0.28} -context [db::getNext [de::getContexts -window 3]]
[16:51:34.33] /# gi::executeAction deEndDrag -in [gi::getWindows 3]
[16:51:34.33] /i de::endDrag {-4.299 0.274} -context [db::getNext [de::getContexts -window 3]]
[16:51:34.33] /r dePanToPoint {-5.574 0.712}
[16:51:34.73] /# gi::executeAction deCanvasZoomInAtPoint -in [gi::getWindows 3]
[16:51:34.73] /i de::zoom -window [gi::getWindows 3] -factor 2.0 -center {-4.334 0.503}
[16:51:34.73] /o {-6.022 0.108} {-3.887 1.108}
[16:51:36.56] /# gi::executeAction leStretch -in [gi::getWindows 3]
[16:51:36.57] /i ile::stretch
[16:51:37.86] /# gi::executeAction deAbortCommand -in [gi::getWindows 3]
[16:51:37.86] /i de::abortCommand -context [db::getNext [de::getContexts -window 3]]
[16:51:38.20] /# gi::executeAction deSelectActive -in [gi::getWindows 3]
[16:51:38.20] /i de::deselectAll [db::getNext [de::getContexts -window 3]]
[16:51:38.21] /i de::deselectAllLogic -context [db::getNext [de::getContexts -window 3]]
[16:51:38.44] /# gi::executeAction deSelectActive -in [gi::getWindows 3]
[16:51:38.44] /i de::deselectAllLogic -context [db::getNext [de::getContexts -window 3]]
[16:51:38.98] /# gi::executeAction leStretch -in [gi::getWindows 3]
[16:51:38.98] /i ile::stretch
[16:51:40.24] /# gi::executeAction deAddPoint -in [gi::getWindows 3]
[16:51:40.25] /i de::addPoint {-4.466 0.766} -context [db::getNext [de::getContexts -window 3]]
[16:51:41.75] /# gi::executeAction deAddPoint -in [gi::getWindows 3]
[16:51:41.75] /i de::addPoint {-4.474 0.766} -context [db::getNext [de::getContexts -window 3]]
[16:51:42.90] /# gi::executeAction dePan -in [gi::getWindows 3]
[16:51:42.90] /i ide::pan [db::getNext [de::getContexts -window 3]]
[16:51:43.21] /# gi::executeAction deStartDrag -in [gi::getWindows 3]
[16:51:43.21] /i de::startDrag {-4.581 0.347} -context [db::getNext [de::getContexts -window 3]]
[16:51:43.72] /# gi::executeAction deEndDrag -in [gi::getWindows 3]
[16:51:43.72] /i de::endDrag {-4.581 0.362} -context [db::getNext [de::getContexts -window 3]]
[16:51:43.73] /r dePanToPoint {-4.964 -0.11}
[16:51:44.26] /# gi::executeAction deStartDrag -in [gi::getWindows 3]
[16:51:44.26] /i de::startDrag {-4.531 -0.266} -context [db::getNext [de::getContexts -window 3]]
[16:51:45.43] /# gi::executeAction deEndDrag -in [gi::getWindows 3]
[16:51:45.43] /i de::endDrag {-4.531 -0.263} -context [db::getNext [de::getContexts -window 3]]
[16:51:45.45] /r dePanToPoint {-4.977 -0.663}
[16:51:45.71] /# gi::executeAction deCanvasZoomOutAtPoint -in [gi::getWindows 3]
[16:51:45.72] /i de::zoom -window [gi::getWindows 3] -factor 0.5 -center {-4.52 -0.357}
[16:51:45.72] /o {-7.569 -1.969} {-3.3 0.031}
[16:51:47.13] /# gi::executeAction deStartDrag -in [gi::getWindows 3]
[16:51:47.13] /i de::startDrag {-4.249 -1.151} -context [db::getNext [de::getContexts -window 3]]
[16:51:47.73] /# gi::executeAction deEndDrag -in [gi::getWindows 3]
[16:51:47.73] /i de::endDrag {-4.249 -1.159} -context [db::getNext [de::getContexts -window 3]]
[16:51:47.73] /r dePanToPoint {-5.413 -1.034}
[16:51:48.35] /# gi::executeAction deAbortCommand -in [gi::getWindows 3]
[16:51:48.35] /i de::abortCommand -context [db::getNext [de::getContexts -window 3]]
[16:51:49.11] /# gi::executeAction leStretch -in [gi::getWindows 3]
[16:51:49.11] /i ile::stretch
[16:51:50.44] /# gi::executeAction deAddPoint -in [gi::getWindows 3]
[16:51:50.44] /i de::addPoint {-4.458 -1.455} -context [db::getNext [de::getContexts -window 3]]
[16:51:53.15] /# gi::executeAction deAddPoint -in [gi::getWindows 3]
[16:51:53.15] /i de::addPoint {-4.482 -1.461} -context [db::getNext [de::getContexts -window 3]]
[16:51:53.61] /# gi::executeAction deAbortCommand -in [gi::getWindows 3]
[16:51:53.61] /i de::abortCommand -context [db::getNext [de::getContexts -window 3]]
[16:51:54.67] /# gi::executeAction deSelectActive -in [gi::getWindows 3]
[16:51:54.67] /i de::deselectAllLogic -context [db::getNext [de::getContexts -window 3]]
[16:51:55.39] /# gi::executeAction deSelectActive -in [gi::getWindows 3]
[16:51:55.39] /i de::deselectAll [db::getNext [de::getContexts -window 3]]
[16:51:55.39] /i de::select [de::getActiveFigure [gi::getWindows 3] -point {-4.442 -1.202} -index 0 -intent none]
[16:51:55.39] /o oa:0x20d15d30
[16:51:57.47] /# gi::executeAction leDelete -in [gi::getWindows 3]
[16:51:57.47] /i ile::delete
[16:52:01.65] /# gi::executeAction leBoundary -in [gi::getWindows 3]
[16:52:01.65] /i ile::createBoundary
[16:52:03.27] /i gi::pressButton {autoCreate} -in [gi::getToolbars {deCommandOptions} -from [gi::getWindows 3]]
[16:52:04.25] /# gi::executeAction deCanvasZoomOutAtPoint -in [gi::getWindows 3]
[16:52:04.25] /i de::zoom -window [gi::getWindows 3] -factor 0.5 -center {-4.722 -0.548}
[16:52:04.25] /o {-10.373 -3.52} {-1.835 0.48}
[16:52:07.14] /# gi::executeAction dePan -in [gi::getWindows 3]
[16:52:07.14] /i ide::pan [db::getNext [de::getContexts -window 3]]
[16:52:07.49] /# gi::executeAction deStartDrag -in [gi::getWindows 3]
[16:52:07.49] /i de::startDrag {-7.792 -0.351} -context [db::getNext [de::getContexts -window 3]]
[16:52:09.13] /# gi::executeAction deEndDrag -in [gi::getWindows 3]
[16:52:09.13] /i de::endDrag {-7.792 -0.346} -context [db::getNext [de::getContexts -window 3]]
[16:52:09.13] /r dePanToPoint {-6.588 -0.623}
[16:52:09.49] /# gi::executeAction deCanvasZoomInAtPoint -in [gi::getWindows 3]
[16:52:09.49] /i de::zoom -window [gi::getWindows 3] -factor 2.0 -center {-8.227 -1.015}
[16:52:09.49] /o {-9.542 -1.819} {-5.273 0.181}
[16:52:10.67] /# gi::executeAction deStartDrag -in [gi::getWindows 3]
[16:52:10.67] /i de::startDrag {-8.297 -1.205} -context [db::getNext [de::getContexts -window 3]]
[16:52:11.19] /# gi::executeAction deEndDrag -in [gi::getWindows 3]
[16:52:11.19] /i de::endDrag {-8.297 -1.194} -context [db::getNext [de::getContexts -window 3]]
[16:52:11.19] /r dePanToPoint {-7.41 -1.17}
[16:52:11.40] /# gi::executeAction deCanvasZoomInAtPoint -in [gi::getWindows 3]
[16:52:11.40] /i de::zoom -window [gi::getWindows 3] -factor 2.0 -center {-8.928 -1.352}
[16:52:11.40] /o {-9.236 -1.761} {-7.102 -0.761}
[16:52:12.43] /# gi::executeAction deAbortCommand -in [gi::getWindows 3]
[16:52:12.43] /i de::abortCommand -context [db::getNext [de::getContexts -window 3]]
[16:52:12.87] /# gi::executeAction deAddPoint -in [gi::getWindows 3]
[16:52:12.87] /i de::addPoint {-8.833 -1.406} -context [db::getNext [de::getContexts -window 3]]
[16:52:13.18] /# gi::executeAction leStretch -in [gi::getWindows 3]
[16:52:13.18] /i ile::stretch
[16:52:14.80] /# gi::executeAction deAddPoint -in [gi::getWindows 3]
[16:52:14.80] /i de::addPoint {-8.368 -1.48} -context [db::getNext [de::getContexts -window 3]]
[16:52:18.41] /# gi::executeAction deAddPoint -in [gi::getWindows 3]
[16:52:18.41] /i de::addPoint {-8.435 -1.469} -context [db::getNext [de::getContexts -window 3]]
[16:52:19.06] /# gi::executeAction deCanvasZoomOutAtPoint -in [gi::getWindows 3]
[16:52:19.06] /i de::zoom -window [gi::getWindows 3] -factor 0.5 -center {-8.014 -1.312}
[16:52:19.06] /o {-10.459 -2.21} {-6.19 -0.21}
[16:52:20.27] /# gi::executeAction dePan -in [gi::getWindows 3]
[16:52:20.27] /i ide::pan [db::getNext [de::getContexts -window 3]]
[16:52:20.65] /# gi::executeAction deStartDrag -in [gi::getWindows 3]
[16:52:20.65] /i de::startDrag {-6.972 -1.038} -context [db::getNext [de::getContexts -window 3]]
[16:52:21.52] /# gi::executeAction deEndDrag -in [gi::getWindows 3]
[16:52:21.52] /i de::endDrag {-6.978 -1.038} -context [db::getNext [de::getContexts -window 3]]
[16:52:21.53] /r dePanToPoint {-6.576 -0.873}
[16:52:21.90] /# gi::executeAction deCanvasZoomOutAtPoint -in [gi::getWindows 3]
[16:52:21.90] /i de::zoom -window [gi::getWindows 3] -factor 0.5 -center {-5.997 -0.794}
[16:52:21.90] /o {-11.426 -2.951} {-2.888 1.049}
[16:52:22.87] /# gi::executeAction deStartDrag -in [gi::getWindows 3]
[16:52:22.87] /i de::startDrag {-3.877 -0.109} -context [db::getNext [de::getContexts -window 3]]
[16:52:23.96] /# gi::executeAction deEndDrag -in [gi::getWindows 3]
[16:52:23.96] /i de::endDrag {-3.877 -0.131} -context [db::getNext [de::getContexts -window 3]]
[16:52:23.96] /r dePanToPoint {-7.157 -0.566}
[16:52:45.63] /i gi::pressButton {ConsoleToggleButton} -in [db::getAttr statusbar -of [gi::getWindows 3]]
[16:52:45.95] /i db::setAttr dockSize -of [gi::getAssistants dePropertyEditor -from [gi::getWindows 3]] -value 290x493
[16:52:49.64] /i db::setAttr dockSize -of [gi::getAssistants dePropertyEditor -from [gi::getWindows 3]] -value 290x242
[16:52:49.64] /i db::setAttr dockSize -of [gi::getAssistants giConsole -from [gi::getWindows 3]] -value 1867x462
[16:53:34.55] /i gi::setActiveWindow 2
[16:53:34.55] /i gi::setActiveWindow 2 -raise true
[16:53:37.31] /i gi::setActiveWindow 5
[16:53:37.31] /i gi::setActiveWindow 5 -raise true
[16:53:38.55] /i gi::setActiveWindow 2
[16:53:38.55] /i gi::setActiveWindow 2 -raise true
[20:21:35.09] /i db::setAttr iconified -of [gi::getFrames 1] -value true
[20:21:36.61] /i db::setAttr dockSize -of [gi::getAssistants deMarkerBrowser -from [gi::getWindows 2]] -value 292x466
[20:21:36.61] /i db::setAttr dockSize -of [gi::getAssistants giConsole -from [gi::getWindows 2]] -value 997x211
[20:21:36.61] /i db::setAttr geometry -of [gi::getFrames 1] -value 1040x824+439+81
[20:21:36.61] /i db::setAttr iconified -of [gi::getFrames 1] -value false
[20:21:36.62] /i db::setAttr iconified -of [gi::getFrames 1] -value true
[20:24:16.63] /i db::setAttr iconified -of [gi::getFrames 1] -value false
[20:24:18.49] /i db::setAttr maximized -of [gi::getFrames 1] -value true
[20:24:18.86] /i db::setAttr dockSize -of [gi::getAssistants deMarkerBrowser -from [gi::getWindows 2]] -value 292x553
[20:24:18.86] /i db::setAttr dockSize -of [gi::getAssistants giConsole -from [gi::getWindows 2]] -value 1867x211
[20:24:18.89] /i db::setAttr geometry -of [gi::getFrames 1] -value 1910x911+5+62
[20:24:19.98] /# gi::executeAction deSelectActive -in [gi::getWindows 2]
[20:24:19.99] /i de::deselectAll [db::getNext [de::getContexts -window 2]]
[20:24:20.03] /i de::select [de::getActiveFigure [gi::getWindows 2] -point {2.80625 1.975} -index 0 -intent none]
[20:24:20.06] /o oa:0x208ca5b0
[20:24:20.09] /# gi::executeAction deDescend -in [gi::getWindows 2]
[20:24:20.10] /i ide::descend 2 -inPlace false -promptView false -readOnly auto
[20:24:20.26] /# Navigating to inv/inv/schematic (I0)
[20:24:21.09] /o true
[20:24:22.27] /# gi::executeAction deCanvasZoomInAtPoint -in [gi::getWindows 2]
[20:24:22.27] /i de::zoom -window [gi::getWindows 2] -factor 2.0 -center {1.76875 -0.425}
[20:24:22.27] /o {0.58125 -0.89375} {2.94375 -0.05625}
[20:24:22.75] /# gi::executeAction deCanvasZoomOutAtPoint -in [gi::getWindows 2]
[20:24:22.75] /i de::zoom -window [gi::getWindows 2] -factor 0.5 -center {1.76875 -0.425}
[20:24:22.75] /o {-0.60625 -1.35625} {4.11875 0.3125}
[20:24:22.83] /# gi::executeAction deCanvasZoomOutAtPoint -in [gi::getWindows 2]
[20:24:22.83] /i de::zoom -window [gi::getWindows 2] -factor 0.5 -center {1.76875 -0.425}
[20:24:22.83] /o {-2.98125 -2.2875} {6.475 1.04375}
[20:24:23.69] /# gi::executeAction deCanvasZoomInAtPoint -in [gi::getWindows 2]
[20:24:23.69] /i de::zoom -window [gi::getWindows 2] -factor 2.0 -center {2.25625 0.21875}
[20:24:23.69] /o {-0.3625 -1.0375} {4.3625 0.63125}
[20:24:24.79] /i gi::executeAction deCanvasDragSelect -in [gi::getWindows 2]
[20:24:24.79] /r deCanvasDragStart 2.45 0.13125
[20:24:26.03] /# gi::executeAction deCanvasDragEnd -in [gi::getWindows 2]
[20:24:26.03] /i gi::executeAction deCanvasDragEnd -in [gi::getWindows 2]
[20:24:26.04] /r deCanvasDragEnd 2.46875 0.13125
[20:24:26.34] /i gi::executeAction deCanvasDragCancel -in [gi::getWindows 2]
[20:24:27.49] /# gi::executeAction deSelectActive -in [gi::getWindows 2]
[20:24:27.49] /i de::deselectAll [db::getNext [de::getContexts -window 2]]
[20:24:27.49] /i de::select [de::getActiveFigure [gi::getWindows 2] -point {2.0125 0.225} -index 0 -intent none]
[20:24:27.49] /o oa:0x1d947d80
[20:24:27.75] /# gi::executeAction giPostContextMenu -in [gi::getWindows 2]
[20:24:27.77] /i gi::executeAction menuPreShow -in [gi::getWindows 2]
[20:24:27.77] /r giMenuAccess db::getNext [gi::getMenus seSchInstLabelContextMenu]
[20:24:30.21] /# gi::executeAction deEditCanvasText -in [gi::getWindows 2]
[20:24:30.21] /i ide::editCanvasText -object [de::getActiveFigure [gi::getWindows 2] -point {2.0125 0.225} -index 0 -intent none]
[20:24:33.48] /i de::commandOption {0.1u}
[20:24:34.56] /# gi::executeAction dePan -in [gi::getWindows 2]
[20:24:34.57] /i ide::pan [db::getNext [de::getContexts -window 2]]
[20:24:34.90] /# gi::executeAction deStartDrag -in [gi::getWindows 2]
[20:24:34.90] /i de::startDrag {2.69375 -0.15} -context [db::getNext [de::getContexts -window 2]]
[20:24:35.37] /# gi::executeAction deEndDrag -in [gi::getWindows 2]
[20:24:35.37] /i de::endDrag {2.69375 -0.15} -context [db::getNext [de::getContexts -window 2]]
[20:24:35.40] /r dePanToPoint {1.9125 -0.80625}
[20:24:35.69] /# gi::executeAction deAbortCommand -in [gi::getWindows 2]
[20:24:35.69] /i de::abortCommand -context [db::getNext [de::getContexts -window 2]]
[20:24:37.09] /# gi::executeAction deSelectActive -in [gi::getWindows 2]
[20:24:37.09] /i de::deselectAll [db::getNext [de::getContexts -window 2]]
[20:24:37.09] /i de::select [de::getActiveFigure [gi::getWindows 2] -point {1.95625 -1.075} -index 0 -intent none]
[20:24:37.09] /o oa:0x20aa07f0
[20:24:37.52] /# gi::executeAction giPostContextMenu -in [gi::getWindows 2]
[20:24:37.55] /i gi::executeAction menuPreShow -in [gi::getWindows 2]
[20:24:37.55] /r giMenuAccess db::getNext [gi::getMenus seSchInstLabelContextMenu]
[20:24:38.46] /# gi::executeAction deEditCanvasText -in [gi::getWindows 2]
[20:24:38.46] /i ide::editCanvasText -object [de::getActiveFigure [gi::getWindows 2] -point {1.95625 -1.075} -index 0 -intent none]
[20:24:41.56] /i de::commandOption {0.12u}
[20:24:42.32] /# gi::executeAction deSelectActive -in [gi::getWindows 2]
[20:24:42.32] /i de::deselectAll [db::getNext [de::getContexts -window 2]]
[20:24:42.32] /i de::deselectAllLogic -context [db::getNext [de::getContexts -window 2]]
[20:24:52.41] /# gi::executeAction deSelectActive -in [gi::getWindows 2]
[20:24:52.41] /i de::deselectAll [db::getNext [de::getContexts -window 2]]
[20:24:52.41] /i de::select [de::getActiveFigure [gi::getWindows 2] -point {1.96875 -1.08125} -index 0 -intent none]
[20:24:52.42] /o oa:0x1eef91a0
[20:24:52.85] /# gi::executeAction giPostContextMenu -in [gi::getWindows 2]
[20:24:52.88] /i gi::executeAction menuPreShow -in [gi::getWindows 2]
[20:24:52.88] /r giMenuAccess db::getNext [gi::getMenus seSchInstLabelContextMenu]
[20:24:53.55] /# gi::executeAction deEditCanvasText -in [gi::getWindows 2]
[20:24:53.55] /i ide::editCanvasText -object [de::getActiveFigure [gi::getWindows 2] -point {1.96875 -1.08125} -index 0 -intent none]
[20:24:55.73] /i de::commandOption {0.1u}
[20:24:56.79] /# gi::executeAction dePan -in [gi::getWindows 2]
[20:24:56.79] /i ide::pan [db::getNext [de::getContexts -window 2]]
[20:24:57.04] /# gi::executeAction deStartDrag -in [gi::getWindows 2]
[20:24:57.04] /i de::startDrag {3.16875 -0.16875} -context [db::getNext [de::getContexts -window 2]]
[20:24:57.52] /# gi::executeAction deEndDrag -in [gi::getWindows 2]
[20:24:57.52] /i de::endDrag {3.16875 -0.1875} -context [db::getNext [de::getContexts -window 2]]
[20:24:57.53] /r dePanToPoint {2.15 0.1875}
[20:24:57.83] /# gi::executeAction deCanvasZoomOutAtPoint -in [gi::getWindows 2]
[20:24:57.83] /i de::zoom -window [gi::getWindows 2] -factor 0.5 -center {3.01875 0.41875}
[20:24:57.84] /o {-3.44375 -1.7125} {6.0125 1.625}
[20:24:58.81] /# gi::executeAction deAbortCommand -in [gi::getWindows 2]
[20:24:58.81] /i de::abortCommand -context [db::getNext [de::getContexts -window 2]]
[20:24:59.12] /# gi::executeAction deSelectActive -in [gi::getWindows 2]
[20:24:59.12] /i de::deselectAll [db::getNext [de::getContexts -window 2]]
[20:24:59.12] /i de::deselectAllLogic -context [db::getNext [de::getContexts -window 2]]
[20:25:00.15] /# gi::executeAction deSelectActive -in [gi::getWindows 2]
[20:25:00.15] /i de::deselectAllLogic -context [db::getNext [de::getContexts -window 2]]
[20:25:02.35] /i gi::executeAction deSaveDesign -in [gi::getWindows 2]
[20:25:02.36] /m Information: Saving design 'inv inv schematic'. (DESIGN_WINDOW-004)
[20:25:03.65] /i gi::setActiveWindow 3
[20:25:03.65] /i gi::setActiveWindow 3 -raise true
[20:25:06.11] /i db::setAttr shown -of [gi::getAssistants giConsole -from [gi::getWindows 3]] -value false
[20:25:06.41] /i db::setAttr dockSize -of [gi::getAssistants dePropertyEditor -from [gi::getWindows 3]] -value 290x710
[20:25:07.07] /# gi::executeAction deCanvasZoomInAtPoint -in [gi::getWindows 3]
[20:25:07.07] /i de::zoom -window [gi::getWindows 3] -factor 2.0 -center {-6.632 -0.332}
[20:25:07.07] /o {-9.029 -1.449} {-4.76 0.551}
[20:25:07.71] /# gi::executeAction deCanvasZoomOutAtPoint -in [gi::getWindows 3]
[20:25:07.71] /i de::zoom -window [gi::getWindows 3] -factor 0.5 -center {-6.632 -0.332}
[20:25:07.71] /o {-11.426 -2.566} {-2.888 1.434}
[20:25:08.67] /# gi::executeAction deCanvasZoomInAtPoint -in [gi::getWindows 3]
[20:25:08.67] /i de::zoom -window [gi::getWindows 3] -factor 2.0 -center {-6.355 0.032}
[20:25:08.67] /o {-8.89 -1.267} {-4.621 0.733}
[20:25:10.71] /i gi::setActiveWindow 2
[20:25:10.71] /i gi::setActiveWindow 2 -raise true
[20:25:13.59] /i gi::setActiveWindow 3
[20:25:13.59] /i gi::setActiveWindow 3 -raise true
[20:25:15.55] /i gi::setActiveWindow 2
[20:25:15.55] /i gi::setActiveWindow 2 -raise true
[20:25:52.06] /# gi::executeAction deCanvasZoomInAtPoint -in [gi::getWindows 2]
[20:25:52.06] /i de::zoom -window [gi::getWindows 2] -factor 2.0 -center {2.09375 0.375}
[20:25:52.07] /o {-0.675 -0.66875} {4.05 1.0}
[20:25:52.99] /# gi::executeAction deSelectActive -in [gi::getWindows 2]
[20:25:52.99] /i de::deselectAll [db::getNext [de::getContexts -window 2]]
[20:25:52.99] /i de::select [de::getActiveFigure [gi::getWindows 2] -point {2.09375 0.4125} -index 0 -intent none]
[20:25:52.99] /o oa:0x1fece640
[20:25:53.17] /# gi::executeAction deDescend -in [gi::getWindows 2]
[20:25:53.17] /i ide::descend 2 -inPlace false -promptView false -readOnly auto
[20:25:53.18] /# Navigating to reference90RF/p_4t/symbol (M2)
[20:25:54.56] /i db::setAttr dockSize -of [gi::getAssistants deMarkerBrowser -from [gi::getWindows 2]] -value 292x553
[20:25:54.56] /i db::setAttr dockSize -of [gi::getAssistants giConsole -from [gi::getWindows 2]] -value 1867x211
[20:25:55.11] /# gi::executeAction giPostContextMenu -in [gi::getWindows 2]
[20:25:55.80] /# gi::executeAction deReturn -in [gi::getWindows 2]
[20:25:55.80] /i de::return [db::getNext [de::getContexts -window 2]]
[20:25:55.81] /# Navigating to inv/inv/schematic (I0)
[20:25:56.56] /o oa:0x20997bf0
[20:25:56.70] /i db::setAttr dockSize -of [gi::getAssistants deMarkerBrowser -from [gi::getWindows 2]] -value 292x553
[20:25:56.70] /i db::setAttr dockSize -of [gi::getAssistants giConsole -from [gi::getWindows 2]] -value 1867x211
[20:25:57.49] /# gi::executeAction giPostContextMenu -in [gi::getWindows 2]
[20:25:57.51] /i gi::executeAction menuPreShow -in [gi::getWindows 2]
[20:25:57.51] /r giMenuAccess db::getNext [gi::getMenus seSchInstLabelContextMenu]
[20:25:58.34] /# gi::executeAction deEditCanvasText -in [gi::getWindows 2]
[20:25:58.34] /i ide::editCanvasText -object [de::getActiveFigure [gi::getWindows 2] -point {2.05625 0.425} -index 0 -intent none]
[20:25:58.37] /o 1
[20:26:01.00] /i de::commandOption {2.23u}
[20:26:01.94] /# gi::executeAction dePan -in [gi::getWindows 2]
[20:26:01.95] /i ide::pan [db::getNext [de::getContexts -window 2]]
[20:26:02.15] /# gi::executeAction deStartDrag -in [gi::getWindows 2]
[20:26:02.15] /i de::startDrag {2.74375 -0.15625} -context [db::getNext [de::getContexts -window 2]]
[20:26:02.78] /# gi::executeAction deEndDrag -in [gi::getWindows 2]
[20:26:02.78] /i de::endDrag {2.74375 -0.15} -context [db::getNext [de::getContexts -window 2]]
[20:26:02.78] /r dePanToPoint {1.825 -0.825}
[20:26:02.85] /# gi::executeAction deAbortCommand -in [gi::getWindows 2]
[20:26:02.85] /i de::abortCommand -context [db::getNext [de::getContexts -window 2]]
[20:26:03.81] /# gi::executeAction deSelectActive -in [gi::getWindows 2]
[20:26:03.81] /i de::deselectAll [db::getNext [de::getContexts -window 2]]
[20:26:03.81] /i de::select [de::getActiveFigure [gi::getWindows 2] -point {2.00625 -0.88125} -index 0 -intent none]
[20:26:03.81] /o oa:0x1ee2c1d0
[20:26:04.14] /# gi::executeAction giPostContextMenu -in [gi::getWindows 2]
[20:26:04.18] /i gi::executeAction menuPreShow -in [gi::getWindows 2]
[20:26:04.19] /r giMenuAccess db::getNext [gi::getMenus seSchInstLabelContextMenu]
[20:26:04.88] /# gi::executeAction deEditCanvasText -in [gi::getWindows 2]
[20:26:04.88] /i ide::editCanvasText -object [de::getActiveFigure [gi::getWindows 2] -point {2.00625 -0.88125} -index 0 -intent none]
[20:26:04.89] /o 1
[20:26:06.47] /i de::commandOption {1u}
[20:26:07.67] /# gi::executeAction deSelectActive -in [gi::getWindows 2]
[20:26:07.67] /i de::deselectAll [db::getNext [de::getContexts -window 2]]
[20:26:07.67] /i de::deselectAllLogic -context [db::getNext [de::getContexts -window 2]]
[20:26:08.69] /i gi::executeAction deSaveDesign -in [gi::getWindows 2]
[20:26:08.69] /m Information: Saving design 'inv inv schematic'. (DESIGN_WINDOW-004)
[20:26:09.57] /i gi::setActiveWindow 3
[20:26:09.57] /i gi::setActiveWindow 3 -raise true
[20:26:11.02] /# gi::executeAction deAddPoint -in [gi::getWindows 3]
[20:26:11.02] /i de::addPoint {-7.328 0.396} -context [db::getNext [de::getContexts -window 3]]
[20:26:12.65] /# gi::executeAction deAbortCommand -in [gi::getWindows 3]
[20:26:12.65] /i de::abortCommand -context [db::getNext [de::getContexts -window 3]]
[20:26:12.95] /# gi::executeAction giPostContextMenu -in [gi::getWindows 3]
[20:26:14.45] /i gi::executeAction dePropertyEditorToggleExtended -in [gi::getWindows 3]
[20:26:14.47] /# db::setAttr shown -of [gi::getAssistants dePropertyEditor -from [gi::getWindows 3]] -value false
[20:26:14.78] /i db::setAttr dockSize -of [gi::getAssistants leObjectLayerPanel -from [gi::getWindows 3]] -value 290x736
[20:26:15.75] /# gi::executeAction deAddPoint -in [gi::getWindows 3]
[20:26:15.75] /i de::addPoint {-7.441 0.388} -context [db::getNext [de::getContexts -window 3]]
[20:26:15.95] /i gi::executeAction dePropertyEditorToggleExtended -in [gi::getWindows 3]
[20:26:15.96] /# db::setAttr shown -of [gi::getAssistants dePropertyEditor -from [gi::getWindows 3]] -value true
[20:26:16.39] /i db::setAttr dockSize -of [gi::getAssistants leObjectLayerPanel -from [gi::getWindows 3]] -value 290x710
[20:26:18.25] /# gi::executeAction deAbortCommand -in [gi::getWindows 3]
[20:26:18.25] /i de::abortCommand -context [db::getNext [de::getContexts -window 3]]
[20:26:20.16] /# gi::executeAction deSelectActive -in [gi::getWindows 3]
[20:26:20.16] /i de::deselectAll [db::getNext [de::getContexts -window 3]]
[20:26:20.16] /i de::select [de::getActiveFigure [gi::getWindows 3] -point {-7.248 0.35} -index 0 -intent none]
[20:26:20.16] /o oa:0x1f772320
[20:26:22.16] /i gi::setItemSelection {parameters} -index {w,all} -in [gi::getAssistants dePropertyEditor -from [gi::getWindows 3]]
[20:26:22.16] /i gi::setCurrentIndex {parameters} -index {w,Value} -in [gi::getAssistants dePropertyEditor -from [gi::getWindows 3]]
[20:26:25.93] /i gi::setField {parameters} -value {2.23u} -index {w,Value} -in [gi::getAssistants dePropertyEditor -from [gi::getWindows 3]]
[20:26:25.94] /i gi::executeAction dePropertyEditorApplyChanges -in [gi::getAssistants dePropertyEditor -from [gi::getWindows 3]]
[20:26:26.71] /i gi::setItemSelection {parameters} -index {l,all} -in [gi::getAssistants dePropertyEditor -from [gi::getWindows 3]]
[20:26:26.72] /i gi::setCurrentIndex {parameters} -index {l,Value} -in [gi::getAssistants dePropertyEditor -from [gi::getWindows 3]]
[20:26:30.17] /i gi::setField {parameters} -value {0.1u} -index {l,Value} -in [gi::getAssistants dePropertyEditor -from [gi::getWindows 3]]
[20:26:30.17] /i gi::executeAction dePropertyEditorApplyChanges -in [gi::getAssistants dePropertyEditor -from [gi::getWindows 3]]
[20:26:48.11] /i de::undoTransaction -design [db::getAttr editDesign -of [de::getContexts -window 3]] -steps 1
[20:26:48.43] /i de::undoTransaction -design [db::getAttr editDesign -of [de::getContexts -window 3]] -steps 1
[20:26:48.49] /i de::undoTransaction -design [db::getAttr editDesign -of [de::getContexts -window 3]] -steps 1
[20:26:48.79] /i de::undoTransaction -design [db::getAttr editDesign -of [de::getContexts -window 3]] -steps 1
[20:26:49.00] /i de::undoTransaction -design [db::getAttr editDesign -of [de::getContexts -window 3]] -steps 1
[20:26:50.45] /i de::undoTransaction -design [db::getAttr editDesign -of [de::getContexts -window 3]] -steps 1
[20:26:51.62] /# gi::executeAction deSelectActive -in [gi::getWindows 3]
[20:26:51.62] /i de::deselectAll [db::getNext [de::getContexts -window 3]]
[20:26:51.62] /i de::deselectAllLogic -context [db::getNext [de::getContexts -window 3]]
[20:26:52.03] /# gi::executeAction deCanvasZoomOutAtPoint -in [gi::getWindows 3]
[20:26:52.03] /i de::zoom -window [gi::getWindows 3] -factor 0.5 -center {-8.473 0.594}
[20:26:52.03] /o {-10.452 -1.802} {-1.914 2.198}
[20:26:53.48] /# gi::executeAction deCanvasZoomInAtPoint -in [gi::getWindows 3]
[20:26:53.48] /i de::zoom -window [gi::getWindows 3] -factor 2.0 -center {-8.322 0.307}
[20:26:53.49] /o {-9.387 -0.747} {-5.118 1.253}
[20:26:55.54] /i de::redoTransaction -design [db::getAttr editDesign -of [de::getContexts -window 3]] -steps 1
[20:26:56.64] /# gi::executeAction dePan -in [gi::getWindows 3]
[20:26:56.64] /i ide::pan [db::getNext [de::getContexts -window 3]]
[20:26:56.91] /# gi::executeAction deStartDrag -in [gi::getWindows 3]
[20:26:56.91] /i de::startDrag {-8.825 0.157} -context [db::getNext [de::getContexts -window 3]]
[20:26:57.44] /# gi::executeAction deEndDrag -in [gi::getWindows 3]
[20:26:57.44] /i de::endDrag {-8.825 0.16} -context [db::getNext [de::getContexts -window 3]]
[20:26:57.44] /r dePanToPoint {-7.285 -0.565}
[20:26:58.06] /# gi::executeAction deStartDrag -in [gi::getWindows 3]
[20:26:58.06] /i de::startDrag {-8.781 -0.598} -context [db::getNext [de::getContexts -window 3]]
[20:26:58.27] /# gi::executeAction deEndDrag -in [gi::getWindows 3]
[20:26:58.27] /i de::endDrag {-8.781 -0.595} -context [db::getNext [de::getContexts -window 3]]
[20:26:58.27] /r dePanToPoint {-7.236 -0.859}
[20:26:59.50] /i de::redoTransaction -design [db::getAttr editDesign -of [de::getContexts -window 3]] -steps 1
[20:27:00.95] /i de::redoTransaction -design [db::getAttr editDesign -of [de::getContexts -window 3]] -steps 1
[20:27:01.51] /i de::redoTransaction -design [db::getAttr editDesign -of [de::getContexts -window 3]] -steps 1
[20:27:02.95] /# gi::executeAction deStartDrag -in [gi::getWindows 3]
[20:27:02.95] /i de::startDrag {-8.871 -0.62} -context [db::getNext [de::getContexts -window 3]]
[20:27:03.72] /# gi::executeAction deEndDrag -in [gi::getWindows 3]
[20:27:03.72] /i de::endDrag {-8.871 -0.642} -context [db::getNext [de::getContexts -window 3]]
[20:27:03.73] /r dePanToPoint {-6.605 -0.976}
[20:27:04.36] /# gi::executeAction deStartDrag -in [gi::getWindows 3]
[20:27:04.36] /i de::startDrag {-5.713 -0.671} -context [db::getNext [de::getContexts -window 3]]
[20:27:05.97] /# gi::executeAction deEndDrag -in [gi::getWindows 3]
[20:27:05.97] /i de::endDrag {-5.708 -0.682} -context [db::getNext [de::getContexts -window 3]]
[20:27:05.97] /r dePanToPoint {-6.91 -0.098}
[20:27:06.73] /# gi::executeAction deStartDrag -in [gi::getWindows 3]
[20:27:06.73] /i de::startDrag {-6.903 0.655} -context [db::getNext [de::getContexts -window 3]]
[20:27:07.42] /# gi::executeAction deEndDrag -in [gi::getWindows 3]
[20:27:07.42] /i de::endDrag {-6.903 0.652} -context [db::getNext [de::getContexts -window 3]]
[20:27:07.45] /r dePanToPoint {-6.853 0.432}
[20:27:08.37] /# gi::executeAction deAbortCommand -in [gi::getWindows 3]
[20:27:08.37] /i de::abortCommand -context [db::getNext [de::getContexts -window 3]]
[20:27:10.42] /i gi::executeAction deSaveDesign -in [gi::getWindows 3]
[20:27:10.42] /m Information: Saving design 'clk clk layout'. (DESIGN_WINDOW-004)
[20:27:11.43] /i gi::setActiveWindow 2
[20:27:11.43] /i gi::setActiveWindow 2 -raise true
[20:27:15.06] /# gi::executeAction deSelectActive -in [gi::getWindows 2]
[20:27:15.06] /i de::deselectAll [db::getNext [de::getContexts -window 2]]
[20:27:15.06] /i de::select [de::getActiveFigure [gi::getWindows 2] -point {1.94375 -0.88125} -index 0 -intent none]
[20:27:15.07] /o oa:0x1f8497a0
[20:27:15.22] /# gi::executeAction deDescend -in [gi::getWindows 2]
[20:27:15.22] /i ide::descend 2 -inPlace false -promptView false -readOnly auto
[20:27:15.23] /# Navigating to reference90RF/n_4t/symbol (M3)
[20:27:16.14] /i db::setAttr dockSize -of [gi::getAssistants deMarkerBrowser -from [gi::getWindows 2]] -value 292x553
[20:27:16.14] /i db::setAttr dockSize -of [gi::getAssistants giConsole -from [gi::getWindows 2]] -value 1867x211
[20:27:18.56] /# gi::executeAction giPostContextMenu -in [gi::getWindows 2]
[20:27:19.49] /# gi::executeAction deReturn -in [gi::getWindows 2]
[20:27:19.50] /i de::return [db::getNext [de::getContexts -window 2]]
[20:27:19.50] /# Navigating to inv/inv/schematic (I0)
[20:27:20.19] /o oa:0x20d52880
[20:27:20.44] /i db::setAttr dockSize -of [gi::getAssistants deMarkerBrowser -from [gi::getWindows 2]] -value 292x553
[20:27:20.44] /i db::setAttr dockSize -of [gi::getAssistants giConsole -from [gi::getWindows 2]] -value 1867x211
[20:27:21.87] /# gi::executeAction giPostContextMenu -in [gi::getWindows 2]
[20:27:21.94] /i gi::executeAction menuPreShow -in [gi::getWindows 2]
[20:27:21.94] /r giMenuAccess db::getNext [gi::getMenus seSchInstLabelContextMenu]
[20:27:22.96] /# gi::executeAction deEditCanvasText -in [gi::getWindows 2]
[20:27:22.96] /i ide::editCanvasText -object [de::getActiveFigure [gi::getWindows 2] -point {1.94375 -0.88125} -index 0 -intent none]
[20:27:22.98] /o 1
[20:27:27.55] /i de::commandOption {0.2u}
[20:27:28.42] /# gi::executeAction dePan -in [gi::getWindows 2]
[20:27:28.42] /i ide::pan [db::getNext [de::getContexts -window 2]]
[20:27:28.88] /# gi::executeAction deStartDrag -in [gi::getWindows 2]
[20:27:28.88] /i de::startDrag {2.825 -0.41875} -context [db::getNext [de::getContexts -window 2]]
[20:27:29.27] /# gi::executeAction deEndDrag -in [gi::getWindows 2]
[20:27:29.27] /i de::endDrag {2.825 -0.4375} -context [db::getNext [de::getContexts -window 2]]
[20:27:29.27] /r dePanToPoint {2.13125 0.1625}
[20:27:29.62] /# gi::executeAction deAbortCommand -in [gi::getWindows 2]
[20:27:29.62] /i de::abortCommand -context [db::getNext [de::getContexts -window 2]]
[20:27:30.25] /# gi::executeAction deSelectActive -in [gi::getWindows 2]
[20:27:30.25] /i de::deselectAll [db::getNext [de::getContexts -window 2]]
[20:27:30.25] /i de::select [de::getActiveFigure [gi::getWindows 2] -point {2.09375 0.43125} -index 0 -intent none]
[20:27:30.25] /o oa:0x20b6ac90
[20:27:30.46] /# gi::executeAction giPostContextMenu -in [gi::getWindows 2]
[20:27:30.48] /i gi::executeAction menuPreShow -in [gi::getWindows 2]
[20:27:30.48] /r giMenuAccess db::getNext [gi::getMenus seSchInstLabelContextMenu]
[20:27:31.15] /# gi::executeAction deEditCanvasText -in [gi::getWindows 2]
[20:27:31.15] /i ide::editCanvasText -object [de::getActiveFigure [gi::getWindows 2] -point {2.09375 0.43125} -index 0 -intent none]
[20:27:31.17] /o 1
[20:27:33.23] /i de::commandOption {0.45u}
[20:27:34.33] /i gi::executeAction deSaveDesign -in [gi::getWindows 2]
[20:27:34.33] /m Information: Saving design 'inv inv schematic'. (DESIGN_WINDOW-004)
[20:27:34.91] /# gi::executeAction deSelectActive -in [gi::getWindows 2]
[20:27:34.91] /i de::deselectAll [db::getNext [de::getContexts -window 2]]
[20:27:34.92] /i de::deselectAllLogic -context [db::getNext [de::getContexts -window 2]]
[20:30:16.72] /r giDialog gi::setActiveDialog [gi::getDialogs {giCloseFrame}]
[20:30:17.11] /r giDialog db::setAttr geometry -of [gi::getDialogs {giCloseFrame}] -value 299x108+811+471
[20:30:17.98] /r giDialog gi::pressButton {giCloseTabsButton} -in [gi::getDialogs {giCloseFrame}]
[20:30:18.09] /i exit
[20:30:18.49] /r giDialog gi::setActiveDialog [gi::getDialogs {deExitDialog}]
[20:30:18.61] /r giDialog db::setAttr geometry -of [gi::getDialogs {deExitDialog}] -value 419x181+741+376
[20:30:19.85] /r giDialog gi::pressButton {ok} -in [gi::getDialogs {deExitDialog}]
[20:30:20.33] /i gi::setActiveWindow 3
[20:30:20.33] /i gi::setActiveWindow 3 -raise true
[20:30:21.11] /i gi::setActiveWindow 5
[20:30:21.11] /i gi::setActiveWindow 5 -raise true
[20:30:22.26] /i gi::setActiveWindow 1
[20:30:22.26] /i gi::setActiveWindow 1 -raise true
[20:30:23.20] /o Shutdown time: Tue Jun  2 20:30:23 2026
[20:30:23.20] /o Elapsed session real time: 2 hours 34 minutes
[20:30:23.21] /o Session terminated. Log is at /root/Excercise/ring_oscillator/synopsys_custom/logs/ccompiler.root.2026_6_2_143214_4876.log
