[19:25:33.67] /r giWindowId 0
[19:25:33.68] /r giWindowGeometry 600x300
[19:25:33.70] /o 
              /c                                 Custom Compiler 
              /c 
              /c               Version N-2017.12-SP1-2 for linux64 - May 16, 2018 
              /c 
              /c                     Copyright (c) 2004 - 2018 Synopsys, Inc.
              /c    This software and the associated documentation are proprietary to Synopsys,
              /c  Inc. This software may only be used in accordance with the terms and conditions
              /c  of a written license agreement with Synopsys, Inc. All other use, reproduction,
              /c             or distribution of this software is strictly prohibited.
              /c 
              /c Build  (OPT) Config 4182185 compiled on Wed May 16 15:20:56 2018 for RHEL64 6.6
              /c Invocation: /usr/synopsys/customcompiler/N-2017.12-SP1-2/linux64/platform/bin/custom_compiler
              /c Execution time: Mon Jun  1 19:25:26 2026
              /c Host: localhost.localdomain
              /c Working directory: /root/Excercise/lab1vlsi/inverter/inv
              /c 
[19:25:38.44] /r giShowFrameTabs true
[19:25:38.45] /r giWindowId 1
[19:25:38.45] /r giWindowGeometry 1040x800
[19:26:59.82] /# gi::pressButton {/scroll/scrollArea/scrollAreaInnerWidget/recentDesigns/deOpeninvinvlayout} -in [gi::getWindows 1]
[19:26:59.82] /# 
[19:26:59.83] /i de::open inv/inv/layout
[19:27:00.12] /m Information: License 'Basic' checked out. (LICENSE-003)
[19:27:00.15] /w Warning: Preference 'leActiveLPP' is deprecated and scheduled for removal in a future release with no replacement. For migration assistance, see the Custom Compiler Tcl Reference Manual. (PREFERENCE-058)
[19:27:00.16] /o 	#######################################
[19:27:00.16] /o 	PDK Library Name	: reference90RF
[19:27:00.16] /o 	PDK Version		: 2.0
[19:27:00.16] /o 	PDK Release Date	: 25-March-2010 
[19:27:00.16] /o 	#######################################
[19:27:00.16] /o 
[19:27:01.25] /r giWindowId 2
[19:27:01.26] /r giWindowGeometry 1632x849
[19:27:01.43] /# de::setActiveLPP [de::getLPPs "exclude blockage" -from [db::getAttr editDesign -of [de::getContexts -window 2]]]
[19:27:02.94] /o oa:0x1d7d7de0
[19:27:05.37] /i gi::setActiveWindow 1
[19:27:05.37] /i gi::setActiveWindow 1 -raise true
[19:27:11.30] /# gi::pressButton {/scroll/scrollArea/scrollAreaInnerWidget/applications/dmLibraryManager} -in [gi::getWindows 1]
[19:27:11.30] /# 
[19:27:11.30] /i dm::openLibraryManager
[19:27:11.30] /r giWindowId 3
[19:27:11.34] /r giWindowGeometry 660x600+50+84
[19:27:11.53] /o oa:0x1e110600
[19:27:15.33] /i gi::setCurrentIndex {libs} -index {inv} -in [gi::getWindows 3]
[19:27:15.36] /i gi::setItemSelection {libs} -index {inv} -in [gi::getWindows 3]
[19:27:16.33] /i gi::setCurrentIndex {cells} -index {inv} -in [gi::getWindows 3]
[19:27:16.34] /i gi::setItemSelection {cells} -index {inv} -in [gi::getWindows 3]
[19:27:17.33] /i gi::setCurrentIndex {views} -index {layout} -in [gi::getWindows 3]
[19:27:17.34] /i gi::setItemSelection {views} -index {layout} -in [gi::getWindows 3]
[19:27:17.78] /i gi::setCurrentIndex {views} -index {schematic} -in [gi::getWindows 3]
[19:27:17.78] /i gi::setItemSelection {views} -index {schematic} -in [gi::getWindows 3]
[19:27:18.55] /i gi::executeAction dmOpen -in [gi::getWindows 3]
[19:27:18.69] /r giWindowId 4
[19:27:18.71] /r giWindowGeometry 1632x849
[19:27:19.36] /o "inv/inv/schematic" design does not need checking
[19:27:22.84] /# gi::executeAction deSelectActive -in [gi::getWindows 4]
[19:27:22.84] /i de::deselectAll [db::getNext [de::getContexts -window 4]]
[19:27:22.84] /i de::select [de::getActiveFigure [gi::getWindows 4] -point {2.0625 0.40625} -index 0 -intent none]
[19:27:22.84] /o oa:0x1d5946f0
[19:27:23.85] /# gi::executeAction giPostContextMenu -in [gi::getWindows 4]
[19:27:23.87] /i gi::executeAction menuPreShow -in [gi::getWindows 4]
[19:27:23.87] /r giMenuAccess db::getNext [gi::getMenus seSchInstLabelContextMenu]
[19:27:24.79] /# gi::executeAction deEditCanvasText -in [gi::getWindows 4]
[19:27:24.80] /i ide::editCanvasText -object [de::getActiveFigure [gi::getWindows 4] -point {1.925 0.40625} -index 0 -intent none]
[19:27:24.86] /o 1
[19:27:29.89] /i de::commandOption {0.18u}
[19:27:31.85] /# gi::executeAction deSelectActive -in [gi::getWindows 4]
[19:27:31.85] /i de::deselectAll [db::getNext [de::getContexts -window 4]]
[19:27:31.85] /i de::select [de::getActiveFigure [gi::getWindows 4] -point {1.99375 -0.9125} -index 0 -intent none]
[19:27:31.85] /o oa:0x1f723bb0
[19:27:32.82] /# gi::executeAction deSelectActive -in [gi::getWindows 4]
[19:27:32.83] /i de::deselectAll [db::getNext [de::getContexts -window 4]]
[19:27:32.83] /i de::select [de::getActiveFigure [gi::getWindows 4] -point {1.925 -0.89375} -index 0 -intent none]
[19:27:32.83] /o oa:0x1fabae90
[19:27:33.14] /# gi::executeAction giPostContextMenu -in [gi::getWindows 4]
[19:27:33.15] /i gi::executeAction menuPreShow -in [gi::getWindows 4]
[19:27:33.15] /r giMenuAccess db::getNext [gi::getMenus seSchInstLabelContextMenu]
[19:27:34.29] /# gi::executeAction deEditCanvasText -in [gi::getWindows 4]
[19:27:34.29] /i ide::editCanvasText -object [de::getActiveFigure [gi::getWindows 4] -point {1.925 -0.89375} -index 0 -intent none]
[19:27:34.30] /o 1
[19:27:37.97] /i de::commandOption {0.18u}
[19:27:45.46] /# gi::executeAction deSelectActive -in [gi::getWindows 4]
[19:27:45.46] /i de::deselectAll [db::getNext [de::getContexts -window 4]]
[19:27:45.46] /i de::deselectAllLogic -context [db::getNext [de::getContexts -window 4]]
[19:27:47.43] /# gi::executeAction deSaveDesignAs -in [gi::getWindows 4]
[19:27:47.43] /i de::showSaveDesignAs -context [db::getNext [de::getContexts -window 4]]
[19:27:47.57] /r giDialog gi::setActiveDialog [gi::getDialogs {deSaveDesignAs} -parent [gi::getWindows 4]]
[19:27:47.81] /r giDialog db::setAttr geometry -of [gi::getDialogs {deSaveDesignAs} -parent [gi::getWindows 4]] -value 274x128+822+436
[19:27:51.55] /r giDialog gi::pressButton {ok} -in [gi::getDialogs {deSaveDesignAs} -parent [gi::getWindows 4]]
[19:27:51.55] /m Information: Saving design 'inv inv schematic'. (DESIGN_WINDOW-004)
[19:27:54.20] /i gi::setActiveWindow 3
[19:27:54.21] /i gi::setActiveWindow 3 -raise true
[19:27:57.49] /i gi::setCurrentIndex {views} -index {layout} -in [gi::getWindows 3]
[19:27:57.49] /i gi::setItemSelection {views} -index {layout} -in [gi::getWindows 3]
[19:27:57.67] /i gi::executeAction dmOpen -in [gi::getWindows 3]
[19:27:57.68] /r giWindowId 5
[19:27:57.70] /r giWindowGeometry 1632x849
[19:27:57.74] /# de::setActiveLPP [de::getLPPs "exclude blockage" -from [db::getAttr editDesign -of [de::getContexts -window 5]]]
[19:28:00.57] /# gi::executeAction deCanvasPanWest -in [gi::getWindows 5]
[19:28:00.57] /i de::pan -window [gi::getWindows 5] -direction W -multiplier 0.5
[19:28:00.57] /o {-14.937 -4.967} {-3.116 5.977}
[19:28:00.64] /# gi::executeAction deCanvasPanWest -in [gi::getWindows 5]
[19:28:00.64] /i de::pan -window [gi::getWindows 5] -direction W -multiplier 0.5
[19:28:00.68] /o {-20.84 -4.967} {-9.018 5.977}
[19:28:00.76] /# gi::executeAction deCanvasPanWest -in [gi::getWindows 5]
[19:28:00.76] /i de::pan -window [gi::getWindows 5] -direction W -multiplier 0.5
[19:28:00.76] /o {-26.759 -4.967} {-14.937 5.977}
[19:28:02.30] /i db::setAttr maximized -of [gi::getFrames 1] -value true
[19:28:03.25] /i db::setAttr dockSize -of [gi::getAssistants leObjectLayerPanel -from [gi::getWindows 5]] -value 290x736
[19:28:03.37] /i db::setAttr geometry -of [gi::getFrames 1] -value 1910x911+5+62
[19:28:04.72] /# gi::executeAction deCanvasZoomInAtPoint -in [gi::getWindows 5]
[19:28:04.72] /i de::zoom -window [gi::getWindows 5] -factor 2.0 -center {-3.285 1.525}
[19:28:04.72] /o {-15.022 -2.455} {-1.776 3.751}
[19:28:04.86] /# gi::executeAction deCanvasZoomInAtPoint -in [gi::getWindows 5]
[19:28:04.86] /i de::zoom -window [gi::getWindows 5] -factor 2.0 -center {-3.285 1.525}
[19:28:04.86] /o {-9.153 -0.465} {-2.53 2.638}
[19:28:04.86] /# gi::executeAction deCanvasZoomInAtPoint -in [gi::getWindows 5]
[19:28:04.86] /i de::zoom -window [gi::getWindows 5] -factor 2.0 -center {-3.285 1.525}
[19:28:04.86] /o {-6.219 0.53} {-2.908 2.082}
[19:28:04.86] /# gi::executeAction deCanvasZoomInAtPoint -in [gi::getWindows 5]
[19:28:04.86] /i de::zoom -window [gi::getWindows 5] -factor 2.0 -center {-3.285 1.525}
[19:28:04.86] /o {-4.752 1.028} {-3.096 1.803}
[19:28:05.70] /# gi::executeAction deCanvasZoomOutAtPoint -in [gi::getWindows 5]
[19:28:05.70] /i de::zoom -window [gi::getWindows 5] -factor 0.5 -center {-3.251 1.549}
[19:28:05.71] /o {-6.253 0.506} {-2.942 2.058}
[19:28:05.80] /# gi::executeAction deCanvasZoomOutAtPoint -in [gi::getWindows 5]
[19:28:05.80] /i de::zoom -window [gi::getWindows 5] -factor 0.5 -center {-3.252 1.55}
[19:28:05.80] /o {-9.254 -0.538} {-2.631 2.565}
[19:28:07.49] /i gi::setField {stopLevel} -value {1} -in [gi::getToolbars {leHierarchy} -from [gi::getWindows 5]]
[19:28:07.91] /# gi::executeAction dePan -in [gi::getWindows 5]
[19:28:07.91] /i ide::pan [db::getNext [de::getContexts -window 5]]
[19:28:08.22] /# gi::executeAction deStartDrag -in [gi::getWindows 5]
[19:28:08.22] /i de::startDrag {-4.292 2.097} -context [db::getNext [de::getContexts -window 5]]
[19:28:09.44] /# gi::executeAction deEndDrag -in [gi::getWindows 5]
[19:28:09.44] /i de::endDrag {-4.297 2.097} -context [db::getNext [de::getContexts -window 5]]
[19:28:09.44] /r dePanToPoint {-3.666 1.409}
[19:28:09.91] /# gi::executeAction deCanvasZoomOutAtPoint -in [gi::getWindows 5]
[19:28:09.91] /i de::zoom -window [gi::getWindows 5] -factor 0.5 -center {-3.188 2.097}
[19:28:09.91] /o {-10.768 -2.38} {2.479 3.826}
[19:28:10.76] /# gi::executeAction deAbortCommand -in [gi::getWindows 5]
[19:28:10.76] /i de::abortCommand -context [db::getNext [de::getContexts -window 5]]
[19:28:11.24] /# gi::executeAction deSelectActive -in [gi::getWindows 5]
[19:28:11.24] /i de::deselectAll [db::getNext [de::getContexts -window 5]]
[19:28:11.24] /i de::select [de::getActiveFigure [gi::getWindows 5] -point {-2.892 1.92} -index 0 -intent none]
[19:28:11.24] /o oa:0x204ec850
[19:28:11.90] /i gi::executeAction dePropertyEditorToggleExtended -in [gi::getWindows 5]
[19:28:11.91] /# db::setAttr shown -of [gi::getAssistants dePropertyEditor -from [gi::getWindows 5]] -value true
[19:28:12.27] /i db::setAttr dockSize -of [gi::getAssistants leObjectLayerPanel -from [gi::getWindows 5]] -value 290x710
[19:28:12.37] /i db::setAttr dockSize -of [gi::getAssistants dePropertyEditor -from [gi::getWindows 5]] -value 290x710
[19:28:14.17] /i gi::setItemSelection {parameters} -index {w,all} -in [gi::getAssistants dePropertyEditor -from [gi::getWindows 5]]
[19:28:14.18] /i gi::setCurrentIndex {parameters} -index {w,Value} -in [gi::getAssistants dePropertyEditor -from [gi::getWindows 5]]
[19:28:18.03] /i gi::setField {parameters} -value {0.18u} -index {w,Value} -in [gi::getAssistants dePropertyEditor -from [gi::getWindows 5]]
[19:28:18.03] /i gi::executeAction dePropertyEditorApplyChanges -in [gi::getAssistants dePropertyEditor -from [gi::getWindows 5]]
[19:28:21.34] /# gi::executeAction deSelectActive -in [gi::getWindows 5]
[19:28:21.35] /i de::deselectAll [db::getNext [de::getContexts -window 5]]
[19:28:21.35] /i de::select [de::getActiveFigure [gi::getWindows 5] -point {-3.221 -1.781} -index 0 -intent none]
[19:28:21.35] /o oa:0x1fa992d0
[19:28:23.13] /i gi::setItemSelection {parameters} -index {w,all} -in [gi::getAssistants dePropertyEditor -from [gi::getWindows 5]]
[19:28:23.13] /i gi::setCurrentIndex {parameters} -index {w,Value} -in [gi::getAssistants dePropertyEditor -from [gi::getWindows 5]]
[19:28:26.81] /i gi::setField {parameters} -value {0.18u} -index {w,Value} -in [gi::getAssistants dePropertyEditor -from [gi::getWindows 5]]
[19:28:26.81] /i gi::executeAction dePropertyEditorApplyChanges -in [gi::getAssistants dePropertyEditor -from [gi::getWindows 5]]
[19:28:28.53] /# gi::executeAction deCanvasZoomInAtPoint -in [gi::getWindows 5]
[19:28:28.53] /i de::zoom -window [gi::getWindows 5] -factor 2.0 -center {-2.758 -1.132}
[19:28:28.53] /o {-6.763 -1.756} {-0.14 1.347}
[19:28:28.61] /# gi::executeAction deCanvasZoomInAtPoint -in [gi::getWindows 5]
[19:28:28.61] /i de::zoom -window [gi::getWindows 5] -factor 2.0 -center {-2.758 -1.132}
[19:28:28.61] /o {-4.76 -1.444} {-1.449 0.107}
[19:28:28.61] /# gi::executeAction deCanvasZoomOutAtPoint -in [gi::getWindows 5]
[19:28:28.61] /i de::zoom -window [gi::getWindows 5] -factor 0.5 -center {-2.758 -1.132}
[19:28:28.62] /o {-6.763 -1.756} {-0.14 1.347}
[19:28:28.99] /# gi::executeAction deCanvasZoomInAtPoint -in [gi::getWindows 5]
[19:28:28.99] /i de::zoom -window [gi::getWindows 5] -factor 2.0 -center {-2.758 -1.132}
[19:28:28.99] /o {-4.76 -1.444} {-1.449 0.107}
[19:28:29.04] /# gi::executeAction deCanvasZoomInAtPoint -in [gi::getWindows 5]
[19:28:29.04] /i de::zoom -window [gi::getWindows 5] -factor 2.0 -center {-2.758 -1.132}
[19:28:29.04] /o {-3.759 -1.288} {-2.103 -0.512}
[19:28:29.12] /# gi::executeAction deCanvasZoomInAtPoint -in [gi::getWindows 5]
[19:28:29.12] /i de::zoom -window [gi::getWindows 5] -factor 2.0 -center {-2.758 -1.132}
[19:28:29.12] /o {-3.259 -1.21} {-2.431 -0.822}
[19:28:29.73] /# gi::executeAction deCanvasZoomOutAtPoint -in [gi::getWindows 5]
[19:28:29.73] /i de::zoom -window [gi::getWindows 5] -factor 0.5 -center {-2.759 -1.135}
[19:28:29.73] /o {-3.758 -1.285} {-2.102 -0.509}
[19:28:29.79] /# gi::executeAction deCanvasZoomOutAtPoint -in [gi::getWindows 5]
[19:28:29.79] /i de::zoom -window [gi::getWindows 5] -factor 0.5 -center {-2.759 -1.135}
[19:28:29.79] /o {-4.757 -1.435} {-1.446 0.116}
[19:28:29.88] /# gi::executeAction deCanvasZoomOutAtPoint -in [gi::getWindows 5]
[19:28:29.88] /i de::zoom -window [gi::getWindows 5] -factor 0.5 -center {-2.759 -1.136}
[19:28:29.88] /o {-6.756 -1.734} {-0.133 1.369}
[19:28:30.19] /# gi::executeAction deCanvasZoomOutAtPoint -in [gi::getWindows 5]
[19:28:30.19] /i de::zoom -window [gi::getWindows 5] -factor 0.5 -center {-2.759 -1.135}
[19:28:30.19] /o {-10.753 -2.333} {2.494 3.873}
[19:28:30.25] /# gi::executeAction deCanvasZoomOutAtPoint -in [gi::getWindows 5]
[19:28:30.25] /i de::zoom -window [gi::getWindows 5] -factor 0.5 -center {-2.759 -1.136}
[19:28:30.25] /o {-18.746 -3.53} {7.746 8.881}
[19:28:30.70] /# gi::executeAction deCanvasZoomInAtPoint -in [gi::getWindows 5]
[19:28:30.70] /i de::zoom -window [gi::getWindows 5] -factor 2.0 -center {-2.186 -1.136}
[19:28:30.70] /o {-10.466 -2.333} {2.78 3.873}
[19:28:30.96] /# gi::executeAction deCanvasZoomInAtPoint -in [gi::getWindows 5]
[19:28:30.96] /i de::zoom -window [gi::getWindows 5] -factor 2.0 -center {-2.186 -1.136}
[19:28:30.96] /o {-6.326 -1.735} {0.297 1.368}
[19:28:31.84] /# gi::executeAction dePan -in [gi::getWindows 5]
[19:28:31.84] /i ide::pan [db::getNext [de::getContexts -window 5]]
[19:28:32.18] /# gi::executeAction deStartDrag -in [gi::getWindows 5]
[19:28:32.18] /i de::startDrag {-2.186 -1.136} -context [db::getNext [de::getContexts -window 5]]
[19:28:33.32] /# gi::executeAction deEndDrag -in [gi::getWindows 5]
[19:28:33.32] /i de::endDrag {-2.186 -1.115} -context [db::getNext [de::getContexts -window 5]]
[19:28:33.32] /r dePanToPoint {-3.617 -1.97}
[19:28:33.84] /# gi::executeAction deAbortCommand -in [gi::getWindows 5]
[19:28:33.84] /i de::abortCommand -context [db::getNext [de::getContexts -window 5]]
[19:28:34.42] /# gi::executeAction deSelectActive -in [gi::getWindows 5]
[19:28:34.42] /i de::deselectAll [db::getNext [de::getContexts -window 5]]
[19:28:34.42] /i de::deselectAllLogic -context [db::getNext [de::getContexts -window 5]]
[19:28:35.47] /# gi::executeAction deSelectActive -in [gi::getWindows 5]
[19:28:35.47] /i de::deselectAll [db::getNext [de::getContexts -window 5]]
[19:28:35.47] /i de::select [de::getActiveFigure [gi::getWindows 5] -point {-2.802 -3.227} -index 0 -intent none]
[19:28:35.47] /o oa:0x20483d70
[19:28:36.27] /# gi::executeAction deSelectActive -in [gi::getWindows 5]
[19:28:36.27] /i de::cycleActiveFigure [gi::getWindows 5] -direction next
[19:28:36.27] /o oa:0x1dcf9d10
[19:28:37.05] /# gi::executeAction leMove -in [gi::getWindows 5]
[19:28:37.06] /i ile::move
[19:28:37.45] /# gi::executeAction deAddPoint -in [gi::getWindows 5]
[19:28:37.45] /i de::addPoint {-2.81 -3.341} -context [db::getNext [de::getContexts -window 5]]
[19:28:51.58] /# gi::executeAction deAddPoint -in [gi::getWindows 5]
[19:28:51.58] /i de::addPoint {-2.907 -1.435} -context [db::getNext [de::getContexts -window 5]]
[19:28:52.15] /# gi::executeAction deCanvasPanWest -in [gi::getWindows 5]
[19:28:52.16] /i de::pan -window [gi::getWindows 5] -direction W -multiplier 0.5
[19:28:52.16] /o {-10.238 -3.522} {-3.615 -0.419}
[19:28:52.22] /# gi::executeAction deCanvasPanWest -in [gi::getWindows 5]
[19:28:52.22] /i de::pan -window [gi::getWindows 5] -direction W -multiplier 0.5
[19:28:52.22] /o {-13.548 -3.522} {-6.925 -0.419}
[19:28:52.30] /# gi::executeAction deCanvasPanWest -in [gi::getWindows 5]
[19:28:52.30] /i de::pan -window [gi::getWindows 5] -direction W -multiplier 0.5
[19:28:52.30] /o {-16.857 -3.522} {-10.234 -0.419}
[19:28:52.85] /# gi::executeAction deCanvasPanEast -in [gi::getWindows 5]
[19:28:52.86] /i de::pan -window [gi::getWindows 5] -direction E -multiplier 0.5
[19:28:52.87] /o {-13.548 -3.522} {-6.925 -0.419}
[19:28:52.89] /# gi::executeAction deCanvasPanEast -in [gi::getWindows 5]
[19:28:52.89] /i de::pan -window [gi::getWindows 5] -direction E -multiplier 0.5
[19:28:52.89] /o {-10.238 -3.522} {-3.615 -0.419}
[19:28:53.47] /# gi::executeAction deCanvasZoomOutAtPoint -in [gi::getWindows 5]
[19:28:53.47] /i de::zoom -window [gi::getWindows 5] -factor 0.5 -center {-6.221 -1.389}
[19:28:53.47] /o {-14.256 -5.655} {-1.01 0.551}
[19:28:53.54] /# gi::executeAction deCanvasZoomOutAtPoint -in [gi::getWindows 5]
[19:28:53.54] /i de::zoom -window [gi::getWindows 5] -factor 0.5 -center {-6.22 -1.389}
[19:28:53.54] /o {-22.292 -9.921} {4.201 2.49}
[19:28:53.60] /# gi::executeAction deCanvasZoomOutAtPoint -in [gi::getWindows 5]
[19:28:53.60] /i de::zoom -window [gi::getWindows 5] -factor 0.5 -center {-6.221 -1.388}
[19:28:53.60] /o {-38.363 -18.455} {14.623 6.369}
[19:28:54.28] /# gi::executeAction deCanvasZoomInAtPoint -in [gi::getWindows 5]
[19:28:54.28] /i de::zoom -window [gi::getWindows 5] -factor 2.0 -center {-1.701 -0.546}
[19:28:54.28] /o {-20.032 -9.5} {6.461 2.911}
[19:28:54.28] /# gi::executeAction deCanvasZoomInAtPoint -in [gi::getWindows 5]
[19:28:54.28] /i de::zoom -window [gi::getWindows 5] -factor 2.0 -center {-1.448 -0.478}
[19:28:54.28] /o {-10.74 -4.989} {2.506 1.217}
[19:28:54.45] /# gi::executeAction deCanvasZoomInAtPoint -in [gi::getWindows 5]
[19:28:54.45] /i de::zoom -window [gi::getWindows 5] -factor 2.0 -center {-1.263 -0.47}
[19:28:54.45] /o {-6.001 -2.73} {0.622 0.373}
[19:28:55.62] /# gi::executeAction deCanvasZoomInAtPoint -in [gi::getWindows 5]
[19:28:55.62] /i de::zoom -window [gi::getWindows 5] -factor 2.0 -center {-2.861 -0.997}
[19:28:55.62] /o {-4.431 -1.863} {-1.12 -0.312}
[19:28:56.83] /# gi::executeAction dePan -in [gi::getWindows 5]
[19:28:56.84] /i ide::pan [db::getNext [de::getContexts -window 5]]
[19:28:57.40] /# gi::executeAction deStartDrag -in [gi::getWindows 5]
[19:28:57.40] /i de::startDrag {-2.481 -1.345} -context [db::getNext [de::getContexts -window 5]]
[19:28:58.62] /# gi::executeAction deEndDrag -in [gi::getWindows 5]
[19:28:58.62] /i de::endDrag {-2.479 -1.345} -context [db::getNext [de::getContexts -window 5]]
[19:28:58.62] /r dePanToPoint {-3.144 -1.043}
[19:29:02.13] /# gi::executeAction deAbortCommand -in [gi::getWindows 5]
[19:29:02.13] /i de::abortCommand -context [db::getNext [de::getContexts -window 5]]
[19:29:04.08] /# gi::executeAction deSelectActive -in [gi::getWindows 5]
[19:29:04.08] /i de::deselectAll [db::getNext [de::getContexts -window 5]]
[19:29:04.08] /i de::select [de::getActiveFigure [gi::getWindows 5] -point {-2.962 -1.456} -index 0 -intent none]
[19:29:04.08] /o oa:0x1fcddd60
[19:29:05.40] /# gi::executeAction leMove -in [gi::getWindows 5]
[19:29:05.40] /i ile::move
[19:29:05.62] /# gi::executeAction deAddPoint -in [gi::getWindows 5]
[19:29:05.62] /i de::addPoint {-2.962 -1.456} -context [db::getNext [de::getContexts -window 5]]
[19:29:09.71] /i gi::setField {editAngleMode} -value {Any Angle} -in [gi::getToolbars {deCommandOptions} -from [gi::getWindows 5]]
[19:29:15.63] /# gi::executeAction deAddPoint -in [gi::getWindows 5]
[19:29:15.63] /i de::addPoint {-2.888 -1.29} -context [db::getNext [de::getContexts -window 5]]
[19:29:17.42] /# gi::executeAction leStretch -in [gi::getWindows 5]
[19:29:17.42] /i ile::stretch
[19:29:19.38] /# gi::executeAction deAddPoint -in [gi::getWindows 5]
[19:29:19.38] /i de::addPoint {-1.866 -0.721} -context [db::getNext [de::getContexts -window 5]]
[19:29:20.93] /# gi::executeAction deAbortCommand -in [gi::getWindows 5]
[19:29:20.93] /i de::abortCommand -context [db::getNext [de::getContexts -window 5]]
[19:29:21.49] /# gi::executeAction deSelectActive -in [gi::getWindows 5]
[19:29:21.49] /i de::deselectAll [db::getNext [de::getContexts -window 5]]
[19:29:21.50] /i de::deselectAllLogic -context [db::getNext [de::getContexts -window 5]]
[19:29:22.14] /# gi::executeAction deSelectActive -in [gi::getWindows 5]
[19:29:22.14] /i de::deselectAllLogic -context [db::getNext [de::getContexts -window 5]]
[19:29:22.48] /# gi::executeAction leStretch -in [gi::getWindows 5]
[19:29:22.48] /i ile::stretch
[19:29:24.81] /# gi::executeAction deAddPoint -in [gi::getWindows 5]
[19:29:24.81] /i de::addPoint {-2.882 -0.569} -context [db::getNext [de::getContexts -window 5]]
[19:29:27.16] /# gi::executeAction deAddPoint -in [gi::getWindows 5]
[19:29:27.16] /i de::addPoint {-2.867 -0.744} -context [db::getNext [de::getContexts -window 5]]
[19:29:28.56] /# gi::executeAction deAbortCommand -in [gi::getWindows 5]
[19:29:28.56] /i de::abortCommand -context [db::getNext [de::getContexts -window 5]]
[19:29:28.88] /# gi::executeAction deSelectActive -in [gi::getWindows 5]
[19:29:28.88] /i de::deselectAllLogic -context [db::getNext [de::getContexts -window 5]]
[19:29:29.93] /# gi::executeAction deSelectActive -in [gi::getWindows 5]
[19:29:29.93] /i de::deselectAll [db::getNext [de::getContexts -window 5]]
[19:29:29.93] /i de::select [de::getActiveFigure [gi::getWindows 5] -point {-2.966 -1.039} -index 0 -intent none]
[19:29:29.93] /o oa:0x1fc9a410
[19:29:30.85] /# gi::executeAction leMove -in [gi::getWindows 5]
[19:29:30.85] /i ile::move
[19:29:31.30] /# gi::executeAction deAddPoint -in [gi::getWindows 5]
[19:29:31.30] /i de::addPoint {-2.966 -1.039} -context [db::getNext [de::getContexts -window 5]]
[19:29:33.75] /# gi::executeAction deAddPoint -in [gi::getWindows 5]
[19:29:33.75] /i de::addPoint {-2.895 -1.05} -context [db::getNext [de::getContexts -window 5]]
[19:29:34.82] /i gi::executeAction deCanvasDragCancel -in [gi::getWindows 5]
[19:29:35.32] /# gi::executeAction deCanvasZoomOutAtPoint -in [gi::getWindows 5]
[19:29:35.32] /i de::zoom -window [gi::getWindows 5] -factor 0.5 -center {-2.412 -1.271}
[19:29:35.32] /o {-7.188 -2.367} {-0.565 0.736}
[19:29:37.52] /# gi::executeAction deSelectActive -in [gi::getWindows 5]
[19:29:37.52] /i de::deselectAll [db::getNext [de::getContexts -window 5]]
[19:29:37.52] /i de::select [de::getActiveFigure [gi::getWindows 5] -point {-2.614 -0.28} -index 0 -intent none]
[19:29:37.52] /o oa:0x2040b4c0
[19:29:38.42] /# gi::executeAction leDelete -in [gi::getWindows 5]
[19:29:38.42] /i ile::delete
[19:29:39.11] /# gi::executeAction deCanvasZoomInAtPoint -in [gi::getWindows 5]
[19:29:39.11] /i de::zoom -window [gi::getWindows 5] -factor 2.0 -center {-2.614 -0.28}
[19:29:39.11] /o {-4.901 -1.324} {-1.59 0.228}
[19:29:39.59] /# gi::executeAction deCanvasZoomOutAtPoint -in [gi::getWindows 5]
[19:29:39.59] /i de::zoom -window [gi::getWindows 5] -factor 0.5 -center {-2.614 -0.28}
[19:29:39.59] /o {-7.188 -2.367} {-0.565 0.736}
[19:29:41.01] /# gi::executeAction dePan -in [gi::getWindows 5]
[19:29:41.01] /i ide::pan [db::getNext [de::getContexts -window 5]]
[19:29:41.62] /# gi::executeAction deStartDrag -in [gi::getWindows 5]
[19:29:41.62] /i de::startDrag {-2.433 -0.061} -context [db::getNext [de::getContexts -window 5]]
[19:29:42.96] /# gi::executeAction deEndDrag -in [gi::getWindows 5]
[19:29:42.96] /i de::endDrag {-2.441 -0.065} -context [db::getNext [de::getContexts -window 5]]
[19:29:42.96] /r dePanToPoint {-3.644 0.415}
[19:29:43.21] /# gi::executeAction deCanvasZoomOutAtPoint -in [gi::getWindows 5]
[19:29:43.21] /i de::zoom -window [gi::getWindows 5] -factor 0.5 -center {-2.403 0.306}
[19:29:43.21] /o {-11.51 -2.578} {1.737 3.628}
[19:29:43.31] /# gi::executeAction deCanvasZoomOutAtPoint -in [gi::getWindows 5]
[19:29:43.31] /i de::zoom -window [gi::getWindows 5] -factor 0.5 -center {-2.403 0.306}
[19:29:43.31] /o {-20.616 -5.462} {5.876 6.95}
[19:29:44.04] /# gi::executeAction deCanvasZoomInAtPoint -in [gi::getWindows 5]
[19:29:44.04] /i de::zoom -window [gi::getWindows 5] -factor 2.0 -center {-2.083 2.514}
[19:29:44.04] /o {-11.35 -1.474} {1.897 4.732}
[19:29:44.56] /# gi::executeAction deCanvasZoomOutAtPoint -in [gi::getWindows 5]
[19:29:44.56] /i de::zoom -window [gi::getWindows 5] -factor 0.5 -center {-2.083 2.514}
[19:29:44.56] /o {-20.616 -5.462} {5.876 6.95}
[19:29:46.94] /# gi::executeAction deAbortCommand -in [gi::getWindows 5]
[19:29:46.94] /i de::abortCommand -context [db::getNext [de::getContexts -window 5]]
[19:29:47.55] /# gi::executeAction deSelectActive -in [gi::getWindows 5]
[19:29:47.55] /i de::deselectAllLogic -context [db::getNext [de::getContexts -window 5]]
[19:29:48.26] /# gi::executeAction leMove -in [gi::getWindows 5]
[19:29:48.26] /i ile::move
[19:29:48.63] /# gi::executeAction deStartDrag -in [gi::getWindows 5]
[19:29:48.63] /i de::startDrag {-3.854 5.87} -context [db::getNext [de::getContexts -window 5]]
[19:29:49.39] /# gi::executeAction deEndDrag -in [gi::getWindows 5]
[19:29:49.39] /i de::endDrag {-2.37 3.408} -context [db::getNext [de::getContexts -window 5]]
[19:29:51.27] /# gi::executeAction deStartDrag -in [gi::getWindows 5]
[19:29:51.27] /i de::startDrag {-2.927 4.606} -context [db::getNext [de::getContexts -window 5]]
[19:29:51.90] /# gi::executeAction deEndDrag -in [gi::getWindows 5]
[19:29:51.90] /i de::endDrag {-2.859 2.245} -context [db::getNext [de::getContexts -window 5]]
[19:29:52.64] /# gi::executeAction deStartDrag -in [gi::getWindows 5]
[19:29:52.64] /i de::startDrag {-3.871 5.702} -context [db::getNext [de::getContexts -window 5]]
[19:29:53.02] /# gi::executeAction deEndDrag -in [gi::getWindows 5]
[19:29:53.02] /i de::endDrag {-2.353 2.987} -context [db::getNext [de::getContexts -window 5]]
[19:29:53.58] /# gi::executeAction deAddPoint -in [gi::getWindows 5]
[19:29:53.58] /i de::addPoint {-2.927 4.69} -context [db::getNext [de::getContexts -window 5]]
[19:29:57.24] /# gi::executeAction deAddPoint -in [gi::getWindows 5]
[19:29:57.24] /i de::addPoint {-2.994 0.204} -context [db::getNext [de::getContexts -window 5]]
[19:29:58.41] /# gi::executeAction deStartDrag -in [gi::getWindows 5]
[19:29:58.41] /i de::startDrag {-4.174 -2.747} -context [db::getNext [de::getContexts -window 5]]
[19:29:58.77] /# gi::executeAction deEndDrag -in [gi::getWindows 5]
[19:29:58.77] /i de::endDrag {-2.168 -4.855} -context [db::getNext [de::getContexts -window 5]]
[19:29:59.73] /# gi::executeAction deAddPoint -in [gi::getWindows 5]
[19:29:59.73] /i de::addPoint {-2.943 -4.332} -context [db::getNext [de::getContexts -window 5]]
[19:30:02.37] /# gi::executeAction deAddPoint -in [gi::getWindows 5]
[19:30:02.37] /i de::addPoint {-3.011 -2.798} -context [db::getNext [de::getContexts -window 5]]
[19:30:02.84] /# gi::executeAction deCanvasZoomInAtPoint -in [gi::getWindows 5]
[19:30:02.84] /i de::zoom -window [gi::getWindows 5] -factor 2.0 -center {-3.011 -1.904}
[19:30:02.84] /o {-11.814 -3.683} {1.433 2.523}
[19:30:02.87] /# gi::executeAction deCanvasZoomInAtPoint -in [gi::getWindows 5]
[19:30:02.87] /i de::zoom -window [gi::getWindows 5] -factor 2.0 -center {-3.003 -1.904}
[19:30:02.87] /o {-7.408 -2.794} {-0.785 0.309}
[19:30:02.93] /# gi::executeAction deCanvasZoomInAtPoint -in [gi::getWindows 5]
[19:30:02.93] /i de::zoom -window [gi::getWindows 5] -factor 2.0 -center {-3.003 -1.904}
[19:30:02.93] /o {-5.206 -2.349} {-1.894 -0.797}
[19:30:08.29] /# gi::executeAction deAddPoint -in [gi::getWindows 5]
[19:30:08.30] /i de::addPoint {-3.798 -1.303} -context [db::getNext [de::getContexts -window 5]]
[19:30:08.64] /# gi::executeAction deCanvasZoomOutAtPoint -in [gi::getWindows 5]
[19:30:08.64] /i de::zoom -window [gi::getWindows 5] -factor 0.5 -center {-3.798 -1.303}
[19:30:08.65] /o {-6.613 -3.395} {0.01 -0.292}
[19:30:10.56] /# gi::executeAction deCanvasZoomInAtPoint -in [gi::getWindows 5]
[19:30:10.56] /i de::zoom -window [gi::getWindows 5] -factor 2.0 -center {-3.624 -1.472}
[19:30:10.56] /o {-5.119 -2.433} {-1.807 -0.882}
[19:30:12.87] /# gi::executeAction deAbortCommand -in [gi::getWindows 5]
[19:30:12.87] /i de::abortCommand -context [db::getNext [de::getContexts -window 5]]
[19:30:13.19] /# gi::executeAction deSelectActive -in [gi::getWindows 5]
[19:30:13.19] /i de::deselectAllLogic -context [db::getNext [de::getContexts -window 5]]
[19:30:13.66] /# gi::executeAction leStretch -in [gi::getWindows 5]
[19:30:13.66] /i ile::stretch
[19:30:16.25] /# gi::executeAction deAddPoint -in [gi::getWindows 5]
[19:30:16.25] /i de::addPoint {-3.371 -1.396} -context [db::getNext [de::getContexts -window 5]]
[19:30:21.50] /# gi::executeAction deAddPoint -in [gi::getWindows 5]
[19:30:21.50] /i de::addPoint {-3.363 -1.767} -context [db::getNext [de::getContexts -window 5]]
[19:30:22.27] /# gi::executeAction deAbortCommand -in [gi::getWindows 5]
[19:30:22.27] /i de::abortCommand -context [db::getNext [de::getContexts -window 5]]
[19:30:24.05] /# gi::executeAction deCanvasZoomOutAtPoint -in [gi::getWindows 5]
[19:30:24.05] /i de::zoom -window [gi::getWindows 5] -factor 0.5 -center {-3.129 -1.875}
[19:30:24.06] /o {-7.108 -2.992} {-0.485 0.111}
[19:30:25.43] /# gi::executeAction leMove -in [gi::getWindows 5]
[19:30:25.44] /i ile::move
[19:30:26.38] /# gi::executeAction deStartDrag -in [gi::getWindows 5]
[19:30:26.38] /i de::startDrag {-3.803 -1.685} -context [db::getNext [de::getContexts -window 5]]
[19:30:27.45] /# gi::executeAction deEndDrag -in [gi::getWindows 5]
[19:30:27.45] /i de::endDrag {-2.564 -2.924} -context [db::getNext [de::getContexts -window 5]]
[19:30:28.42] /# gi::executeAction deAddPoint -in [gi::getWindows 5]
[19:30:28.42] /i de::addPoint {-2.998 -2.094} -context [db::getNext [de::getContexts -window 5]]
[19:30:31.32] /# gi::executeAction deCanvasZoomInAtPoint -in [gi::getWindows 5]
[19:30:31.32] /i de::zoom -window [gi::getWindows 5] -factor 2.0 -center {-3.002 -1.659}
[19:30:31.32] /o {-5.055 -2.325} {-1.744 -0.774}
[19:30:31.46] /# gi::executeAction deCanvasZoomInAtPoint -in [gi::getWindows 5]
[19:30:31.46] /i de::zoom -window [gi::getWindows 5] -factor 2.0 -center {-3.002 -1.659}
[19:30:31.46] /o {-4.029 -1.992} {-2.373 -1.216}
[19:30:33.97] /# gi::executeAction deAddPoint -in [gi::getWindows 5]
[19:30:33.97] /i de::addPoint {-3.007 -1.659} -context [db::getNext [de::getContexts -window 5]]
[19:30:34.37] /# gi::executeAction deCanvasZoomOutAtPoint -in [gi::getWindows 5]
[19:30:34.37] /i de::zoom -window [gi::getWindows 5] -factor 0.5 -center {-3.007 -1.659}
[19:30:34.37] /o {-5.05 -2.325} {-1.739 -0.774}
[19:30:36.80] /# gi::executeAction deAddPoint -in [gi::getWindows 5]
[19:30:36.80] /i de::addPoint {-2.904 -1.682} -context [db::getNext [de::getContexts -window 5]]
[19:30:38.53] /i gi::executeAction deObjectActivation -in [gi::getWindows 5]
[19:30:38.65] /# gi::executeAction deZoomIn -in [gi::getWindows 5]
[19:30:38.65] /i de::zoom -window 5 -factor 2.0
[19:30:38.65] /o {-4.222 -1.937} {-2.566 -1.162}
[19:30:39.32] /i gi::executeAction deObjectActivation -in [gi::getWindows 5]
[19:30:41.01] /# gi::executeAction deAbortCommand -in [gi::getWindows 5]
[19:30:41.01] /i de::abortCommand -context [db::getNext [de::getContexts -window 5]]
[19:30:44.16] /i de::undoTransaction -design [db::getAttr editDesign -of [de::getContexts -window 5]] -steps 1
[19:30:45.30] /# gi::executeAction deCanvasZoomOutAtPoint -in [gi::getWindows 5]
[19:30:45.31] /i de::zoom -window [gi::getWindows 5] -factor 0.5 -center {-3.607 -1.514}
[19:30:45.31] /o {-4.838 -2.361} {-1.526 -0.809}
[19:30:47.26] /# gi::executeAction deSelectActive -in [gi::getWindows 5]
[19:30:47.26] /i de::deselectAll [db::getNext [de::getContexts -window 5]]
[19:30:47.26] /i de::select [de::getActiveFigure [gi::getWindows 5] -point {-2.945 -2.049} -index 0 -intent none]
[19:30:47.26] /o oa:0x20a499c0
[19:30:48.73] /# gi::executeAction deCanvasZoomOutAtPoint -in [gi::getWindows 5]
[19:30:48.73] /i de::zoom -window [gi::getWindows 5] -factor 0.5 -center {-3.396 -1.745}
[19:30:48.73] /o {-6.279 -2.977} {0.344 0.126}
[19:30:49.34] /# gi::executeAction deCanvasZoomInAtPoint -in [gi::getWindows 5]
[19:30:49.34] /i de::zoom -window [gi::getWindows 5] -factor 2.0 -center {-3.395 -1.746}
[19:30:49.34] /o {-4.837 -2.361} {-1.525 -0.81}
[19:30:50.52] /# gi::executeAction deSelectActive -in [gi::getWindows 5]
[19:30:50.52] /i de::deselectAll [db::getNext [de::getContexts -window 5]]
[19:30:50.52] /i de::deselectAllLogic -context [db::getNext [de::getContexts -window 5]]
[19:30:51.14] /# gi::executeAction leStretch -in [gi::getWindows 5]
[19:30:51.14] /i ile::stretch
[19:30:53.20] /# gi::executeAction deAddPoint -in [gi::getWindows 5]
[19:30:53.20] /i de::addPoint {-3.357 -1.765} -context [db::getNext [de::getContexts -window 5]]
[19:30:54.45] /# gi::executeAction deAddPoint -in [gi::getWindows 5]
[19:30:54.45] /i de::addPoint {-3.357 -1.701} -context [db::getNext [de::getContexts -window 5]]
[19:30:55.65] /# gi::executeAction deCanvasZoomOutAtPoint -in [gi::getWindows 5]
[19:30:55.65] /i de::zoom -window [gi::getWindows 5] -factor 0.5 -center {-3.142 -1.813}
[19:30:55.65] /o {-6.532 -2.91} {0.091 0.193}
[19:30:57.32] /# gi::executeAction leMove -in [gi::getWindows 5]
[19:30:57.32] /i ile::move
[19:30:58.17] /# gi::executeAction deStartDrag -in [gi::getWindows 5]
[19:30:58.17] /i de::startDrag {-3.868 -1.674} -context [db::getNext [de::getContexts -window 5]]
[19:30:59.01] /# gi::executeAction deEndDrag -in [gi::getWindows 5]
[19:30:59.01] /i de::endDrag {-2.573 -2.969} -context [db::getNext [de::getContexts -window 5]]
[19:31:00.45] /# gi::executeAction deAddPoint -in [gi::getWindows 5]
[19:31:00.45] /i de::addPoint {-3.138 -2.083} -context [db::getNext [de::getContexts -window 5]]
[19:31:01.33] /# gi::executeAction deCanvasZoomInAtPoint -in [gi::getWindows 5]
[19:31:01.33] /i de::zoom -window [gi::getWindows 5] -factor 2.0 -center {-3.126 -1.784}
[19:31:01.34] /o {-4.829 -2.347} {-1.517 -0.795}
[19:31:11.49] /# gi::executeAction deAddPoint -in [gi::getWindows 5]
[19:31:11.49] /i de::addPoint {-3.145 -1.672} -context [db::getNext [de::getContexts -window 5]]
[19:31:13.55] /# gi::executeAction dePan -in [gi::getWindows 5]
[19:31:13.55] /i ide::pan [db::getNext [de::getContexts -window 5]]
[19:31:13.95] /# gi::executeAction deStartDrag -in [gi::getWindows 5]
[19:31:13.95] /i de::startDrag {-2.312 -1.312} -context [db::getNext [de::getContexts -window 5]]
[19:31:14.79] /# gi::executeAction deEndDrag -in [gi::getWindows 5]
[19:31:14.79] /i de::endDrag {-2.312 -1.314} -context [db::getNext [de::getContexts -window 5]]
[19:31:14.80] /r dePanToPoint {-3.165 -0.675}
[19:31:15.81] /# gi::executeAction deStartDrag -in [gi::getWindows 5]
[19:31:15.81] /i de::startDrag {-2.926 -0.245} -context [db::getNext [de::getContexts -window 5]]
[19:31:16.80] /# gi::executeAction deEndDrag -in [gi::getWindows 5]
[19:31:16.80] /i de::endDrag {-2.926 -0.249} -context [db::getNext [de::getContexts -window 5]]
[19:31:16.80] /r dePanToPoint {-3.283 -0.462}
[19:31:17.99] /# gi::executeAction leStretch -in [gi::getWindows 5]
[19:31:17.99] /i ile::stretch
[19:31:19.48] /# gi::executeAction deAddPoint -in [gi::getWindows 5]
[19:31:19.48] /i de::addPoint {-3.36 -0.732} -context [db::getNext [de::getContexts -window 5]]
[19:31:21.78] /# gi::executeAction deAddPoint -in [gi::getWindows 5]
[19:31:21.78] /i de::addPoint {-3.36 -0.422} -context [db::getNext [de::getContexts -window 5]]
[19:31:22.28] /# gi::executeAction deCanvasZoomOutAtPoint -in [gi::getWindows 5]
[19:31:22.28] /i de::zoom -window [gi::getWindows 5] -factor 0.5 -center {-2.677 -0.024}
[19:31:22.28] /o {-7.2 -2.452} {-0.577 0.651}
[19:31:23.35] /# gi::executeAction dePan -in [gi::getWindows 5]
[19:31:23.35] /i ide::pan [db::getNext [de::getContexts -window 5]]
[19:31:23.70] /# gi::executeAction deStartDrag -in [gi::getWindows 5]
[19:31:23.70] /i de::startDrag {-1.867 0.17} -context [db::getNext [de::getContexts -window 5]]
[19:31:24.73] /# gi::executeAction deEndDrag -in [gi::getWindows 5]
[19:31:24.73] /i de::endDrag {-1.867 0.158} -context [db::getNext [de::getContexts -window 5]]
[19:31:24.73] /r dePanToPoint {-3.694 -0.255}
[19:31:25.85] /# gi::executeAction leMove -in [gi::getWindows 5]
[19:31:25.85] /i ile::move
[19:31:26.63] /# gi::executeAction deStartDrag -in [gi::getWindows 5]
[19:31:26.63] /i de::startDrag {-3.891 1.043} -context [db::getNext [de::getContexts -window 5]]
[19:31:27.64] /# gi::executeAction deEndDrag -in [gi::getWindows 5]
[19:31:27.64] /i de::endDrag {-2.369 -0.454} -context [db::getNext [de::getContexts -window 5]]
[19:31:28.46] /# gi::executeAction deAddPoint -in [gi::getWindows 5]
[19:31:28.46] /i de::addPoint {-2.968 0.221} -context [db::getNext [de::getContexts -window 5]]
[19:31:30.64] /# gi::executeAction deCanvasZoomInAtPoint -in [gi::getWindows 5]
[19:31:30.64] /i de::zoom -window [gi::getWindows 5] -factor 2.0 -center {-2.968 -0.078}
[19:31:30.64] /o {-4.987 -0.942} {-1.676 0.609}
[19:31:33.70] /# gi::executeAction deAddPoint -in [gi::getWindows 5]
[19:31:33.70] /i de::addPoint {-2.968 -0.148} -context [db::getNext [de::getContexts -window 5]]
[19:31:35.99] /# gi::executeAction deAbortCommand -in [gi::getWindows 5]
[19:31:35.99] /i de::abortCommand -context [db::getNext [de::getContexts -window 5]]
[19:31:36.34] /# gi::executeAction deSelectActive -in [gi::getWindows 5]
[19:31:36.34] /i de::deselectAllLogic -context [db::getNext [de::getContexts -window 5]]
[19:31:37.09] /# gi::executeAction leStretch -in [gi::getWindows 5]
[19:31:37.09] /i ile::stretch
[19:31:39.18] /# gi::executeAction deAddPoint -in [gi::getWindows 5]
[19:31:39.18] /i de::addPoint {-3.693 -0.066} -context [db::getNext [de::getContexts -window 5]]
[19:31:42.82] /# gi::executeAction deAddPoint -in [gi::getWindows 5]
[19:31:42.82] /i de::addPoint {-4.051 -0.076} -context [db::getNext [de::getContexts -window 5]]
[19:31:44.22] /# gi::executeAction deAddPoint -in [gi::getWindows 5]
[19:31:44.22] /i de::addPoint {-2.692 -0.055} -context [db::getNext [de::getContexts -window 5]]
[19:31:47.19] /# gi::executeAction deAddPoint -in [gi::getWindows 5]
[19:31:47.19] /i de::addPoint {-2.198 -0.114} -context [db::getNext [de::getContexts -window 5]]
[19:31:47.88] /# gi::executeAction deAddPoint -in [gi::getWindows 5]
[19:31:47.88] /i de::addPoint {-2.198 -0.114} -context [db::getNext [de::getContexts -window 5]]
[19:31:49.43] /# gi::executeAction deAddPoint -in [gi::getWindows 5]
[19:31:49.43] /i de::addPoint {-2.196 -0.114} -context [db::getNext [de::getContexts -window 5]]
[19:31:50.54] /# gi::executeAction dePan -in [gi::getWindows 5]
[19:31:50.54] /i ide::pan [db::getNext [de::getContexts -window 5]]
[19:31:50.83] /# gi::executeAction deStartDrag -in [gi::getWindows 5]
[19:31:50.83] /i de::startDrag {-2.07 -0.43} -context [db::getNext [de::getContexts -window 5]]
[19:31:51.26] /# gi::executeAction deEndDrag -in [gi::getWindows 5]
[19:31:51.26] /i de::endDrag {-2.07 -0.422} -context [db::getNext [de::getContexts -window 5]]
[19:31:51.26] /r dePanToPoint {-3.331 -1.107}
[19:31:51.84] /# gi::executeAction deStartDrag -in [gi::getWindows 5]
[19:31:51.84] /i de::startDrag {-2.215 -1.332} -context [db::getNext [de::getContexts -window 5]]
[19:31:52.48] /# gi::executeAction deEndDrag -in [gi::getWindows 5]
[19:31:52.48] /i de::endDrag {-2.215 -1.328} -context [db::getNext [de::getContexts -window 5]]
[19:31:52.48] /r dePanToPoint {-3.329 -1.442}
[19:31:53.66] /# gi::executeAction leStretch -in [gi::getWindows 5]
[19:31:53.66] /i ile::stretch
[19:31:54.44] /# gi::executeAction deAddPoint -in [gi::getWindows 5]
[19:31:54.44] /i de::addPoint {-3.695 -1.853} -context [db::getNext [de::getContexts -window 5]]
[19:32:01.63] /# gi::executeAction deAddPoint -in [gi::getWindows 5]
[19:32:01.63] /i de::addPoint {-4.051 -1.838} -context [db::getNext [de::getContexts -window 5]]
[19:32:03.40] /# gi::executeAction deAddPoint -in [gi::getWindows 5]
[19:32:03.40] /i de::addPoint {-2.692 -1.845} -context [db::getNext [de::getContexts -window 5]]
[19:32:11.07] /# gi::executeAction deAddPoint -in [gi::getWindows 5]
[19:32:11.07] /i de::addPoint {-2.194 -1.834} -context [db::getNext [de::getContexts -window 5]]
[19:32:11.75] /# gi::executeAction deCanvasZoomOutAtPoint -in [gi::getWindows 5]
[19:32:11.75] /i de::zoom -window [gi::getWindows 5] -factor 0.5 -center {-2.141 -1.701}
[19:32:11.75] /o {-7.829 -2.735} {-1.206 0.368}
[19:32:16.30] /i gi::setActiveWindow 4
[19:32:16.30] /i gi::setActiveWindow 4 -raise true
[19:32:17.56] /# gi::executeAction deSaveDesignAs -in [gi::getWindows 4]
[19:32:17.56] /i de::showSaveDesignAs -context [db::getNext [de::getContexts -window 4]]
[19:32:17.68] /r giDialog gi::setActiveDialog [gi::getDialogs {deSaveDesignAs} -parent [gi::getWindows 4]]
[19:32:17.92] /r giDialog db::setAttr geometry -of [gi::getDialogs {deSaveDesignAs} -parent [gi::getWindows 4]] -value 274x128+823+461
[19:32:19.50] /r giDialog gi::pressButton {ok} -in [gi::getDialogs {deSaveDesignAs} -parent [gi::getWindows 4]]
[19:32:19.50] /m Information: Saving design 'inv inv schematic'. (DESIGN_WINDOW-004)
[19:32:23.42] /# gi::executeAction seSchCheckAndSave -in [gi::getWindows 4]
[19:32:23.43] /i ise::check
[19:32:23.45] /m Information: 
              /c Cross view checking for inv/inv/symbol with inv/inv/schematic
              /c No violations found. (DE_EDIT-007)
[19:32:23.45] /m Information: 
[19:32:23.45] /o Checking "inv/inv/schematic"
[19:32:23.46] /o No rule violations found in "inv/inv/schematic"
[19:32:23.46] /m Information: Checking process is completed: marking the design violations
[19:32:23.55] /m Information: Marking of designs is completed
[19:32:23.55] /o true
[19:32:26.51] /i gi::setActiveWindow 5
[19:32:26.51] /i gi::setActiveWindow 5 -raise true
[19:32:28.16] /i gi::executeAction deSaveDesign -in [gi::getWindows 5]
[19:32:28.16] /m Information: Saving design 'inv inv layout'. (DESIGN_WINDOW-004)
[19:32:31.17] /i gi::setActiveWindow 4
[19:32:31.17] /i gi::setActiveWindow 4 -raise true
[19:32:41.22] /# gi::executeAction seSchCheckAndSave -in [gi::getWindows 4]
[19:32:41.22] /i ise::check
[19:32:41.24] /m Information: 
              /c Cross view checking for inv/inv/symbol with inv/inv/schematic
              /c No violations found. (DE_EDIT-007)
[19:32:41.24] /m Information: 
[19:32:41.24] /o Checking "inv/inv/schematic"
[19:32:41.24] /o No rule violations found in "inv/inv/schematic"
[19:32:41.24] /m Information: Checking process is completed: marking the design violations
[19:32:41.35] /m Information: Marking of designs is completed
[19:32:41.35] /o true
[19:32:43.03] /i gi::pressButton {ConsoleToggleButton} -in [db::getAttr statusbar -of [gi::getWindows 4]]
[19:32:44.40] /i gi::pressButton {ConsoleToggleButton} -in [db::getAttr statusbar -of [gi::getWindows 4]]
[19:33:27.89] /i gi::setActiveWindow 5
[19:33:27.89] /i gi::setActiveWindow 5 -raise true
[19:33:33.75] /# gi::executeAction xtLVSRun -in [gi::getWindows 5]
[19:33:33.75] /i xt::physicalVerification::executeRun lvs 5
[19:33:34.33] /# xt::physicalVerification::executePve lvs 5
[19:33:36.19] /m Information: "Starting netlisting for design "inv/inv/schematic"..." (NETLISTING-010)
[19:33:36.20] /o No Design Integrity rule violations found in "inv/inv/schematic"
[19:33:36.26] /m Information: "Netlisting design "inv/inv/schematic" finished successfully." (NETLISTING-012)
[19:33:36.48] /r giWindowId 6
[19:33:36.54] /r giWindowGeometry 800x600
[19:33:44.72] /m Information: 
              /c =============================
              /c JobID: hercules_lvs_2
              /c Completed with no errors.
              /c =============================
              /c 
[19:33:46.81] /i gi::setActiveTab {tabs} -tabName {inv.LVS_ERRORS} -in [gi::getWindows 6]
[19:33:47.72] /i gi::setActiveTab {tabs} -tabName {inv.LAYOUT_ERRORS} -in [gi::getWindows 6]
[19:33:48.38] /i gi::setActiveWindow 5
[19:33:48.38] /i gi::setActiveWindow 5 -raise true
[19:33:52.36] /i gi::setActiveWindow 2
[19:33:52.36] /i gi::setActiveWindow 2 -raise true
[19:33:53.70] /i gi::executeAction giCloseWindow -in [gi::getWindows 2]
[19:33:53.82] /i gi::setActiveWindow 5
[19:33:53.82] /i gi::setActiveWindow 5 -raise true
[19:33:58.93] /# gi::executeAction xtDRCRun -in [gi::getWindows 5]
[19:33:58.93] /i xt::physicalVerification::executeRun drc 5
[19:33:59.27] /# xt::physicalVerification::executePve drc 5
[19:34:00.73] /r giWindowId 7
[19:34:00.77] /r giWindowGeometry 800x600
[19:34:03.01] /m Information: 
              /c =============================
              /c JobID: hercules_drc_2
              /c --- ERROR SUMMARY -----------
              /c 7.55: Minimum spacing from Nwell to Diffusion >= 0.22
              /c  EXTERNAL NWELL DIFN { } (102) .......................... 3 violations found.
              /c =============================
              /c 
[19:34:04.00] /j ::xt::hercules::vue::_private::registerConnection localhost:52059 tcp8 herculesVue_1 
[19:34:04.07] /j ::xt::hercules::vue::_private::isJobReady 
[19:34:04.07] /o false
[19:34:05.07] /j ::xt::hercules::vue::_private::isJobReady 
[19:34:05.07] /o false
[19:34:06.11] /m Information: Connection established with 'Hercules-VUE' running on 'localhost'.
[19:34:06.11] /j ::xt::hercules::vue::_private::isJobReady 
[19:34:06.11] /o true
[19:34:06.11] /j ::xt::hercules::vue::startFilter LAY 
[19:34:06.72] /j ::xt::hercules::vue::setInlibPath /root/Excercise/lab1vlsi/inverter/inv/synopsys_custom/inv.hercules.drc/. 
[19:34:06.73] /j ::xt::hercules::vue::setTopLayLCV inv inv layout 
[19:34:06.75] /j ::xt::hercules::vue::openCell inv inv layout 
[19:35:09.78] /j ::xt::hercules::vue::clearAllHighlights inv layout 
[19:35:10.86] /j ::xt::hercules::vue::clearAllHighlights inv layout 
[19:35:10.88] /j ::xt::hercules::vue::clearAllHighlights inv layout 
[19:35:10.90] /j ::xt::hercules::vue::openCell inv inv layout 
[19:35:12.38] /j ::xt::hercules::vue::clearAllHighlights inv layout 
[19:35:12.40] /j ::xt::hercules::vue::clearAllHighlights inv layout 
[19:35:12.42] /j ::xt::hercules::vue::setHighlightProperty inv layout yellow brick 
[19:35:12.44] /j ::xt::hercules::vue::addPolygonBegin 4 
[19:35:12.48] /j ::xt::hercules::vue::addPolygonPoints {-3.465 -1.205 -3.465 -1.080 -3.275 -1.080 -3.275 -1.205 -3.465 -1.205} 
[19:35:12.48] /j ::xt::hercules::vue::addPolygonEnd 
[19:35:12.48] /j ::xt::hercules::vue::setViewPort extents {-3.489 -1.221 -3.251 -1.064} LAY 
[19:35:12.50] /j ::xt::hercules::vue::addErrorDescription {"Distance: 0.125"} 
[19:35:12.54] /j ::xt::hercules::vue::drawHighlights inv layout all 
[19:35:13.06] /j ::xt::hercules::vue::clearAllHighlights inv layout 
[19:35:13.08] /j ::xt::hercules::vue::clearAllHighlights inv layout 
[19:35:13.10] /j ::xt::hercules::vue::setHighlightProperty inv layout yellow brick 
[19:35:13.10] /j ::xt::hercules::vue::addPolygonBegin 4 
[19:35:13.16] /j ::xt::hercules::vue::addPolygonPoints {-3.465 -1.205 -3.465 -1.080 -3.275 -1.080 -3.275 -1.205 -3.465 -1.205} 
[19:35:13.16] /j ::xt::hercules::vue::addPolygonEnd 
[19:35:13.16] /j ::xt::hercules::vue::setViewPort extents {-3.489 -1.221 -3.251 -1.064} LAY 
[19:35:13.18] /j ::xt::hercules::vue::addErrorDescription {"Distance: 0.125"} 
[19:35:13.20] /j ::xt::hercules::vue::drawHighlights inv layout all 
[19:35:17.03] /j ::xt::hercules::vue::clearAllHighlights inv layout 
[19:35:17.05] /j ::xt::hercules::vue::setHighlightProperty inv layout yellow brick 
[19:35:17.07] /j ::xt::hercules::vue::addPolygonBegin 4 
[19:35:17.09] /j ::xt::hercules::vue::addPolygonPoints {-3.465 -1.205 -3.465 -1.080 -3.275 -1.080 -3.275 -1.205 -3.465 -1.205} 
[19:35:17.09] /j ::xt::hercules::vue::addPolygonEnd 
[19:35:17.09] /j ::xt::hercules::vue::setViewPort extents {-3.489 -1.221 -3.251 -1.064} LAY 
[19:35:17.10] /j ::xt::hercules::vue::addErrorDescription {"Distance: 0.125"} 
[19:35:17.11] /j ::xt::hercules::vue::drawHighlights inv layout all 
[19:35:17.55] /j ::xt::hercules::vue::clearAllHighlights inv layout 
[19:35:17.58] /j ::xt::hercules::vue::setHighlightProperty inv layout yellow brick 
[19:35:17.59] /j ::xt::hercules::vue::addPolygonBegin 4 
[19:35:17.64] /j ::xt::hercules::vue::addPolygonPoints {-3.465 -1.205 -3.465 -1.080 -3.275 -1.080 -3.275 -1.205 -3.465 -1.205} 
[19:35:17.64] /j ::xt::hercules::vue::addPolygonEnd 
[19:35:17.64] /j ::xt::hercules::vue::setViewPort extents {-3.489 -1.221 -3.251 -1.064} LAY 
[19:35:17.65] /j ::xt::hercules::vue::addErrorDescription {"Distance: 0.125"} 
[19:35:17.67] /j ::xt::hercules::vue::drawHighlights inv layout all 
[19:35:19.09] /i gi::setActiveWindow 7
[19:35:19.09] /i gi::setActiveWindow 7 -raise true
[19:35:19.24] /i gi::setActiveWindow 5
[19:35:19.24] /i gi::setActiveWindow 5 -raise true
[19:35:21.35] /# gi::executeAction deCanvasPanEast -in [gi::getWindows 5]
[19:35:21.35] /i de::pan -window [gi::getWindows 5] -direction E -multiplier 0.5
[19:35:21.36] /o {-3.369 -1.221} {-3.034 -1.064}
[19:35:23.00] /# gi::executeAction deCanvasZoomOutAtPoint -in [gi::getWindows 5]
[19:35:23.00] /i de::zoom -window [gi::getWindows 5] -factor 0.5 -center {-3.171 -1.109}
[19:35:23.00] /o {-3.568 -1.333} {-2.898 -1.019}
[19:35:23.63] /# gi::executeAction deCanvasZoomOutAtPoint -in [gi::getWindows 5]
[19:35:23.63] /i de::zoom -window [gi::getWindows 5] -factor 0.5 -center {-3.172 -1.108}
[19:35:23.64] /o {-3.964 -1.558} {-2.623 -0.93}
[19:35:24.84] /# gi::executeAction deCanvasZoomOutAtPoint -in [gi::getWindows 5]
[19:35:24.84] /i de::zoom -window [gi::getWindows 5] -factor 0.5 -center {-3.295 -1.089}
[19:35:24.85] /o {-4.633 -2.027} {-1.952 -0.771}
[19:35:27.20] /# gi::executeAction deCanvasZoomInAtPoint -in [gi::getWindows 5]
[19:35:27.20] /i de::zoom -window [gi::getWindows 5] -factor 2.0 -center {-3.355 -1.02}
[19:35:27.20] /o {-3.994 -1.523} {-2.653 -0.895}
[19:35:30.24] /i gi::setActiveWindow 4
[19:35:30.24] /i gi::setActiveWindow 4 -raise true
[19:35:31.56] /i gi::setActiveWindow 5
[19:35:31.56] /i gi::setActiveWindow 5 -raise true
[19:35:34.96] /# gi::executeAction deAddPoint -in [gi::getWindows 5]
[19:35:34.96] /i de::addPoint {-3.811 -1.262} -context [db::getNext [de::getContexts -window 5]]
[19:35:41.50] /# gi::executeAction deAddPoint -in [gi::getWindows 5]
[19:35:41.50] /i de::addPoint {-3.701 -1.241} -context [db::getNext [de::getContexts -window 5]]
[19:35:43.18] /# gi::executeAction deCanvasPanEast -in [gi::getWindows 5]
[19:35:43.18] /i de::pan -window [gi::getWindows 5] -direction E -multiplier 0.5
[19:35:43.18] /o {-3.324 -1.523} {-1.984 -0.895}
[19:35:44.23] /# gi::executeAction deCanvasZoomOutAtPoint -in [gi::getWindows 5]
[19:35:44.23] /i de::zoom -window [gi::getWindows 5] -factor 0.5 -center {-2.605 -1.167}
[19:35:44.23] /o {-4.043 -1.88} {-1.362 -0.624}
[19:35:46.35] /# gi::executeAction deCanvasZoomOutAtPoint -in [gi::getWindows 5]
[19:35:46.35] /i de::zoom -window [gi::getWindows 5] -factor 0.5 -center {-2.927 -1.494}
[19:35:46.35] /o {-5.159 -2.266} {0.203 0.246}
[19:35:47.51] /# gi::executeAction dePan -in [gi::getWindows 5]
[19:35:47.51] /i ide::pan [db::getNext [de::getContexts -window 5]]
[19:35:47.93] /# gi::executeAction deStartDrag -in [gi::getWindows 5]
[19:35:47.93] /i de::startDrag {-1.954 -1.218} -context [db::getNext [de::getContexts -window 5]]
[19:35:49.15] /# gi::executeAction deEndDrag -in [gi::getWindows 5]
[19:35:49.15] /i de::endDrag {-1.951 -1.205} -context [db::getNext [de::getContexts -window 5]]
[19:35:49.15] /r dePanToPoint {-2.922 -1.379}
[19:35:49.99] /# gi::executeAction leMove -in [gi::getWindows 5]
[19:35:49.99] /i ile::move
[19:35:51.07] /# gi::executeAction deStartDrag -in [gi::getWindows 5]
[19:35:51.08] /i de::startDrag {-4.139 -1.488} -context [db::getNext [de::getContexts -window 5]]
[19:35:52.57] /# gi::executeAction deEndDrag -in [gi::getWindows 5]
[19:35:52.57] /i de::endDrag {-2.146 -2.508} -context [db::getNext [de::getContexts -window 5]]
[19:35:53.79] /# gi::executeAction deAddPoint -in [gi::getWindows 5]
[19:35:53.79] /i de::addPoint {-2.446 -2.252} -context [db::getNext [de::getContexts -window 5]]
[19:35:58.39] /# gi::executeAction deAddPoint -in [gi::getWindows 5]
[19:35:58.39] /i de::addPoint {-2.439 -2.304} -context [db::getNext [de::getContexts -window 5]]
[19:35:58.91] /# gi::executeAction deCanvasZoomInAtPoint -in [gi::getWindows 5]
[19:35:58.91] /i de::zoom -window [gi::getWindows 5] -factor 2.0 -center {-3.268 -1.201}
[19:35:58.91] /o {-4.435 -1.918} {-1.755 -0.662}
[19:35:59.53] /# gi::executeAction deCanvasZoomInAtPoint -in [gi::getWindows 5]
[19:35:59.54] /i de::zoom -window [gi::getWindows 5] -factor 2.0 -center {-3.244 -1.261}
[19:35:59.54] /o {-3.84 -1.589} {-2.499 -0.961}
[19:36:00.51] /# gi::executeAction deCanvasZoomOutAtPoint -in [gi::getWindows 5]
[19:36:00.51] /i de::zoom -window [gi::getWindows 5] -factor 0.5 -center {-3.068 -1.386}
[19:36:00.51] /o {-4.611 -1.793} {-1.931 -0.537}
[19:36:01.49] /# gi::executeAction deCanvasZoomInAtPoint -in [gi::getWindows 5]
[19:36:01.49] /i de::zoom -window [gi::getWindows 5] -factor 2.0 -center {-2.983 -1.438}
[19:36:01.49] /o {-3.797 -1.615} {-2.457 -0.987}
[19:36:02.16] /# gi::executeAction deAddPoint -in [gi::getWindows 5]
[19:36:02.16] /i de::addPoint {-2.983 -1.438} -context [db::getNext [de::getContexts -window 5]]
[19:36:04.27] /w Warning: Disabled optimizations for high-performance drags due to poor X server performance. To restore, review "Performance Tuning" in the documentation and call db::setPrefValue deEnableRuntimePixmaps -value true (RENDERER-005)
[19:36:04.42] /# gi::executeAction deAddPoint -in [gi::getWindows 5]
[19:36:04.42] /i de::addPoint {-2.983 -1.472} -context [db::getNext [de::getContexts -window 5]]
[19:36:09.85] /# gi::executeAction deAddPoint -in [gi::getWindows 5]
[19:36:09.85] /i de::addPoint {-2.97 -1.466} -context [db::getNext [de::getContexts -window 5]]
[19:36:14.95] /# gi::executeAction deAddPoint -in [gi::getWindows 5]
[19:36:14.95] /i de::addPoint {-2.971 -1.44} -context [db::getNext [de::getContexts -window 5]]
[19:36:15.63] /# gi::executeAction deCanvasZoomOutAtPoint -in [gi::getWindows 5]
[19:36:15.63] /i de::zoom -window [gi::getWindows 5] -factor 0.5 -center {-2.971 -1.44}
[19:36:15.63] /o {-4.623 -1.791} {-1.943 -0.535}
[19:36:22.84] /i gi::executeAction deSaveDesign -in [gi::getWindows 5]
[19:36:22.84] /m Information: Saving design 'inv inv layout'. (DESIGN_WINDOW-004)
[19:36:28.22] /# gi::executeAction xtDRCRun -in [gi::getWindows 5]
[19:36:28.22] /i xt::physicalVerification::executeRun drc 5
[19:36:28.55] /# xt::physicalVerification::executePve drc 5
[19:36:33.81] /m Information: 
              /c =============================
              /c JobID: hercules_drc_3
              /c --- ERROR SUMMARY -----------
              /c 7.55: Minimum spacing from Nwell to Diffusion >= 0.22
              /c  EXTERNAL NWELL DIFN { } (102) .......................... 3 violations found.
              /c =============================
              /c 
[19:36:34.52] /j ::xt::hercules::vue::_private::registerConnection localhost:59143 tcp14 herculesVue_2 
[19:36:34.52] /m Information: Connection established with 'Hercules-VUE' running on 'localhost'.
[19:36:34.56] /j ::xt::hercules::vue::_private::isJobReady 
[19:36:34.56] /o true
[19:36:34.58] /j ::xt::hercules::vue::startFilter LAY 
[19:36:35.09] /j ::xt::hercules::vue::setInlibPath /root/Excercise/lab1vlsi/inverter/inv/synopsys_custom/inv.hercules.drc/. 
[19:36:35.11] /j ::xt::hercules::vue::setTopLayLCV inv inv layout 
[19:36:35.11] /j ::xt::hercules::vue::openCell inv inv layout 
[19:36:36.43] /j ::xt::hercules::vue::clearAllHighlights inv layout 
[19:36:37.27] /j ::xt::hercules::vue::clearAllHighlights inv layout 
[19:36:37.30] /j ::xt::hercules::vue::clearAllHighlights inv layout 
[19:36:37.30] /j ::xt::hercules::vue::openCell inv inv layout 
[19:36:37.71] /j ::xt::hercules::vue::clearAllHighlights inv layout 
[19:36:37.74] /j ::xt::hercules::vue::clearAllHighlights inv layout 
[19:36:37.76] /j ::xt::hercules::vue::setHighlightProperty inv layout yellow brick 
[19:36:37.77] /j ::xt::hercules::vue::addPolygonBegin 4 
[19:36:37.82] /j ::xt::hercules::vue::addPolygonPoints {-3.465 -1.210 -3.465 -1.080 -3.275 -1.080 -3.275 -1.210 -3.465 -1.210} 
[19:36:37.82] /j ::xt::hercules::vue::addPolygonEnd 
[19:36:37.82] /j ::xt::hercules::vue::setViewPort extents {-3.489 -1.226 -3.251 -1.064} LAY 
[19:36:37.83] /j ::xt::hercules::vue::addErrorDescription {"Distance: 0.130"} 
[19:36:37.85] /j ::xt::hercules::vue::drawHighlights inv layout all 
[19:36:42.48] /j ::xt::hercules::vue::clearAllHighlights inv layout 
[19:36:42.50] /j ::xt::hercules::vue::setHighlightProperty inv layout yellow brick 
[19:36:42.50] /j ::xt::hercules::vue::addPolygonBegin 4 
[19:36:42.56] /j ::xt::hercules::vue::addPolygonPoints {-3.465 -1.210 -3.465 -1.080 -3.275 -1.080 -3.275 -1.210 -3.465 -1.210} 
[19:36:42.56] /j ::xt::hercules::vue::addPolygonEnd 
[19:36:42.57] /j ::xt::hercules::vue::setViewPort extents {-3.489 -1.226 -3.251 -1.064} LAY 
[19:36:42.58] /j ::xt::hercules::vue::addErrorDescription {"Distance: 0.130"} 
[19:36:42.60] /j ::xt::hercules::vue::drawHighlights inv layout all 
[19:36:44.40] /i gi::setActiveWindow 7
[19:36:44.40] /i gi::setActiveWindow 7 -raise true
[19:36:44.56] /i gi::setActiveWindow 5
[19:36:44.56] /i gi::setActiveWindow 5 -raise true
[19:36:45.76] /# gi::executeAction deCanvasZoomOutAtPoint -in [gi::getWindows 5]
[19:36:45.76] /i de::zoom -window [gi::getWindows 5] -factor 0.5 -center {-3.341 -1.125}
[19:36:45.77] /o {-3.745 -1.327} {-3.053 -1.003}
[19:36:47.24] /# gi::executeAction deCanvasZoomOutAtPoint -in [gi::getWindows 5]
[19:36:47.24] /i de::zoom -window [gi::getWindows 5] -factor 0.5 -center {-3.301 -1.153}
[19:36:47.24] /o {-4.189 -1.501} {-2.805 -0.853}
[19:36:47.95] /# gi::executeAction deCanvasZoomInAtPoint -in [gi::getWindows 5]
[19:36:47.95] /i de::zoom -window [gi::getWindows 5] -factor 2.0 -center {-3.24 -1.139}
[19:36:47.95] /o {-3.714 -1.32} {-3.023 -0.996}
[19:36:48.60] /# gi::executeAction deCanvasZoomOutAtPoint -in [gi::getWindows 5]
[19:36:48.60] /i de::zoom -window [gi::getWindows 5] -factor 0.5 -center {-3.237 -1.134}
[19:36:48.60] /o {-4.192 -1.506} {-2.808 -0.858}
[19:36:50.13] /# gi::executeAction deAbortCommand -in [gi::getWindows 5]
[19:36:50.13] /i de::abortCommand -context [db::getNext [de::getContexts -window 5]]
[19:36:50.74] /# gi::executeAction deSelectActive -in [gi::getWindows 5]
[19:36:50.74] /i de::deselectAll [db::getNext [de::getContexts -window 5]]
[19:36:50.74] /i de::select [de::getActiveFigure [gi::getWindows 5] -point {-3.232 -1.136} -index 0 -intent none]
[19:36:50.74] /o oa:0x1ea671e0
[19:36:51.74] /# gi::executeAction deSelectActive -in [gi::getWindows 5]
[19:36:51.74] /i de::cycleActiveFigure [gi::getWindows 5] -direction next
[19:36:51.74] /o oa:0x1e4fefc0
[19:36:51.74] /i de::deselectAll [db::getNext [de::getContexts -window 5]]
[19:36:51.74] /i de::select [de::getActiveFigure [gi::getWindows 5] -point {-3.236 -1.138} -index 1 -intent none]
[19:36:51.74] /o oa:0x1d964e40
[19:36:55.79] /# gi::executeAction deSelectActive -in [gi::getWindows 5]
[19:36:55.79] /i de::deselectAll [db::getNext [de::getContexts -window 5]]
[19:36:55.79] /i de::select [de::getActiveFigure [gi::getWindows 5] -point {-3.233 -1.138} -index 0 -intent none]
[19:36:55.79] /o oa:0x1e40d880
[19:36:56.94] /# gi::executeAction deSelectActive -in [gi::getWindows 5]
[19:36:56.94] /i de::deselectAll [db::getNext [de::getContexts -window 5]]
[19:36:56.94] /i de::select [de::getActiveFigure [gi::getWindows 5] -point {-3.233 -1.079} -index 0 -intent none]
[19:36:56.94] /o oa:0x1e82d7b0
[19:36:58.91] /# gi::executeAction deSelectActive -in [gi::getWindows 5]
[19:36:58.91] /i de::deselectAll [db::getNext [de::getContexts -window 5]]
[19:36:58.91] /i de::select [de::getActiveFigure [gi::getWindows 5] -point {-3.233 -1.1} -index 0 -intent none]
[19:36:58.91] /o oa:0x1ea77ee0
[19:37:00.09] /# gi::executeAction leDelete -in [gi::getWindows 5]
[19:37:00.09] /i ile::delete
[19:37:02.71] /i gi::setActiveWindow 4
[19:37:02.71] /i gi::setActiveWindow 4 -raise true
[19:37:04.56] /i gi::setActiveWindow 5
[19:37:04.56] /i gi::setActiveWindow 5 -raise true
[19:37:07.50] /# gi::executeAction deSelectActive -in [gi::getWindows 5]
[19:37:07.50] /i de::deselectAllLogic -context [db::getNext [de::getContexts -window 5]]
[19:37:14.56] /# gi::executeAction deSelectActive -in [gi::getWindows 5]
[19:37:14.56] /i de::deselectAllLogic -context [db::getNext [de::getContexts -window 5]]
[19:37:15.39] /# gi::executeAction deCanvasZoomOutAtPoint -in [gi::getWindows 5]
[19:37:15.39] /i de::zoom -window [gi::getWindows 5] -factor 0.5 -center {-3.087 -1.179}
[19:37:15.39] /o {-5.296 -1.833} {-2.53 -0.537}
[19:37:16.51] /# gi::executeAction deCanvasZoomInAtPoint -in [gi::getWindows 5]
[19:37:16.51] /i de::zoom -window [gi::getWindows 5] -factor 2.0 -center {-2.903 -1.18}
[19:37:16.51] /o {-4.1 -1.506} {-2.716 -0.858}
[19:37:17.44] /# gi::executeAction leRuler -in [gi::getWindows 5]
[19:37:17.44] /i ile::createRuler
[19:37:20.61] /# gi::executeAction deAddPoint -in [gi::getWindows 5]
[19:37:20.61] /i de::addPoint {-3.523 -1.082} -context [db::getNext [de::getContexts -window 5]]
[19:37:25.21] /# gi::executeAction deAddPoint -in [gi::getWindows 5]
[19:37:25.21] /i de::addPoint {-3.495 -1.301} -context [db::getNext [de::getContexts -window 5]]
[19:37:31.14] /i de::undoTransaction -design [db::getAttr editDesign -of [de::getContexts -window 5]] -steps 1
[19:37:32.18] /# gi::executeAction leRuler -in [gi::getWindows 5]
[19:37:32.18] /i ile::createRuler
[19:37:33.78] /# gi::executeAction deAddPoint -in [gi::getWindows 5]
[19:37:33.78] /i de::addPoint {-3.392 -1.079} -context [db::getNext [de::getContexts -window 5]]
[19:37:37.11] /# gi::executeAction deAddPoint -in [gi::getWindows 5]
[19:37:37.11] /i de::addPoint {-3.344 -1.301} -context [db::getNext [de::getContexts -window 5]]
[19:37:37.72] /# gi::executeAction deCanvasZoomOutAtPoint -in [gi::getWindows 5]
[19:37:37.72] /i de::zoom -window [gi::getWindows 5] -factor 0.5 -center {-3.079 -1.268}
[19:37:37.72] /o {-5.12 -1.745} {-2.354 -0.449}
[19:37:39.18] /# gi::executeAction deCanvasZoomInAtPoint -in [gi::getWindows 5]
[19:37:39.18] /i de::zoom -window [gi::getWindows 5] -factor 2.0 -center {-2.752 -1.435}
[19:37:39.18] /o {-3.936 -1.59} {-2.553 -0.942}
[19:37:40.83] /# gi::executeAction leMove -in [gi::getWindows 5]
[19:37:40.83] /i ile::move
[19:37:41.52] /# gi::executeAction deAddPoint -in [gi::getWindows 5]
[19:37:41.52] /i de::addPoint {-2.987 -1.458} -context [db::getNext [de::getContexts -window 5]]
[19:37:48.69] /# gi::executeAction deAddPoint -in [gi::getWindows 5]
[19:37:48.69] /i de::addPoint {-2.987 -1.54} -context [db::getNext [de::getContexts -window 5]]
[19:37:49.17] /# gi::executeAction deCanvasZoomOutAtPoint -in [gi::getWindows 5]
[19:37:49.17] /i de::zoom -window [gi::getWindows 5] -factor 0.5 -center {-2.973 -1.489}
[19:37:49.17] /o {-4.899 -1.691} {-2.133 -0.395}
[19:37:52.48] /# gi::executeAction dePan -in [gi::getWindows 5]
[19:37:52.48] /i ide::pan [db::getNext [de::getContexts -window 5]]
[19:37:52.81] /# gi::executeAction deStartDrag -in [gi::getWindows 5]
[19:37:52.81] /i de::startDrag {-2.487 -1.462} -context [db::getNext [de::getContexts -window 5]]
[19:37:54.36] /# gi::executeAction deEndDrag -in [gi::getWindows 5]
[19:37:54.36] /i de::endDrag {-2.489 -1.457} -context [db::getNext [de::getContexts -window 5]]
[19:37:54.36] /r dePanToPoint {-3.35 -1.86}
[19:37:55.79] /# gi::executeAction deCanvasZoomOutAtPoint -in [gi::getWindows 5]
[19:37:55.79] /i de::zoom -window [gi::getWindows 5] -factor 0.5 -center {-2.209 -1.987}
[19:37:55.79] /o {-7.258 -3.029} {-1.726 -0.437}
[19:37:57.24] /# gi::executeAction leMove -in [gi::getWindows 5]
[19:37:57.24] /i ile::move
[19:37:58.45] /# gi::executeAction deStartDrag -in [gi::getWindows 5]
[19:37:58.45] /i de::startDrag {-4.096 -1.511} -context [db::getNext [de::getContexts -window 5]]
[19:37:59.94] /# gi::executeAction deEndDrag -in [gi::getWindows 5]
[19:37:59.94] /i de::endDrag {-2.124 -2.702} -context [db::getNext [de::getContexts -window 5]]
[19:38:00.67] /# gi::executeAction deAddPoint -in [gi::getWindows 5]
[19:38:00.67] /i de::addPoint {-2.451 -2.286} -context [db::getNext [de::getContexts -window 5]]
[19:38:05.75] /# gi::executeAction deAddPoint -in [gi::getWindows 5]
[19:38:05.75] /i de::addPoint {-2.451 -2.321} -context [db::getNext [de::getContexts -window 5]]
[19:38:07.06] /# gi::executeAction deCanvasZoomInAtPoint -in [gi::getWindows 5]
[19:38:07.06] /i de::zoom -window [gi::getWindows 5] -factor 2.0 -center {-3.314 -1.335}
[19:38:07.06] /o {-5.286 -2.182} {-2.52 -0.886}
[19:38:07.73] /# gi::executeAction deCanvasZoomInAtPoint -in [gi::getWindows 5]
[19:38:07.73] /i de::zoom -window [gi::getWindows 5] -factor 2.0 -center {-3.332 -1.349}
[19:38:07.74] /o {-4.309 -1.766} {-2.926 -1.118}
[19:38:08.63] /# gi::executeAction deCanvasZoomOutAtPoint -in [gi::getWindows 5]
[19:38:08.63] /i de::zoom -window [gi::getWindows 5] -factor 0.5 -center {-3.321 -1.368}
[19:38:08.63] /o {-5.297 -2.163} {-2.531 -0.867}
[19:38:12.40] /i gi::executeAction deSaveDesign -in [gi::getWindows 5]
[19:38:12.40] /m Information: Saving design 'inv inv layout'. (DESIGN_WINDOW-004)
[19:38:14.36] /i gi::executeAction giCloseWindow -in [gi::getWindows 7]
[19:38:15.08] /i gi::executeAction giCloseWindow -in [gi::getWindows 6]
[19:38:18.96] /# gi::executeAction xtDRCRun -in [gi::getWindows 5]
[19:38:18.97] /i xt::physicalVerification::executeRun drc 5
[19:38:19.55] /# xt::physicalVerification::executePve drc 5
[19:38:21.53] /r giWindowId 8
[19:38:21.62] /r giWindowGeometry 800x600
[19:38:26.25] /m Information: 
              /c =============================
              /c JobID: hercules_drc_4
              /c --- ERROR SUMMARY -----------
              /c 7.55: Minimum spacing from Nwell to Diffusion >= 0.22
              /c  EXTERNAL NWELL DIFN { } (102) .......................... 3 violations found.
              /c =============================
              /c 
[19:38:27.91] /j ::xt::hercules::vue::_private::registerConnection localhost:32789 tcp20 herculesVue_3 
[19:38:27.95] /j ::xt::hercules::vue::_private::isJobReady 
[19:38:27.96] /o false
[19:38:28.96] /j ::xt::hercules::vue::_private::isJobReady 
[19:38:28.96] /o false
[19:38:29.97] /m Information: Connection established with 'Hercules-VUE' running on 'localhost'.
[19:38:29.97] /j ::xt::hercules::vue::_private::isJobReady 
[19:38:29.97] /o true
[19:38:29.98] /j ::xt::hercules::vue::startFilter LAY 
[19:38:30.90] /j ::xt::hercules::vue::setInlibPath /root/Excercise/lab1vlsi/inverter/inv/synopsys_custom/inv.hercules.drc/. 
[19:38:30.90] /j ::xt::hercules::vue::setTopLayLCV inv inv layout 
[19:38:30.90] /j ::xt::hercules::vue::openCell inv inv layout 
[19:38:50.70] /j ::xt::hercules::vue::clearAllHighlights inv layout 
[19:38:51.84] /j ::xt::hercules::vue::clearAllHighlights inv layout 
[19:38:51.86] /j ::xt::hercules::vue::clearAllHighlights inv layout 
[19:38:51.90] /j ::xt::hercules::vue::openCell inv inv layout 
[19:38:52.40] /j ::xt::hercules::vue::clearAllHighlights inv layout 
[19:38:52.41] /j ::xt::hercules::vue::clearAllHighlights inv layout 
[19:38:52.42] /j ::xt::hercules::vue::setHighlightProperty inv layout yellow brick 
[19:38:52.43] /j ::xt::hercules::vue::addPolygonBegin 4 
[19:38:52.48] /j ::xt::hercules::vue::addPolygonPoints {-3.465 -1.290 -3.465 -1.080 -3.275 -1.080 -3.275 -1.290 -3.465 -1.290} 
[19:38:52.48] /j ::xt::hercules::vue::addPolygonEnd 
[19:38:52.48] /j ::xt::hercules::vue::setViewPort extents {-3.489 -1.316 -3.251 -1.054} LAY 
[19:38:52.50] /j ::xt::hercules::vue::addErrorDescription {"Distance: 0.210"} 
[19:38:52.50] /j ::xt::hercules::vue::drawHighlights inv layout all 
[19:38:56.56] /j ::xt::hercules::vue::clearAllHighlights inv layout 
[19:38:56.58] /j ::xt::hercules::vue::setHighlightProperty inv layout yellow brick 
[19:38:56.60] /j ::xt::hercules::vue::addPolygonBegin 4 
[19:38:56.64] /j ::xt::hercules::vue::addPolygonPoints {-3.465 -1.290 -3.465 -1.080 -3.275 -1.080 -3.275 -1.290 -3.465 -1.290} 
[19:38:56.64] /j ::xt::hercules::vue::addPolygonEnd 
[19:38:56.64] /j ::xt::hercules::vue::setViewPort extents {-3.489 -1.316 -3.251 -1.054} LAY 
[19:38:56.66] /j ::xt::hercules::vue::addErrorDescription {"Distance: 0.210"} 
[19:38:56.68] /j ::xt::hercules::vue::drawHighlights inv layout all 
[19:38:57.66] /i gi::setActiveWindow 8
[19:38:57.66] /i gi::setActiveWindow 8 -raise true
[19:38:57.98] /i gi::setActiveWindow 5
[19:38:57.98] /i gi::setActiveWindow 5 -raise true
[19:39:01.81] /# gi::executeAction dePan -in [gi::getWindows 5]
[19:39:01.81] /i ide::pan [db::getNext [de::getContexts -window 5]]
[19:39:02.24] /# gi::executeAction deStartDrag -in [gi::getWindows 5]
[19:39:02.24] /i de::startDrag {-3.232 -1.238} -context [db::getNext [de::getContexts -window 5]]
[19:39:04.89] /# gi::executeAction deEndDrag -in [gi::getWindows 5]
[19:39:04.90] /i de::endDrag {-3.232 -1.238} -context [db::getNext [de::getContexts -window 5]]
[19:39:04.90] /r dePanToPoint {-3.301 -1.321}
[19:39:05.35] /# gi::executeAction deCanvasZoomOutAtPoint -in [gi::getWindows 5]
[19:39:05.35] /i de::zoom -window [gi::getWindows 5] -factor 0.5 -center {-3.231 -1.242}
[19:39:05.35] /o {-3.93 -1.662} {-2.812 -1.138}
[19:39:07.05] /# gi::executeAction deAbortCommand -in [gi::getWindows 5]
[19:39:07.05] /i de::abortCommand -context [db::getNext [de::getContexts -window 5]]
[19:39:08.43] /# gi::executeAction leMove -in [gi::getWindows 5]
[19:39:08.43] /i ile::move
[19:39:08.75] /# gi::executeAction deAddPoint -in [gi::getWindows 5]
[19:39:08.75] /i de::addPoint {-3.205 -1.512} -context [db::getNext [de::getContexts -window 5]]
[19:39:12.71] /# gi::executeAction deAddPoint -in [gi::getWindows 5]
[19:39:12.71] /i de::addPoint {-3.205 -1.519} -context [db::getNext [de::getContexts -window 5]]
[19:39:13.59] /# gi::executeAction deCanvasZoomOutAtPoint -in [gi::getWindows 5]
[19:39:13.59] /i de::zoom -window [gi::getWindows 5] -factor 0.5 -center {-3.163 -1.468}
[19:39:13.59] /o {-4.697 -1.856} {-2.46 -0.808}
[19:39:16.13] /# gi::executeAction deAbortCommand -in [gi::getWindows 5]
[19:39:16.13] /i de::abortCommand -context [db::getNext [de::getContexts -window 5]]
[19:39:16.55] /# gi::executeAction deSelectActive -in [gi::getWindows 5]
[19:39:16.55] /i de::deselectAllLogic -context [db::getNext [de::getContexts -window 5]]
[19:39:18.48] /i gi::executeAction deSaveDesign -in [gi::getWindows 5]
[19:39:18.48] /m Information: Saving design 'inv inv layout'. (DESIGN_WINDOW-004)
[19:39:21.43] /# gi::executeAction xtDRCRun -in [gi::getWindows 5]
[19:39:21.43] /i xt::physicalVerification::executeRun drc 5
[19:39:21.77] /# xt::physicalVerification::executePve drc 5
[19:39:26.32] /m Information: 
              /c =============================
              /c JobID: hercules_drc_5
              /c Completed with no errors.
              /c =============================
              /c 
[19:39:31.13] /i gi::setActiveWindow 5
[19:39:31.13] /i gi::setActiveWindow 5 -raise true
[19:39:32.22] /# gi::executeAction deCanvasZoomOutAtPoint -in [gi::getWindows 5]
[19:39:32.22] /i de::zoom -window [gi::getWindows 5] -factor 0.5 -center {-2.9 -1.043}
[19:39:32.26] /o {-6.494 -2.669} {-2.021 -0.573}
[19:39:38.21] /# gi::executeAction leBoundary -in [gi::getWindows 5]
[19:39:38.21] /i ile::createBoundary
[19:39:44.66] /i gi::pressButton {autoCreate} -in [gi::getToolbars {deCommandOptions} -from [gi::getWindows 5]]
[19:39:46.22] /# gi::executeAction deCanvasZoomOutAtPoint -in [gi::getWindows 5]
[19:39:46.22] /i de::zoom -window [gi::getWindows 5] -factor 0.5 -center {-2.34 -1.157}
[19:39:46.22] /o {-10.649 -4.181} {-1.701 0.011}
[19:39:48.15] /# gi::executeAction dePan -in [gi::getWindows 5]
[19:39:48.15] /i ide::pan [db::getNext [de::getContexts -window 5]]
[19:39:48.59] /# gi::executeAction deStartDrag -in [gi::getWindows 5]
[19:39:48.59] /i de::startDrag {-2.066 -1.344} -context [db::getNext [de::getContexts -window 5]]
[19:39:50.95] /# gi::executeAction deEndDrag -in [gi::getWindows 5]
[19:39:50.95] /i de::endDrag {-2.071 -1.344} -context [db::getNext [de::getContexts -window 5]]
[19:39:50.95] /r dePanToPoint {-4.073 -1.048}
[19:39:57.22] /j ::xt::hercules::vue::clearAllHighlights inv layout 
[19:39:57.25] /j ::xt::hercules::vue::clearAllHighlights inv layout 
[19:39:57.41] /m Information: Connection closed with 'Hercules-VUE' running on 'localhost'.
[19:40:02.51] /j ::xt::hercules::vue::clearAllHighlights inv layout 
[19:40:02.51] /j ::xt::hercules::vue::clearAllHighlights inv layout 
[19:40:02.70] /m Information: Connection closed with 'Hercules-VUE' running on 'localhost'.
[19:40:06.08] /j ::xt::hercules::vue::clearAllHighlights inv layout 
[19:40:06.12] /j ::xt::hercules::vue::clearAllHighlights inv layout 
[19:40:06.30] /m Information: Connection closed with 'Hercules-VUE' running on 'localhost'.
[19:40:08.26] /# gi::executeAction deCanvasZoomInAtPoint -in [gi::getWindows 5]
[19:40:08.26] /i de::zoom -window [gi::getWindows 5] -factor 2.0 -center {-2.288 -0.769}
[19:40:08.27] /o {-5.418 -1.957} {-0.944 0.139}
[19:40:09.34] /# gi::executeAction deAbortCommand -in [gi::getWindows 5]
[19:40:09.34] /i de::abortCommand -context [db::getNext [de::getContexts -window 5]]
[19:40:10.41] /# gi::executeAction deAddPoint -in [gi::getWindows 5]
[19:40:10.41] /i de::addPoint {-3.384 -1.139} -context [db::getNext [de::getContexts -window 5]]
[19:40:12.57] /# gi::executeAction deAddPoint -in [gi::getWindows 5]
[19:40:12.57] /i de::addPoint {-3.387 -1.139} -context [db::getNext [de::getContexts -window 5]]
[19:40:14.52] /# gi::executeAction leDelete -in [gi::getWindows 5]
[19:40:14.52] /i ile::delete
[19:40:16.23] /# gi::executeAction deAddPoint -in [gi::getWindows 5]
[19:40:16.23] /i de::addPoint {-3.387 -1.139} -context [db::getNext [de::getContexts -window 5]]
[19:40:17.85] /# gi::executeAction deAbortCommand -in [gi::getWindows 5]
[19:40:17.85] /i de::abortCommand -context [db::getNext [de::getContexts -window 5]]
[19:40:18.38] /# gi::executeAction deCanvasZoomOutAtPoint -in [gi::getWindows 5]
[19:40:18.38] /i de::zoom -window [gi::getWindows 5] -factor 0.5 -center {-1.881 -0.675}
[19:40:18.38] /o {-8.954 -3.238} {-0.006 0.954}
[19:40:19.85] /# gi::executeAction dePan -in [gi::getWindows 5]
[19:40:19.85] /i ide::pan [db::getNext [de::getContexts -window 5]]
[19:40:20.30] /# gi::executeAction deStartDrag -in [gi::getWindows 5]
[19:40:20.30] /i de::startDrag {-0.815 -0.914} -context [db::getNext [de::getContexts -window 5]]
[19:40:21.77] /# gi::executeAction deEndDrag -in [gi::getWindows 5]
[19:40:21.77] /i de::endDrag {-0.821 -0.903} -context [db::getNext [de::getContexts -window 5]]
[19:40:21.77] /r dePanToPoint {-3.751 -1.051}
[19:41:04.63] /# gi::executeAction xtLPERun -in [gi::getWindows 5]
[19:41:04.63] /i xt::physicalVerification::executeRun lpe 5
[19:41:05.11] /# xt::physicalVerification::executePve lpe 5
[19:41:05.90] /r giWindowId 9
[19:41:06.11] /r giWindowGeometry 800x600
[19:41:35.53] /m Information: 
              /c =============================
              /c JobID: starrc_lpe_1
              /c Completed with no errors.
              /c =============================
              /c 
[19:41:36.00] /r giWindowId 10
[19:41:36.03] /r giWindowGeometry 1632x849
[19:41:36.17] /i de::setActiveLPP [de::getLPPs "exclude blockage" -from [db::getAttr editDesign -of [de::getContexts -window 10]]]
[19:42:27.26] /i gi::executeAction giCloseWindow -in [gi::getWindows 10]
[19:42:27.37] /i gi::setActiveWindow 9
[19:42:27.37] /i gi::setActiveWindow 9 -raise true
[19:42:28.59] /i gi::setActiveWindow 4
[19:42:28.59] /i gi::setActiveWindow 4 -raise true
[19:42:31.71] /i gi::executeAction xtSimulationTool -in [gi::getWindows 4]
[19:42:34.20] /# gi::executeAction xtInitializeNew -in [gi::getWindows 4]
[19:42:34.20] /i xt::showInitNew 4
[19:42:34.32] /o oa:0x1e61d720
[19:42:34.40] /i gi::setActiveDialog [gi::getDialogs {xtInitNew} -parent [gi::getWindows 4]]
[19:42:34.67] /i db::setAttr geometry -of [gi::getDialogs {xtInitNew} -parent [gi::getWindows 4]] -value 400x344+760+353
[19:42:37.08] /i gi::pressButton {create} -in [gi::getDialogs {xtInitNew} -parent [gi::getWindows 4]]
[19:42:39.06] /i gi::executeAction menuPreShow -in [gi::getWindows 4]
[19:42:39.06] /r giMenuAccess db::getAttr menu -of [db::getNext [gi::getActions xtOutputsCascade -from [db::getNext [gi::getMenus simulation_menu -from [gi::getWindows 4]]]]]
[19:42:40.79] /# gi::executeAction xtNetlist -in [gi::getWindows 4]
[19:42:40.79] /i xt::runNetlister [xt::getSimRuns -context [db::getNext [de::getContexts -window 4]]]
[19:42:40.99] /r giDialog gi::setActiveDialog [gi::getDialogs {xtShowDesignsPrompt}]
[19:42:40.99] /r giDialog gi::setCurrentIndex {target} -index {0,0} -in [gi::getDialogs {xtShowDesignsPrompt}]
[19:42:41.19] /r giDialog db::setAttr geometry -of [gi::getDialogs {xtShowDesignsPrompt}] -value 649x290+626+321
[19:42:43.11] /r giDialog gi::pressButton {ok} -in [gi::getDialogs {xtShowDesignsPrompt}]
[19:42:43.22] /m Information: Final netlist "/root/Excercise/lab1vlsi/inverter/inv/inv.HSPICE1/netlist.final" is missing
[19:42:43.22] /m Information: Structural netlist "/root/Excercise/lab1vlsi/inverter/inv/inv.HSPICE1/netlist/netlist.sp" is missing
[19:42:43.23] /m Information: "Starting incremental netlisting for design "inv/inv/schematic"..." (NETLISTING-010)
[19:42:43.31] /o No Design Integrity rule violations found in "inv/inv/schematic"
[19:42:43.38] /m Information: "inv inv schematic" renetlisted. (NETLISTING-056)
[19:42:43.39] /m Information: "Netlisting design "inv/inv/schematic" finished successfully." (NETLISTING-012)
[19:42:45.88] /i gi::pressButton {ConsoleToggleButton} -in [db::getAttr statusbar -of [gi::getWindows 4]]
[19:42:48.62] /i gi::pressButton {ConsoleToggleButton} -in [db::getAttr statusbar -of [gi::getWindows 4]]
[19:42:50.18] /i gi::executeAction giCloseWindow -in [gi::getWindows 4]
[19:42:50.32] /i gi::setActiveWindow 9
[19:42:50.32] /i gi::setActiveWindow 9 -raise true
[19:42:51.83] /i gi::setActiveWindow 3
[19:42:51.83] /i gi::setActiveWindow 3 -raise true
[19:42:52.85] /i gi::executeAction giCloseWindow -in [gi::getWindows 5]
[19:42:53.58] /i gi::setCurrentIndex {cells} -index {inv_test} -in [gi::getWindows 3]
[19:42:53.58] /i gi::setItemSelection {cells} -index {inv_test} -in [gi::getWindows 3]
[19:42:54.46] /i gi::setCurrentIndex {views} -index {config} -in [gi::getWindows 3]
[19:42:54.46] /i gi::setItemSelection {views} -index {config} -in [gi::getWindows 3]
[19:42:55.70] /i gi::executeAction dmOpenConfigDesignWrite -in [gi::getWindows 3]
[19:42:55.79] /r giWindowId 11
[19:42:55.80] /r giWindowGeometry 1632x849
[19:42:56.22] /o "inv/inv_test/schematic" design does not need checking
[19:42:57.18] /# gi::executeAction deSelectActive -in [gi::getWindows 11]
[19:42:57.18] /i de::deselectAll [db::getNext [de::getContexts -window 11]]
[19:42:57.18] /i de::select [de::getActiveFigure [gi::getWindows 11] -point {5.93125 2.54375} -index 0 -intent none]
[19:42:57.19] /o oa:0x1ea58900
[19:42:57.31] /# gi::executeAction deDescend -in [gi::getWindows 11]
[19:42:57.31] /i ide::descend 11 -inPlace false -promptView false -readOnly auto
[19:42:57.33] /# Navigating to inv/inv/starrc (I1)
[19:42:57.56] /# de::setActiveLPP [de::getLPPs "exclude blockage" -from [db::getAttr editDesign -of [de::getContexts -window 11]]]
[19:42:58.29] /# gi::setItemSelection {sets} -index {Valid} -in [gi::getAssistants leObjectLayerPanel -from [gi::getWindows 11]]
[19:42:58.46] /i db::setAttr dockSize -of [gi::getAssistants leObjectLayerPanel -from [gi::getWindows 11]] -value 200x736
[19:42:59.29] /i gi::executeAction giCloseWindow -in [gi::getWindows 11]
[19:42:59.35] /i gi::setActiveWindow 3
[19:42:59.35] /i gi::setActiveWindow 3 -raise true
[19:43:01.58] /i gi::executeAction dmOpenConfigDesignWrite -in [gi::getWindows 3]
[19:43:01.61] /r giWindowId 12
[19:43:01.62] /r giWindowGeometry 1632x849
[19:43:01.96] /o "inv/inv_test/schematic" design does not need checking
[19:43:04.55] /i gi::executeAction seSchematicVerificationTool -in [gi::getWindows 12]
[19:43:07.48] /i gi::executeAction seSchematicVerificationTool -in [gi::getWindows 12]
[19:43:09.69] /i gi::executeAction xtSimulationTool -in [gi::getWindows 12]
[19:43:12.38] /# gi::executeAction xtInitializeNew -in [gi::getWindows 12]
[19:43:12.39] /i xt::showInitNew 12
[19:43:12.42] /o oa:0x1ef905c0
[19:43:12.53] /i gi::setActiveDialog [gi::getDialogs {xtInitNew} -parent [gi::getWindows 12]]
[19:43:12.80] /i db::setAttr geometry -of [gi::getDialogs {xtInitNew} -parent [gi::getWindows 12]] -value 400x344+760+353
[19:43:14.14] /i gi::pressButton {create} -in [gi::getDialogs {xtInitNew} -parent [gi::getWindows 12]]
[19:44:40.67] /# gi::executeAction xtNetlist -in [gi::getWindows 12]
[19:44:40.67] /i xt::runNetlister [xt::getSimRuns -context [db::getNext [de::getContexts -window 12]]]
[19:44:40.71] /m Information: Final netlist "/root/Excercise/lab1vlsi/inverter/inv/inv_test.HSPICE1/netlist.final" is missing
[19:44:40.71] /m Information: Structural netlist "/root/Excercise/lab1vlsi/inverter/inv/inv_test.HSPICE1/netlist/netlist.sp" is missing
[19:44:40.71] /m Information: "Starting incremental netlisting for design "inv/inv_test/config"..." (NETLISTING-010)
[19:44:40.74] /o No Design Integrity rule violations found in "inv/inv_test/schematic"
[19:44:40.74] /m Information: 
              /c Cross view checking for inv/inv/symbol with inv/inv/starrc
              /c 	[warning] Missing Terminal
              /c 		Terminal gnd! found in starrc is missing in symbol
              /c 	[warning] Missing Terminal
              /c 		Terminal vdd! found in starrc is missing in symbol (DE_EDIT-007)
[19:44:40.74] /w Warning: "Terminal gnd! found in starrc is missing in symbol" (NETLISTING-003)
[19:44:40.74] /w Warning: "Terminal vdd! found in starrc is missing in symbol" (NETLISTING-003)
[19:44:40.78] /m Information: 
              /c Cross view checking for reference90RF/n_4t/ivpcell with reference90RF/n_4t/hspice
              /c 	[warning] Missing Terminal
              /c 		Terminal D found in hspice is missing in ivpcell
              /c 	[warning] Missing Terminal
              /c 		Terminal G found in hspice is missing in ivpcell
              /c 	[warning] Missing Terminal
              /c 		Terminal S found in hspice is missing in ivpcell
              /c 	[warning] Missing Terminal
              /c 		Terminal B found in hspice is missing in ivpcell (DE_EDIT-007)
[19:44:40.78] /w Warning: "Terminal D found in hspice is missing in ivpcell" (NETLISTING-003)
[19:44:40.78] /w Warning: "Terminal G found in hspice is missing in ivpcell" (NETLISTING-003)
[19:44:40.78] /w Warning: "Terminal S found in hspice is missing in ivpcell" (NETLISTING-003)
[19:44:40.78] /w Warning: "Terminal B found in hspice is missing in ivpcell" (NETLISTING-003)
[19:44:40.93] /m Information: "inv inv starrc" renetlisted. (NETLISTING-056)
[19:44:40.93] /m Information: "inv inv_test schematic" renetlisted. (NETLISTING-056)
[19:44:40.94] /m Information: "Netlisting design "inv/inv_test/config" finished successfully." (NETLISTING-012)
[19:44:43.21] /i gi::pressButton {ConsoleToggleButton} -in [db::getAttr statusbar -of [gi::getWindows 12]]
[19:44:44.32] /i gi::pressButton {ConsoleToggleButton} -in [db::getAttr statusbar -of [gi::getWindows 12]]
[20:14:34.65] /i gi::setActiveWindow 3
[20:14:34.69] /i gi::setActiveWindow 3 -raise true
[20:14:35.74] /i gi::executeAction giCloseWindow -in [gi::getWindows 12]
[20:14:59.96] /i gi::setCurrentIndex {cells} -index {inv} -in [gi::getWindows 3]
[20:15:00.00] /i gi::setItemSelection {cells} -index {inv} -in [gi::getWindows 3]
[20:15:01.10] /i gi::setCurrentIndex {views} -index {schematic} -in [gi::getWindows 3]
[20:15:01.11] /i gi::setItemSelection {views} -index {schematic} -in [gi::getWindows 3]
[20:15:01.26] /i gi::executeAction dmOpen -in [gi::getWindows 3]
[20:15:01.61] /r giWindowId 13
[20:15:01.63] /r giWindowGeometry 1632x849
[20:15:02.08] /o "inv/inv/schematic" design does not need checking
[20:15:05.47] /# gi::executeAction giPostContextMenu -in [gi::getWindows 13]
[20:15:05.48] /i gi::executeAction menuPreShow -in [gi::getWindows 13]
[20:15:05.48] /r giMenuAccess db::getNext [gi::getMenus seSchInstLabelContextMenu]
[20:15:06.35] /# gi::executeAction deEditCanvasText -in [gi::getWindows 13]
[20:15:06.35] /i ide::editCanvasText -object [de::getActiveFigure [gi::getWindows 13] -point {2.125 0.4625} -index 0 -intent none]
[20:15:06.40] /o 1
[20:15:09.74] /i de::commandOption {0.36u}
[20:15:10.61] /# gi::executeAction deSelectActive -in [gi::getWindows 13]
[20:15:10.61] /i de::deselectAllLogic -context [db::getNext [de::getContexts -window 13]]
[20:15:14.09] /i gi::setActiveWindow 3
[20:15:14.09] /i gi::setActiveWindow 3 -raise true
[20:15:15.31] /i gi::setCurrentIndex {views} -index {layout} -in [gi::getWindows 3]
[20:15:15.31] /i gi::setItemSelection {views} -index {layout} -in [gi::getWindows 3]
[20:15:15.45] /i gi::executeAction dmOpen -in [gi::getWindows 3]
[20:15:15.70] /r giWindowId 14
[20:15:15.72] /r giWindowGeometry 1632x849
[20:15:15.83] /# de::setActiveLPP [de::getLPPs "exclude blockage" -from [db::getAttr editDesign -of [de::getContexts -window 14]]]
[20:15:20.68] /i gi::setField {stopLevel} -value {1} -in [gi::getToolbars {leHierarchy} -from [gi::getWindows 14]]
[20:15:21.62] /# gi::executeAction deCanvasZoomInAtPoint -in [gi::getWindows 14]
[20:15:21.63] /i de::zoom -window [gi::getWindows 14] -factor 2.0 -center {-2.594 -0.677}
[20:15:21.63] /o {-4.72 -1.708} {-0.996 0.036}
[20:15:22.60] /# gi::executeAction deSelectActive -in [gi::getWindows 14]
[20:15:22.60] /i de::deselectAll [db::getNext [de::getContexts -window 14]]
[20:15:22.60] /i de::select [de::getActiveFigure [gi::getWindows 14] -point {-2.731 -0.649} -index 0 -intent none]
[20:15:22.60] /o oa:0x1fcc7900
[20:15:23.96] /# gi::executeAction deSelectActive -in [gi::getWindows 14]
[20:15:23.96] /i de::cycleActiveFigure [gi::getWindows 14] -direction next
[20:15:23.96] /o oa:0x1ff746f0
[20:15:23.96] /i de::deselectAll [db::getNext [de::getContexts -window 14]]
[20:15:23.97] /i de::select [de::getActiveFigure [gi::getWindows 14] -point {-2.942 -0.592} -index 1 -intent none]
[20:15:23.97] /o oa:0x200478a0
[20:15:27.81] /i gi::setItemSelection {parameters} -index {w,all} -in [gi::getAssistants dePropertyEditor -from [gi::getWindows 14]]
[20:15:27.81] /i gi::setCurrentIndex {parameters} -index {w,Value} -in [gi::getAssistants dePropertyEditor -from [gi::getWindows 14]]
[20:15:32.47] /i gi::setField {parameters} -value {0.36u} -index {w,Value} -in [gi::getAssistants dePropertyEditor -from [gi::getWindows 14]]
[20:15:32.47] /i gi::executeAction dePropertyEditorApplyChanges -in [gi::getAssistants dePropertyEditor -from [gi::getWindows 14]]
[20:15:36.74] /# gi::executeAction deCanvasPanEast -in [gi::getWindows 14]
[20:15:36.74] /i de::pan -window [gi::getWindows 14] -direction E -multiplier 0.5
[20:15:36.75] /o {-2.857 -1.708} {0.866 0.036}
[20:15:37.73] /# gi::executeAction deCanvasZoomInAtPoint -in [gi::getWindows 14]
[20:15:37.73] /i de::zoom -window [gi::getWindows 14] -factor 2.0 -center {-0.285 -0.362}
[20:15:37.73] /o {-1.571 -1.035} {0.291 -0.163}
[20:15:38.24] /# gi::executeAction deCanvasZoomOutAtPoint -in [gi::getWindows 14]
[20:15:38.24] /i de::zoom -window [gi::getWindows 14] -factor 0.5 -center {-0.286 -0.362}
[20:15:38.24] /o {-2.856 -1.708} {0.867 0.036}
[20:15:38.31] /# gi::executeAction deCanvasZoomOutAtPoint -in [gi::getWindows 14]
[20:15:38.31] /i de::zoom -window [gi::getWindows 14] -factor 0.5 -center {-0.287 -0.362}
[20:15:38.31] /o {-5.425 -3.054} {2.022 0.434}
[20:15:38.37] /# gi::executeAction deCanvasZoomOutAtPoint -in [gi::getWindows 14]
[20:15:38.37] /i de::zoom -window [gi::getWindows 14] -factor 0.5 -center {-0.287 -0.362}
[20:15:38.37] /o {-10.563 -5.747} {4.331 1.231}
[20:15:39.72] /# gi::executeAction deCanvasZoomInAtPoint -in [gi::getWindows 14]
[20:15:39.72] /i de::zoom -window [gi::getWindows 14] -factor 2.0 -center {-2.96 -0.599}
[20:15:39.72] /o {-6.762 -3.173} {0.685 0.316}
[20:15:40.39] /# gi::executeAction deCanvasZoomInAtPoint -in [gi::getWindows 14]
[20:15:40.39] /i de::zoom -window [gi::getWindows 14] -factor 2.0 -center {-2.96 -0.585}
[20:15:40.39] /o {-4.861 -1.879} {-1.137 -0.135}
[20:15:41.25] /# gi::executeAction deCanvasZoomOutAtPoint -in [gi::getWindows 14]
[20:15:41.25] /i de::zoom -window [gi::getWindows 14] -factor 0.5 -center {-2.96 -0.585}
[20:15:41.25] /o {-6.762 -3.173} {0.685 0.316}
[20:15:41.78] /# gi::executeAction deCanvasZoomInAtPoint -in [gi::getWindows 14]
[20:15:41.78] /i de::zoom -window [gi::getWindows 14] -factor 2.0 -center {-2.96 -0.585}
[20:15:41.78] /o {-4.861 -1.879} {-1.137 -0.135}
[20:15:43.87] /# gi::executeAction deCanvasZoomOutAtPoint -in [gi::getWindows 14]
[20:15:43.87] /i de::zoom -window [gi::getWindows 14] -factor 0.5 -center {-3.173 -0.936}
[20:15:43.87] /o {-6.549 -2.822} {0.898 0.667}
[20:15:44.98] /# gi::executeAction deCanvasZoomInAtPoint -in [gi::getWindows 14]
[20:15:44.98] /i de::zoom -window [gi::getWindows 14] -factor 2.0 -center {-3.174 -0.935}
[20:15:44.98] /o {-4.861 -1.878} {-1.138 -0.134}
[20:15:47.81] /# gi::executeAction leStretch -in [gi::getWindows 14]
[20:15:47.81] /i ile::stretch
[20:15:50.31] /# gi::executeAction deAddPoint -in [gi::getWindows 14]
[20:15:50.31] /i de::addPoint {-3.368 -1.281} -context [db::getNext [de::getContexts -window 14]]
[20:15:51.85] /# gi::executeAction deAbortCommand -in [gi::getWindows 14]
[20:15:51.85] /i de::abortCommand -context [db::getNext [de::getContexts -window 14]]
[20:15:52.76] /# gi::executeAction deSelectActive -in [gi::getWindows 14]
[20:15:52.77] /i de::deselectAll [db::getNext [de::getContexts -window 14]]
[20:15:52.77] /i de::deselectAllLogic -context [db::getNext [de::getContexts -window 14]]
[20:15:52.91] /# gi::executeAction deSelectActive -in [gi::getWindows 14]
[20:15:52.91] /i de::deselectAllLogic -context [db::getNext [de::getContexts -window 14]]
[20:15:53.07] /# gi::executeAction deSelectActive -in [gi::getWindows 14]
[20:15:53.07] /i de::deselectAllLogic -context [db::getNext [de::getContexts -window 14]]
[20:15:54.14] /# gi::executeAction leStretch -in [gi::getWindows 14]
[20:15:54.14] /i ile::stretch
[20:15:55.47] /# gi::executeAction deAddPoint -in [gi::getWindows 14]
[20:15:55.47] /i de::addPoint {-3.361 -1.274} -context [db::getNext [de::getContexts -window 14]]
[20:15:57.05] /# gi::executeAction deAddPoint -in [gi::getWindows 14]
[20:15:57.05] /i de::addPoint {-3.359 -1.374} -context [db::getNext [de::getContexts -window 14]]
[20:15:57.70] /# gi::executeAction deAbortCommand -in [gi::getWindows 14]
[20:15:57.70] /i de::abortCommand -context [db::getNext [de::getContexts -window 14]]
[20:16:00.70] /# gi::executeAction dePan -in [gi::getWindows 14]
[20:16:00.70] /i ide::pan [db::getNext [de::getContexts -window 14]]
[20:16:01.07] /# gi::executeAction deStartDrag -in [gi::getWindows 14]
[20:16:01.07] /i de::startDrag {-1.998 -0.663} -context [db::getNext [de::getContexts -window 14]]
[20:16:02.50] /# gi::executeAction deEndDrag -in [gi::getWindows 14]
[20:16:02.50] /i de::endDrag {-1.996 -0.67} -context [db::getNext [de::getContexts -window 14]]
[20:16:02.50] /r dePanToPoint {-3.087 -0.7}
[20:16:03.16] /# gi::executeAction deStartDrag -in [gi::getWindows 14]
[20:16:03.16] /i de::startDrag {-1.996 -0.67} -context [db::getNext [de::getContexts -window 14]]
[20:16:03.88] /# gi::executeAction deEndDrag -in [gi::getWindows 14]
[20:16:03.88] /i de::endDrag {-1.996 -0.667} -context [db::getNext [de::getContexts -window 14]]
[20:16:03.89] /r dePanToPoint {-3.096 -0.738}
[20:16:06.13] /# gi::executeAction leMove -in [gi::getWindows 14]
[20:16:06.13] /i ile::move
[20:16:06.95] /# gi::executeAction deAddPoint -in [gi::getWindows 14]
[20:16:06.95] /i de::addPoint {-2.584 -0.663} -context [db::getNext [de::getContexts -window 14]]
[20:16:10.17] /i gi::setField {editAngleMode} -value {Any Angle} -in [gi::getToolbars {deCommandOptions} -from [gi::getWindows 14]]
[20:16:20.99] /# gi::executeAction deAbortCommand -in [gi::getWindows 14]
[20:16:20.99] /i de::abortCommand -context [db::getNext [de::getContexts -window 14]]
[20:16:22.50] /# gi::executeAction leRuler -in [gi::getWindows 14]
[20:16:22.50] /i ile::createRuler
[20:16:25.85] /# gi::executeAction deAddPoint -in [gi::getWindows 14]
[20:16:25.85] /i de::addPoint {-3.373 -1.295} -context [db::getNext [de::getContexts -window 14]]
[20:16:29.45] /# gi::executeAction deAddPoint -in [gi::getWindows 14]
[20:16:29.45] /i de::addPoint {-3.318 -1.075} -context [db::getNext [de::getContexts -window 14]]
[20:16:30.77] /# gi::executeAction deAbortCommand -in [gi::getWindows 14]
[20:16:30.77] /i de::abortCommand -context [db::getNext [de::getContexts -window 14]]
[20:16:31.35] /# gi::executeAction deSelectActive -in [gi::getWindows 14]
[20:16:31.35] /i de::deselectAllLogic -context [db::getNext [de::getContexts -window 14]]
[20:16:32.65] /# gi::executeAction deSelectActive -in [gi::getWindows 14]
[20:16:32.65] /i de::deselectAll [db::getNext [de::getContexts -window 14]]
[20:16:32.65] /i de::select [de::getActiveFigure [gi::getWindows 14] -point {-2.723 -0.802} -index 0 -intent none]
[20:16:32.65] /o oa:0x1f2c1e50
[20:16:33.08] /# gi::executeAction leMove -in [gi::getWindows 14]
[20:16:33.08] /i ile::move
[20:16:34.36] /# gi::executeAction deAddPoint -in [gi::getWindows 14]
[20:16:34.36] /i de::addPoint {-2.719 -0.802} -context [db::getNext [de::getContexts -window 14]]
[20:16:47.28] /# gi::executeAction deAddPoint -in [gi::getWindows 14]
[20:16:47.28] /i de::addPoint {-2.721 -0.802} -context [db::getNext [de::getContexts -window 14]]
[20:16:48.63] /i gi::executeAction deCanvasDragCancel -in [gi::getWindows 14]
[20:16:50.19] /# gi::executeAction deSelectActive -in [gi::getWindows 14]
[20:16:50.19] /i de::deselectAll [db::getNext [de::getContexts -window 14]]
[20:16:50.19] /i de::select [de::getActiveFigure [gi::getWindows 14] -point {-3.008 -1.276} -index 0 -intent none]
[20:16:50.19] /o oa:0x20761fb0
[20:16:52.30] /# gi::executeAction deSelectActive -in [gi::getWindows 14]
[20:16:52.30] /i de::deselectAll [db::getNext [de::getContexts -window 14]]
[20:16:52.30] /i de::select [de::getActiveFigure [gi::getWindows 14] -point {-2.64 -0.637} -index 0 -intent none]
[20:16:52.30] /o oa:0x1f117a50
[20:17:02.13] /# gi::executeAction deSelectActive -in [gi::getWindows 14]
[20:17:02.13] /i de::deselectAll [db::getNext [de::getContexts -window 14]]
[20:17:02.13] /i de::select [de::getActiveFigure [gi::getWindows 14] -point {-2.659 -1.374} -index 0 -intent none]
[20:17:02.13] /o oa:0x20535c60
[20:17:03.02] /# gi::executeAction deSelectActive -in [gi::getWindows 14]
[20:17:03.03] /i de::cycleActiveFigure [gi::getWindows 14] -direction next
[20:17:03.03] /o oa:0x1d751fd0
[20:17:04.07] /i gi::setItemSelection {parameters} -index {w,all} -in [gi::getAssistants dePropertyEditor -from [gi::getWindows 14]]
[20:17:04.07] /i gi::setCurrentIndex {parameters} -index {w,Value} -in [gi::getAssistants dePropertyEditor -from [gi::getWindows 14]]
[20:17:09.17] /i gi::setField {parameters} -value {0.2u} -index {w,Value} -in [gi::getAssistants dePropertyEditor -from [gi::getWindows 14]]
[20:17:09.17] /i gi::executeAction dePropertyEditorApplyChanges -in [gi::getAssistants dePropertyEditor -from [gi::getWindows 14]]
[20:17:14.04] /# gi::executeAction deSelectActive -in [gi::getWindows 14]
[20:17:14.04] /i de::deselectAll [db::getNext [de::getContexts -window 14]]
[20:17:14.04] /i de::select [de::getActiveFigure [gi::getWindows 14] -point {-2.797 -0.506} -index 0 -intent none]
[20:17:14.04] /o oa:0x214feb30
[20:17:15.25] /i gi::setItemSelection {parameters} -index {w,all} -in [gi::getAssistants dePropertyEditor -from [gi::getWindows 14]]
[20:17:15.25] /i gi::setCurrentIndex {parameters} -index {w,Value} -in [gi::getAssistants dePropertyEditor -from [gi::getWindows 14]]
[20:17:21.78] /i gi::setField {parameters} -value {0.4u} -index {w,Value} -in [gi::getAssistants dePropertyEditor -from [gi::getWindows 14]]
[20:17:21.78] /i gi::executeAction dePropertyEditorApplyChanges -in [gi::getAssistants dePropertyEditor -from [gi::getWindows 14]]
[20:17:24.02] /# gi::executeAction deSelectActive -in [gi::getWindows 14]
[20:17:24.02] /i de::deselectAll [db::getNext [de::getContexts -window 14]]
[20:17:24.02] /i de::deselectAllLogic -context [db::getNext [de::getContexts -window 14]]
[20:17:27.78] /# gi::executeAction deSelectActive -in [gi::getWindows 14]
[20:17:27.78] /i de::deselectAllLogic -context [db::getNext [de::getContexts -window 14]]
[20:17:28.18] /i gi::executeAction deCanvasDragCancel -in [gi::getWindows 14]
[20:17:29.27] /# gi::executeAction deSelectActive -in [gi::getWindows 14]
[20:17:29.27] /i de::deselectAll [db::getNext [de::getContexts -window 14]]
[20:17:29.27] /i de::select [de::getActiveFigure [gi::getWindows 14] -point {-2.875 -1.217} -index 0 -intent none]
[20:17:29.27] /o oa:0x2046add0
[20:17:29.98] /# gi::executeAction deSelectActive -in [gi::getWindows 14]
[20:17:29.98] /i de::deselectAll [db::getNext [de::getContexts -window 14]]
[20:17:29.98] /i de::select [de::getActiveFigure [gi::getWindows 14] -point {-2.885 -1.255} -index 0 -intent none]
[20:17:29.98] /o oa:0x21489c30
[20:17:31.13] /# gi::executeAction leMove -in [gi::getWindows 14]
[20:17:31.13] /i ile::move
[20:17:31.44] /# gi::executeAction deAddPoint -in [gi::getWindows 14]
[20:17:31.44] /i de::addPoint {-2.885 -1.255} -context [db::getNext [de::getContexts -window 14]]
[20:17:39.14] /# gi::executeAction deAddPoint -in [gi::getWindows 14]
[20:17:39.14] /i de::addPoint {-2.956 -1.303} -context [db::getNext [de::getContexts -window 14]]
[20:17:39.84] /# gi::executeAction deCanvasZoomInAtPoint -in [gi::getWindows 14]
[20:17:39.84] /i de::zoom -window [gi::getWindows 14] -factor 2.0 -center {-2.946 -0.767}
[20:17:39.84] /o {-3.952 -1.189} {-2.09 -0.317}
[20:17:41.01] /# gi::executeAction leStretch -in [gi::getWindows 14]
[20:17:41.01] /i ile::stretch
[20:17:42.35] /# gi::executeAction deAddPoint -in [gi::getWindows 14]
[20:17:42.35] /i de::addPoint {-2.125 -0.754} -context [db::getNext [de::getContexts -window 14]]
[20:17:42.67] /# gi::executeAction deAbortCommand -in [gi::getWindows 14]
[20:17:42.67] /i de::abortCommand -context [db::getNext [de::getContexts -window 14]]
[20:17:43.06] /# gi::executeAction deSelectActive -in [gi::getWindows 14]
[20:17:43.06] /i de::deselectAll [db::getNext [de::getContexts -window 14]]
[20:17:43.06] /i de::deselectAllLogic -context [db::getNext [de::getContexts -window 14]]
[20:17:43.85] /# gi::executeAction deSelectActive -in [gi::getWindows 14]
[20:17:43.85] /i de::deselectAllLogic -context [db::getNext [de::getContexts -window 14]]
[20:17:44.03] /# gi::executeAction deSelectActive -in [gi::getWindows 14]
[20:17:44.03] /i de::deselectAllLogic -context [db::getNext [de::getContexts -window 14]]
[20:17:44.67] /# gi::executeAction leStretch -in [gi::getWindows 14]
[20:17:44.67] /i ile::stretch
[20:17:45.88] /# gi::executeAction deAddPoint -in [gi::getWindows 14]
[20:17:45.88] /i de::addPoint {-2.94 -0.797} -context [db::getNext [de::getContexts -window 14]]
[20:17:47.04] /# gi::executeAction deAddPoint -in [gi::getWindows 14]
[20:17:47.04] /i de::addPoint {-2.94 -0.711} -context [db::getNext [de::getContexts -window 14]]
[20:17:47.33] /# gi::executeAction deCanvasZoomOutAtPoint -in [gi::getWindows 14]
[20:17:47.33] /i de::zoom -window [gi::getWindows 14] -factor 0.5 -center {-2.94 -0.711}
[20:17:47.33] /o {-4.964 -1.667} {-1.241 0.078}
[20:17:48.61] /# gi::executeAction deCanvasZoomOutAtPoint -in [gi::getWindows 14]
[20:17:48.61] /i de::zoom -window [gi::getWindows 14] -factor 0.5 -center {-3.175 -1.382}
[20:17:48.61] /o {-6.754 -1.951} {0.693 1.538}
[20:17:49.51] /# gi::executeAction deCanvasZoomInAtPoint -in [gi::getWindows 14]
[20:17:49.51] /i de::zoom -window [gi::getWindows 14] -factor 2.0 -center {-3.175 -1.382}
[20:17:49.51] /o {-4.964 -1.667} {-1.241 0.078}
[20:17:55.07] /# gi::executeAction dePan -in [gi::getWindows 14]
[20:17:55.07] /i ide::pan [db::getNext [de::getContexts -window 14]]
[20:17:55.53] /# gi::executeAction deStartDrag -in [gi::getWindows 14]
[20:17:55.53] /i de::startDrag {-1.732 -1.292} -context [db::getNext [de::getContexts -window 14]]
[20:17:56.20] /# gi::executeAction deEndDrag -in [gi::getWindows 14]
[20:17:56.20] /i de::endDrag {-1.732 -1.29} -context [db::getNext [de::getContexts -window 14]]
[20:17:56.20] /r dePanToPoint {-3.174 -1.396}
[20:17:57.61] /# gi::executeAction deCanvasZoomInAtPoint -in [gi::getWindows 14]
[20:17:57.61] /i de::zoom -window [gi::getWindows 14] -factor 2.0 -center {-3.144 -1.444}
[20:17:57.61] /o {-4.09 -1.856} {-2.228 -0.984}
[20:18:00.07] /# gi::executeAction deAbortCommand -in [gi::getWindows 14]
[20:18:00.07] /i de::abortCommand -context [db::getNext [de::getContexts -window 14]]
[20:18:00.86] /# gi::executeAction deAddPoint -in [gi::getWindows 14]
[20:18:00.86] /i de::addPoint {-3.005 -1.553} -context [db::getNext [de::getContexts -window 14]]
[20:18:01.46] /# gi::executeAction leMove -in [gi::getWindows 14]
[20:18:01.46] /i ile::move
[20:18:01.76] /# gi::executeAction deAddPoint -in [gi::getWindows 14]
[20:18:01.76] /i de::addPoint {-3.007 -1.554} -context [db::getNext [de::getContexts -window 14]]
[20:18:07.38] /# gi::executeAction deAddPoint -in [gi::getWindows 14]
[20:18:07.38] /i de::addPoint {-3.007 -1.566} -context [db::getNext [de::getContexts -window 14]]
[20:18:08.03] /# gi::executeAction deCanvasZoomOutAtPoint -in [gi::getWindows 14]
[20:18:08.04] /i de::zoom -window [gi::getWindows 14] -factor 0.5 -center {-2.719 -1.506}
[20:18:08.05] /o {-5.461 -2.207} {-1.737 -0.462}
[20:18:09.16] /# gi::executeAction deAbortCommand -in [gi::getWindows 14]
[20:18:09.16] /i de::abortCommand -context [db::getNext [de::getContexts -window 14]]
[20:18:09.93] /# gi::executeAction deSelectByWindow -in [gi::getWindows 14]
[20:18:09.93] /i db::setPrefValue deSelectMode -value Replace -scope [db::getScopes [db::getNext [de::getContexts -window 14]]]; ide::selectByRegion -region rectangle -point {-1.995 -1.695} 
[20:18:10.40] /# gi::executeAction deEndDrag -in [gi::getWindows 14]
[20:18:10.40] /i de::endDrag {-2.074 -1.541} -context [db::getNext [de::getContexts -window 14]]
[20:18:11.53] /# gi::executeAction dePan -in [gi::getWindows 14]
[20:18:11.53] /i ide::pan [db::getNext [de::getContexts -window 14]]
[20:18:11.82] /# gi::executeAction deStartDrag -in [gi::getWindows 14]
[20:18:11.82] /i de::startDrag {-1.943 -1.716} -context [db::getNext [de::getContexts -window 14]]
[20:18:12.62] /# gi::executeAction deEndDrag -in [gi::getWindows 14]
[20:18:12.62] /i de::endDrag {-1.943 -1.711} -context [db::getNext [de::getContexts -window 14]]
[20:18:12.62] /r dePanToPoint {-3.468 -1.713}
[20:18:12.89] /# gi::executeAction deCanvasZoomOutAtPoint -in [gi::getWindows 14]
[20:18:12.89] /i de::zoom -window [gi::getWindows 14] -factor 0.5 -center {-1.943 -1.711}
[20:18:12.89] /o {-8.717 -3.461} {-1.27 0.028}
[20:18:13.57] /# gi::executeAction deStartDrag -in [gi::getWindows 14]
[20:18:13.58] /i de::startDrag {-1.702 -2.219} -context [db::getNext [de::getContexts -window 14]]
[20:18:14.43] /# gi::executeAction deEndDrag -in [gi::getWindows 14]
[20:18:14.43] /i de::endDrag {-1.702 -2.224} -context [db::getNext [de::getContexts -window 14]]
[20:18:14.44] /r dePanToPoint {-4.401 -1.796}
[20:18:14.71] /# gi::executeAction deCanvasZoomInAtPoint -in [gi::getWindows 14]
[20:18:14.71] /i de::zoom -window [gi::getWindows 14] -factor 2.0 -center {-1.707 -2.224}
[20:18:14.72] /o {-4.916 -2.883} {-1.192 -1.138}
[20:18:15.90] /# gi::executeAction deStartDrag -in [gi::getWindows 14]
[20:18:15.90] /i de::startDrag {-1.946 -1.804} -context [db::getNext [de::getContexts -window 14]]
[20:18:16.33] /# gi::executeAction deEndDrag -in [gi::getWindows 14]
[20:18:16.33] /i de::endDrag {-1.946 -1.807} -context [db::getNext [de::getContexts -window 14]]
[20:18:16.33] /r dePanToPoint {-3.092 -1.949}
[20:18:18.65] /# gi::executeAction leMove -in [gi::getWindows 14]
[20:18:18.65] /i ile::move
[20:18:19.59] /# gi::executeAction deStartDrag -in [gi::getWindows 14]
[20:18:19.59] /i de::startDrag {-4.162 -1.553} -context [db::getNext [de::getContexts -window 14]]
[20:18:20.53] /# gi::executeAction deEndDrag -in [gi::getWindows 14]
[20:18:20.53] /i de::endDrag {-1.617 -2.726} -context [db::getNext [de::getContexts -window 14]]
[20:18:21.14] /# gi::executeAction deAddPoint -in [gi::getWindows 14]
[20:18:21.14] /i de::addPoint {-2.553 -2.221} -context [db::getNext [de::getContexts -window 14]]
[20:18:29.93] /# gi::executeAction deAddPoint -in [gi::getWindows 14]
[20:18:29.93] /i de::addPoint {-2.503 -2.233} -context [db::getNext [de::getContexts -window 14]]
[20:18:32.73] /# gi::executeAction deAbortCommand -in [gi::getWindows 14]
[20:18:32.73] /i de::abortCommand -context [db::getNext [de::getContexts -window 14]]
[20:18:33.83] /# gi::executeAction deSelectActive -in [gi::getWindows 14]
[20:18:33.83] /i de::deselectAll [db::getNext [de::getContexts -window 14]]
[20:18:33.83] /i de::select [de::getActiveFigure [gi::getWindows 14] -point {-3.401 -1.515} -index 0 -intent none]
[20:18:33.83] /o oa:0x217f80c0
[20:18:34.89] /# gi::executeAction leMove -in [gi::getWindows 14]
[20:18:34.89] /i ile::move
[20:18:35.38] /# gi::executeAction deAddPoint -in [gi::getWindows 14]
[20:18:35.38] /i de::addPoint {-3.401 -1.515} -context [db::getNext [de::getContexts -window 14]]
[20:18:42.68] /# gi::executeAction deAddPoint -in [gi::getWindows 14]
[20:18:42.68] /i de::addPoint {-3.33 -1.539} -context [db::getNext [de::getContexts -window 14]]
[20:18:44.45] /# gi::executeAction deSelectActive -in [gi::getWindows 14]
[20:18:44.45] /i de::deselectAll [db::getNext [de::getContexts -window 14]]
[20:18:44.45] /i de::deselectAllLogic -context [db::getNext [de::getContexts -window 14]]
[20:18:46.60] /# gi::executeAction dePan -in [gi::getWindows 14]
[20:18:46.60] /i ide::pan [db::getNext [de::getContexts -window 14]]
[20:18:46.93] /# gi::executeAction deStartDrag -in [gi::getWindows 14]
[20:18:46.93] /i de::startDrag {-1.958 -1.456} -context [db::getNext [de::getContexts -window 14]]
[20:18:47.55] /# gi::executeAction deEndDrag -in [gi::getWindows 14]
[20:18:47.55] /i de::endDrag {-1.956 -1.461} -context [db::getNext [de::getContexts -window 14]]
[20:18:47.55] /r dePanToPoint {-3.097 -1.321}
[20:18:47.66] /# gi::executeAction deAbortCommand -in [gi::getWindows 14]
[20:18:47.66] /i de::abortCommand -context [db::getNext [de::getContexts -window 14]]
[20:18:48.73] /# gi::executeAction deSelectActive -in [gi::getWindows 14]
[20:18:48.73] /i de::deselectAll [db::getNext [de::getContexts -window 14]]
[20:18:48.73] /i de::select [de::getActiveFigure [gi::getWindows 14] -point {-2.188 -1.385} -index 0 -intent none]
[20:18:48.73] /o oa:0x20f5a900
[20:18:50.08] /# gi::executeAction leDelete -in [gi::getWindows 14]
[20:18:50.08] /i ile::delete
[20:18:51.80] /# gi::executeAction leStretch -in [gi::getWindows 14]
[20:18:51.80] /i ile::stretch
[20:18:52.36] /# gi::executeAction deAddPoint -in [gi::getWindows 14]
[20:18:52.36] /i de::addPoint {-2.143 -1.766} -context [db::getNext [de::getContexts -window 14]]
[20:18:58.87] /# gi::executeAction deAddPoint -in [gi::getWindows 14]
[20:18:58.87] /i de::addPoint {-2.399 -1.773} -context [db::getNext [de::getContexts -window 14]]
[20:19:01.08] /# gi::executeAction deAddPoint -in [gi::getWindows 14]
[20:19:01.08] /i de::addPoint {-3.999 -1.932} -context [db::getNext [de::getContexts -window 14]]
[20:19:08.60] /# gi::executeAction deAddPoint -in [gi::getWindows 14]
[20:19:08.60] /i de::addPoint {-3.828 -1.932} -context [db::getNext [de::getContexts -window 14]]
[20:19:10.73] /# gi::executeAction dePan -in [gi::getWindows 14]
[20:19:10.73] /i ide::pan [db::getNext [de::getContexts -window 14]]
[20:19:11.03] /# gi::executeAction deStartDrag -in [gi::getWindows 14]
[20:19:11.03] /i de::startDrag {-2.086 -0.712} -context [db::getNext [de::getContexts -window 14]]
[20:19:13.49] /# gi::executeAction deEndDrag -in [gi::getWindows 14]
[20:19:13.49] /i de::endDrag {-2.086 -0.705} -context [db::getNext [de::getContexts -window 14]]
[20:19:13.49] /r dePanToPoint {-3.137 -0.19}
[20:19:17.96] /# gi::executeAction deStartDrag -in [gi::getWindows 14]
[20:19:17.96] /i de::startDrag {-2.015 0.165} -context [db::getNext [de::getContexts -window 14]]
[20:19:18.79] /# gi::executeAction deEndDrag -in [gi::getWindows 14]
[20:19:18.80] /i de::endDrag {-2.015 0.161} -context [db::getNext [de::getContexts -window 14]]
[20:19:18.80] /r dePanToPoint {-3.132 0.115}
[20:19:19.67] /# gi::executeAction leMove -in [gi::getWindows 14]
[20:19:19.67] /i ile::move
[20:19:20.28] /# gi::executeAction deStartDrag -in [gi::getWindows 14]
[20:19:20.28] /i de::startDrag {-4.312 0.68} -context [db::getNext [de::getContexts -window 14]]
[20:19:21.66] /# gi::executeAction deEndDrag -in [gi::getWindows 14]
[20:19:21.66] /i de::endDrag {-1.949 -0.505} -context [db::getNext [de::getContexts -window 14]]
[20:19:22.25] /# gi::executeAction deAddPoint -in [gi::getWindows 14]
[20:19:22.25] /i de::addPoint {-2.423 -0.069} -context [db::getNext [de::getContexts -window 14]]
[20:19:31.71] /# gi::executeAction deAddPoint -in [gi::getWindows 14]
[20:19:31.71] /i de::addPoint {-2.366 0.151} -context [db::getNext [de::getContexts -window 14]]
[20:19:34.17] /# gi::executeAction deCanvasZoomOutAtPoint -in [gi::getWindows 14]
[20:19:34.17] /i de::zoom -window [gi::getWindows 14] -factor 0.5 -center {-3.359 -0.361}
[20:19:34.17] /o {-6.629 -1.152} {0.818 2.337}
[20:19:34.90] /# gi::executeAction deCanvasZoomInAtPoint -in [gi::getWindows 14]
[20:19:34.90] /i de::zoom -window [gi::getWindows 14] -factor 2.0 -center {-3.359 -0.361}
[20:19:34.90] /o {-4.994 -0.757} {-1.271 0.988}
[20:19:35.94] /# gi::executeAction dePan -in [gi::getWindows 14]
[20:19:35.94] /i ide::pan [db::getNext [de::getContexts -window 14]]
[20:19:36.33] /# gi::executeAction deStartDrag -in [gi::getWindows 14]
[20:19:36.33] /i de::startDrag {-2.15 -0.517} -context [db::getNext [de::getContexts -window 14]]
[20:19:37.26] /# gi::executeAction deEndDrag -in [gi::getWindows 14]
[20:19:37.26] /i de::endDrag {-2.15 -0.513} -context [db::getNext [de::getContexts -window 14]]
[20:19:37.27] /r dePanToPoint {-3.137 -0.024}
[20:19:37.65] /# gi::executeAction deAbortCommand -in [gi::getWindows 14]
[20:19:37.65] /i de::abortCommand -context [db::getNext [de::getContexts -window 14]]
[20:19:38.45] /# gi::executeAction deAddPoint -in [gi::getWindows 14]
[20:19:38.45] /i de::addPoint {-3.375 -0.28} -context [db::getNext [de::getContexts -window 14]]
[20:19:39.17] /# gi::executeAction leMove -in [gi::getWindows 14]
[20:19:39.17] /i ile::move
[20:19:39.45] /# gi::executeAction deAddPoint -in [gi::getWindows 14]
[20:19:39.45] /i de::addPoint {-3.375 -0.28} -context [db::getNext [de::getContexts -window 14]]
[20:19:41.54] /# gi::executeAction deAddPoint -in [gi::getWindows 14]
[20:19:41.54] /i de::addPoint {-3.387 -0.285} -context [db::getNext [de::getContexts -window 14]]
[20:19:45.18] /# gi::executeAction deAddPoint -in [gi::getWindows 14]
[20:19:45.18] /i de::addPoint {-3.316 -0.074} -context [db::getNext [de::getContexts -window 14]]
[20:19:47.93] /# gi::executeAction deAddPoint -in [gi::getWindows 14]
[20:19:47.93] /i de::addPoint {-4.385 0.078} -context [db::getNext [de::getContexts -window 14]]
[20:19:48.45] /# gi::executeAction leStretch -in [gi::getWindows 14]
[20:19:48.45] /i ile::stretch
[20:19:50.30] /# gi::executeAction deAddPoint -in [gi::getWindows 14]
[20:19:50.30] /i de::addPoint {-3.987 0.154} -context [db::getNext [de::getContexts -window 14]]
[20:19:56.29] /# gi::executeAction deAddPoint -in [gi::getWindows 14]
[20:19:56.29] /i de::addPoint {-3.821 0.149} -context [db::getNext [de::getContexts -window 14]]
[20:19:58.22] /# gi::executeAction deAddPoint -in [gi::getWindows 14]
[20:19:58.22] /i de::addPoint {-2.133 0.146} -context [db::getNext [de::getContexts -window 14]]
[20:20:01.64] /# gi::executeAction deAddPoint -in [gi::getWindows 14]
[20:20:01.64] /i de::addPoint {-2.42 0.142} -context [db::getNext [de::getContexts -window 14]]
[20:20:07.21] /# gi::executeAction deAbortCommand -in [gi::getWindows 14]
[20:20:07.21] /i de::abortCommand -context [db::getNext [de::getContexts -window 14]]
[20:20:07.76] /# gi::executeAction deCanvasZoomOutAtPoint -in [gi::getWindows 14]
[20:20:07.76] /i de::zoom -window [gi::getWindows 14] -factor 0.5 -center {-2.138 0.082}
[20:20:07.76] /o {-7.86 -1.875} {-0.413 1.614}
[20:20:13.53] /i gi::executeAction deSaveDesign -in [gi::getWindows 14]
[20:20:13.53] /m Information: Saving design 'inv inv layout'. (DESIGN_WINDOW-004)
[20:20:16.61] /i gi::setActiveWindow 13
[20:20:16.61] /i gi::setActiveWindow 13 -raise true
[20:20:18.20] /# gi::executeAction deSelectActive -in [gi::getWindows 13]
[20:20:18.20] /i de::deselectAll [db::getNext [de::getContexts -window 13]]
[20:20:18.20] /i de::select [de::getActiveFigure [gi::getWindows 13] -point {2.0625 -0.9} -index 0 -intent none]
[20:20:18.21] /o oa:0x22027da0
[20:20:18.56] /# gi::executeAction giPostContextMenu -in [gi::getWindows 13]
[20:20:18.59] /i gi::executeAction menuPreShow -in [gi::getWindows 13]
[20:20:18.59] /r giMenuAccess db::getNext [gi::getMenus seSchInstLabelContextMenu]
[20:20:19.41] /# gi::executeAction deEditCanvasText -in [gi::getWindows 13]
[20:20:19.41] /i ide::editCanvasText -object [de::getActiveFigure [gi::getWindows 13] -point {2.0625 -0.9} -index 0 -intent none]
[20:20:19.42] /o 1
[20:20:21.91] /i de::commandOption {0.2u}
[20:20:23.03] /# gi::executeAction deSelectActive -in [gi::getWindows 13]
[20:20:23.03] /i de::deselectAll [db::getNext [de::getContexts -window 13]]
[20:20:23.03] /i de::deselectAllLogic -context [db::getNext [de::getContexts -window 13]]
[20:20:24.05] /# gi::executeAction deSelectActive -in [gi::getWindows 13]
[20:20:24.06] /i de::deselectAll [db::getNext [de::getContexts -window 13]]
[20:20:24.06] /i de::select [de::getActiveFigure [gi::getWindows 13] -point {2.10625 0.425} -index 0 -intent none]
[20:20:24.06] /o oa:0x1f066df0
[20:20:24.83] /# gi::executeAction deSelectActive -in [gi::getWindows 13]
[20:20:24.83] /i de::cycleActiveFigure [gi::getWindows 13] -direction next
[20:20:24.83] /o oa:0x20395b40
[20:20:24.98] /# gi::executeAction deDescend -in [gi::getWindows 13]
[20:20:24.98] /i ide::descend 13 -inPlace false -promptView false -readOnly auto
[20:20:24.99] /# Navigating to reference90RF/p_4t/symbol (M2)
[20:20:27.36] /# gi::executeAction giPostContextMenu -in [gi::getWindows 13]
[20:20:28.68] /# gi::executeAction deReturn -in [gi::getWindows 13]
[20:20:28.68] /i de::return [db::getNext [de::getContexts -window 13]]
[20:20:28.68] /# Navigating to inv/inv/schematic
[20:20:29.38] /o oa:0x1dd5ba80
[20:20:30.96] /# gi::executeAction giPostContextMenu -in [gi::getWindows 13]
[20:20:30.98] /i gi::executeAction menuPreShow -in [gi::getWindows 13]
[20:20:30.98] /r giMenuAccess db::getNext [gi::getMenus seSchInstLabelContextMenu]
[20:20:32.01] /# gi::executeAction deEditCanvasText -in [gi::getWindows 13]
[20:20:32.01] /i ide::editCanvasText -object [de::getActiveFigure [gi::getWindows 13] -point {2.125 0.4375} -index 0 -intent none]
[20:20:32.03] /o 1
[20:20:34.37] /i de::commandOption {0.4u}
[20:20:35.08] /# gi::executeAction deSelectActive -in [gi::getWindows 13]
[20:20:35.08] /i de::deselectAll [db::getNext [de::getContexts -window 13]]
[20:20:35.08] /i de::deselectAllLogic -context [db::getNext [de::getContexts -window 13]]
[20:20:39.73] /# gi::executeAction seSchCheckAndSave -in [gi::getWindows 13]
[20:20:39.73] /i ise::check
[20:20:39.76] /m Information: 
              /c Cross view checking for inv/inv/symbol with inv/inv/schematic
              /c No violations found. (DE_EDIT-007)
[20:20:39.76] /m Information: 
[20:20:39.76] /o Checking "inv/inv/schematic"
[20:20:39.76] /o No rule violations found in "inv/inv/schematic"
[20:20:39.76] /m Information: Checking process is completed: marking the design violations
[20:20:39.91] /m Information: Marking of designs is completed
[20:20:39.91] /o true
[20:20:46.71] /i gi::pressButton {ConsoleToggleButton} -in [db::getAttr statusbar -of [gi::getWindows 13]]
[20:20:55.15] /i gi::setActiveWindow 14
[20:20:55.15] /i gi::setActiveWindow 14 -raise true
[20:20:57.98] /# gi::executeAction xtLVSRun -in [gi::getWindows 14]
[20:20:57.98] /i xt::physicalVerification::executeRun lvs 14
[20:20:58.58] /# xt::physicalVerification::executePve lvs 14
[20:21:00.90] /m Information: "Starting netlisting for design "inv/inv/schematic"..." (NETLISTING-010)
[20:21:00.94] /o No Design Integrity rule violations found in "inv/inv/schematic"
[20:21:01.03] /m Information: "Netlisting design "inv/inv/schematic" finished successfully." (NETLISTING-012)
[20:21:01.44] /r giWindowId 15
[20:21:01.51] /r giWindowGeometry 800x600
[20:21:03.83] /i gi::executeAction giCloseWindow -in [gi::getWindows 9]
[20:21:04.90] /i gi::executeAction giCloseWindow -in [gi::getWindows 8]
[20:21:10.91] /m Information: 
              /c =============================
              /c JobID: hercules_lvs_3
              /c Completed with no errors.
              /c =============================
              /c 
[20:21:13.22] /i gi::setActiveTab {tabs} -tabName {inv.LVS_ERRORS} -in [gi::getWindows 15]
[20:21:14.04] /i gi::setActiveTab {tabs} -tabName {inv.LAYOUT_ERRORS} -in [gi::getWindows 15]
[20:21:14.98] /i gi::setActiveWindow 14
[20:21:14.98] /i gi::setActiveWindow 14 -raise true
[20:21:18.07] /# gi::executeAction xtDRCRun -in [gi::getWindows 14]
[20:21:18.07] /i xt::physicalVerification::executeRun drc 14
[20:21:18.31] /# xt::physicalVerification::executePve drc 14
[20:21:19.90] /r giWindowId 16
[20:21:19.94] /r giWindowGeometry 800x600
[20:21:22.65] /m Information: 
              /c =============================
              /c JobID: hercules_drc_6
              /c Completed with no errors.
              /c =============================
              /c 
[20:21:29.78] /i gi::setActiveTab {tabs} -tabName {inv.LAYOUT_ERRORS} -in [gi::getWindows 16]
[20:21:31.72] /i gi::setActiveWindow 14
[20:21:31.72] /i gi::setActiveWindow 14 -raise true
[20:21:35.07] /# gi::executeAction xtLPERun -in [gi::getWindows 14]
[20:21:35.07] /i xt::physicalVerification::executeRun lpe 14
[20:21:35.33] /# xt::physicalVerification::executePve lpe 14
[20:21:36.05] /r giWindowId 17
[20:21:36.10] /r giWindowGeometry 800x600
[20:21:36.48] /i gi::setActiveWindow 15
[20:21:36.49] /i gi::setActiveWindow 15 -raise true
[20:21:38.40] /i gi::setActiveWindow 13
[20:21:38.40] /i gi::setActiveWindow 13 -raise true
[20:21:57.19] /i gi::setActiveWindow 17
[20:21:57.19] /i gi::setActiveWindow 17 -raise true
[20:21:57.78] /m Information: 
              /c =============================
              /c JobID: starrc_lpe_2
              /c Completed with no errors.
              /c =============================
              /c 
[20:21:57.97] /r giWindowId 18
[20:21:58.01] /r giWindowGeometry 1632x849
[20:21:58.11] /i de::setActiveLPP [de::getLPPs "exclude blockage" -from [db::getAttr editDesign -of [de::getContexts -window 18]]]
[20:22:11.77] /i gi::executeAction giCloseWindow -in [gi::getWindows 18]
[20:22:11.82] /i gi::setActiveWindow 17
[20:22:11.82] /i gi::setActiveWindow 17 -raise true
[20:22:12.91] /i gi::executeAction giCloseWindow -in [gi::getWindows 17]
[20:22:12.94] /i gi::setActiveWindow 13
[20:22:12.94] /i gi::setActiveWindow 13 -raise true
[20:22:14.03] /i gi::setActiveWindow 14
[20:22:14.03] /i gi::setActiveWindow 14 -raise true
[20:22:15.58] /# gi::executeAction deCanvasPanWest -in [gi::getWindows 14]
[20:22:15.58] /i de::pan -window [gi::getWindows 14] -direction W -multiplier 0.5
[20:22:15.58] /o {-11.581 -1.875} {-4.134 1.614}
[20:22:16.18] /# gi::executeAction deCanvasPanEast -in [gi::getWindows 14]
[20:22:16.18] /i de::pan -window [gi::getWindows 14] -direction E -multiplier 0.5
[20:22:16.18] /o {-7.86 -1.875} {-0.413 1.614}
[20:22:18.92] /# gi::executeAction deSelectActive -in [gi::getWindows 14]
[20:22:18.92] /i de::deselectAllLogic -context [db::getNext [de::getContexts -window 14]]
[20:22:19.58] /# gi::executeAction leStretch -in [gi::getWindows 14]
[20:22:19.58] /i ile::stretch
[20:22:20.61] /# gi::executeAction deAddPoint -in [gi::getWindows 14]
[20:22:20.61] /i de::addPoint {-2.394 -1.766} -context [db::getNext [de::getContexts -window 14]]
[20:22:22.87] /# gi::executeAction deAddPoint -in [gi::getWindows 14]
[20:22:22.87] /i de::addPoint {-2.408 -1.766} -context [db::getNext [de::getContexts -window 14]]
[20:22:26.65] /# gi::executeAction leBoundary -in [gi::getWindows 14]
[20:22:26.65] /i ile::createBoundary
[20:22:27.77] /i gi::pressButton {autoCreate} -in [gi::getToolbars {deCommandOptions} -from [gi::getWindows 14]]
[20:22:30.05] /# gi::executeAction deCanvasZoomInAtPoint -in [gi::getWindows 14]
[20:22:30.05] /i de::zoom -window [gi::getWindows 14] -factor 2.0 -center {-1.901 -0.69}
[20:22:30.06] /o {-4.88 -1.282} {-1.157 0.462}
[20:22:31.35] /# gi::executeAction dePan -in [gi::getWindows 14]
[20:22:31.35] /i ide::pan [db::getNext [de::getContexts -window 14]]
[20:22:31.63] /# gi::executeAction deStartDrag -in [gi::getWindows 14]
[20:22:31.63] /i de::startDrag {-1.991 -0.936} -context [db::getNext [de::getContexts -window 14]]
[20:22:33.61] /# gi::executeAction deEndDrag -in [gi::getWindows 14]
[20:22:33.61] /i de::endDrag {-1.989 -0.939} -context [db::getNext [de::getContexts -window 14]]
[20:22:33.61] /r dePanToPoint {-3.059 -1.579}
[20:22:35.07] /# gi::executeAction deAbortCommand -in [gi::getWindows 14]
[20:22:35.07] /i de::abortCommand -context [db::getNext [de::getContexts -window 14]]
[20:22:35.55] /# gi::executeAction deAddPoint -in [gi::getWindows 14]
[20:22:35.55] /i de::addPoint {-2.195 -1.906} -context [db::getNext [de::getContexts -window 14]]
[20:22:35.86] /# gi::executeAction leStretch -in [gi::getWindows 14]
[20:22:35.86] /i ile::stretch
[20:22:36.83] /# gi::executeAction deAddPoint -in [gi::getWindows 14]
[20:22:36.83] /i de::addPoint {-2.42 -1.951} -context [db::getNext [de::getContexts -window 14]]
[20:22:39.38] /# gi::executeAction deAddPoint -in [gi::getWindows 14]
[20:22:39.38] /i de::addPoint {-2.432 -1.951} -context [db::getNext [de::getContexts -window 14]]
[20:22:40.94] /# gi::executeAction deAbortCommand -in [gi::getWindows 14]
[20:22:40.94] /i de::abortCommand -context [db::getNext [de::getContexts -window 14]]
[20:22:41.44] /# gi::executeAction deSelectActive -in [gi::getWindows 14]
[20:22:41.44] /i de::deselectAll [db::getNext [de::getContexts -window 14]]
[20:22:41.44] /i de::select [de::getActiveFigure [gi::getWindows 14] -point {-2.413 -1.524} -index 0 -intent none]
[20:22:41.44] /o oa:0x230e6720
[20:22:42.30] /# gi::executeAction leDelete -in [gi::getWindows 14]
[20:22:42.30] /i ile::delete
[20:22:48.75] /# gi::executeAction leBoundary -in [gi::getWindows 14]
[20:22:48.75] /i ile::createBoundary
[20:22:49.80] /i gi::pressButton {autoCreate} -in [gi::getToolbars {deCommandOptions} -from [gi::getWindows 14]]
[20:22:51.05] /# gi::executeAction deCanvasZoomOutAtPoint -in [gi::getWindows 14]
[20:22:51.05] /i de::zoom -window [gi::getWindows 14] -factor 0.5 -center {-2.15 -1.29}
[20:22:51.06] /o {-7.691 -3.612} {-0.244 -0.123}
[20:22:52.47] /# gi::executeAction dePan -in [gi::getWindows 14]
[20:22:52.47] /i ide::pan [db::getNext [de::getContexts -window 14]]
[20:22:52.78] /# gi::executeAction deStartDrag -in [gi::getWindows 14]
[20:22:52.78] /i de::startDrag {-1.885 -0.957} -context [db::getNext [de::getContexts -window 14]]
[20:22:54.01] /# gi::executeAction deEndDrag -in [gi::getWindows 14]
[20:22:54.01] /i de::endDrag {-1.998 -1.052} -context [db::getNext [de::getContexts -window 14]]
[20:22:54.01] /r dePanToPoint {-3.157 -0.782}
[20:22:54.22] /# gi::executeAction deAbortCommand -in [gi::getWindows 14]
[20:22:54.22] /i de::abortCommand -context [db::getNext [de::getContexts -window 14]]
[20:22:55.40] /# gi::executeAction deAddPoint -in [gi::getWindows 14]
[20:22:55.40] /i de::addPoint {-3.382 -1.128} -context [db::getNext [de::getContexts -window 14]]
[20:22:57.06] /# gi::executeAction leDelete -in [gi::getWindows 14]
[20:22:57.06] /i ile::delete
[20:22:58.18] /# gi::executeAction deAddPoint -in [gi::getWindows 14]
[20:22:58.18] /i de::addPoint {-3.378 -1.128} -context [db::getNext [de::getContexts -window 14]]
[20:22:59.44] /# gi::executeAction deAbortCommand -in [gi::getWindows 14]
[20:22:59.44] /i de::abortCommand -context [db::getNext [de::getContexts -window 14]]
[20:22:59.72] /# gi::executeAction deSelectActive -in [gi::getWindows 14]
[20:22:59.72] /i de::deselectAllLogic -context [db::getNext [de::getContexts -window 14]]
[20:23:01.49] /# gi::executeAction deCanvasZoomOutAtPoint -in [gi::getWindows 14]
[20:23:01.49] /i de::zoom -window [gi::getWindows 14] -factor 0.5 -center {-1.965 -0.033}
[20:23:01.49] /o {-11.797 -5.02} {3.097 1.958}
[20:23:01.98] /# gi::executeAction deCanvasZoomInAtPoint -in [gi::getWindows 14]
[20:23:01.98] /i de::zoom -window [gi::getWindows 14] -factor 2.0 -center {-1.52 -1.436}
[20:23:01.98] /o {-6.658 -3.228} {0.789 0.261}
[20:23:02.41] /# gi::executeAction deCanvasZoomInAtPoint -in [gi::getWindows 14]
[20:23:02.41] /i de::zoom -window [gi::getWindows 14] -factor 2.0 -center {-3.032 -1.948}
[20:23:02.42] /o {-4.845 -2.588} {-1.122 -0.844}
[20:23:02.48] /# gi::executeAction deCanvasZoomInAtPoint -in [gi::getWindows 14]
[20:23:02.48] /i de::zoom -window [gi::getWindows 14] -factor 2.0 -center {-3.032 -1.948}
[20:23:02.49] /o {-3.939 -2.268} {-2.077 -1.396}
[20:23:03.36] /# gi::executeAction deCanvasZoomOutAtPoint -in [gi::getWindows 14]
[20:23:03.36] /i de::zoom -window [gi::getWindows 14] -factor 0.5 -center {-3.021 -1.889}
[20:23:03.36] /o {-4.856 -2.647} {-1.133 -0.903}
[20:23:03.88] /# gi::executeAction deCanvasZoomOutAtPoint -in [gi::getWindows 14]
[20:23:03.88] /i de::zoom -window [gi::getWindows 14] -factor 0.5 -center {-2.242 -1.531}
[20:23:03.88] /o {-7.47 -3.763} {-0.023 -0.274}
[20:23:05.35] /# gi::executeAction dePan -in [gi::getWindows 14]
[20:23:05.35] /i ide::pan [db::getNext [de::getContexts -window 14]]
[20:23:05.62] /# gi::executeAction deStartDrag -in [gi::getWindows 14]
[20:23:05.62] /i de::startDrag {-1.678 -0.777} -context [db::getNext [de::getContexts -window 14]]
[20:23:06.80] /# gi::executeAction deEndDrag -in [gi::getWindows 14]
[20:23:06.80] /i de::endDrag {-1.682 -0.791} -context [db::getNext [de::getContexts -window 14]]
[20:23:06.81] /r dePanToPoint {-3.457 -1.117}
[20:23:07.07] /# gi::executeAction deCanvasZoomOutAtPoint -in [gi::getWindows 14]
[20:23:07.07] /i de::zoom -window [gi::getWindows 14] -factor 0.5 -center {-1.682 -0.791}
[20:23:07.07] /o {-12.68 -4.934} {2.214 2.044}
[20:23:07.94] /# gi::executeAction deStartDrag -in [gi::getWindows 14]
[20:23:07.94] /i de::startDrag {-0.469 -0.269} -context [db::getNext [de::getContexts -window 14]]
[20:23:08.56] /# gi::executeAction deEndDrag -in [gi::getWindows 14]
[20:23:08.56] /i de::endDrag {-0.498 -0.269} -context [db::getNext [de::getContexts -window 14]]
[20:23:08.57] /r dePanToPoint {-4.56 -0.98}
[20:23:08.76] /# gi::executeAction deCanvasZoomInAtPoint -in [gi::getWindows 14]
[20:23:08.76] /i de::zoom -window [gi::getWindows 14] -factor 2.0 -center {-0.687 -0.326}
[20:23:08.76] /o {-6.347 -2.397} {1.1 1.091}
[20:23:09.60] /# gi::executeAction deStartDrag -in [gi::getWindows 14]
[20:23:09.60] /i de::startDrag {-1.384 -0.354} -context [db::getNext [de::getContexts -window 14]]
[20:23:10.20] /# gi::executeAction deEndDrag -in [gi::getWindows 14]
[20:23:10.20] /i de::endDrag {-1.374 -0.35} -context [db::getNext [de::getContexts -window 14]]
[20:23:10.20] /r dePanToPoint {-2.832 -0.785}
[20:23:15.03] /# gi::executeAction deFitEdit -in [gi::getWindows 14]
[20:23:15.04] /i de::fit -window 14 -fitEdit true
[20:23:15.04] /o {-7.127 -2.767} {0.877 0.983}
[20:24:10.16] /i gi::executeAction deSaveDesign -in [gi::getWindows 14]
[20:24:10.16] /m Information: Saving design 'inv inv layout'. (DESIGN_WINDOW-004)
[20:24:12.94] /# gi::executeAction xtLPERun -in [gi::getWindows 14]
[20:24:12.94] /i xt::physicalVerification::executeRun lpe 14
[20:24:13.47] /# xt::physicalVerification::executePve lpe 14
[20:24:14.18] /i gi::setActiveWindow 13
[20:24:14.18] /i gi::setActiveWindow 13 -raise true
[20:24:14.35] /r giWindowId 19
[20:24:14.41] /r giWindowGeometry 800x600
[20:24:16.41] /i gi::setActiveWindow 13
[20:24:16.42] /i gi::setActiveWindow 13 -raise true
[20:24:20.61] /i gi::executeAction xtSimulationTool -in [gi::getWindows 13]
[20:24:23.40] /# gi::executeAction xtInitializeNew -in [gi::getWindows 13]
[20:24:23.40] /i xt::showInitNew 13
[20:24:23.50] /o oa:0x1efce670
[20:24:23.81] /i gi::setActiveDialog [gi::getDialogs {xtInitNew} -parent [gi::getWindows 13]]
[20:24:24.01] /i db::setAttr geometry -of [gi::getDialogs {xtInitNew} -parent [gi::getWindows 13]] -value 400x344+760+353
[20:24:26.07] /i gi::pressButton {create} -in [gi::getDialogs {xtInitNew} -parent [gi::getWindows 13]]
[20:24:28.51] /m Information: 
              /c =============================
              /c JobID: starrc_lpe_3
              /c Completed with no errors.
              /c =============================
              /c 
[20:24:28.75] /r giWindowId 20
[20:24:28.80] /r giWindowGeometry 1632x849
[20:24:28.90] /i de::setActiveLPP [de::getLPPs "exclude blockage" -from [db::getAttr editDesign -of [de::getContexts -window 20]]]
[20:24:35.49] /# gi::executeAction xtNetlist -in [gi::getWindows 13]
[20:24:35.49] /i xt::runNetlister [xt::getSimRuns -context [db::getNext [de::getContexts -window 13]]]
[20:24:35.54] /m Information: Final netlist "/root/Excercise/lab1vlsi/inverter/inv/inv.HSPICE1/netlist.final" is missing
[20:24:35.54] /m Information: Structural netlist "/root/Excercise/lab1vlsi/inverter/inv/inv.HSPICE1/netlist/netlist.sp" is missing
[20:24:35.55] /m Information: "Starting incremental netlisting for design "inv/inv/schematic"..." (NETLISTING-010)
[20:24:35.59] /o No Design Integrity rule violations found in "inv/inv/schematic"
[20:24:35.63] /m Information: "inv inv schematic" renetlisted. (NETLISTING-056)
[20:24:35.64] /m Information: "Netlisting design "inv/inv/schematic" finished successfully." (NETLISTING-012)
[20:24:37.32] /i gi::executeAction giCloseWindow -in [gi::getWindows 20]
[20:24:37.46] /i gi::setActiveWindow 13
[20:24:37.46] /i gi::setActiveWindow 13 -raise true
[20:24:39.29] /i gi::executeAction giCloseWindow -in [gi::getWindows 19]
[20:24:41.16] /i gi::executeAction giCloseWindow -in [gi::getWindows 15]
[20:24:42.36] /i gi::executeAction giCloseWindow -in [gi::getWindows 16]
[20:24:43.50] /i gi::setActiveWindow 14
[20:24:43.50] /i gi::setActiveWindow 14 -raise true
[20:24:44.74] /i gi::setActiveWindow 13
[20:24:44.74] /i gi::setActiveWindow 13 -raise true
[20:24:46.68] /i gi::setActiveWindow 14
[20:24:46.68] /i gi::setActiveWindow 14 -raise true
[20:24:50.05] /i gi::setActiveWindow 13
[20:24:50.05] /i gi::setActiveWindow 13 -raise true
[20:24:57.34] /i gi::setActiveWindow 14
[20:24:57.34] /i gi::setActiveWindow 14 -raise true
[20:24:59.53] /# gi::executeAction deAddPoint -in [gi::getWindows 14]
[20:24:59.53] /i de::addPoint {-4.554 -0.093} -context [db::getNext [de::getContexts -window 14]]
[20:24:59.81] /i gi::executeAction deSaveDesign -in [gi::getWindows 14]
[20:24:59.81] /m Information: Saving design 'inv inv layout'. (DESIGN_WINDOW-004)
[20:25:00.05] /i gi::executeAction deSaveDesign -in [gi::getWindows 14]
[20:25:00.05] /m Information: Saving design 'inv inv layout'. (DESIGN_WINDOW-004)
[20:25:03.53] /# gi::executeAction xtLPERun -in [gi::getWindows 14]
[20:25:03.53] /i xt::physicalVerification::executeRun lpe 14
[20:25:03.73] /# xt::physicalVerification::executePve lpe 14
[20:25:04.32] /r giWindowId 21
[20:25:04.40] /r giWindowGeometry 800x600
[20:25:10.63] /m Information: 
              /c =============================
              /c JobID: starrc_lpe_4
              /c Completed with no errors.
              /c =============================
              /c 
[20:25:10.71] /r giWindowId 22
[20:25:10.73] /r giWindowGeometry 1632x849
[20:25:10.77] /i de::setActiveLPP [de::getLPPs "exclude blockage" -from [db::getAttr editDesign -of [de::getContexts -window 22]]]
[20:25:14.89] /i gi::executeAction giCloseWindow -in [gi::getWindows 22]
[20:25:15.04] /i gi::setActiveWindow 21
[20:25:15.04] /i gi::setActiveWindow 21 -raise true
[20:25:16.76] /i gi::executeAction giCloseWindow -in [gi::getWindows 21]
[20:25:16.87] /i gi::setActiveWindow 14
[20:25:16.87] /i gi::setActiveWindow 14 -raise true
[20:25:17.51] /i gi::setActiveWindow 3
[20:25:17.51] /i gi::setActiveWindow 3 -raise true
[20:25:19.30] /i gi::setCurrentIndex {cells} -index {inv_test} -in [gi::getWindows 3]
[20:25:19.30] /i gi::setItemSelection {cells} -index {inv_test} -in [gi::getWindows 3]
[20:25:20.16] /i gi::setCurrentIndex {views} -index {config} -in [gi::getWindows 3]
[20:25:20.16] /i gi::setItemSelection {views} -index {config} -in [gi::getWindows 3]
[20:25:21.74] /i gi::executeAction dmOpenConfigDesignWrite -in [gi::getWindows 3]
[20:25:21.78] /r giWindowId 23
[20:25:21.80] /r giWindowGeometry 1632x849
[20:25:22.24] /o "inv/inv_test/schematic" design does not need checking
[20:25:25.46] /# gi::executeAction deSelectActive -in [gi::getWindows 23]
[20:25:25.46] /i de::deselectAll [db::getNext [de::getContexts -window 23]]
[20:25:25.46] /i de::select [de::getActiveFigure [gi::getWindows 23] -point {5.85 2.5125} -index 0 -intent none]
[20:25:25.47] /o oa:0x1fbad580
[20:25:25.60] /# gi::executeAction deDescend -in [gi::getWindows 23]
[20:25:25.60] /i ide::descend 23 -inPlace false -promptView false -readOnly auto
[20:25:25.61] /# Navigating to inv/inv/starrc (I1)
[20:25:25.90] /# de::setActiveLPP [de::getLPPs "exclude blockage" -from [db::getAttr editDesign -of [de::getContexts -window 23]]]
[20:25:26.56] /# gi::setItemSelection {sets} -index {Valid} -in [gi::getAssistants leObjectLayerPanel -from [gi::getWindows 23]]
[20:25:26.77] /i db::setAttr dockSize -of [gi::getAssistants leObjectLayerPanel -from [gi::getWindows 23]] -value 200x736
[20:25:54.02] /# gi::executeAction deSelectActive -in [gi::getWindows 23]
[20:25:54.02] /i de::deselectAllLogic -context [db::getNext [de::getContexts -window 23]]
[20:25:56.48] /i gi::executeAction giCloseWindow -in [gi::getWindows 23]
[20:25:56.63] /i gi::setActiveWindow 3
[20:25:56.63] /i gi::setActiveWindow 3 -raise true
[20:25:58.14] /i gi::executeAction giCloseWindow -in [gi::getWindows 14]
[20:26:00.48] /i gi::executeAction dmOpenConfigDesignWrite -in [gi::getWindows 3]
[20:26:00.53] /r giWindowId 24
[20:26:00.54] /r giWindowGeometry 1632x849
[20:26:00.98] /o "inv/inv_test/schematic" design does not need checking
[20:26:03.54] /i gi::executeAction xtSimulationTool -in [gi::getWindows 24]
[20:26:06.07] /# gi::executeAction xtInitializeNew -in [gi::getWindows 24]
[20:26:06.07] /i xt::showInitNew 24
[20:26:06.17] /o oa:0x1e8d7970
[20:26:06.25] /i gi::setActiveDialog [gi::getDialogs {xtInitNew} -parent [gi::getWindows 24]]
[20:26:06.50] /i db::setAttr geometry -of [gi::getDialogs {xtInitNew} -parent [gi::getWindows 24]] -value 400x344+760+353
[20:26:08.03] /i gi::pressButton {create} -in [gi::getDialogs {xtInitNew} -parent [gi::getWindows 24]]
[20:26:10.76] /# gi::executeAction xtNetlist -in [gi::getWindows 24]
[20:26:10.76] /i xt::runNetlister [xt::getSimRuns -context [db::getNext [de::getContexts -window 24]]]
[20:26:10.79] /m Information: Final netlist "/root/Excercise/lab1vlsi/inverter/inv/inv_test.HSPICE1/netlist.final" is missing
[20:26:10.79] /m Information: Structural netlist "/root/Excercise/lab1vlsi/inverter/inv/inv_test.HSPICE1/netlist/netlist.sp" is missing
[20:26:10.79] /m Information: "Starting incremental netlisting for design "inv/inv_test/config"..." (NETLISTING-010)
[20:26:10.82] /o No Design Integrity rule violations found in "inv/inv_test/schematic"
[20:26:10.82] /m Information: 
              /c Cross view checking for inv/inv/symbol with inv/inv/starrc
              /c 	[warning] Missing Terminal
              /c 		Terminal vdd! found in starrc is missing in symbol
              /c 	[warning] Missing Terminal
              /c 		Terminal gnd! found in starrc is missing in symbol (DE_EDIT-007)
[20:26:10.82] /w Warning: "Terminal vdd! found in starrc is missing in symbol" (NETLISTING-003)
[20:26:10.82] /w Warning: "Terminal gnd! found in starrc is missing in symbol" (NETLISTING-003)
[20:26:10.88] /m Information: 
              /c Cross view checking for reference90RF/n_4t/ivpcell with reference90RF/n_4t/hspice
              /c 	[warning] Missing Terminal
              /c 		Terminal D found in hspice is missing in ivpcell
              /c 	[warning] Missing Terminal
              /c 		Terminal G found in hspice is missing in ivpcell
              /c 	[warning] Missing Terminal
              /c 		Terminal S found in hspice is missing in ivpcell
              /c 	[warning] Missing Terminal
              /c 		Terminal B found in hspice is missing in ivpcell (DE_EDIT-007)
[20:26:10.88] /w Warning: "Terminal D found in hspice is missing in ivpcell" (NETLISTING-003)
[20:26:10.88] /w Warning: "Terminal G found in hspice is missing in ivpcell" (NETLISTING-003)
[20:26:10.88] /w Warning: "Terminal S found in hspice is missing in ivpcell" (NETLISTING-003)
[20:26:10.88] /w Warning: "Terminal B found in hspice is missing in ivpcell" (NETLISTING-003)
[20:26:11.05] /m Information: "inv inv starrc" renetlisted. (NETLISTING-056)
[20:26:11.06] /m Information: "inv inv_test schematic" renetlisted. (NETLISTING-056)
[20:26:11.06] /m Information: "Netlisting design "inv/inv_test/config" finished successfully." (NETLISTING-012)
[20:26:16.06] /r giDialog gi::setActiveDialog [gi::getDialogs {giCloseFrame}]
[20:26:16.31] /r giDialog db::setAttr geometry -of [gi::getDialogs {giCloseFrame}] -value 299x108+811+471
[20:26:17.35] /r giDialog gi::pressButton {giCloseTabsButton} -in [gi::getDialogs {giCloseFrame}]
[20:26:17.37] /i exit
[20:26:17.56] /r giDialog gi::setActiveDialog [gi::getDialogs {deExitDialog}]
[20:26:17.70] /r giDialog db::setAttr geometry -of [gi::getDialogs {deExitDialog}] -value 419x181+741+376
[20:26:19.06] /r giDialog gi::pressButton {ok} -in [gi::getDialogs {deExitDialog}]
[20:26:19.21] /i gi::setActiveWindow 3
[20:26:19.21] /i gi::setActiveWindow 3 -raise true
[20:26:19.51] /i gi::setActiveWindow 13
[20:26:19.51] /i gi::setActiveWindow 13 -raise true
[20:26:19.69] /i gi::setActiveWindow 1
[20:26:19.69] /i gi::setActiveWindow 1 -raise true
[20:26:20.49] /o Shutdown time: Mon Jun  1 20:26:20 2026
[20:26:20.49] /o Elapsed session real time: 1 hour 0.8 minutes
[20:26:20.49] /o Session terminated. Log is at /root/Excercise/lab1vlsi/inverter/inv/synopsys_custom/logs/ccompiler.root.2026_6_1_192526_28837.log
