[16:54:14.70] /r giWindowId 0
[16:54:14.71] /r giWindowGeometry 600x300
[16:54:14.77] /o 
              /c                                 Custom Compiler 
              /c 
              /c               Version N-2017.12-SP1-2 for linux64 - May 16, 2018 
              /c 
              /c                     Copyright (c) 2004 - 2018 Synopsys, Inc.
              /c    This software and the associated documentation are proprietary to Synopsys,
              /c  Inc. This software may only be used in accordance with the terms and conditions
              /c  of a written license agreement with Synopsys, Inc. All other use, reproduction,
              /c             or distribution of this software is strictly prohibited.
              /c 
              /c Build  (OPT) Config 4182185 compiled on Wed May 16 15:20:56 2018 for RHEL64 6.6
              /c Invocation: /usr/synopsys/customcompiler/N-2017.12-SP1-2/linux64/platform/bin/custom_compiler
              /c Execution time: Tue Apr 21 16:54:06 2026
              /c Host: localhost.localdomain
              /c Working directory: /root/Excercise/Noise_Margins/nmos/h2
              /c 
[16:54:25.64] /r giShowFrameTabs true
[16:54:25.67] /r giWindowId 1
[16:54:25.69] /r giWindowGeometry 1040x800
[16:55:43.17] /# gi::pressButton {/scroll/scrollArea/scrollAreaInnerWidget/applications/dmLibraryManager} -in [gi::getWindows 1]
[16:55:43.20] /# 
[16:55:43.21] /i dm::openLibraryManager
[16:55:43.21] /r giWindowId 2
[16:55:43.23] /r giWindowGeometry 660x600+50+84
[16:55:43.36] /o oa:0x182ff120
[16:55:48.29] /i gi::setCurrentIndex {libs} -index {analogLib} -in [gi::getWindows 2]
[16:55:48.29] /# gi::executeAction dmShowNewLibrary -in [gi::getWindows 2]
[16:55:48.29] /i dm::showNewLibrary -parent 2
[16:55:48.51] /o oa:0x1e7fc870
[16:55:48.81] /i db::setAttr geometry -of [gi::getDialogs {dmNewLibrary} -parent [gi::getWindows 2]] -value 458x467+720+208
[16:55:48.82] /i gi::setActiveDialog [gi::getDialogs {dmNewLibrary} -parent [gi::getWindows 2]]
[16:55:52.52] /i gi::setField {libName} -value {nmos_h4} -in [gi::getDialogs {dmNewLibrary} -parent [gi::getWindows 2]]
[16:55:52.52] /i gi::pressButton {ok} -in [gi::getDialogs {dmNewLibrary} -parent [gi::getWindows 2]]
[16:55:52.58] /# dm::createLib nmos\_h4 -path {./nmos_h4} -dmSystem oaDMFileSys
[16:55:52.65] /# db::importTechFile /usr/synopsys/customcompiler/N-2017.12-SP1-2/auxx/tech/cdesigner_1.0.tf -lib [oa::LibFind [oa::ScalarName [oa::CdbaNS] nmos\_h4]]; oa::save [oa::TechFind [oa::ScalarName [oa::CdbaNS] nmos\_h4]]
[16:55:52.70] /m Information: set default manufacturing grid to the default value 0.005um for the imported technology library nmos_h4. (TECH_IO-098)
[16:55:52.74] /m Information: Technology file /usr/synopsys/customcompiler/N-2017.12-SP1-2/auxx/tech/cdesigner_1.0.tf is successfully imported into lib nmos_h4. (TECH_IO-099)
[16:55:52.78] /# oa::close [oa::TechFind [oa::ScalarName [oa::CdbaNS] nmos\_h4]]
[16:55:54.48] /i gi::setCurrentIndex {libs} -index {nmos_h4} -in [gi::getWindows 2]
[16:55:54.50] /i gi::setItemSelection {libs} -index {nmos_h4} -in [gi::getWindows 2]
[16:55:56.94] /# gi::executeAction dmShowNewCell -in [gi::getWindows 2]
[16:55:56.94] /i dm::showNewCell -parent 2
[16:55:57.09] /o oa:0x1e6e1ba0
[16:55:57.26] /i gi::setActiveDialog [gi::getDialogs {dmNewCell} -parent [gi::getWindows 2]]
[16:55:57.35] /i db::setAttr geometry -of [gi::getDialogs {dmNewCell} -parent [gi::getWindows 2]] -value 448x227+725+328
[16:56:00.32] /i gi::setField {cellName} -value {h4} -in [gi::getDialogs {dmNewCell} -parent [gi::getWindows 2]]
[16:56:00.32] /i gi::pressButton {ok} -in [gi::getDialogs {dmNewCell} -parent [gi::getWindows 2]]
[16:56:00.33] /# dm::createCell h4 -lib [ oa::LibFind [oa::ScalarName [oa::CdbaNS] nmos\_h4]]
[16:56:00.33] /# gi::setItemSelection {cells} -index {h4} -in [gi::getDialogs {dmNewCell} -parent [gi::getWindows 2]]
[16:56:02.34] /i gi::setCurrentIndex {cells} -index {h4} -in [gi::getWindows 2]
[16:56:02.34] /i gi::setItemSelection {cells} -index {h4} -in [gi::getWindows 2]
[16:56:09.94] /# gi::executeAction dmShowNewCellView -in [gi::getWindows 2]
[16:56:09.94] /i dm::showNewCellView -parent 2
[16:56:10.00] /o oa:0x1db2bc40
[16:56:10.18] /i gi::setActiveDialog [gi::getDialogs {dmNewCellView} -parent [gi::getWindows 2]]
[16:56:10.30] /i db::setAttr geometry -of [gi::getDialogs {dmNewCellView} -parent [gi::getWindows 2]] -value 588x285+655+299
[16:56:18.23] /i gi::pressButton {ok} -in [gi::getDialogs {dmNewCellView} -parent [gi::getWindows 2]]
[16:56:18.26] /# db::getAttr viewType -of [dm::findCellView schematic -cell [dm::findCell h4 -lib [oa::LibFind [oa::ScalarName [oa::CdbaNS] nmos\_h4]]]]
[16:56:18.26] /# dm::createCellView schematic -cell [dm::findCell h4 -lib [ oa::LibFind [oa::ScalarName [oa::CdbaNS] nmos\_h4]]] -viewType schematic
[16:56:18.27] /# de::open [dm::findCellView schematic -cell [dm::findCell h4 -lib [oa::LibFind [oa::ScalarName [oa::CdbaNS] nmos\_h4]]]] -application seSchematic
[16:56:18.76] /m Information: License 'Schematic' checked out. (LICENSE-003)
[16:56:19.09] /r giWindowId 3
[16:56:19.11] /r giWindowGeometry 1632x849
[16:56:20.93] /m Information: 
[16:56:20.93] /o Checking "nmos_h4/h4/schematic"
[16:56:20.93] /o No rule violations found in "nmos_h4/h4/schematic"
[16:56:20.93] /m Information: Checking process is completed: marking the design violations
[16:56:20.93] /m Information: Marking of designs is completed
[16:57:38.62] /i db::setAttr maximized -of [gi::getFrames 1] -value true
[16:57:39.08] /# gi::executeAction deSelectActive -in [gi::getWindows 3]
[16:57:39.08] /i de::deselectAllLogic -context [db::getNext [de::getContexts -window 3]]
[16:57:39.10] /i db::setAttr geometry -of [gi::getFrames 1] -value 1910x911+5+62
[16:57:39.71] /# gi::executeAction seCreateInst -in [gi::getWindows 3]
[16:57:39.72] /i ise::createInst
[16:57:39.90] /i gi::setActiveDialog [gi::getDialogs {seCreateInst} -parent [gi::getWindows 3]]
[16:57:40.13] /i db::setAttr geometry -of [gi::getDialogs {seCreateInst}] -value 359x337+0+71
[16:57:55.08] /i gi::setField {instMasterLib} -value {reference90RF} -in [gi::getDialogs {seCreateInst} -parent [gi::getWindows 3]]
[16:57:55.50] /i db::setAttr geometry -of [gi::getDialogs {seCreateInst}] -value 359x337+0+71
[16:57:57.42] /w Warning: Preference 'leActiveLPP' is deprecated and scheduled for removal in a future release with no replacement. For migration assistance, see the Custom Compiler Tcl Reference Manual. (PREFERENCE-058)
[16:57:57.43] /o 	#######################################
[16:57:57.43] /o 	PDK Library Name	: reference90RF
[16:57:57.43] /o 	PDK Version		: 2.0
[16:57:57.43] /o 	PDK Release Date	: 25-March-2010 
[16:57:57.43] /o 	#######################################
[16:57:57.43] /o 
[16:57:57.50] /i gi::setField {instMasterCell} -value {n_3t} -in [gi::getDialogs {seCreateInst} -parent [gi::getWindows 3]]
[16:57:57.80] /i db::setAttr geometry -of [gi::getDialogs {seCreateInst}] -value 359x581+0+71
[16:57:59.30] /i gi::setItemSelection {parameters} -index {w,all} -in [gi::getDialogs {seCreateInst} -parent [gi::getWindows 3]]
[16:57:59.30] /i gi::setCurrentIndex {parameters} -index {w,Value} -in [gi::getDialogs {seCreateInst} -parent [gi::getWindows 3]]
[16:58:02.43] /i gi::setField {parameters} -value {2u} -index {w,Value} -in [gi::getDialogs {seCreateInst} -parent [gi::getWindows 3]]
[16:58:06.26] /# gi::executeAction deCanvasZoomInAtPoint -in [gi::getWindows 3]
[16:58:06.26] /i de::zoom -window [gi::getWindows 3] -factor 2.0 -center {3.225 1.58125}
[16:58:06.26] /o {1.14375 0.2} {6.98125 2.60625}
[16:58:10.04] /# gi::executeAction deAddPoint -in [gi::getWindows 3]
[16:58:10.04] /i de::addPoint {3.24375 1.6125} -context [db::getNext [de::getContexts -window 3]]
[16:58:54.71] /# gi::executeAction deAddPoint -in [gi::getWindows 3]
[16:58:54.71] /i de::addPoint {4.0125 1.425} -context [db::getNext [de::getContexts -window 3]]
[16:58:56.11] /# gi::executeAction deAbortCommand -in [gi::getWindows 3]
[16:58:56.12] /i de::abortCommand -context [db::getNext [de::getContexts -window 3]]
[16:58:58.16] /i gi::setActiveWindow 2
[16:58:58.16] /i gi::setActiveWindow 2 -raise true
[16:58:59.80] /i gi::setCurrentIndex {libs} -index {nmos_h2} -in [gi::getWindows 2]
[16:58:59.81] /i gi::setItemSelection {libs} -index {nmos_h2} -in [gi::getWindows 2]
[16:59:01.21] /i gi::setCurrentIndex {cells} -index {h2} -in [gi::getWindows 2]
[16:59:01.22] /i gi::setItemSelection {cells} -index {h2} -in [gi::getWindows 2]
[16:59:02.52] /i gi::setCurrentIndex {views} -index {schematic} -in [gi::getWindows 2]
[16:59:02.52] /i gi::setItemSelection {views} -index {schematic} -in [gi::getWindows 2]
[16:59:02.66] /i gi::executeAction dmOpen -in [gi::getWindows 2]
[16:59:02.73] /r giWindowId 4
[16:59:02.74] /r giWindowGeometry 1632x849
[16:59:03.29] /o "nmos_h2/h2/schematic" design does not need checking
[16:59:06.25] /# gi::executeAction deSelectActive -in [gi::getWindows 4]
[16:59:06.26] /i de::deselectAll [db::getNext [de::getContexts -window 4]]
[16:59:06.26] /i de::select [de::getActiveFigure [gi::getWindows 4] -point {3.3875 1.775} -index 0 -intent none]
[16:59:06.26] /o oa:0x1e8c74b0
[16:59:14.09] /# gi::executeAction deSelectActive -in [gi::getWindows 4]
[16:59:14.09] /i de::deselectAll [db::getNext [de::getContexts -window 4]]
[16:59:14.10] /i de::deselectAllLogic -context [db::getNext [de::getContexts -window 4]]
[16:59:14.91] /# gi::executeAction deCanvasZoomOutAtPoint -in [gi::getWindows 4]
[16:59:14.91] /i de::zoom -window [gi::getWindows 4] -factor 0.5 -center {3.84375 1.6875}
[16:59:14.92] /o {-0.41875 0.39375} {6.08125 3.06875}
[16:59:15.39] /# gi::executeAction deCanvasZoomInAtPoint -in [gi::getWindows 4]
[16:59:15.39] /i de::zoom -window [gi::getWindows 4] -factor 2.0 -center {3.84375 1.6875}
[16:59:15.39] /o {1.7125 1.0375} {4.9625 2.38125}
[16:59:17.27] /# gi::executeAction deSelectActive -in [gi::getWindows 4]
[16:59:17.27] /i de::deselectAll [db::getNext [de::getContexts -window 4]]
[16:59:17.27] /i de::select [de::getActiveFigure [gi::getWindows 4] -point {2.65 2.23125} -index 0 -intent none]
[16:59:17.27] /o oa:0x1fad4170
[16:59:18.79] /# gi::executeAction deSelectActive -in [gi::getWindows 4]
[16:59:18.79] /i de::deselectAll [db::getNext [de::getContexts -window 4]]
[16:59:18.80] /i de::select [de::getActiveFigure [gi::getWindows 4] -point {2.85 2.13125} -index 0 -intent none]
[16:59:18.80] /o oa:0x204c1dc0
[16:59:20.21] /# gi::executeAction seDelete -in [gi::getWindows 4]
[16:59:20.21] /i ise::delete
[16:59:21.50] /# gi::executeAction deSelectActive -in [gi::getWindows 4]
[16:59:21.50] /i de::deselectAll [db::getNext [de::getContexts -window 4]]
[16:59:21.50] /i de::select [de::getActiveFigure [gi::getWindows 4] -point {3.36875 1.9875} -index 0 -intent none]
[16:59:21.50] /o oa:0x204c1380
[16:59:21.60] /# gi::executeAction seDelete -in [gi::getWindows 4]
[16:59:21.60] /i ise::delete
[16:59:22.47] /# gi::executeAction deSelectActive -in [gi::getWindows 4]
[16:59:22.47] /i de::deselectAll [db::getNext [de::getContexts -window 4]]
[16:59:22.47] /i de::select [de::getActiveFigure [gi::getWindows 4] -point {3.68125 2.1125} -index 0 -intent none]
[16:59:22.47] /o oa:0x20525750
[16:59:22.63] /i de::select [se::getNetComponents [de::getActiveFigure [gi::getWindows 4] -point {3.68125 2.1125} -index 0 -intent none] -of branch]
[16:59:22.63] /o oa:0x202e2780
[16:59:22.92] /# gi::executeAction seDelete -in [gi::getWindows 4]
[16:59:22.92] /i ise::delete
[16:59:24.03] /# gi::executeAction deSelectActive -in [gi::getWindows 4]
[16:59:24.03] /i de::deselectAll [db::getNext [de::getContexts -window 4]]
[16:59:24.03] /i de::select [de::getActiveFigure [gi::getWindows 4] -point {2.98125 1.54375} -index 0 -intent none]
[16:59:24.03] /o oa:0x204b55c0
[16:59:24.22] /# gi::executeAction seDelete -in [gi::getWindows 4]
[16:59:24.22] /i ise::delete
[16:59:25.01] /# gi::executeAction deSelectActive -in [gi::getWindows 4]
[16:59:25.01] /i de::deselectAll [db::getNext [de::getContexts -window 4]]
[16:59:25.01] /i de::select [de::getActiveFigure [gi::getWindows 4] -point {3.70625 1.375} -index 0 -intent none]
[16:59:25.01] /o oa:0x203e8a60
[16:59:25.13] /# gi::executeAction seDelete -in [gi::getWindows 4]
[16:59:25.13] /i ise::delete
[16:59:27.74] /# gi::executeAction seStretch -in [gi::getWindows 4]
[16:59:27.74] /i ise::stretch
[16:59:28.03] /# gi::executeAction deAddPoint -in [gi::getWindows 4]
[16:59:28.04] /i de::addPoint {3.25 1.5625} -context [db::getNext [de::getContexts -window 4]]
[16:59:30.98] /# gi::executeAction deAddPoint -in [gi::getWindows 4]
[16:59:30.98] /i de::addPoint {3.2125 1.375} -context [db::getNext [de::getContexts -window 4]]
[16:59:31.97] /# gi::executeAction dePan -in [gi::getWindows 4]
[16:59:31.97] /i ide::pan [db::getNext [de::getContexts -window 4]]
[16:59:32.22] /# gi::executeAction deStartDrag -in [gi::getWindows 4]
[16:59:32.22] /i de::startDrag {4.5875 1.40625} -context [db::getNext [de::getContexts -window 4]]
[16:59:33.29] /# gi::executeAction deEndDrag -in [gi::getWindows 4]
[16:59:33.29] /i de::endDrag {4.5875 1.40625} -context [db::getNext [de::getContexts -window 4]]
[16:59:33.29] /r dePanToPoint {3.7875 1.21875}
[16:59:34.35] /# gi::executeAction seStretch -in [gi::getWindows 4]
[16:59:34.35] /i ise::stretch
[16:59:34.94] /# gi::executeAction deAddPoint -in [gi::getWindows 4]
[16:59:34.94] /i de::addPoint {4.08125 1.35} -context [db::getNext [de::getContexts -window 4]]
[16:59:37.07] /# gi::executeAction deAddPoint -in [gi::getWindows 4]
[16:59:37.07] /i de::addPoint {3.80625 0.975} -context [db::getNext [de::getContexts -window 4]]
[16:59:37.96] /# gi::executeAction deAddPoint -in [gi::getWindows 4]
[16:59:37.96] /i de::addPoint {4.5125 1.2} -context [db::getNext [de::getContexts -window 4]]
[16:59:39.98] /# gi::executeAction deAddPoint -in [gi::getWindows 4]
[16:59:39.98] /i de::addPoint {4.23125 0.80625} -context [db::getNext [de::getContexts -window 4]]
[16:59:42.15] /# gi::executeAction seSchCreateWire -in [gi::getWindows 4]
[16:59:42.15] /i ise::createWire
[16:59:43.17] /# gi::executeAction deAddPoint -in [gi::getWindows 4]
[16:59:43.17] /i de::addPoint {2.61875 1.55625} -context [db::getNext [de::getContexts -window 4]]
[16:59:43.27] /i de::setCursor -point {2.6875 1.5625 }
[16:59:44.39] /# gi::executeAction deAddPoint -in [gi::getWindows 4]
[16:59:44.39] /i de::addPoint {3.30625 1.5625} -context [db::getNext [de::getContexts -window 4]]
[16:59:45.75] /# gi::executeAction deAddPoint -in [gi::getWindows 4]
[16:59:45.75] /i de::addPoint {3.31875 1.1875} -context [db::getNext [de::getContexts -window 4]]
[16:59:46.83] /# gi::executeAction deAddPoint -in [gi::getWindows 4]
[16:59:46.83] /i de::addPoint {3.95 1.18125} -context [db::getNext [de::getContexts -window 4]]
[16:59:48.00] /# gi::executeAction dePan -in [gi::getWindows 4]
[16:59:48.00] /i ide::pan [db::getNext [de::getContexts -window 4]]
[16:59:48.23] /# gi::executeAction deStartDrag -in [gi::getWindows 4]
[16:59:48.23] /i de::startDrag {2.85 1.04375} -context [db::getNext [de::getContexts -window 4]]
[16:59:50.81] /# gi::executeAction deEndDrag -in [gi::getWindows 4]
[16:59:50.81] /i de::endDrag {2.85 1.04375} -context [db::getNext [de::getContexts -window 4]]
[16:59:50.81] /r dePanToPoint {3.05 1.34375}
[16:59:52.51] /# gi::executeAction seStretch -in [gi::getWindows 4]
[16:59:52.51] /i ise::stretch
[16:59:53.02] /# gi::executeAction deAddPoint -in [gi::getWindows 4]
[16:59:53.02] /i de::addPoint {2.25 1.75} -context [db::getNext [de::getContexts -window 4]]
[16:59:54.89] /# gi::executeAction deAddPoint -in [gi::getWindows 4]
[16:59:54.89] /i de::addPoint {1.99375 1.75} -context [db::getNext [de::getContexts -window 4]]
[16:59:56.44] /# gi::executeAction deStartDrag -in [gi::getWindows 4]
[16:59:56.44] /i de::startDrag {3.23125 1.85} -context [db::getNext [de::getContexts -window 4]]
[16:59:57.60] /# gi::executeAction deEndDrag -in [gi::getWindows 4]
[16:59:57.60] /i de::endDrag {3.2375 1.775} -context [db::getNext [de::getContexts -window 4]]
[16:59:57.80] /# gi::executeAction dePan -in [gi::getWindows 4]
[16:59:57.80] /i ide::pan [db::getNext [de::getContexts -window 4]]
[16:59:58.09] /# gi::executeAction deStartDrag -in [gi::getWindows 4]
[16:59:58.09] /i de::startDrag {3.2375 1.775} -context [db::getNext [de::getContexts -window 4]]
[16:59:58.64] /# gi::executeAction deEndDrag -in [gi::getWindows 4]
[16:59:58.64] /i de::endDrag {3.2375 1.76875} -context [db::getNext [de::getContexts -window 4]]
[16:59:58.64] /r dePanToPoint {3.10625 1.74375}
[16:59:59.14] /# gi::executeAction deAbortCommand -in [gi::getWindows 4]
[16:59:59.14] /i de::abortCommand -context [db::getNext [de::getContexts -window 4]]
[16:59:59.60] /# gi::executeAction deAddPoint -in [gi::getWindows 4]
[16:59:59.60] /i de::addPoint {2.45 2.25} -context [db::getNext [de::getContexts -window 4]]
[16:59:59.75] /# gi::executeAction deCompleteShape -in [gi::getWindows 4]
[16:59:59.75] /i de::completeShape -context [db::getNext [de::getContexts -window 4]]
[17:00:00.69] /# gi::executeAction deAddPoint -in [gi::getWindows 4]
[17:00:00.69] /i de::addPoint {2.45 2.25} -context [db::getNext [de::getContexts -window 4]]
[17:00:00.87] /# gi::executeAction deCompleteShape -in [gi::getWindows 4]
[17:00:00.87] /i de::completeShape -context [db::getNext [de::getContexts -window 4]]
[17:00:01.43] /# gi::executeAction deAddPoint -in [gi::getWindows 4]
[17:00:01.43] /i de::addPoint {2.45 2.25} -context [db::getNext [de::getContexts -window 4]]
[17:00:01.64] /# gi::executeAction deCompleteShape -in [gi::getWindows 4]
[17:00:01.64] /i de::completeShape -context [db::getNext [de::getContexts -window 4]]
[17:00:02.12] /# gi::executeAction deAbortCommand -in [gi::getWindows 4]
[17:00:02.12] /i de::abortCommand -context [db::getNext [de::getContexts -window 4]]
[17:00:02.61] /# gi::executeAction deSelectActive -in [gi::getWindows 4]
[17:00:02.61] /i de::deselectAll [db::getNext [de::getContexts -window 4]]
[17:00:02.61] /i de::select [de::getActiveFigure [gi::getWindows 4] -point {2.4375 2.25} -index 0 -intent none]
[17:00:02.61] /o oa:0x2034b7d0
[17:00:02.75] /i ide::editCanvasText -object [de::getActiveFigure [gi::getWindows 4] -point {2.4375 2.25} -index 0 -intent none]
[17:00:05.44] /i de::commandOption {D}
[17:00:05.65] /# gi::executeAction deSelectActive -in [gi::getWindows 4]
[17:00:05.65] /i de::deselectAll [db::getNext [de::getContexts -window 4]]
[17:00:05.65] /i de::select [de::getActiveFigure [gi::getWindows 4] -point {1.81875 1.74375} -index 0 -intent none]
[17:00:05.65] /o oa:0x198414c0
[17:00:06.23] /# gi::executeAction deSelectActive -in [gi::getWindows 4]
[17:00:06.23] /i de::cycleActiveFigure [gi::getWindows 4] -direction next
[17:00:06.23] /o oa:0x208bc5e0
[17:00:06.38] /i ide::editCanvasText -object [de::getActiveFigure [gi::getWindows 4] -point {1.81875 1.74375} -index 0 -intent none]
[17:00:08.30] /i de::commandOption {Gn}
[17:00:09.43] /# gi::executeAction dePan -in [gi::getWindows 4]
[17:00:09.43] /i ide::pan [db::getNext [de::getContexts -window 4]]
[17:00:09.69] /# gi::executeAction deStartDrag -in [gi::getWindows 4]
[17:00:09.69] /i de::startDrag {3.25 1.88125} -context [db::getNext [de::getContexts -window 4]]
[17:00:10.36] /# gi::executeAction deEndDrag -in [gi::getWindows 4]
[17:00:10.37] /i de::endDrag {3.25 1.9125} -context [db::getNext [de::getContexts -window 4]]
[17:00:10.37] /r dePanToPoint {3.25625 1.275}
[17:00:11.04] /# gi::executeAction deStartDrag -in [gi::getWindows 4]
[17:00:11.04] /i de::startDrag {3.85625 1.475} -context [db::getNext [de::getContexts -window 4]]
[17:00:12.03] /# gi::executeAction deEndDrag -in [gi::getWindows 4]
[17:00:12.03] /i de::endDrag {3.8625 1.475} -context [db::getNext [de::getContexts -window 4]]
[17:00:12.04] /r dePanToPoint {3.28125 1.29375}
[17:00:12.30] /# gi::executeAction seSchCreateWire -in [gi::getWindows 4]
[17:00:12.30] /i ise::createWire
[17:00:13.98] /# gi::executeAction deAddPoint -in [gi::getWindows 4]
[17:00:13.98] /i de::addPoint {3.0625 1.36875} -context [db::getNext [de::getContexts -window 4]]
[17:00:14.14] /i de::setCursor -point {3 1.375 }
[17:00:15.44] /# gi::executeAction deAddPoint -in [gi::getWindows 4]
[17:00:15.44] /i de::addPoint {2.2625 1.7375} -context [db::getNext [de::getContexts -window 4]]
[17:00:16.72] /# gi::executeAction deAddPoint -in [gi::getWindows 4]
[17:00:16.72] /i de::addPoint {3.69375 0.98125} -context [db::getNext [de::getContexts -window 4]]
[17:00:18.30] /# gi::executeAction deAddPoint -in [gi::getWindows 4]
[17:00:18.30] /i de::addPoint {2.26875 1.38125} -context [db::getNext [de::getContexts -window 4]]
[17:00:19.57] /# gi::executeAction dePan -in [gi::getWindows 4]
[17:00:19.57] /i ide::pan [db::getNext [de::getContexts -window 4]]
[17:00:19.96] /# gi::executeAction deStartDrag -in [gi::getWindows 4]
[17:00:19.96] /i de::startDrag {3.79375 1.75} -context [db::getNext [de::getContexts -window 4]]
[17:00:21.44] /# gi::executeAction deEndDrag -in [gi::getWindows 4]
[17:00:21.44] /i de::endDrag {3.79375 1.75} -context [db::getNext [de::getContexts -window 4]]
[17:00:21.44] /r dePanToPoint {3.21875 1.7625}
[17:00:21.53] /i gi::executeAction deObjectActivation -in [gi::getWindows 4]
[17:00:21.63] /# gi::executeAction deSaveDesignAs -in [gi::getWindows 4]
[17:00:21.63] /i de::showSaveDesignAs -context [db::getNext [de::getContexts -window 4]]
[17:00:21.76] /r giDialog gi::setActiveDialog [gi::getDialogs {deSaveDesignAs} -parent [gi::getWindows 4]]
[17:00:22.00] /r giDialog db::setAttr geometry -of [gi::getDialogs {deSaveDesignAs} -parent [gi::getWindows 4]] -value 274x128+823+461
[17:00:23.38] /r giDialog gi::pressButton {ok} -in [gi::getDialogs {deSaveDesignAs} -parent [gi::getWindows 4]]
[17:00:23.38] /m Information: Saving design 'nmos_h2 h2 schematic'. (DESIGN_WINDOW-004)
[17:00:26.15] /# gi::executeAction seSchCheckAndSave -in [gi::getWindows 4]
[17:00:26.15] /i ise::check
[17:00:26.18] /m Information: 
              /c Cross view checking for nmos_h2/h2/symbol with nmos_h2/h2/schematic
              /c 	[error] Missing Terminal
              /c 		Terminal D found in schematic is missing in symbol
              /c 	[error] Missing Terminal
              /c 		Terminal Gn found in schematic is missing in symbol
              /c 	[error] Extra Terminal
              /c 		Extra terminal Dn found in symbol not found in schematic
              /c 	[error] Extra Terminal
              /c 		Extra terminal G found in symbol not found in schematic (DE_EDIT-007)
[17:00:26.18] /m Information: 
[17:00:26.18] /o Checking "nmos_h2/h2/schematic"
[17:00:26.18] /o 4 Error(s),0 Warning(s),0 Message(s) found   in "nmos_h2/h2/schematic"
[17:00:26.18] /m Information: Checking process is completed: marking the design violations
[17:00:26.19] /m Information: Marking of designs is completed
[17:00:26.19] /# db::setAttr shown -of [ gi::getAssistants deMarkerBrowser -from [ gi::getWindows 4 ]] -value true
[17:00:26.40] /r giDialog gi::setActiveDialog [gi::getDialogs {seSchCheckSaveDesign} -parent [gi::getWindows 4]]
[17:00:26.69] /r giDialog db::setAttr geometry -of [gi::getDialogs {seSchCheckSaveDesign} -parent [gi::getWindows 4]] -value 259x82+831+484
[17:00:28.43] /r giDialog gi::pressButton {save} -in [gi::getDialogs {seSchCheckSaveDesign} -parent [gi::getWindows 4]]
[17:00:30.19] /# gi::executeAction deCanvasZoomOutAtPoint -in [gi::getWindows 4]
[17:00:30.19] /i de::zoom -window [gi::getWindows 4] -factor 0.5 -center {3.21875 1.7875}
[17:00:30.19] /o {-0.03125 0.39375} {5.43125 3.075}
[17:00:30.64] /# gi::executeAction deCanvasZoomInAtPoint -in [gi::getWindows 4]
[17:00:30.64] /i de::zoom -window [gi::getWindows 4] -factor 2.0 -center {3.49375 1.85}
[17:00:30.64] /o {1.73125 1.125} {4.4625 2.4625}
[17:00:39.25] /i gi::setActiveWindow 2
[17:00:39.25] /i gi::setActiveWindow 2 -raise true
[17:00:42.62] /i gi::setCurrentIndex {views} -index {symbol} -in [gi::getWindows 2]
[17:00:42.63] /i gi::setItemSelection {views} -index {symbol} -in [gi::getWindows 2]
[17:00:45.16] /i gi::executeAction dmDeleteCellView -in [gi::getWindows 2]
[17:00:45.34] /r giDialog gi::setActiveDialog [gi::getDialogs {dmDelete}]
[17:00:45.49] /r giDialog db::setAttr geometry -of [gi::getDialogs {dmDelete}] -value 354x92+773+420
[17:00:46.96] /r giDialog gi::pressButton {delete} -in [gi::getDialogs {dmDelete}]
[17:00:46.98] /# db::destroy [dm::findCellView symbol -cell [dm::findCell h2 -lib [oa::LibFind [oa::ScalarName [oa::CdbaNS] nmos\_h2 ]]]]
[17:00:46.99] /# gi::setCurrentIndex {views} -index {schematic} -in [gi::getWindows 2]
[17:00:46.99] /# gi::setItemSelection {views} -index {} -in [gi::getWindows 2]
[17:00:48.09] /i gi::setActiveWindow 4
[17:00:48.09] /i gi::setActiveWindow 4 -raise true
[17:00:54.10] /# gi::executeAction deCellviewFromCellview -in [gi::getWindows 4]
[17:00:54.10] /i db::showCellViewFromCellView -src [db::getAttr container -of [db::getAttr editFile -of [db::getNext [de::getContexts -window 4]]]] 
[17:00:54.25] /o oa:0x2018c960
[17:00:54.35] /i gi::setActiveDialog [gi::getDialogs {dbCellViewFromCellView}]
[17:00:54.57] /i db::setAttr geometry -of [gi::getDialogs {dbCellViewFromCellView}] -value 628x339+636+320
[17:00:56.05] /i gi::pressButton {ok} -in [gi::getDialogs {dbCellViewFromCellView}]
[17:00:56.64] /r giWindowId 5
[17:00:56.66] /r giWindowGeometry 1632x849
[17:01:02.27] /# gi::executeAction deSaveDesignAs -in [gi::getWindows 5]
[17:01:02.27] /i de::showSaveDesignAs -context [db::getNext [de::getContexts -window 5]]
[17:01:02.50] /r giDialog gi::setActiveDialog [gi::getDialogs {deSaveDesignAs} -parent [gi::getWindows 5]]
[17:01:02.78] /r giDialog db::setAttr geometry -of [gi::getDialogs {deSaveDesignAs} -parent [gi::getWindows 5]] -value 274x128+823+461
[17:01:03.87] /r giDialog gi::pressButton {ok} -in [gi::getDialogs {deSaveDesignAs} -parent [gi::getWindows 5]]
[17:01:03.87] /m Information: Saving design 'nmos_h2 h2 symbol'. (DESIGN_WINDOW-004)
[17:01:05.74] /i gi::executeAction giCloseWindow -in [gi::getWindows 5]
[17:01:05.77] /i gi::setActiveWindow 4
[17:01:05.77] /i gi::setActiveWindow 4 -raise true
[17:01:07.56] /i gi::setActiveWindow 2
[17:01:07.56] /i gi::setActiveWindow 2 -raise true
[17:01:08.84] /i gi::setCurrentIndex {cells} -index {h2_test} -in [gi::getWindows 2]
[17:01:08.85] /i gi::setItemSelection {cells} -index {h2_test} -in [gi::getWindows 2]
[17:01:09.65] /i gi::setCurrentIndex {views} -index {schematic} -in [gi::getWindows 2]
[17:01:09.66] /i gi::setItemSelection {views} -index {schematic} -in [gi::getWindows 2]
[17:01:09.80] /i gi::executeAction dmOpen -in [gi::getWindows 2]
[17:01:09.83] /r giWindowId 6
[17:01:09.85] /r giWindowGeometry 1632x849
[17:01:10.21] /m Information: 
[17:01:10.21] /o Checking "nmos_h2/h2_test/schematic"
[17:01:10.21] /o No rule violations found in "nmos_h2/h2_test/schematic"
[17:01:10.21] /m Information: Checking process is completed: marking the design violations
[17:01:10.21] /m Information: Marking of designs is completed
[17:01:21.59] /# gi::executeAction deSelectActive -in [gi::getWindows 6]
[17:01:21.59] /i de::deselectAllLogic -context [db::getNext [de::getContexts -window 6]]
[17:01:24.22] /# gi::executeAction deSaveDesignAs -in [gi::getWindows 6]
[17:01:24.22] /i de::showSaveDesignAs -context [db::getNext [de::getContexts -window 6]]
[17:01:24.33] /r giDialog gi::setActiveDialog [gi::getDialogs {deSaveDesignAs} -parent [gi::getWindows 6]]
[17:01:24.60] /r giDialog db::setAttr geometry -of [gi::getDialogs {deSaveDesignAs} -parent [gi::getWindows 6]] -value 274x128+823+461
[17:01:25.93] /r giDialog gi::pressButton {ok} -in [gi::getDialogs {deSaveDesignAs} -parent [gi::getWindows 6]]
[17:01:25.93] /m Information: Saving design 'nmos_h2 h2_test schematic'. (DESIGN_WINDOW-004)
[17:01:27.87] /i gi::executeAction giCloseWindow -in [gi::getWindows 6]
[17:01:27.96] /i gi::setActiveWindow 2
[17:01:27.97] /i gi::setActiveWindow 2 -raise true
[17:01:29.80] /i gi::setCurrentIndex {cells} -index {h2} -in [gi::getWindows 2]
[17:01:29.81] /i gi::setItemSelection {cells} -index {h2} -in [gi::getWindows 2]
[17:01:30.81] /i gi::setCurrentIndex {views} -index {layout} -in [gi::getWindows 2]
[17:01:30.81] /i gi::setItemSelection {views} -index {layout} -in [gi::getWindows 2]
[17:01:30.97] /i gi::executeAction dmOpen -in [gi::getWindows 2]
[17:01:31.18] /m Information: License 'Basic' checked out. (LICENSE-003)
[17:01:31.18] /m Information: License 'Schematic' checked in. (LICENSE-004)
[17:01:31.27] /r giWindowId 7
[17:01:31.29] /r giWindowGeometry 1632x849
[17:01:31.39] /# de::setActiveLPP [de::getLPPs "exclude blockage" -from [db::getAttr editDesign -of [de::getContexts -window 7]]]
[17:01:36.77] /i gi::setField {stopLevel} -value {1} -in [gi::getToolbars {leHierarchy} -from [gi::getWindows 7]]
[17:01:36.84] /i gi::setActiveWindow 4
[17:01:36.84] /i gi::setActiveWindow 4 -raise true
[17:01:40.44] /i gi::setActiveWindow 7
[17:01:40.44] /i gi::setActiveWindow 7 -raise true
[17:01:42.02] /# gi::executeAction deCanvasZoomInAtPoint -in [gi::getWindows 7]
[17:01:42.02] /i de::zoom -window [gi::getWindows 7] -factor 2.0 -center {-1.208 2.222}
[17:01:42.02] /o {-2.448 0.991} {1.27 2.638}
[17:01:43.47] /# gi::executeAction dePan -in [gi::getWindows 7]
[17:01:43.47] /i ide::pan [db::getNext [de::getContexts -window 7]]
[17:01:43.73] /# gi::executeAction deStartDrag -in [gi::getWindows 7]
[17:01:43.73] /i de::startDrag {0.556 2.457} -context [db::getNext [de::getContexts -window 7]]
[17:01:44.39] /# gi::executeAction deEndDrag -in [gi::getWindows 7]
[17:01:44.39] /i de::endDrag {0.554 2.453} -context [db::getNext [de::getContexts -window 7]]
[17:01:44.39] /r dePanToPoint {-0.139 2.121}
[17:01:44.67] /# gi::executeAction deCanvasZoomInAtPoint -in [gi::getWindows 7]
[17:01:44.67] /i de::zoom -window [gi::getWindows 7] -factor 2.0 -center {0.542 2.464}
[17:01:44.67] /o {-0.728 1.881} {1.131 2.704}
[17:01:45.66] /# gi::executeAction deCanvasZoomOutAtPoint -in [gi::getWindows 7]
[17:01:45.66] /i de::zoom -window [gi::getWindows 7] -factor 0.5 -center {0.531 2.48}
[17:01:45.66] /o {-1.987 1.282} {1.731 2.929}
[17:01:46.72] /# gi::executeAction leDelete -in [gi::getWindows 7]
[17:01:46.72] /i ile::delete
[17:01:48.13] /# gi::executeAction deAddPoint -in [gi::getWindows 7]
[17:01:48.13] /i de::addPoint {0.157 2.439} -context [db::getNext [de::getContexts -window 7]]
[17:01:48.28] /# gi::executeAction deCompleteShape -in [gi::getWindows 7]
[17:01:48.28] /i de::completeShape -context [db::getNext [de::getContexts -window 7]]
[17:01:49.12] /# gi::executeAction deAddPoint -in [gi::getWindows 7]
[17:01:49.12] /i de::addPoint {0.126 2.437} -context [db::getNext [de::getContexts -window 7]]
[17:01:49.29] /# gi::executeAction deCompleteShape -in [gi::getWindows 7]
[17:01:49.29] /i de::completeShape -context [db::getNext [de::getContexts -window 7]]
[17:01:49.89] /# gi::executeAction deAddPoint -in [gi::getWindows 7]
[17:01:49.89] /i de::addPoint {0.128 2.437} -context [db::getNext [de::getContexts -window 7]]
[17:01:50.99] /# gi::executeAction deAddPoint -in [gi::getWindows 7]
[17:01:50.99] /i de::addPoint {0.11 2.401} -context [db::getNext [de::getContexts -window 7]]
[17:01:51.36] /# gi::executeAction deAddPoint -in [gi::getWindows 7]
[17:01:51.36] /i de::addPoint {0.115 2.437} -context [db::getNext [de::getContexts -window 7]]
[17:01:52.39] /# gi::executeAction deAddPoint -in [gi::getWindows 7]
[17:01:52.39] /i de::addPoint {0.032 2.457} -context [db::getNext [de::getContexts -window 7]]
[17:01:52.82] /# gi::executeAction deAddPoint -in [gi::getWindows 7]
[17:01:52.82] /i de::addPoint {-0.008 2.515} -context [db::getNext [de::getContexts -window 7]]
[17:01:53.51] /# gi::executeAction deAddPoint -in [gi::getWindows 7]
[17:01:53.51] /i de::addPoint {-0.031 2.49} -context [db::getNext [de::getContexts -window 7]]
[17:01:54.24] /# gi::executeAction deAddPoint -in [gi::getWindows 7]
[17:01:54.24] /i de::addPoint {-0.953 2.434} -context [db::getNext [de::getContexts -window 7]]
[17:01:54.89] /# gi::executeAction deAddPoint -in [gi::getWindows 7]
[17:01:54.89] /i de::addPoint {-0.937 2.43} -context [db::getNext [de::getContexts -window 7]]
[17:01:55.56] /# gi::executeAction deAddPoint -in [gi::getWindows 7]
[17:01:55.56] /i de::addPoint {-0.085 2.804} -context [db::getNext [de::getContexts -window 7]]
[17:01:55.87] /# gi::executeAction deAddPoint -in [gi::getWindows 7]
[17:01:55.87] /i de::addPoint {-0.21 2.781} -context [db::getNext [de::getContexts -window 7]]
[17:01:56.19] /# gi::executeAction deCompleteShape -in [gi::getWindows 7]
[17:01:56.19] /i de::completeShape -context [db::getNext [de::getContexts -window 7]]
[17:01:56.47] /# gi::executeAction deAddPoint -in [gi::getWindows 7]
[17:01:56.47] /i de::addPoint {0.247 2.806} -context [db::getNext [de::getContexts -window 7]]
[17:01:57.01] /# gi::executeAction deAddPoint -in [gi::getWindows 7]
[17:01:57.01] /i de::addPoint {-0.219 2.759} -context [db::getNext [de::getContexts -window 7]]
[17:01:57.64] /# gi::executeAction deAddPoint -in [gi::getWindows 7]
[17:01:57.64] /i de::addPoint {0.811 2.759} -context [db::getNext [de::getContexts -window 7]]
[17:01:57.81] /# gi::executeAction deCompleteShape -in [gi::getWindows 7]
[17:01:57.81] /i de::completeShape -context [db::getNext [de::getContexts -window 7]]
[17:01:58.06] /# gi::executeAction deAddPoint -in [gi::getWindows 7]
[17:01:58.06] /i de::addPoint {0.82 2.649} -context [db::getNext [de::getContexts -window 7]]
[17:01:58.56] /# gi::executeAction deAddPoint -in [gi::getWindows 7]
[17:01:58.56] /i de::addPoint {0.831 2.75} -context [db::getNext [de::getContexts -window 7]]
[17:01:59.00] /# gi::executeAction deAddPoint -in [gi::getWindows 7]
[17:01:59.00] /i de::addPoint {0.855 2.423} -context [db::getNext [de::getContexts -window 7]]
[17:02:00.06] /# gi::executeAction deAddPoint -in [gi::getWindows 7]
[17:02:00.06] /i de::addPoint {0.182 2.381} -context [db::getNext [de::getContexts -window 7]]
[17:02:01.51] /# gi::executeAction dePan -in [gi::getWindows 7]
[17:02:01.51] /i ide::pan [db::getNext [de::getContexts -window 7]]
[17:02:01.85] /# gi::executeAction deStartDrag -in [gi::getWindows 7]
[17:02:01.85] /i de::startDrag {0.218 2.428} -context [db::getNext [de::getContexts -window 7]]
[17:02:02.08] /# gi::executeAction deEndDrag -in [gi::getWindows 7]
[17:02:02.08] /i de::endDrag {0.218 2.43} -context [db::getNext [de::getContexts -window 7]]
[17:02:02.08] /r dePanToPoint {-0.159 1.747}
[17:02:02.69] /# gi::executeAction deStartDrag -in [gi::getWindows 7]
[17:02:02.69] /i de::startDrag {0.15 1.501} -context [db::getNext [de::getContexts -window 7]]
[17:02:03.62] /# gi::executeAction deEndDrag -in [gi::getWindows 7]
[17:02:03.62] /i de::endDrag {0.15 1.506} -context [db::getNext [de::getContexts -window 7]]
[17:02:03.62] /r dePanToPoint {-0.112 0.742}
[17:02:04.14] /# gi::executeAction deStartDrag -in [gi::getWindows 7]
[17:02:04.14] /i de::startDrag {0.162 0.391} -context [db::getNext [de::getContexts -window 7]]
[17:02:05.03] /# gi::executeAction deEndDrag -in [gi::getWindows 7]
[17:02:05.03] /i de::endDrag {0.162 0.398} -context [db::getNext [de::getContexts -window 7]]
[17:02:05.03] /r dePanToPoint {-0.103 0.366}
[17:02:06.11] /# gi::executeAction deStartDrag -in [gi::getWindows 7]
[17:02:06.11] /i de::startDrag {0.162 0.398} -context [db::getNext [de::getContexts -window 7]]
[17:02:07.30] /# gi::executeAction deEndDrag -in [gi::getWindows 7]
[17:02:07.30] /i de::endDrag {0.162 0.418} -context [db::getNext [de::getContexts -window 7]]
[17:02:07.30] /r dePanToPoint {-0.191 0.415}
[17:02:11.13] /# gi::executeAction leDelete -in [gi::getWindows 7]
[17:02:11.13] /i ile::delete
[17:02:12.86] /# gi::executeAction deAddPoint -in [gi::getWindows 7]
[17:02:12.86] /i de::addPoint {-0.61 -0.039} -context [db::getNext [de::getContexts -window 7]]
[17:02:13.54] /# gi::executeAction deAddPoint -in [gi::getWindows 7]
[17:02:13.54] /i de::addPoint {-0.606 -0.039} -context [db::getNext [de::getContexts -window 7]]
[17:02:14.20] /# gi::executeAction deAddPoint -in [gi::getWindows 7]
[17:02:14.20] /i de::addPoint {-0.606 -0.039} -context [db::getNext [de::getContexts -window 7]]
[17:02:15.13] /# gi::executeAction deAddPoint -in [gi::getWindows 7]
[17:02:15.13] /i de::addPoint {0.218 -0.043} -context [db::getNext [de::getContexts -window 7]]
[17:02:15.55] /# gi::executeAction deAddPoint -in [gi::getWindows 7]
[17:02:15.55] /i de::addPoint {0.215 -0.021} -context [db::getNext [de::getContexts -window 7]]
[17:02:16.52] /# gi::executeAction deAddPoint -in [gi::getWindows 7]
[17:02:16.52] /i de::addPoint {0.981 -0.003} -context [db::getNext [de::getContexts -window 7]]
[17:02:16.87] /# gi::executeAction deCompleteShape -in [gi::getWindows 7]
[17:02:16.87] /i de::completeShape -context [db::getNext [de::getContexts -window 7]]
[17:02:17.65] /# gi::executeAction deAddPoint -in [gi::getWindows 7]
[17:02:17.65] /i de::addPoint {1.005 0.011} -context [db::getNext [de::getContexts -window 7]]
[17:02:18.73] /# gi::executeAction deAbortCommand -in [gi::getWindows 7]
[17:02:18.73] /i de::abortCommand -context [db::getNext [de::getContexts -window 7]]
[17:02:21.01] /i gi::setActiveWindow 3
[17:02:21.01] /i gi::setActiveWindow 3 -raise true
[17:02:22.17] /i gi::setActiveWindow 4
[17:02:22.18] /i gi::setActiveWindow 4 -raise true
[17:02:26.02] /# gi::executeAction deCanvasZoomOutAtPoint -in [gi::getWindows 4]
[17:02:26.02] /i de::zoom -window [gi::getWindows 4] -factor 0.5 -center {3.23125 2.14375}
[17:02:26.02] /o {0.23125 0.1} {5.69375 2.78125}
[17:02:28.67] /i gi::setActiveWindow 7
[17:02:28.67] /i gi::setActiveWindow 7 -raise true
[17:02:30.26] /# gi::executeAction deCanvasZoomInAtPoint -in [gi::getWindows 7]
[17:02:30.26] /i de::zoom -window [gi::getWindows 7] -factor 2.0 -center {-0.508 1.118}
[17:02:30.26] /o {-1.279 0.355} {0.58 1.179}
[17:02:32.33] /# gi::executeAction dePan -in [gi::getWindows 7]
[17:02:32.33] /i ide::pan [db::getNext [de::getContexts -window 7]]
[17:02:32.57] /# gi::executeAction deStartDrag -in [gi::getWindows 7]
[17:02:32.57] /i de::startDrag {-0.368 1.08} -context [db::getNext [de::getContexts -window 7]]
[17:02:34.90] /# gi::executeAction deEndDrag -in [gi::getWindows 7]
[17:02:34.90] /i de::endDrag {-0.368 1.077} -context [db::getNext [de::getContexts -window 7]]
[17:02:34.90] /r dePanToPoint {-0.389 1.098}
[17:02:37.89] /# gi::executeAction leVia -in [gi::getWindows 7]
[17:02:37.89] /i ile::createVia
[17:02:37.99] /o oa:0x2138e960
[17:02:40.30] /i gi::setField {viaDefName} -value {via12} -in [gi::getToolbars {deCommandOptions} -from [gi::getWindows 7]]
[17:02:48.18] /# gi::executeAction deCanvasZoomInAtPoint -in [gi::getWindows 7]
[17:02:48.18] /i de::zoom -window [gi::getWindows 7] -factor 2.0 -center {-1 1.128}
[17:02:48.18] /o {-1.16 0.907} {-0.23 1.319}
[17:02:48.62] /# gi::executeAction deCanvasZoomOutAtPoint -in [gi::getWindows 7]
[17:02:48.62] /i de::zoom -window [gi::getWindows 7] -factor 0.5 -center {-1 1.128}
[17:02:48.62] /o {-1.319 0.686} {0.54 1.51}
[17:02:48.64] /# gi::executeAction deCanvasZoomOutAtPoint -in [gi::getWindows 7]
[17:02:48.64] /i de::zoom -window [gi::getWindows 7] -factor 0.5 -center {-1 1.128}
[17:02:48.64] /o {-1.638 0.244} {2.079 1.892}
[17:02:48.67] /# gi::executeAction deCanvasZoomOutAtPoint -in [gi::getWindows 7]
[17:02:48.67] /i de::zoom -window [gi::getWindows 7] -factor 0.5 -center {-1 1.129}
[17:02:48.67] /o {-2.276 -0.64} {5.159 2.654}
[17:02:48.74] /# gi::executeAction deCanvasZoomOutAtPoint -in [gi::getWindows 7]
[17:02:48.74] /i de::zoom -window [gi::getWindows 7] -factor 0.5 -center {-1.001 1.128}
[17:02:48.74] /o {-3.551 -2.408} {11.318 4.181}
[17:02:49.50] /# gi::executeAction deCanvasZoomInAtPoint -in [gi::getWindows 7]
[17:02:49.50] /i de::zoom -window [gi::getWindows 7] -factor 2.0 -center {-1.6 0.958}
[17:02:49.50] /o {-2.576 -0.725} {4.859 2.569}
[17:02:49.64] /# gi::executeAction deCanvasZoomInAtPoint -in [gi::getWindows 7]
[17:02:49.64] /i de::zoom -window [gi::getWindows 7] -factor 2.0 -center {-1.6 0.958}
[17:02:49.64] /o {-2.088 0.116} {1.63 1.764}
[17:02:56.83] /# gi::executeAction deCanvasZoomInAtPoint -in [gi::getWindows 7]
[17:02:56.83] /i de::zoom -window [gi::getWindows 7] -factor 2.0 -center {-1.005 1.068}
[17:02:56.83] /o {-1.546 0.592} {0.312 1.416}
[17:02:58.17] /# gi::executeAction deAddPoint -in [gi::getWindows 7]
[17:02:58.17] /i de::addPoint {-1 1.068} -context [db::getNext [de::getContexts -window 7]]
[17:03:03.61] /# gi::executeAction deAddPoint -in [gi::getWindows 7]
[17:03:03.61] /i de::addPoint {0.261 1.053} -context [db::getNext [de::getContexts -window 7]]
[17:03:05.42] /# gi::executeAction deCanvasZoomOutAtPoint -in [gi::getWindows 7]
[17:03:05.42] /i de::zoom -window [gi::getWindows 7] -factor 0.5 -center {0.182 1.017}
[17:03:05.42] /o {-3.275 0.167} {0.443 1.815}
[17:03:06.33] /# gi::executeAction deCanvasZoomInAtPoint -in [gi::getWindows 7]
[17:03:06.33] /i de::zoom -window [gi::getWindows 7] -factor 2.0 -center {-0.233 0.85}
[17:03:06.33] /o {-1.754 0.509} {0.105 1.332}
[17:03:12.00] /# gi::executeAction deAddPoint -in [gi::getWindows 7]
[17:03:12.00] /i de::addPoint {-0.2 0.756} -context [db::getNext [de::getContexts -window 7]]
[17:03:13.32] /# gi::executeAction deCanvasZoomOutAtPoint -in [gi::getWindows 7]
[17:03:13.32] /i de::zoom -window [gi::getWindows 7] -factor 0.5 -center {-0.339 0.818}
[17:03:13.32] /o {-3.169 0.199} {0.549 1.847}
[17:03:14.48] /# gi::executeAction dePan -in [gi::getWindows 7]
[17:03:14.48] /i ide::pan [db::getNext [de::getContexts -window 7]]
[17:03:14.80] /# gi::executeAction deStartDrag -in [gi::getWindows 7]
[17:03:14.80] /i de::startDrag {0.231 0.732} -context [db::getNext [de::getContexts -window 7]]
[17:03:16.29] /# gi::executeAction deEndDrag -in [gi::getWindows 7]
[17:03:16.29] /i de::endDrag {0.224 0.734} -context [db::getNext [de::getContexts -window 7]]
[17:03:16.29] /r dePanToPoint {-0.023 0.942}
[17:03:18.85] /# gi::executeAction deCanvasZoomInAtPoint -in [gi::getWindows 7]
[17:03:18.85] /i de::zoom -window [gi::getWindows 7] -factor 2.0 -center {1.025 0.797}
[17:03:18.86] /o {-0.428 0.458} {1.43 1.282}
[17:03:20.74] /# gi::executeAction leVia -in [gi::getWindows 7]
[17:03:20.74] /i ile::createVia
[17:03:20.85] /o oa:0x210ad300
[17:03:25.66] /# gi::executeAction deAddPoint -in [gi::getWindows 7]
[17:03:25.66] /i de::addPoint {1.058 0.752} -context [db::getNext [de::getContexts -window 7]]
[17:03:27.72] /# gi::setCurrentIndex {lpps} -index {m2 drw} -in [gi::getAssistants leObjectLayerPanel -from [gi::getWindows 7]]
[17:03:27.72] /# gi::setItemSelection {lpps} -index {m2 drw} -in [gi::getAssistants leObjectLayerPanel -from [gi::getWindows 7]]
[17:03:27.79] /# gi::executeAction leOLPSetActiveLPP -in [gi::getAssistants leObjectLayerPanel -from [gi::getWindows 7]]
[17:03:27.79] /i de::setActiveLPP [de::getLPPs -from [oa::DesignFind nmos_h2 h2 layout] -filter {%lpp =="m2 drawing"}]
[17:03:31.37] /# gi::executeAction deCanvasZoomOutAtPoint -in [gi::getWindows 7]
[17:03:31.37] /i de::zoom -window [gi::getWindows 7] -factor 0.5 -center {0.213 1.217}
[17:03:31.37] /o {-1.07 -0.301} {2.647 1.346}
[17:03:32.10] /# gi::executeAction deCanvasZoomInAtPoint -in [gi::getWindows 7]
[17:03:32.10] /i de::zoom -window [gi::getWindows 7] -factor 2.0 -center {-0.32 0.934}
[17:03:32.10] /o {-0.695 0.316} {1.164 1.14}
[17:03:34.16] /# gi::executeAction deCanvasZoomOutAtPoint -in [gi::getWindows 7]
[17:03:34.16] /i de::zoom -window [gi::getWindows 7] -factor 0.5 -center {-0.322 0.955}
[17:03:34.16] /o {-1.068 -0.322} {2.649 1.325}
[17:03:35.07] /# gi::executeAction dePan -in [gi::getWindows 7]
[17:03:35.07] /i ide::pan [db::getNext [de::getContexts -window 7]]
[17:03:35.38] /# gi::executeAction deCanvasZoomOutAtPoint -in [gi::getWindows 7]
[17:03:35.38] /i de::zoom -window [gi::getWindows 7] -factor 0.5 -center {-0.414 1.021}
[17:03:35.38] /o {-1.722 -1.665} {5.713 1.629}
[17:03:35.56] /# gi::executeAction deStartDrag -in [gi::getWindows 7]
[17:03:35.56] /i de::startDrag {-0.406 1.021} -context [db::getNext [de::getContexts -window 7]]
[17:03:36.61] /# gi::executeAction deEndDrag -in [gi::getWindows 7]
[17:03:36.61] /i de::endDrag {-0.397 1.021} -context [db::getNext [de::getContexts -window 7]]
[17:03:36.61] /r dePanToPoint {0.921 0.694}
[17:03:36.87] /# gi::executeAction deCanvasZoomInAtPoint -in [gi::getWindows 7]
[17:03:36.87] /i de::zoom -window [gi::getWindows 7] -factor 2.0 -center {-0.661 1.137}
[17:03:36.87] /o {-1.729 0.092} {1.989 1.739}
[17:03:38.20] /# gi::executeAction deAddPoint -in [gi::getWindows 7]
[17:03:38.20] /i de::addPoint {-0.522 1.148} -context [db::getNext [de::getContexts -window 7]]
[17:03:39.40] /# gi::executeAction deStartDrag -in [gi::getWindows 7]
[17:03:39.40] /i de::startDrag {-0.362 1.213} -context [db::getNext [de::getContexts -window 7]]
[17:03:40.50] /# gi::executeAction deEndDrag -in [gi::getWindows 7]
[17:03:40.50] /i de::endDrag {-0.366 1.215} -context [db::getNext [de::getContexts -window 7]]
[17:03:40.50] /r dePanToPoint {-0.267 1.002}
[17:03:41.19] /# gi::executeAction deAbortCommand -in [gi::getWindows 7]
[17:03:41.19] /i de::abortCommand -context [db::getNext [de::getContexts -window 7]]
[17:03:42.44] /# gi::executeAction deAbortCommand -in [gi::getWindows 7]
[17:03:42.44] /i de::abortCommand -context [db::getNext [de::getContexts -window 7]]
[17:03:43.03] /i gi::executeAction deCanvasDragCancel -in [gi::getWindows 7]
[17:03:43.95] /# gi::executeAction leDelete -in [gi::getWindows 7]
[17:03:43.95] /i ile::delete
[17:03:45.00] /# gi::executeAction deAddPoint -in [gi::getWindows 7]
[17:03:45.00] /i de::addPoint {-0.772 1.611} -context [db::getNext [de::getContexts -window 7]]
[17:03:48.31] /# gi::executeAction deAddPoint -in [gi::getWindows 7]
[17:03:48.32] /i de::addPoint {-0.595 0.183} -context [db::getNext [de::getContexts -window 7]]
[17:03:48.82] /# gi::executeAction deAbortCommand -in [gi::getWindows 7]
[17:03:48.82] /i de::abortCommand -context [db::getNext [de::getContexts -window 7]]
[17:03:51.41] /# gi::executeAction leRectangle -in [gi::getWindows 7]
[17:03:51.42] /i ile::createRectangle
[17:03:57.39] /# gi::executeAction deAddPoint -in [gi::getWindows 7]
[17:03:57.39] /i de::addPoint {-1.02 1.175} -context [db::getNext [de::getContexts -window 7]]
[17:04:02.67] /# gi::executeAction deAddPoint -in [gi::getWindows 7]
[17:04:02.67] /i de::addPoint {0.334 0.987} -context [db::getNext [de::getContexts -window 7]]
[17:04:08.14] /# gi::executeAction deAddPoint -in [gi::getWindows 7]
[17:04:08.14] /i de::addPoint {-0.272 0.846} -context [db::getNext [de::getContexts -window 7]]
[17:04:14.67] /# gi::executeAction deAddPoint -in [gi::getWindows 7]
[17:04:14.67] /i de::addPoint {1.135 0.651} -context [db::getNext [de::getContexts -window 7]]
[17:04:15.35] /# gi::executeAction deCanvasZoomInAtPoint -in [gi::getWindows 7]
[17:04:15.35] /i de::zoom -window [gi::getWindows 7] -factor 2.0 -center {-0.091 0.909}
[17:04:15.35] /o {-1.108 0.544} {0.75 1.368}
[17:04:16.79] /# gi::executeAction leRuler -in [gi::getWindows 7]
[17:04:16.79] /i ile::createRuler
[17:04:18.81] /# gi::executeAction deAddPoint -in [gi::getWindows 7]
[17:04:18.81] /i de::addPoint {-0.213 0.986} -context [db::getNext [de::getContexts -window 7]]
[17:04:23.40] /# gi::executeAction deAddPoint -in [gi::getWindows 7]
[17:04:23.40] /i de::addPoint {-0.181 0.836} -context [db::getNext [de::getContexts -window 7]]
[17:04:24.62] /# gi::executeAction deAbortCommand -in [gi::getWindows 7]
[17:04:24.62] /i de::abortCommand -context [db::getNext [de::getContexts -window 7]]
[17:04:25.02] /# gi::executeAction deCanvasZoomInAtPoint -in [gi::getWindows 7]
[17:04:25.02] /i de::zoom -window [gi::getWindows 7] -factor 2.0 -center {-0.144 0.849}
[17:04:25.02] /o {-0.626 0.696} {0.303 1.108}
[17:04:27.92] /# gi::executeAction dePan -in [gi::getWindows 7]
[17:04:27.92] /i ide::pan [db::getNext [de::getContexts -window 7]]
[17:04:28.27] /# gi::executeAction deStartDrag -in [gi::getWindows 7]
[17:04:28.27] /i de::startDrag {-0.11 0.873} -context [db::getNext [de::getContexts -window 7]]
[17:04:29.05] /# gi::executeAction deEndDrag -in [gi::getWindows 7]
[17:04:29.05] /i de::endDrag {-0.11 0.874} -context [db::getNext [de::getContexts -window 7]]
[17:04:29.05] /r dePanToPoint {-0.168 0.787}
[17:04:29.27] /# gi::executeAction deAbortCommand -in [gi::getWindows 7]
[17:04:29.27] /i de::abortCommand -context [db::getNext [de::getContexts -window 7]]
[17:04:31.06] /# gi::executeAction deSelectActive -in [gi::getWindows 7]
[17:04:31.06] /i de::deselectAll [db::getNext [de::getContexts -window 7]]
[17:04:31.06] /i de::select [de::getActiveFigure [gi::getWindows 7] -point {-0.282 0.777} -index 0 -intent none]
[17:04:31.06] /o oa:0x21e6e4b0
[17:04:31.85] /# gi::executeAction leMove -in [gi::getWindows 7]
[17:04:31.85] /i ile::move
[17:04:32.06] /# gi::executeAction deAddPoint -in [gi::getWindows 7]
[17:04:32.06] /i de::addPoint {-0.282 0.777} -context [db::getNext [de::getContexts -window 7]]
[17:04:36.48] /# gi::executeAction deAddPoint -in [gi::getWindows 7]
[17:04:36.48] /i de::addPoint {-0.281 0.752} -context [db::getNext [de::getContexts -window 7]]
[17:04:37.88] /# gi::executeAction deSelectActive -in [gi::getWindows 7]
[17:04:37.88] /i de::cycleActiveFigure [gi::getWindows 7] -direction next
[17:04:37.89] /o oa:0x210ace70
[17:04:37.89] /i de::deselectAll [db::getNext [de::getContexts -window 7]]
[17:04:37.89] /i de::select [de::getActiveFigure [gi::getWindows 7] -point {-0.248 0.837} -index 1 -intent none]
[17:04:37.89] /o oa:0x210699a0
[17:04:40.06] /# gi::executeAction deSelectActive -in [gi::getWindows 7]
[17:04:40.06] /i de::deselectAll [db::getNext [de::getContexts -window 7]]
[17:04:40.06] /i de::select [de::getActiveFigure [gi::getWindows 7] -point {-0.242 0.84} -index 0 -intent none]
[17:04:40.06] /o oa:0x20fdc450
[17:04:40.92] /# gi::executeAction deSelectActive -in [gi::getWindows 7]
[17:04:40.92] /i de::deselectAll [db::getNext [de::getContexts -window 7]]
[17:04:40.92] /i de::select [de::getActiveFigure [gi::getWindows 7] -point {-0.254 0.84} -index 0 -intent none]
[17:04:40.92] /o oa:0x214f3da0
[17:04:42.35] /# gi::executeAction leMove -in [gi::getWindows 7]
[17:04:42.35] /i ile::move
[17:04:42.60] /# gi::executeAction deAddPoint -in [gi::getWindows 7]
[17:04:42.60] /i de::addPoint {-0.254 0.84} -context [db::getNext [de::getContexts -window 7]]
[17:04:44.35] /# gi::executeAction deAddPoint -in [gi::getWindows 7]
[17:04:44.35] /i de::addPoint {-0.253 0.831} -context [db::getNext [de::getContexts -window 7]]
[17:04:46.20] /# gi::executeAction deCanvasZoomOutAtPoint -in [gi::getWindows 7]
[17:04:46.20] /i de::zoom -window [gi::getWindows 7] -factor 0.5 -center {0.001 0.825}
[17:04:46.20] /o {-1.268 0.337} {0.591 1.161}
[17:04:46.37] /# gi::executeAction deCanvasZoomOutAtPoint -in [gi::getWindows 7]
[17:04:46.37] /i de::zoom -window [gi::getWindows 7] -factor 0.5 -center {0 0.824}
[17:04:46.37] /o {-2.536 -0.149} {1.182 1.498}
[17:04:50.22] /# gi::executeAction deCanvasZoomInAtPoint -in [gi::getWindows 7]
[17:04:50.22] /i de::zoom -window [gi::getWindows 7] -factor 2.0 -center {1.106 0.771}
[17:04:50.22] /o {-0.715 0.311} {1.144 1.135}
[17:04:52.68] /# gi::executeAction deCanvasZoomOutAtPoint -in [gi::getWindows 7]
[17:04:52.68] /i de::zoom -window [gi::getWindows 7] -factor 0.5 -center {1.063 0.84}
[17:04:52.68] /o {-2.493 -0.218} {1.225 1.429}
[17:04:54.61] /# gi::executeAction leSplit -in [gi::getWindows 7]
[17:04:54.61] /i ile::split
[17:04:54.77] /i gi::executeAction deObjectActivation -in [gi::getWindows 7]
[17:04:54.83] /i gi::executeAction deObjectActivation -in [gi::getWindows 7]
[17:04:57.45] /i gi::executeAction deSaveDesign -in [gi::getWindows 7]
[17:04:57.45] /m Information: Saving design 'nmos_h2 h2 layout'. (DESIGN_WINDOW-004)
[17:04:59.57] /i gi::setActiveWindow 4
[17:04:59.58] /i gi::setActiveWindow 4 -raise true
[17:05:06.17] /i gi::setActiveWindow 7
[17:05:06.17] /i gi::setActiveWindow 7 -raise true
[17:05:09.62] /# gi::executeAction dePan -in [gi::getWindows 7]
[17:05:09.62] /i ide::pan [db::getNext [de::getContexts -window 7]]
[17:05:09.91] /# gi::executeAction deStartDrag -in [gi::getWindows 7]
[17:05:09.91] /i de::startDrag {-0.288 0.131} -context [db::getNext [de::getContexts -window 7]]
[17:05:10.81] /# gi::executeAction deEndDrag -in [gi::getWindows 7]
[17:05:10.81] /i de::endDrag {-0.288 0.133} -context [db::getNext [de::getContexts -window 7]]
[17:05:10.81] /r dePanToPoint {-0.497 0.11}
[17:05:11.12] /# gi::executeAction deCanvasZoomInAtPoint -in [gi::getWindows 7]
[17:05:11.12] /i de::zoom -window [gi::getWindows 7] -factor 2.0 -center {-0.32 0.129}
[17:05:11.12] /o {-1.338 -0.292} {0.521 0.532}
[17:05:11.99] /# gi::executeAction deStartDrag -in [gi::getWindows 7]
[17:05:11.99] /i de::startDrag {-0.198 0.039} -context [db::getNext [de::getContexts -window 7]]
[17:05:13.01] /# gi::executeAction deEndDrag -in [gi::getWindows 7]
[17:05:13.01] /i de::endDrag {-0.197 0.038} -context [db::getNext [de::getContexts -window 7]]
[17:05:13.01] /r dePanToPoint {-0.292 0.03}
[17:05:13.24] /# gi::executeAction deStartDrag -in [gi::getWindows 7]
[17:05:13.24] /i de::startDrag {-0.197 0.038} -context [db::getNext [de::getContexts -window 7]]
[17:05:13.59] /# gi::executeAction deEndDrag -in [gi::getWindows 7]
[17:05:13.59] /i de::endDrag {-0.197 0.04} -context [db::getNext [de::getContexts -window 7]]
[17:05:13.59] /r dePanToPoint {-0.185 0.006}
[17:05:13.96] /# gi::executeAction deCanvasZoomOutAtPoint -in [gi::getWindows 7]
[17:05:13.96] /i de::zoom -window [gi::getWindows 7] -factor 0.5 -center {-0.197 0.04}
[17:05:13.96] /o {-2.032 -0.852} {1.686 0.795}
[17:05:14.62] /# gi::executeAction deCanvasZoomInAtPoint -in [gi::getWindows 7]
[17:05:14.62] /i de::zoom -window [gi::getWindows 7] -factor 2.0 -center {-0.163 0.016}
[17:05:14.62] /o {-1.097 -0.418} {0.761 0.406}
[17:05:15.17] /# gi::executeAction deStartDrag -in [gi::getWindows 7]
[17:05:15.17] /i de::startDrag {-0.281 0.018} -context [db::getNext [de::getContexts -window 7]]
[17:05:16.67] /# gi::executeAction deEndDrag -in [gi::getWindows 7]
[17:05:16.67] /i de::endDrag {-0.28 0.018} -context [db::getNext [de::getContexts -window 7]]
[17:05:16.67] /r dePanToPoint {-0.281 0.099}
[17:05:17.75] /# gi::executeAction deCanvasZoomOutAtPoint -in [gi::getWindows 7]
[17:05:17.75] /i de::zoom -window [gi::getWindows 7] -factor 0.5 -center {-0.28 0.018}
[17:05:17.75] /o {-2.141 -0.644} {1.577 1.004}
[17:05:18.84] /# gi::executeAction leVia -in [gi::getWindows 7]
[17:05:18.84] /i ile::createVia
[17:05:18.92] /o oa:0x21f15f00
[17:05:22.67] /# gi::executeAction deCanvasZoomInAtPoint -in [gi::getWindows 7]
[17:05:22.67] /i de::zoom -window [gi::getWindows 7] -factor 2.0 -center {-0.798 -0.048}
[17:05:22.67] /o {-1.469 -0.346} {0.389 0.478}
[17:05:34.54] /# gi::executeAction deAbortCommand -in [gi::getWindows 7]
[17:05:34.54] /i de::abortCommand -context [db::getNext [de::getContexts -window 7]]
[17:05:36.00] /# gi::executeAction leVia -in [gi::getWindows 7]
[17:05:36.00] /i ile::createVia
[17:05:36.09] /o oa:0x2064c5f0
[17:05:44.04] /i gi::setField {viaDefName} -value {poly_cust} -in [gi::getToolbars {deCommandOptions} -from [gi::getWindows 7]]
[17:05:53.63] /# gi::executeAction deAddPoint -in [gi::getWindows 7]
[17:05:53.63] /i de::addPoint {-0.767 0.009} -context [db::getNext [de::getContexts -window 7]]
[17:05:59.58] /# gi::executeAction deAddPoint -in [gi::getWindows 7]
[17:05:59.58] /i de::addPoint {0.035 0.016} -context [db::getNext [de::getContexts -window 7]]
[17:06:01.29] /# gi::executeAction dePan -in [gi::getWindows 7]
[17:06:01.29] /i ide::pan [db::getNext [de::getContexts -window 7]]
[17:06:01.60] /# gi::executeAction deStartDrag -in [gi::getWindows 7]
[17:06:01.60] /i de::startDrag {0.15 -0.154} -context [db::getNext [de::getContexts -window 7]]
[17:06:02.83] /# gi::executeAction deEndDrag -in [gi::getWindows 7]
[17:06:02.83] /i de::endDrag {0.138 -0.154} -context [db::getNext [de::getContexts -window 7]]
[17:06:02.84] /r dePanToPoint {0.326 0.066}
[17:06:03.36] /# gi::executeAction leVia -in [gi::getWindows 7]
[17:06:03.36] /i ile::createVia
[17:06:03.47] /o oa:0x21584f70
[17:06:08.62] /# gi::executeAction deAddPoint -in [gi::getWindows 7]
[17:06:08.62] /i de::addPoint {0.837 0.013} -context [db::getNext [de::getContexts -window 7]]
[17:06:09.44] /# gi::executeAction deCanvasZoomOutAtPoint -in [gi::getWindows 7]
[17:06:09.44] /i de::zoom -window [gi::getWindows 7] -factor 0.5 -center {0.47 -0.019}
[17:06:09.44] /o {-1.676 -0.673} {2.041 0.975}
[17:06:11.91] /# gi::executeAction deCanvasZoomInAtPoint -in [gi::getWindows 7]
[17:06:11.91] /i de::zoom -window [gi::getWindows 7] -factor 2.0 -center {-0.627 -0.225}
[17:06:11.92] /o {-1.152 -0.449} {0.707 0.375}
[17:06:12.80] /# gi::executeAction deCanvasZoomOutAtPoint -in [gi::getWindows 7]
[17:06:12.80] /i de::zoom -window [gi::getWindows 7] -factor 0.5 -center {-0.61 -0.225}
[17:06:12.80] /o {-1.693 -0.673} {2.024 0.975}
[17:06:13.39] /# gi::executeAction leVia -in [gi::getWindows 7]
[17:06:13.39] /i ile::createVia
[17:06:19.05] /i gi::setField {viaDefName} -value {via12} -in [gi::getToolbars {deCommandOptions} -from [gi::getWindows 7]]
[17:06:19.50] /# gi::executeAction deCanvasZoomInAtPoint -in [gi::getWindows 7]
[17:06:19.50] /i de::zoom -window [gi::getWindows 7] -factor 2.0 -center {-0.912 -0.084}
[17:06:19.50] /o {-1.303 -0.378} {0.556 0.445}
[17:06:26.22] /# gi::executeAction deAddPoint -in [gi::getWindows 7]
[17:06:26.22] /i de::addPoint {-0.767 -0.076} -context [db::getNext [de::getContexts -window 7]]
[17:06:35.60] /# gi::executeAction deAddPoint -in [gi::getWindows 7]
[17:06:35.60] /i de::addPoint {0.039 -0.092} -context [db::getNext [de::getContexts -window 7]]
[17:06:36.63] /# gi::executeAction dePan -in [gi::getWindows 7]
[17:06:36.63] /i ide::pan [db::getNext [de::getContexts -window 7]]
[17:06:36.95] /# gi::executeAction deStartDrag -in [gi::getWindows 7]
[17:06:36.95] /i de::startDrag {0.395 -0.123} -context [db::getNext [de::getContexts -window 7]]
[17:06:38.13] /# gi::executeAction deEndDrag -in [gi::getWindows 7]
[17:06:38.13] /i de::endDrag {0.389 -0.123} -context [db::getNext [de::getContexts -window 7]]
[17:06:38.13] /r dePanToPoint {0.324 0.03}
[17:06:38.55] /# gi::executeAction leVia -in [gi::getWindows 7]
[17:06:38.55] /i ile::createVia
[17:06:38.65] /o oa:0x21df81b0
[17:06:42.12] /# gi::executeAction deAddPoint -in [gi::getWindows 7]
[17:06:42.12] /i de::addPoint {0.832 -0.09} -context [db::getNext [de::getContexts -window 7]]
[17:06:43.84] /# gi::executeAction deCanvasZoomOutAtPoint -in [gi::getWindows 7]
[17:06:43.84] /i de::zoom -window [gi::getWindows 7] -factor 0.5 -center {-0.104 -0.141}
[17:06:43.84] /o {-1.107 -0.622} {2.61 1.025}
[17:06:45.46] /# gi::executeAction leRotate90 -in [gi::getWindows 7]
[17:06:45.46] /i de::commandOption R90 -point {-0.458 -0.092}
[17:06:47.48] /# gi::executeAction deAbortCommand -in [gi::getWindows 7]
[17:06:47.48] /i de::abortCommand -context [db::getNext [de::getContexts -window 7]]
[17:06:48.44] /# gi::executeAction leRectangle -in [gi::getWindows 7]
[17:06:48.44] /i ile::createRectangle
[17:06:52.29] /# gi::executeAction deAddPoint -in [gi::getWindows 7]
[17:06:52.29] /i de::addPoint {0.905 0.009} -context [db::getNext [de::getContexts -window 7]]
[17:07:00.37] /# gi::executeAction deAddPoint -in [gi::getWindows 7]
[17:07:00.37] /i de::addPoint {-0.838 -0.179} -context [db::getNext [de::getContexts -window 7]]
[17:07:02.48] /# gi::executeAction deCanvasZoomOutAtPoint -in [gi::getWindows 7]
[17:07:02.48] /i de::zoom -window [gi::getWindows 7] -factor 0.5 -center {-0.731 -0.108}
[17:07:02.48] /o {-1.483 -1.137} {5.952 2.158}
[17:07:02.85] /# gi::executeAction deCanvasZoomInAtPoint -in [gi::getWindows 7]
[17:07:02.85] /i de::zoom -window [gi::getWindows 7] -factor 2.0 -center {-0.731 -0.107}
[17:07:02.85] /o {-1.107 -0.622} {2.61 1.025}
[17:07:03.23] /# gi::executeAction deCanvasZoomOutAtPoint -in [gi::getWindows 7]
[17:07:03.23] /i de::zoom -window [gi::getWindows 7] -factor 0.5 -center {-0.731 -0.107}
[17:07:03.23] /o {-1.483 -1.137} {5.952 2.158}
[17:07:05.14] /# gi::executeAction dePan -in [gi::getWindows 7]
[17:07:05.14] /i ide::pan [db::getNext [de::getContexts -window 7]]
[17:07:05.58] /# gi::executeAction deStartDrag -in [gi::getWindows 7]
[17:07:05.59] /i de::startDrag {-0.498 -0.3} -context [db::getNext [de::getContexts -window 7]]
[17:07:07.02] /# gi::executeAction deEndDrag -in [gi::getWindows 7]
[17:07:07.02] /i de::endDrag {-0.48 -0.3} -context [db::getNext [de::getContexts -window 7]]
[17:07:07.02] /r dePanToPoint {0.855 0.806}
[17:07:07.33] /# gi::executeAction deCanvasZoomInAtPoint -in [gi::getWindows 7]
[17:07:07.33] /i de::zoom -window [gi::getWindows 7] -factor 2.0 -center {-0.001 0.193}
[17:07:07.33] /o {-1.431 -0.324} {2.286 1.323}
[17:07:10.13] /# gi::setCurrentIndex {lpps} -index {poly pin} -in [gi::getAssistants leObjectLayerPanel -from [gi::getWindows 7]]
[17:07:10.13] /# gi::setItemSelection {lpps} -index {poly pin} -in [gi::getAssistants leObjectLayerPanel -from [gi::getWindows 7]]
[17:07:10.24] /# gi::executeAction leOLPSetActiveLPP -in [gi::getAssistants leObjectLayerPanel -from [gi::getWindows 7]]
[17:07:10.24] /i de::setActiveLPP [de::getLPPs -from [oa::DesignFind nmos_h2 h2 layout] -filter {%lpp =="poly pin"}]
[17:07:11.53] /# gi::executeAction deCanvasZoomInAtPoint -in [gi::getWindows 7]
[17:07:11.53] /i de::zoom -window [gi::getWindows 7] -factor 2.0 -center {-0.762 0.419}
[17:07:11.53] /o {-1.097 0.047} {0.762 0.871}
[17:07:12.98] /# gi::executeAction leRectangle -in [gi::getWindows 7]
[17:07:12.98] /i ile::createRectangle
[17:07:13.82] /# gi::executeAction deAddPoint -in [gi::getWindows 7]
[17:07:13.82] /i de::addPoint {-0.807 0.465} -context [db::getNext [de::getContexts -window 7]]
[17:07:15.36] /# gi::executeAction deAbortCommand -in [gi::getWindows 7]
[17:07:15.36] /i de::abortCommand -context [db::getNext [de::getContexts -window 7]]
[17:07:19.30] /# gi::executeAction leOLPSetActiveLPP -in [gi::getAssistants leObjectLayerPanel -from [gi::getWindows 7]]
[17:07:19.30] /i de::setActiveLPP [de::getLPPs -from [oa::DesignFind nmos_h2 h2 layout] -filter {%lpp =="poly pin"}]
[17:07:22.50] /# gi::executeAction deSelectActive -in [gi::getWindows 7]
[17:07:22.50] /i de::deselectAll [db::getNext [de::getContexts -window 7]]
[17:07:22.50] /i de::deselectAllLogic -context [db::getNext [de::getContexts -window 7]]
[17:07:23.14] /# gi::executeAction lePin -in [gi::getWindows 7]
[17:07:23.14] /i ile::createPin
[17:07:27.34] /i gi::setField {termName} -value {Gn} -in [gi::getToolbars {deCommandOptions} -from [gi::getWindows 7]]
[17:07:27.42] /i gi::setField {pinLabel} -value {true} -in [gi::getToolbars {deCommandOptions} -from [gi::getWindows 7]]
[17:07:28.97] /# gi::executeAction deStartDrag -in [gi::getWindows 7]
[17:07:28.97] /i de::startDrag {-0.809 0.422} -context [db::getNext [de::getContexts -window 7]]
[17:07:30.81] /# gi::executeAction deEndDrag -in [gi::getWindows 7]
[17:07:30.81] /i de::endDrag {-0.728 0.356} -context [db::getNext [de::getContexts -window 7]]
[17:07:31.33] /# gi::executeAction deCanvasZoomOutAtPoint -in [gi::getWindows 7]
[17:07:31.33] /i de::zoom -window [gi::getWindows 7] -factor 0.5 -center {-0.46 0.491}
[17:07:31.33] /o {-1.733 -0.396} {1.984 1.251}
[17:07:39.17] /i gi::setActiveWindow 2
[17:07:39.17] /i gi::setActiveWindow 2 -raise true
[17:07:40.19] /i gi::setActiveWindow 4
[17:07:40.19] /i gi::setActiveWindow 4 -raise true
[17:07:43.74] /i gi::setActiveWindow 2
[17:07:43.74] /i gi::setActiveWindow 2 -raise true
[17:07:44.90] /i gi::setActiveWindow 7
[17:07:44.90] /i gi::setActiveWindow 7 -raise true
[17:07:47.57] /# gi::setCurrentIndex {lpps} -index {m1 pin} -in [gi::getAssistants leObjectLayerPanel -from [gi::getWindows 7]]
[17:07:47.57] /# gi::setItemSelection {lpps} -index {m1 pin} -in [gi::getAssistants leObjectLayerPanel -from [gi::getWindows 7]]
[17:07:47.65] /# gi::executeAction leOLPSetActiveLPP -in [gi::getAssistants leObjectLayerPanel -from [gi::getWindows 7]]
[17:07:47.65] /i de::setActiveLPP [de::getLPPs -from [oa::DesignFind nmos_h2 h2 layout] -filter {%lpp =="m1 pin"}]
[17:07:51.96] /i gi::setField {termName} -value {D} -in [gi::getToolbars {deCommandOptions} -from [gi::getWindows 7]]
[17:07:55.25] /# gi::executeAction deStartDrag -in [gi::getWindows 7]
[17:07:55.25] /i de::startDrag {-0.628 0.401} -context [db::getNext [de::getContexts -window 7]]
[17:07:56.61] /# gi::executeAction deEndDrag -in [gi::getWindows 7]
[17:07:56.61] /i de::endDrag {-0.558 0.345} -context [db::getNext [de::getContexts -window 7]]
[17:07:57.87] /# gi::executeAction deCanvasZoomOutAtPoint -in [gi::getWindows 7]
[17:07:57.87] /i de::zoom -window [gi::getWindows 7] -factor 0.5 -center {-0.202 0.434}
[17:07:57.87] /o {-3.265 -1.226} {4.17 2.068}
[17:07:59.56] /# gi::executeAction leSplit -in [gi::getWindows 7]
[17:07:59.56] /i ile::split
[17:08:02.07] /i gi::executeAction deSaveDesign -in [gi::getWindows 7]
[17:08:02.07] /m Information: Saving design 'nmos_h2 h2 layout'. (DESIGN_WINDOW-004)
[17:08:04.16] /i gi::setActiveWindow 4
[17:08:04.16] /i gi::setActiveWindow 4 -raise true
[17:08:06.58] /# gi::executeAction seSchCheckAndSave -in [gi::getWindows 4]
[17:08:06.58] /i ise::check
[17:08:06.59] /m Information: 
              /c Cross view checking for nmos_h2/h2/symbol with nmos_h2/h2/schematic
              /c No violations found. (DE_EDIT-007)
[17:08:06.59] /m Information: 
[17:08:06.59] /o Checking "nmos_h2/h2/schematic"
[17:08:06.60] /o No rule violations found in "nmos_h2/h2/schematic"
[17:08:06.60] /m Information: Checking process is completed: marking the design violations
[17:08:06.73] /m Information: Marking of designs is completed
[17:08:06.74] /o true
[17:08:09.57] /i gi::pressButton {ConsoleToggleButton} -in [db::getAttr statusbar -of [gi::getWindows 4]]
[17:08:09.89] /i db::setAttr dockSize -of [gi::getAssistants deMarkerBrowser -from [gi::getWindows 4]] -value 292x553
[17:08:11.13] /i gi::pressButton {ConsoleToggleButton} -in [db::getAttr statusbar -of [gi::getWindows 4]]
[17:08:11.42] /i db::setAttr dockSize -of [gi::getAssistants deMarkerBrowser -from [gi::getWindows 4]] -value 292x770
[17:08:14.49] /i gi::setActiveWindow 7
[17:08:14.49] /i gi::setActiveWindow 7 -raise true
[17:08:16.64] /i gi::executeAction deSaveDesign -in [gi::getWindows 7]
[17:08:16.64] /m Information: Saving design 'nmos_h2 h2 layout'. (DESIGN_WINDOW-004)
[17:08:26.70] /# gi::executeAction xtLVSRun -in [gi::getWindows 7]
[17:08:26.70] /i xt::physicalVerification::executeRun lvs 7
[17:08:27.28] /# xt::physicalVerification::executePve lvs 7
[17:08:29.15] /m Information: "Starting netlisting for design "nmos_h2/h2/schematic"..." (NETLISTING-010)
[17:08:29.16] /o No Design Integrity rule violations found in "nmos_h2/h2/schematic"
[17:08:29.20] /m Information: "Netlisting design "nmos_h2/h2/schematic" finished successfully." (NETLISTING-012)
[17:08:29.50] /r giWindowId 8
[17:08:29.53] /r giWindowGeometry 800x600
[17:08:38.43] /m Information: 
              /c =============================
              /c JobID: hercules_lvs_9
              /c --- EXTRACT ERROR SUMMARY ---
              /c No Comment
              /c  ERR_CREATE_PORTS ....................................... 1 violation found.
              /c --- COMPARE ERROR SUMMARY ---
              /c Top block compare result: PASS
              /c [h2 == h2]
              /c =============================
              /c 
[17:08:39.13] /j ::xt::hercules::vue::_private::registerConnection localhost:39140 tcp5 herculesVue_1 
[17:08:39.19] /j ::xt::hercules::vue::_private::isJobReady 
[17:08:39.20] /o false
[17:08:40.20] /j ::xt::hercules::vue::_private::isJobReady 
[17:08:40.20] /o false
[17:08:41.20] /m Information: Connection established with 'Hercules-VUE' running on 'localhost'.
[17:08:41.20] /j ::xt::hercules::vue::_private::isJobReady 
[17:08:41.20] /o true
[17:08:41.21] /j ::xt::hercules::vue::startFilter LAY 
[17:08:41.23] /j ::xt::hercules::vue::startFilter SCH 
[17:08:42.19] /j ::xt::hercules::vue::setInlibPath /root/Excercise/Noise_Margins/nmos/h2/synopsys_custom/h2.hercules.lvs/. 
[17:08:42.20] /j ::xt::hercules::vue::setTopLayLCV nmos_h2 h2 layout 
[17:08:42.20] /j ::xt::hercules::vue::openCell nmos_h2 h2 layout 
[17:08:42.23] /j ::xt::hercules::vue::setTopSchLib nmos_h2 
[17:08:44.55] /i gi::setActiveTab {tabs} -tabName {h2.LVS_ERRORS} -in [gi::getWindows 8]
[17:08:45.37] /i gi::setActiveTab {tabs} -tabName {h2.LAYOUT_ERRORS} -in [gi::getWindows 8]
[17:08:50.87] /j ::xt::hercules::vue::clearAllHighlights h2 layout 
[17:08:50.89] /j ::xt::hercules::vue::clearAllHighlights {} {} 
[17:08:52.35] /j ::xt::hercules::vue::clearAllHighlights {} {} 
[17:08:52.37] /j ::xt::hercules::vue::clearAllHighlights h2 layout 
[17:08:53.05] /j ::xt::hercules::vue::clearAllHighlights h2 layout 
[17:08:53.07] /j ::xt::hercules::vue::clearAllHighlights h2 layout 
[17:08:53.09] /j ::xt::hercules::vue::openCell nmos_h2 h2 layout 
[17:08:53.10] /j ::xt::hercules::vue::clearAllHighlights {} {} 
[17:08:53.99] /j ::xt::hercules::vue::clearAllHighlights {} {} 
[17:08:54.00] /j ::xt::hercules::vue::clearAllHighlights h2 layout 
[17:08:54.01] /j ::xt::hercules::vue::clearAllHighlights h2 layout 
[17:08:54.03] /j ::xt::hercules::vue::setHighlightProperty h2 layout yellow brick 
[17:08:54.05] /j ::xt::hercules::vue::addPolygonBegin 5 
[17:08:54.09] /j ::xt::hercules::vue::addPolygonPoints {-1.810 -1.145 0.690 1.355 0.190 1.855 -2.310 -0.645 -1.810 -1.145 } 
[17:08:54.09] /j ::xt::hercules::vue::addPolygonEnd 
[17:08:54.09] /j ::xt::hercules::vue::addPolygonBegin 5 
[17:08:54.09] /j ::xt::hercules::vue::addPolygonPoints {0.690 -0.645 -1.810 1.855 -2.310 1.355 0.190 -1.145 0.690 -0.645 } 
[17:08:54.09] /j ::xt::hercules::vue::addPolygonEnd 
[17:08:54.09] /j ::xt::hercules::vue::setViewPort extents {-2.685 -1.520 1.065 2.230} LAY 
[17:08:54.10] /j ::xt::hercules::vue::addErrorDescription {"Layer Name: POLYPIN"} 
[17:08:54.11] /j ::xt::hercules::vue::drawHighlights h2 layout all 
[17:08:55.83] /j ::xt::hercules::vue::clearAllHighlights h2 layout 
[17:08:55.85] /j ::xt::hercules::vue::clearAllHighlights h2 layout 
[17:08:55.87] /j ::xt::hercules::vue::setHighlightProperty h2 layout yellow brick 
[17:08:55.89] /j ::xt::hercules::vue::addPolygonBegin 5 
[17:08:55.93] /j ::xt::hercules::vue::addPolygonPoints {-1.810 -1.145 0.690 1.355 0.190 1.855 -2.310 -0.645 -1.810 -1.145 } 
[17:08:55.93] /j ::xt::hercules::vue::addPolygonEnd 
[17:08:55.93] /j ::xt::hercules::vue::addPolygonBegin 5 
[17:08:55.93] /j ::xt::hercules::vue::addPolygonPoints {0.690 -0.645 -1.810 1.855 -2.310 1.355 0.190 -1.145 0.690 -0.645 } 
[17:08:55.93] /j ::xt::hercules::vue::addPolygonEnd 
[17:08:55.93] /j ::xt::hercules::vue::setViewPort extents {-2.685 -1.520 1.065 2.230} LAY 
[17:08:55.95] /j ::xt::hercules::vue::addErrorDescription {"Layer Name: POLYPIN"} 
[17:08:55.97] /j ::xt::hercules::vue::drawHighlights h2 layout all 
[17:08:55.99] /j ::xt::hercules::vue::clearAllHighlights {} {} 
[17:08:57.25] /i gi::setActiveWindow 8
[17:08:57.25] /i gi::setActiveWindow 8 -raise true
[17:08:57.43] /i gi::setActiveWindow 7
[17:08:57.43] /i gi::setActiveWindow 7 -raise true
[17:08:59.17] /# gi::executeAction deCanvasZoomInAtPoint -in [gi::getWindows 7]
[17:08:59.17] /i de::zoom -window [gi::getWindows 7] -factor 2.0 -center {-0.13 0.763}
[17:08:59.17] /o {-2.586 -0.378} {1.646 1.497}
[17:08:59.72] /# gi::executeAction deCanvasZoomInAtPoint -in [gi::getWindows 7]
[17:08:59.72] /i de::zoom -window [gi::getWindows 7] -factor 2.0 -center {-0.209 0.694}
[17:08:59.72] /o {-1.397 0.158} {0.718 1.095}
[17:09:00.71] /# gi::executeAction deCanvasZoomOutAtPoint -in [gi::getWindows 7]
[17:09:00.71] /i de::zoom -window [gi::getWindows 7] -factor 0.5 -center {-0.499 0.572}
[17:09:00.71] /o {-2.296 -0.256} {1.936 1.619}
[17:09:00.84] /# gi::executeAction deCanvasZoomOutAtPoint -in [gi::getWindows 7]
[17:09:00.84] /i de::zoom -window [gi::getWindows 7] -factor 0.5 -center {-0.5 0.571}
[17:09:00.84] /o {-4.091 -1.084} {4.371 2.666}
[17:09:01.19] /# gi::executeAction deCanvasZoomOutAtPoint -in [gi::getWindows 7]
[17:09:01.19] /i de::zoom -window [gi::getWindows 7] -factor 0.5 -center {-0.296 0.608}
[17:09:01.19] /o {-7.887 -2.776} {9.039 4.724}
[17:09:01.93] /# gi::executeAction deCanvasZoomInAtPoint -in [gi::getWindows 7]
[17:09:01.93] /i de::zoom -window [gi::getWindows 7] -factor 2.0 -center {-0.173 0.607}
[17:09:01.93] /o {-4.03 -1.084} {4.433 2.666}
[17:09:01.98] /# gi::executeAction deCanvasZoomInAtPoint -in [gi::getWindows 7]
[17:09:01.98] /i de::zoom -window [gi::getWindows 7] -factor 2.0 -center {-0.173 0.607}
[17:09:01.99] /o {-2.101 -0.239} {2.13 1.636}
[17:09:03.98] /# gi::executeAction deCanvasZoomInAtPoint -in [gi::getWindows 7]
[17:09:03.98] /i de::zoom -window [gi::getWindows 7] -factor 2.0 -center {-0.55 0.393}
[17:09:03.99] /o {-1.326 0.077} {0.79 1.015}
[17:09:05.31] /# gi::executeAction deCanvasZoomOutAtPoint -in [gi::getWindows 7]
[17:09:05.31] /i de::zoom -window [gi::getWindows 7] -factor 0.5 -center {-0.55 0.393}
[17:09:05.31] /o {-2.101 -0.239} {2.13 1.636}
[17:09:06.42] /# gi::executeAction deCanvasZoomInAtPoint -in [gi::getWindows 7]
[17:09:06.42] /i de::zoom -window [gi::getWindows 7] -factor 2.0 -center {-0.55 0.393}
[17:09:06.42] /o {-1.326 0.077} {0.79 1.015}
[17:09:06.55] /# gi::executeAction deCanvasZoomInAtPoint -in [gi::getWindows 7]
[17:09:06.55] /i de::zoom -window [gi::getWindows 7] -factor 2.0 -center {-0.55 0.393}
[17:09:06.55] /o {-0.938 0.235} {0.12 0.704}
[17:09:07.73] /# gi::executeAction deCanvasZoomInAtPoint -in [gi::getWindows 7]
[17:09:07.73] /i de::zoom -window [gi::getWindows 7] -factor 2.0 -center {-0.55 0.393}
[17:09:07.73] /o {-0.744 0.314} {-0.215 0.548}
[17:09:07.81] /# gi::executeAction deCanvasZoomInAtPoint -in [gi::getWindows 7]
[17:09:07.82] /i de::zoom -window [gi::getWindows 7] -factor 2.0 -center {-0.55 0.393}
[17:09:07.84] /o {-0.647 0.354} {-0.383 0.471}
[17:09:08.30] /# gi::executeAction deCanvasZoomOutAtPoint -in [gi::getWindows 7]
[17:09:08.30] /i de::zoom -window [gi::getWindows 7] -factor 0.5 -center {-0.55 0.393}
[17:09:08.30] /o {-0.744 0.314} {-0.215 0.548}
[17:09:08.33] /# gi::executeAction deCanvasZoomOutAtPoint -in [gi::getWindows 7]
[17:09:08.33] /i de::zoom -window [gi::getWindows 7] -factor 0.5 -center {-0.55 0.393}
[17:09:08.33] /o {-0.938 0.235} {0.12 0.704}
[17:09:08.40] /# gi::executeAction deCanvasZoomOutAtPoint -in [gi::getWindows 7]
[17:09:08.41] /i de::zoom -window [gi::getWindows 7] -factor 0.5 -center {-0.55 0.393}
[17:09:08.41] /o {-1.326 0.077} {0.79 1.015}
[17:09:08.44] /# gi::executeAction deCanvasZoomOutAtPoint -in [gi::getWindows 7]
[17:09:08.44] /i de::zoom -window [gi::getWindows 7] -factor 0.5 -center {-0.55 0.393}
[17:09:08.44] /o {-2.101 -0.239} {2.13 1.636}
[17:09:08.51] /# gi::executeAction deCanvasZoomOutAtPoint -in [gi::getWindows 7]
[17:09:08.51] /i de::zoom -window [gi::getWindows 7] -factor 0.5 -center {-0.55 0.393}
[17:09:08.51] /o {-3.653 -0.87} {4.81 2.88}
[17:09:08.90] /# gi::executeAction deCanvasZoomOutAtPoint -in [gi::getWindows 7]
[17:09:08.90] /i de::zoom -window [gi::getWindows 7] -factor 0.5 -center {-0.55 0.393}
[17:09:08.90] /o {-6.756 -2.134} {10.17 5.366}
[17:09:09.33] /# gi::executeAction deCanvasZoomInAtPoint -in [gi::getWindows 7]
[17:09:09.33] /i de::zoom -window [gi::getWindows 7] -factor 2.0 -center {-0.55 0.393}
[17:09:09.33] /o {-3.653 -0.87} {4.81 2.88}
[17:09:11.23] /i gi::setActiveWindow 8
[17:09:11.23] /i gi::setActiveWindow 8 -raise true
[17:09:13.06] /i gi::setActiveTab {tabs} -tabName {stdout.lvs.log} -in [gi::getWindows 8]
[17:09:15.70] /j ::xt::hercules::vue::clearAllHighlights {} {} 
[17:09:15.72] /j ::xt::hercules::vue::clearAllHighlights {} {} 
[17:09:15.74] /j ::xt::hercules::vue::clearAllHighlights h2 layout 
[17:09:15.76] /j ::xt::hercules::vue::clearAllHighlights h2 layout 
[17:09:15.90] /m Information: Connection closed with 'Hercules-VUE' running on 'localhost'.
[17:09:17.42] /i gi::setActiveWindow 7
[17:09:17.42] /i gi::setActiveWindow 7 -raise true
[17:09:18.64] /i gi::executeAction giCloseWindow -in [gi::getWindows 7]
[17:09:18.73] /i gi::setActiveWindow 8
[17:09:18.73] /i gi::setActiveWindow 8 -raise true
[17:09:19.62] /i gi::executeAction giCloseWindow -in [gi::getWindows 8]
[17:09:19.66] /i gi::setActiveWindow 4
[17:09:19.66] /i gi::setActiveWindow 4 -raise true
[17:09:21.91] /i gi::executeAction giCloseWindow -in [gi::getWindows 4]
[17:09:22.02] /i gi::setActiveWindow 3
[17:09:22.02] /i gi::setActiveWindow 3 -raise true
[17:09:25.01] /# gi::executeAction seSchCreateWire -in [gi::getWindows 3]
[17:09:25.02] /i ise::createWire
[17:09:26.16] /# gi::executeAction deAddPoint -in [gi::getWindows 3]
[17:09:26.16] /i de::addPoint {3.50625 1.4375} -context [db::getNext [de::getContexts -window 3]]
[17:09:26.20] /i de::setCursor -point {3.5625 1.4375 }
[17:09:27.12] /# gi::executeAction deAddPoint -in [gi::getWindows 3]
[17:09:27.12] /i de::addPoint {3.98125 1.4375} -context [db::getNext [de::getContexts -window 3]]
[17:09:28.17] /# gi::executeAction deAddPoint -in [gi::getWindows 3]
[17:09:28.17] /i de::addPoint {4.26875 1.25} -context [db::getNext [de::getContexts -window 3]]
[17:09:28.86] /# gi::executeAction deAddPoint -in [gi::getWindows 3]
[17:09:28.86] /i de::addPoint {4.4875 1.2375} -context [db::getNext [de::getContexts -window 3]]
[17:09:30.01] /i de::setCursor -point {4.4375 1.375 }
[17:09:30.04] /i de::setCursor -point {4.625 1.375 }
[17:09:30.09] /i de::setCursor -point {4.625 1.3125 }
[17:09:30.88] /# gi::executeAction deAddPoint -in [gi::getWindows 3]
[17:09:30.88] /i de::addPoint {4.5125 1.25} -context [db::getNext [de::getContexts -window 3]]
[17:09:31.01] /# gi::executeAction deCompleteShape -in [gi::getWindows 3]
[17:09:31.01] /i de::completeShape -context [db::getNext [de::getContexts -window 3]]
[17:09:32.89] /# gi::executeAction deAddPoint -in [gi::getWindows 3]
[17:09:32.89] /i de::addPoint {3.00625 1.6} -context [db::getNext [de::getContexts -window 3]]
[17:09:33.95] /# gi::executeAction deAddPoint -in [gi::getWindows 3]
[17:09:33.95] /i de::addPoint {3.25 1.625} -context [db::getNext [de::getContexts -window 3]]
[17:09:35.34] /# gi::executeAction deAddPoint -in [gi::getWindows 3]
[17:09:35.34] /i de::addPoint {3.51875 1.8} -context [db::getNext [de::getContexts -window 3]]
[17:09:35.52] /i de::setCursor -point {3.5625 1.875 }
[17:09:35.62] /i de::setCursor -point {3.5625 1.9375 }
[17:09:36.46] /# gi::executeAction deAddPoint -in [gi::getWindows 3]
[17:09:36.46] /i de::addPoint {3.4875 2.16875} -context [db::getNext [de::getContexts -window 3]]
[17:09:36.59] /# gi::executeAction deCompleteShape -in [gi::getWindows 3]
[17:09:36.59] /i de::completeShape -context [db::getNext [de::getContexts -window 3]]
[17:09:37.92] /# gi::executeAction deAddPoint -in [gi::getWindows 3]
[17:09:37.92] /i de::addPoint {4.25 1.65625} -context [db::getNext [de::getContexts -window 3]]
[17:09:38.20] /i de::setCursor -point {4.3125 1.6875 }
[17:09:38.25] /i de::setCursor -point {4.25 1.75 }
[17:09:38.34] /i de::setCursor -point {4.125 1.8125 }
[17:09:38.56] /i de::setCursor -point {4.1875 1.8125 }
[17:09:38.75] /i de::setCursor -point {4.3125 1.6875 }
[17:09:38.93] /i de::setCursor -point {4.3125 1.625 }
[17:09:38.96] /i de::setCursor -point {4.25 1.625 }
[17:09:39.56] /# gi::executeAction deAddPoint -in [gi::getWindows 3]
[17:09:39.56] /i de::addPoint {4.25625 1.61875} -context [db::getNext [de::getContexts -window 3]]
[17:09:40.47] /# gi::executeAction deAddPoint -in [gi::getWindows 3]
[17:09:40.47] /i de::addPoint {4.24375 1.66875} -context [db::getNext [de::getContexts -window 3]]
[17:09:40.57] /i de::setCursor -point {4.1875 1.6875 }
[17:09:42.36] /# gi::executeAction deAddPoint -in [gi::getWindows 3]
[17:09:42.37] /i de::addPoint {3.5 2.0125} -context [db::getNext [de::getContexts -window 3]]
[17:09:59.69] /# gi::executeAction seSchCreateSchematicPin -in [gi::getWindows 3]
[17:09:59.69] /i ise::createSchematicPin
[17:10:03.11] /i gi::setField {schematicPinType} -value {output} -in [gi::getToolbars {deCommandOptions} -from [gi::getWindows 3]]
[17:10:06.81] /i gi::setField {schematicPinName} -value {out} -in [gi::getToolbars {deCommandOptions} -from [gi::getWindows 3]]
[17:10:09.06] /# gi::executeAction deAddPoint -in [gi::getWindows 3]
[17:10:09.06] /i de::addPoint {4.50625 1.25625} -context [db::getNext [de::getContexts -window 3]]
[17:10:12.64] /i gi::setField {schematicPinType} -value {inputOutput} -in [gi::getToolbars {deCommandOptions} -from [gi::getWindows 3]]
[17:10:15.69] /i gi::executeAction deObjectActivation -in [gi::getWindows 3]
[17:10:15.85] /i gi::setField {schematicPinName} -value {} -in [gi::getToolbars {deCommandOptions} -from [gi::getWindows 3]]
[17:10:16.74] /e Error: Cannot execute 'Shift-g' binding because target action deSaveConfiguration is disabled. (WINDOW-118)
[17:10:16.96] /i gi::executeAction deObjectActivation -in [gi::getWindows 3]
[17:10:19.05] /i gi::executeAction deObjectActivation -in [gi::getWindows 3]
[17:10:19.27] /i gi::setField {schematicPinName} -value {G} -in [gi::getToolbars {deCommandOptions} -from [gi::getWindows 3]]
[17:10:19.27] /i gi::executeAction deObjectActivation -in [gi::getWindows 3]
[17:10:22.26] /# gi::executeAction deAddPoint -in [gi::getWindows 3]
[17:10:22.26] /i de::addPoint {2.9875 1.625} -context [db::getNext [de::getContexts -window 3]]
[17:10:25.02] /i gi::executeAction deObjectActivation -in [gi::getWindows 3]
[17:10:25.87] /i gi::setField {schematicPinName} -value {Dn} -in [gi::getToolbars {deCommandOptions} -from [gi::getWindows 3]]
[17:10:25.87] /i gi::executeAction deObjectActivation -in [gi::getWindows 3]
[17:10:27.82] /# gi::executeAction deAddPoint -in [gi::getWindows 3]
[17:10:27.82] /i de::addPoint {3.48125 2.15625} -context [db::getNext [de::getContexts -window 3]]
[17:10:29.27] /# gi::executeAction deAbortCommand -in [gi::getWindows 3]
[17:10:29.27] /i de::abortCommand -context [db::getNext [de::getContexts -window 3]]
[17:10:30.30] /# gi::executeAction deSelectActive -in [gi::getWindows 3]
[17:10:30.30] /i de::deselectAllLogic -context [db::getNext [de::getContexts -window 3]]
[17:10:32.94] /# gi::executeAction seSchCheckAndSave -in [gi::getWindows 3]
[17:10:32.95] /i ise::check
[17:10:32.98] /m Information: 
[17:10:32.98] /o Checking "nmos_h4/h4/schematic"
[17:10:32.99] /o No rule violations found in "nmos_h4/h4/schematic"
[17:10:32.99] /m Information: Checking process is completed: marking the design violations
[17:10:33.22] /m Information: Marking of designs is completed
[17:10:33.22] /o true
[17:10:36.70] /i gi::pressButton {ConsoleToggleButton} -in [db::getAttr statusbar -of [gi::getWindows 3]]
[17:10:37.96] /i gi::pressButton {ConsoleToggleButton} -in [db::getAttr statusbar -of [gi::getWindows 3]]
[17:10:45.22] /# gi::executeAction deCellviewFromCellview -in [gi::getWindows 3]
[17:10:45.22] /i db::showCellViewFromCellView -src [db::getAttr container -of [db::getAttr editFile -of [db::getNext [de::getContexts -window 3]]]] 
[17:10:45.25] /o oa:0x21059290
[17:10:45.38] /i gi::setActiveDialog [gi::getDialogs {dbCellViewFromCellView}]
[17:10:45.62] /i db::setAttr geometry -of [gi::getDialogs {dbCellViewFromCellView}] -value 628x339+636+320
[17:10:47.32] /i gi::pressButton {ok} -in [gi::getDialogs {dbCellViewFromCellView}]
[17:10:47.43] /r giWindowId 9
[17:10:47.45] /r giWindowGeometry 1632x849
[17:10:51.46] /# gi::executeAction deSaveDesignAs -in [gi::getWindows 9]
[17:10:51.46] /i de::showSaveDesignAs -context [db::getNext [de::getContexts -window 9]]
[17:10:52.09] /r giDialog gi::setActiveDialog [gi::getDialogs {deSaveDesignAs} -parent [gi::getWindows 9]]
[17:10:52.31] /r giDialog db::setAttr geometry -of [gi::getDialogs {deSaveDesignAs} -parent [gi::getWindows 9]] -value 274x128+823+461
[17:10:54.32] /r giDialog gi::pressButton {ok} -in [gi::getDialogs {deSaveDesignAs} -parent [gi::getWindows 9]]
[17:10:54.32] /m Information: Saving design 'nmos_h4 h4 symbol'. (DESIGN_WINDOW-004)
[17:10:59.17] /i gi::executeAction deSaveDesign -in [gi::getWindows 9]
[17:10:59.17] /m Information: Saving design 'nmos_h4 h4 symbol'. (DESIGN_WINDOW-004)
[17:11:02.00] /i gi::setActiveWindow 2
[17:11:02.00] /i gi::setActiveWindow 2 -raise true
[17:11:05.32] /i gi::setCurrentIndex {libs} -index {nmos_h4} -in [gi::getWindows 2]
[17:11:05.34] /i gi::setItemSelection {libs} -index {nmos_h4} -in [gi::getWindows 2]
[17:11:08.16] /i gi::setCurrentIndex {cells} -index {h4} -in [gi::getWindows 2]
[17:11:08.16] /# gi::executeAction dmShowNewCell -in [gi::getWindows 2]
[17:11:08.16] /i dm::showNewCell -parent 2
[17:11:08.42] /o oa:0x1efee3a0
[17:11:08.59] /i gi::setActiveDialog [gi::getDialogs {dmNewCell} -parent [gi::getWindows 2]]
[17:11:08.66] /i db::setAttr geometry -of [gi::getDialogs {dmNewCell} -parent [gi::getWindows 2]] -value 448x227+725+328
[17:11:12.96] /i gi::setCurrentIndex {libs} -index {reference90RF} -in [gi::getDialogs {dmNewCell} -parent [gi::getWindows 2]]
[17:11:12.99] /i gi::setItemSelection {libs} -index {reference90RF} -in [gi::getDialogs {dmNewCell} -parent [gi::getWindows 2]]
[17:11:14.19] /i gi::setCurrentIndex {libs} -index {nmos_h4} -in [gi::getDialogs {dmNewCell} -parent [gi::getWindows 2]]
[17:11:14.21] /i gi::setItemSelection {cells} -index {} -in [gi::getDialogs {dmNewCell} -parent [gi::getWindows 2]]
[17:11:14.22] /i gi::setItemSelection {cells} -index {h4} -in [gi::getDialogs {dmNewCell} -parent [gi::getWindows 2]]
[17:11:14.24] /i gi::setItemSelection {libs} -index {nmos_h4} -in [gi::getDialogs {dmNewCell} -parent [gi::getWindows 2]]
[17:11:20.15] /i gi::setField {cellName} -value {h4_test} -in [gi::getDialogs {dmNewCell} -parent [gi::getWindows 2]]
[17:11:20.15] /i gi::pressButton {ok} -in [gi::getDialogs {dmNewCell} -parent [gi::getWindows 2]]
[17:11:20.17] /# dm::createCell h4\_test -lib [ oa::LibFind [oa::ScalarName [oa::CdbaNS] nmos\_h4]]
[17:11:20.17] /# gi::setItemSelection {cells} -index {} -in [gi::getDialogs {dmNewCell} -parent [gi::getWindows 2]]
[17:11:20.18] /# gi::setItemSelection {cells} -index {h4_test} -in [gi::getDialogs {dmNewCell} -parent [gi::getWindows 2]]
[17:11:21.93] /i gi::setCurrentIndex {cells} -index {h4_test} -in [gi::getWindows 2]
[17:11:21.93] /i gi::setItemSelection {cells} -index {h4_test} -in [gi::getWindows 2]
[17:11:23.94] /# gi::executeAction dmShowNewCellView -in [gi::getWindows 2]
[17:11:23.94] /i dm::showNewCellView -parent 2
[17:11:24.16] /o oa:0x2146d3d0
[17:11:24.32] /i gi::setActiveDialog [gi::getDialogs {dmNewCellView} -parent [gi::getWindows 2]]
[17:11:24.58] /i db::setAttr geometry -of [gi::getDialogs {dmNewCellView} -parent [gi::getWindows 2]] -value 588x285+655+299
[17:11:31.82] /i gi::pressButton {ok} -in [gi::getDialogs {dmNewCellView} -parent [gi::getWindows 2]]
[17:11:31.84] /# db::getAttr viewType -of [dm::findCellView schematic -cell [dm::findCell h4\_test -lib [oa::LibFind [oa::ScalarName [oa::CdbaNS] nmos\_h4]]]]
[17:11:31.85] /# dm::createCellView schematic -cell [dm::findCell h4\_test -lib [ oa::LibFind [oa::ScalarName [oa::CdbaNS] nmos\_h4]]] -viewType schematic
[17:11:31.86] /# de::open [dm::findCellView schematic -cell [dm::findCell h4\_test -lib [oa::LibFind [oa::ScalarName [oa::CdbaNS] nmos\_h4]]]] -application seSchematic
[17:11:31.92] /r giWindowId 10
[17:11:31.94] /r giWindowGeometry 1632x849
[17:11:32.69] /m Information: 
[17:11:32.69] /o Checking "nmos_h4/h4_test/schematic"
[17:11:32.69] /o No rule violations found in "nmos_h4/h4_test/schematic"
[17:11:32.69] /m Information: Checking process is completed: marking the design violations
[17:11:32.69] /m Information: Marking of designs is completed
[17:11:34.73] /# gi::executeAction seCreateInst -in [gi::getWindows 10]
[17:11:34.73] /i ise::createInst
[17:11:34.90] /i gi::setActiveDialog [gi::getDialogs {seCreateInst} -parent [gi::getWindows 10]]
[17:11:35.13] /i db::setAttr geometry -of [gi::getDialogs {seCreateInst}] -value 359x337+0+71
[17:11:38.71] /i gi::setField {instMasterLib} -value {nmos_h4} -in [gi::getDialogs {seCreateInst} -parent [gi::getWindows 10]]
[17:11:39.11] /i db::setAttr geometry -of [gi::getDialogs {seCreateInst}] -value 359x337+0+71
[17:11:41.07] /i gi::setField {instMasterCell} -value {h4} -in [gi::getDialogs {seCreateInst} -parent [gi::getWindows 10]]
[17:11:41.58] /i db::setAttr geometry -of [gi::getDialogs {seCreateInst}] -value 359x337+0+71
[17:11:43.77] /# gi::executeAction deAddPoint -in [gi::getWindows 10]
[17:11:43.77] /i de::addPoint {3.30625 1.94375} -context [db::getNext [de::getContexts -window 10]]
[17:11:44.94] /# gi::executeAction deCanvasZoomInAtPoint -in [gi::getWindows 10]
[17:11:44.94] /i de::zoom -window [gi::getWindows 10] -factor 2.0 -center {2.83125 2.25}
[17:11:44.94] /o {0.68125 0.7625} {5.58125 3.16875}
[17:11:47.90] /i gi::setField {instMasterLib} -value {basic} -in [gi::getDialogs {seCreateInst} -parent [gi::getWindows 10]]
[17:11:48.44] /i db::setAttr geometry -of [gi::getDialogs {seCreateInst}] -value 359x337+0+71
[17:11:54.61] /i gi::setField {instMasterCell} -value {vdd} -in [gi::getDialogs {seCreateInst} -parent [gi::getWindows 10]]
[17:11:55.11] /i db::setAttr geometry -of [gi::getDialogs {seCreateInst}] -value 359x337+0+71
[17:11:59.34] /# gi::executeAction deAddPoint -in [gi::getWindows 10]
[17:11:59.34] /i de::addPoint {3.33125 2.75} -context [db::getNext [de::getContexts -window 10]]
[17:12:01.15] /# gi::executeAction seSchCreateWire -in [gi::getWindows 10]
[17:12:01.15] /i ise::createWire
[17:12:02.27] /# gi::executeAction deAddPoint -in [gi::getWindows 10]
[17:12:02.27] /i de::addPoint {3.31875 2.76875} -context [db::getNext [de::getContexts -window 10]]
[17:12:02.51] /i de::setCursor -point {3.3125 2.375 }
[17:12:03.80] /# gi::executeAction deAddPoint -in [gi::getWindows 10]
[17:12:03.80] /i de::addPoint {3.3125 1.9375} -context [db::getNext [de::getContexts -window 10]]
[17:12:04.80] /# gi::executeAction deAddPoint -in [gi::getWindows 10]
[17:12:04.80] /i de::addPoint {3.63125 2.3625} -context [db::getNext [de::getContexts -window 10]]
[17:12:04.99] /i de::setCursor -point {3.5625 2.375 }
[17:12:06.12] /# gi::executeAction deAddPoint -in [gi::getWindows 10]
[17:12:06.12] /i de::addPoint {3.3375 2.4} -context [db::getNext [de::getContexts -window 10]]
[17:12:07.31] /# gi::executeAction deAddPoint -in [gi::getWindows 10]
[17:12:07.31] /i de::addPoint {3.94375 1.94375} -context [db::getNext [de::getContexts -window 10]]
[17:12:08.02] /# gi::executeAction deAddPoint -in [gi::getWindows 10]
[17:12:08.02] /i de::addPoint {4.1375 1.94375} -context [db::getNext [de::getContexts -window 10]]
[17:12:08.52] /i de::setCursor -point {4.1875 2 }
[17:12:08.60] /i de::setCursor -point {4.25 2 }
[17:12:09.15] /# gi::executeAction seSchCreateSchematicPin -in [gi::getWindows 10]
[17:12:09.15] /i ise::createSchematicPin
[17:12:11.57] /i gi::setField {schematicPinType} -value {output} -in [gi::getToolbars {deCommandOptions} -from [gi::getWindows 10]]
[17:12:14.04] /i gi::setField {schematicPinName} -value {out} -in [gi::getToolbars {deCommandOptions} -from [gi::getWindows 10]]
[17:12:15.69] /# gi::executeAction deAddPoint -in [gi::getWindows 10]
[17:12:15.69] /i de::addPoint {3.9375 1.95625} -context [db::getNext [de::getContexts -window 10]]
[17:12:16.97] /# gi::executeAction deAbortCommand -in [gi::getWindows 10]
[17:12:16.97] /i de::abortCommand -context [db::getNext [de::getContexts -window 10]]
[17:12:18.02] /# gi::executeAction deSelectActive -in [gi::getWindows 10]
[17:12:18.02] /i de::deselectAllLogic -context [db::getNext [de::getContexts -window 10]]
[17:12:18.70] /# gi::executeAction deSaveDesignAs -in [gi::getWindows 10]
[17:12:18.70] /i de::showSaveDesignAs -context [db::getNext [de::getContexts -window 10]]
[17:12:19.24] /r giDialog gi::setActiveDialog [gi::getDialogs {deSaveDesignAs} -parent [gi::getWindows 10]]
[17:12:19.40] /r giDialog db::setAttr geometry -of [gi::getDialogs {deSaveDesignAs} -parent [gi::getWindows 10]] -value 274x128+823+461
[17:12:21.11] /r giDialog gi::pressButton {ok} -in [gi::getDialogs {deSaveDesignAs} -parent [gi::getWindows 10]]
[17:12:21.11] /m Information: Saving design 'nmos_h4 h4_test schematic'. (DESIGN_WINDOW-004)
[17:12:24.71] /# gi::executeAction seSchCheckAndSave -in [gi::getWindows 10]
[17:12:24.71] /i ise::check
[17:12:24.73] /m Information: 
[17:12:24.73] /o Checking "nmos_h4/h4_test/schematic"
[17:12:24.74] /o No rule violations found in "nmos_h4/h4_test/schematic"
[17:12:24.74] /m Information: Checking process is completed: marking the design violations
[17:12:25.00] /m Information: Marking of designs is completed
[17:12:25.01] /o true
[17:15:38.50] /i gi::setActiveWindow 2
[17:15:38.50] /i gi::setActiveWindow 2 -raise true
[17:15:39.62] /i gi::sortItems {cells} -column {Cells} -order {descending} -in [gi::getWindows 2]
[17:15:41.94] /i gi::setCurrentIndex {views} -index {schematic} -in [gi::getWindows 2]
[17:15:42.51] /i gi::setCurrentIndex {cells} -index {h4} -in [gi::getWindows 2]
[17:15:42.52] /i gi::setItemSelection {cells} -index {h4} -in [gi::getWindows 2]
[17:15:44.24] /i gi::setCurrentIndex {views} -index {schematic} -in [gi::getWindows 2]
[17:15:44.24] /# gi::executeAction dmShowNewCellView -in [gi::getWindows 2]
[17:15:44.24] /i dm::showNewCellView -parent 2
[17:15:44.45] /o oa:0x21fc5de0
[17:15:44.61] /i gi::setActiveDialog [gi::getDialogs {dmNewCellView} -parent [gi::getWindows 2]]
[17:15:44.78] /i db::setAttr geometry -of [gi::getDialogs {dmNewCellView} -parent [gi::getWindows 2]] -value 588x285+655+299
[17:15:55.16] /i gi::pressButton {ok} -in [gi::getDialogs {dmNewCellView} -parent [gi::getWindows 2]]
[17:15:55.22] /# db::getAttr viewType -of [dm::findCellView layout -cell [dm::findCell h4 -lib [oa::LibFind [oa::ScalarName [oa::CdbaNS] nmos\_h4]]]]
[17:15:55.24] /# dm::createCellView layout -cell [dm::findCell h4 -lib [ oa::LibFind [oa::ScalarName [oa::CdbaNS] nmos\_h4]]] -viewType maskLayout
[17:15:55.25] /# de::open [dm::findCellView layout -cell [dm::findCell h4 -lib [oa::LibFind [oa::ScalarName [oa::CdbaNS] nmos\_h4]]]] -application leLayout
[17:15:55.47] /r giWindowId 11
[17:15:55.52] /r giWindowGeometry 1632x849
[17:15:55.62] /i de::setActiveLPP [de::getLPPs "text drawing" -from [db::getAttr editDesign -of [de::getContexts -window 11]]]
[17:15:58.02] /i gi::setActiveWindow 2
[17:15:58.02] /i gi::setActiveWindow 2 -raise true
[17:16:01.00] /# gi::executeAction dbShowTechnologyManager -in [gi::getWindows 2]
[17:16:01.00] /i db::showManageTechnology
[17:16:01.00] /r giWindowId 12
[17:16:01.07] /r giWindowGeometry 350x400
[17:16:01.59] /# gi::setItemSelection {techTechnologyManagerLibWidget} -index {{analogLib}} -in [gi::getWindows 12]
[17:16:01.60] /# gi::setItemSelection {techTechnologyManagerLibWidget} -index {} -in [gi::getWindows 12]
[17:16:01.60] /# gi::setItemSelection {techTechnologyManagerLibWidget} -index {{nmos_h4}} -in [gi::getWindows 12]
[17:16:01.60] /o oa:0x21262460
[17:16:03.25] /i gi::setCurrentIndex {techTechnologyManagerLibWidget} -index {nmos_h4 , Attachment} -in [gi::getWindows 12]
[17:16:05.05] /i gi::setField {techTechnologyManagerLibWidget} -value {nmos_h4} -index {nmos_h4,Attachment} -in [gi::getWindows 12]
[17:16:05.37] /m Information: The context with top design nmos_h4/h4/schematic was closed because all the designs in its hierarchy were unexpectedly purged. (DESIGN-113)
[17:16:05.49] /m Information: The context with top design nmos_h4/h4/symbol was closed because all the designs in its hierarchy were unexpectedly purged. (DESIGN-113)
[17:16:05.65] /m Information: The context with top design nmos_h4/h4_test/schematic was closed because all the designs in its hierarchy were unexpectedly purged. (DESIGN-113)
[17:16:05.92] /m Information: The context with top design nmos_h4/h4/layout was closed because all the designs in its hierarchy were unexpectedly purged. (DESIGN-113)
[17:16:07.80] /i gi::setActiveWindow 2
[17:16:07.80] /i gi::setActiveWindow 2 -raise true
[17:16:09.30] /i gi::setCurrentIndex {views} -index {layout} -in [gi::getWindows 2]
[17:16:09.30] /i gi::setItemSelection {views} -index {layout} -in [gi::getWindows 2]
[17:16:09.48] /i gi::executeAction dmOpen -in [gi::getWindows 2]
[17:16:09.62] /r giWindowId 13
[17:16:09.63] /r giWindowGeometry 1632x849
[17:16:09.70] /# de::setActiveLPP [de::getLPPs "exclude blockage" -from [db::getAttr editDesign -of [de::getContexts -window 13]]]
[17:16:12.54] /i gi::executeAction giCloseWindow -in [gi::getWindows 12]
[17:16:13.21] /# gi::executeAction deSelectActive -in [gi::getWindows 13]
[17:16:13.21] /i de::deselectAllLogic -context [db::getNext [de::getContexts -window 13]]
[17:16:13.72] /# gi::executeAction leInstance -in [gi::getWindows 13]
[17:16:13.72] /i ile::createInst
[17:16:14.22] /i gi::setActiveDialog [gi::getDialogs {leCreateInst} -parent [gi::getWindows 13]]
[17:16:14.47] /i db::setAttr geometry -of [gi::getDialogs {leCreateInst}] -value 612x532+654+196
[17:16:18.17] /i gi::setCurrentIndex {instLCVLibs} -index {reference90RF} -in [gi::getDialogs {leCreateInst} -parent [gi::getWindows 13]]
[17:16:18.22] /i gi::setItemSelection {instLCVLibs} -index {reference90RF} -in [gi::getDialogs {leCreateInst} -parent [gi::getWindows 13]]
[17:16:19.11] /i gi::setCurrentIndex {instLCVCellCategories} -index {Mos_3t} -in [gi::getDialogs {leCreateInst} -parent [gi::getWindows 13]]
[17:16:19.11] /i gi::setItemSelection {instLCVCellCategories} -index {Mos_3t} -in [gi::getDialogs {leCreateInst} -parent [gi::getWindows 13]]
[17:16:19.95] /i gi::setCurrentIndex {instLCVCellCategories} -index {Dio} -in [gi::getDialogs {leCreateInst} -parent [gi::getWindows 13]]
[17:16:19.95] /i gi::setItemSelection {instLCVCellCategories} -index {Dio} -in [gi::getDialogs {leCreateInst} -parent [gi::getWindows 13]]
[17:16:20.51] /i gi::setCurrentIndex {instLCVCellCategories} -index {Mos_4t} -in [gi::getDialogs {leCreateInst} -parent [gi::getWindows 13]]
[17:16:20.52] /i gi::setItemSelection {instLCVCellCategories} -index {Mos_4t} -in [gi::getDialogs {leCreateInst} -parent [gi::getWindows 13]]
[17:16:20.83] /i gi::setCurrentIndex {instLCVCellCategories} -index {Mos_3t} -in [gi::getDialogs {leCreateInst} -parent [gi::getWindows 13]]
[17:16:20.83] /i gi::setItemSelection {instLCVCellCategories} -index {Mos_3t} -in [gi::getDialogs {leCreateInst} -parent [gi::getWindows 13]]
[17:16:21.65] /i gi::setCurrentIndex {instLCVCells} -index {nh_3t} -in [gi::getDialogs {leCreateInst} -parent [gi::getWindows 13]]
[17:16:21.77] /i gi::setItemSelection {instLCVCells} -index {nh_3t} -in [gi::getDialogs {leCreateInst} -parent [gi::getWindows 13]]
[17:16:22.23] /i gi::setCurrentIndex {instLCVCells} -index {nl_3t} -in [gi::getDialogs {leCreateInst} -parent [gi::getWindows 13]]
[17:16:22.32] /i gi::setItemSelection {instLCVCells} -index {nl_3t} -in [gi::getDialogs {leCreateInst} -parent [gi::getWindows 13]]
[17:16:23.14] /i gi::setCurrentIndex {instLCVCells} -index {na_3t} -in [gi::getDialogs {leCreateInst} -parent [gi::getWindows 13]]
[17:16:23.27] /i gi::setItemSelection {instLCVCells} -index {na_3t} -in [gi::getDialogs {leCreateInst} -parent [gi::getWindows 13]]
[17:16:23.49] /i gi::setCurrentIndex {instLCVCells} -index {n_3t} -in [gi::getDialogs {leCreateInst} -parent [gi::getWindows 13]]
[17:16:23.60] /i gi::setItemSelection {instLCVCells} -index {n_3t} -in [gi::getDialogs {leCreateInst} -parent [gi::getWindows 13]]
[17:16:26.40] /i gi::setActiveTab {tabWidget} -tabName {instParamTab} -in [gi::getDialogs {leCreateInst} -parent [gi::getWindows 13]]
[17:16:27.59] /i gi::setItemSelection {instParamExpand} -index {w,all} -in [gi::getDialogs {leCreateInst} -parent [gi::getWindows 13]]
[17:16:27.59] /i gi::setCurrentIndex {instParamExpand} -index {w,Value} -in [gi::getDialogs {leCreateInst} -parent [gi::getWindows 13]]
[17:16:31.33] /i gi::setField {instParamExpand} -value {2u} -index {w,Value} -in [gi::getDialogs {leCreateInst} -parent [gi::getWindows 13]]
[17:16:33.01] /# gi::executeAction deCanvasZoomOutAtPoint -in [gi::getWindows 13]
[17:16:33.02] /i de::zoom -window [gi::getWindows 13] -factor 0.5 -center {-0.189 -0.039}
[17:16:33.02] /o {-0.641 -0.329} {1.02 0.407}
[17:16:33.19] /# gi::executeAction deCanvasZoomOutAtPoint -in [gi::getWindows 13]
[17:16:33.22] /i de::zoom -window [gi::getWindows 13] -factor 0.5 -center {-0.189 -0.049}
[17:16:33.22] /o {-1.094 -0.609} {2.228 0.863}
[17:16:33.62] /# gi::executeAction deCanvasZoomOutAtPoint -in [gi::getWindows 13]
[17:16:33.62] /i de::zoom -window [gi::getWindows 13] -factor 0.5 -center {-0.19 -0.049}
[17:16:33.62] /o {-1.998 -1.169} {4.646 1.775}
[17:16:33.98] /# gi::executeAction deCanvasZoomOutAtPoint -in [gi::getWindows 13]
[17:16:33.99] /i de::zoom -window [gi::getWindows 13] -factor 0.5 -center {-0.198 -0.057}
[17:16:33.99] /o {-3.798 -2.281} {9.49 3.607}
[17:16:35.39] /# gi::executeAction deAddPoint -in [gi::getWindows 13]
[17:16:35.39] /i de::addPoint {-1.246 -0.753} -context [db::getNext [de::getContexts -window 13]]
[17:16:37.74] /# gi::executeAction deCanvasZoomInAtPoint -in [gi::getWindows 13]
[17:16:37.74] /i de::zoom -window [gi::getWindows 13] -factor 2.0 -center {-0.398 -0.873}
[17:16:37.75] /o {-2.098 -1.577} {4.546 1.367}
[17:16:42.03] /# gi::executeAction deAddPoint -in [gi::getWindows 13]
[17:16:42.03] /i de::addPoint {-0.446 -0.757} -context [db::getNext [de::getContexts -window 13]]
[17:16:43.29] /# gi::executeAction deAbortCommand -in [gi::getWindows 13]
[17:16:43.29] /i de::abortCommand -context [db::getNext [de::getContexts -window 13]]
[17:16:45.52] /i gi::setField {stopLevel} -value {1} -in [gi::getToolbars {leHierarchy} -from [gi::getWindows 13]]
[17:16:46.42] /# gi::executeAction dePan -in [gi::getWindows 13]
[17:16:46.43] /i ide::pan [db::getNext [de::getContexts -window 13]]
[17:16:46.75] /# gi::executeAction deStartDrag -in [gi::getWindows 13]
[17:16:46.75] /i de::startDrag {0.234 0.191} -context [db::getNext [de::getContexts -window 13]]
[17:16:48.30] /# gi::executeAction deEndDrag -in [gi::getWindows 13]
[17:16:48.30] /i de::endDrag {0.238 0.191} -context [db::getNext [de::getContexts -window 13]]
[17:16:48.30] /r dePanToPoint {-0.064 0.235}
[17:16:49.17] /i gi::setActiveWindow 2
[17:16:49.17] /i gi::setActiveWindow 2 -raise true
[17:16:50.59] /i gi::setCurrentIndex {views} -index {schematic} -in [gi::getWindows 2]
[17:16:50.59] /i gi::setItemSelection {views} -index {schematic} -in [gi::getWindows 2]
[17:16:50.71] /i gi::executeAction dmOpen -in [gi::getWindows 2]
[17:16:50.77] /r giWindowId 14
[17:16:50.78] /r giWindowGeometry 1632x849
[17:16:51.61] /o "nmos_h4/h4/schematic" design does not need checking
[17:16:55.48] /i gi::setActiveWindow 13
[17:16:55.48] /i gi::setActiveWindow 13 -raise true
[17:16:56.53] /i gi::setActiveWindow 14
[17:16:56.53] /i gi::setActiveWindow 14 -raise true
[17:16:59.40] /i gi::setActiveWindow 2
[17:16:59.43] /i gi::setActiveWindow 2 -raise true
[17:17:00.72] /i gi::setActiveWindow 14
[17:17:00.72] /i gi::setActiveWindow 14 -raise true
[17:17:01.81] /i gi::setActiveWindow 13
[17:17:01.81] /i gi::setActiveWindow 13 -raise true
[17:17:03.00] /# gi::executeAction deCanvasZoomInAtPoint -in [gi::getWindows 13]
[17:17:03.00] /i de::zoom -window [gi::getWindows 13] -factor 2.0 -center {-0.878 1.271}
[17:17:03.00] /o {-2.132 0.017} {1.19 1.489}
[17:17:05.77] /# gi::executeAction deDescendRead -in [gi::getWindows 13]
[17:17:05.77] /i ide::descend 13 -inPlace false -readOnly true -promptView false
[17:17:06.39] /# gi::executeAction deSelectActive -in [gi::getWindows 13]
[17:17:06.39] /i de::deselectAllLogic -context [db::getNext [de::getContexts -window 13]]
[17:17:07.25] /# gi::executeAction deEndDrag -in [gi::getWindows 13]
[17:17:07.25] /i de::endDrag {0.214 0.961} -context [db::getNext [de::getContexts -window 13]]
[17:17:08.31] /i gi::setActiveWindow 2
[17:17:08.31] /i gi::setActiveWindow 2 -raise true
[17:17:09.63] /i gi::setActiveWindow 14
[17:17:09.63] /i gi::setActiveWindow 14 -raise true
[17:17:19.71] /i gi::setActiveWindow 13
[17:17:19.71] /i gi::setActiveWindow 13 -raise true
[17:17:22.31] /# gi::executeAction dePan -in [gi::getWindows 13]
[17:17:22.31] /i ide::pan [db::getNext [de::getContexts -window 13]]
[17:17:22.60] /# gi::executeAction deStartDrag -in [gi::getWindows 13]
[17:17:22.60] /i de::startDrag {0.044 1.189} -context [db::getNext [de::getContexts -window 13]]
[17:17:23.52] /# gi::executeAction deEndDrag -in [gi::getWindows 13]
[17:17:23.53] /i de::endDrag {0.046 1.189} -context [db::getNext [de::getContexts -window 13]]
[17:17:23.53] /r dePanToPoint {-0.627 1.045}
[17:17:24.91] /i gi::setActiveWindow 2
[17:17:24.91] /i gi::setActiveWindow 2 -raise true
[17:17:27.36] /i gi::setActiveWindow 14
[17:17:27.36] /i gi::setActiveWindow 14 -raise true
[17:17:28.32] /i gi::setActiveWindow 13
[17:17:28.32] /i gi::setActiveWindow 13 -raise true
[17:17:29.14] /# gi::executeAction deStartDrag -in [gi::getWindows 13]
[17:17:29.14] /i de::startDrag {0.458 1.029} -context [db::getNext [de::getContexts -window 13]]
[17:17:30.22] /# gi::executeAction deEndDrag -in [gi::getWindows 13]
[17:17:30.22] /i de::endDrag {0.458 1.067} -context [db::getNext [de::getContexts -window 13]]
[17:17:30.22] /r dePanToPoint {-0.521 0.513}
[17:17:31.17] /# gi::executeAction leVia -in [gi::getWindows 13]
[17:17:31.17] /i ile::createVia
[17:17:31.45] /o oa:0x21112300
[17:17:42.15] /# gi::executeAction deAddPoint -in [gi::getWindows 13]
[17:17:42.15] /i de::addPoint {-0.964 1.079} -context [db::getNext [de::getContexts -window 13]]
[17:17:45.88] /# gi::executeAction deAddPoint -in [gi::getWindows 13]
[17:17:45.88] /i de::addPoint {-0.166 1.079} -context [db::getNext [de::getContexts -window 13]]
[17:17:48.68] /# gi::setCurrentIndex {lpps} -index {m2 drw} -in [gi::getAssistants leObjectLayerPanel -from [gi::getWindows 13]]
[17:17:48.68] /# gi::setItemSelection {lpps} -index {m2 drw} -in [gi::getAssistants leObjectLayerPanel -from [gi::getWindows 13]]
[17:17:48.75] /# gi::executeAction leOLPSetActiveLPP -in [gi::getAssistants leObjectLayerPanel -from [gi::getWindows 13]]
[17:17:48.75] /i de::setActiveLPP [de::getLPPs -from [oa::DesignFind nmos_h4 h4 layout] -filter {%lpp =="m2 drawing"}]
[17:17:50.28] /# gi::executeAction leRotate90 -in [gi::getWindows 13]
[17:17:50.28] /i de::commandOption R90 -point {-0.994 1.023}
[17:17:51.60] /# gi::executeAction leRotate90 -in [gi::getWindows 13]
[17:17:51.60] /i de::commandOption R90 -point {-1.024 1.171}
[17:17:51.77] /# gi::executeAction leRotate90 -in [gi::getWindows 13]
[17:17:51.77] /i de::commandOption R90 -point {-1.024 1.171}
[17:17:52.07] /# gi::executeAction deAbortCommand -in [gi::getWindows 13]
[17:17:52.07] /i de::abortCommand -context [db::getNext [de::getContexts -window 13]]
[17:17:52.39] /# gi::executeAction leRectangle -in [gi::getWindows 13]
[17:17:52.40] /i ile::createRectangle
[17:17:54.68] /# gi::executeAction deAddPoint -in [gi::getWindows 13]
[17:17:54.68] /i de::addPoint {-1.034 1.181} -context [db::getNext [de::getContexts -window 13]]
[17:17:59.07] /# gi::executeAction deAddPoint -in [gi::getWindows 13]
[17:17:59.07] /i de::addPoint {-0.092 0.989} -context [db::getNext [de::getContexts -window 13]]
[17:18:00.70] /# gi::executeAction deCanvasZoomInAtPoint -in [gi::getWindows 13]
[17:18:00.70] /i de::zoom -window [gi::getWindows 13] -factor 2.0 -center {-0.942 0.921}
[17:18:00.70] /o {-1.562 0.349} {0.099 1.085}
[17:18:01.35] /# gi::executeAction deCanvasZoomOutAtPoint -in [gi::getWindows 13]
[17:18:01.35] /i de::zoom -window [gi::getWindows 13] -factor 0.5 -center {-0.942 0.921}
[17:18:01.35] /o {-2.182 -0.223} {1.14 1.249}
[17:18:03.23] /i gi::setActiveWindow 2
[17:18:03.24] /i gi::setActiveWindow 2 -raise true
[17:18:04.53] /i gi::setActiveWindow 13
[17:18:04.53] /i gi::setActiveWindow 13 -raise true
[17:18:11.20] /# gi::setCurrentIndex {lpps} -index {m2 pin} -in [gi::getAssistants leObjectLayerPanel -from [gi::getWindows 13]]
[17:18:11.20] /# gi::setItemSelection {lpps} -index {m2 pin} -in [gi::getAssistants leObjectLayerPanel -from [gi::getWindows 13]]
[17:18:11.30] /# gi::executeAction leOLPSetActiveLPP -in [gi::getAssistants leObjectLayerPanel -from [gi::getWindows 13]]
[17:18:11.30] /i de::setActiveLPP [de::getLPPs -from [oa::DesignFind nmos_h4 h4 layout] -filter {%lpp =="m2 pin"}]
[17:18:13.90] /i gi::executeAction deObjectActivation -in [gi::getWindows 13]
[17:18:14.01] /i gi::executeAction deObjectActivation -in [gi::getWindows 13]
[17:18:14.11] /i gi::executeAction deObjectActivation -in [gi::getWindows 13]
[17:18:14.19] /# gi::executeAction lePin -in [gi::getWindows 13]
[17:18:14.19] /i ile::createPin
[17:18:18.54] /i gi::setField {termName} -value {Dn} -in [gi::getToolbars {deCommandOptions} -from [gi::getWindows 13]]
[17:18:18.60] /i gi::setField {pinLabel} -value {true} -in [gi::getToolbars {deCommandOptions} -from [gi::getWindows 13]]
[17:18:20.38] /# gi::executeAction deStartDrag -in [gi::getWindows 13]
[17:18:20.38] /i de::startDrag {-0.824 1.123} -context [db::getNext [de::getContexts -window 13]]
[17:18:21.33] /# gi::executeAction deEndDrag -in [gi::getWindows 13]
[17:18:21.33] /i de::endDrag {-0.724 1.049} -context [db::getNext [de::getContexts -window 13]]
[17:18:23.26] /# gi::executeAction deCanvasZoomOutAtPoint -in [gi::getWindows 13]
[17:18:23.26] /i de::zoom -window [gi::getWindows 13] -factor 0.5 -center {0.096 1.041}
[17:18:23.26] /o {-4.46 -1.487} {2.184 1.457}
[17:18:24.40] /# gi::executeAction deDescendRead -in [gi::getWindows 13]
[17:18:24.40] /i ide::descend 13 -inPlace false -readOnly true -promptView false
[17:18:24.75] /# gi::executeAction deSelectActive -in [gi::getWindows 13]
[17:18:24.75] /i de::deselectAllLogic -context [db::getNext [de::getContexts -window 13]]
[17:18:25.75] /# gi::executeAction deEndDrag -in [gi::getWindows 13]
[17:18:25.75] /i de::endDrag {0.3 0.545} -context [db::getNext [de::getContexts -window 13]]
[17:18:26.12] /# gi::executeAction dePan -in [gi::getWindows 13]
[17:18:26.12] /i ide::pan [db::getNext [de::getContexts -window 13]]
[17:18:26.22] /i gi::executeAction deObjectActivation -in [gi::getWindows 13]
[17:18:26.58] /# gi::executeAction deStartDrag -in [gi::getWindows 13]
[17:18:26.58] /i de::startDrag {0.292 0.921} -context [db::getNext [de::getContexts -window 13]]
[17:18:27.25] /# gi::executeAction deEndDrag -in [gi::getWindows 13]
[17:18:27.25] /i de::endDrag {0.292 0.901} -context [db::getNext [de::getContexts -window 13]]
[17:18:27.25] /r dePanToPoint {-1.094 0.389}
[17:18:27.45] /# gi::executeAction deCanvasZoomInAtPoint -in [gi::getWindows 13]
[17:18:27.45] /i de::zoom -window [gi::getWindows 13] -factor 2.0 -center {0.22 0.961}
[17:18:27.45] /o {-2.098 -0.061} {1.224 1.411}
[17:18:29.28] /# gi::executeAction deAbortCommand -in [gi::getWindows 13]
[17:18:29.28] /i de::abortCommand -context [db::getNext [de::getContexts -window 13]]
[17:18:31.50] /# gi::executeAction deAbortCommand -in [gi::getWindows 13]
[17:18:31.50] /i de::abortCommand -context [db::getNext [de::getContexts -window 13]]
[17:21:01.75] /i gi::setActiveWindow 2
[17:21:01.75] /i gi::setActiveWindow 2 -raise true
[17:21:02.09] /i gi::setActiveWindow 14
[17:21:02.09] /i gi::setActiveWindow 14 -raise true
[17:21:06.01] /i gi::setActiveWindow 13
[17:21:06.01] /i gi::setActiveWindow 13 -raise true
[17:21:10.40] /# gi::setCurrentIndex {lpps} -index {poly pin} -in [gi::getAssistants leObjectLayerPanel -from [gi::getWindows 13]]
[17:21:10.40] /# gi::setItemSelection {lpps} -index {poly pin} -in [gi::getAssistants leObjectLayerPanel -from [gi::getWindows 13]]
[17:21:10.49] /# gi::executeAction leOLPSetActiveLPP -in [gi::getAssistants leObjectLayerPanel -from [gi::getWindows 13]]
[17:21:10.49] /i de::setActiveLPP [de::getLPPs -from [oa::DesignFind nmos_h4 h4 layout] -filter {%lpp =="poly pin"}]
[17:21:11.17] /# gi::executeAction leRectangle -in [gi::getWindows 13]
[17:21:11.17] /i ile::createRectangle
[17:21:12.93] /i gi::executeAction deObjectActivation -in [gi::getWindows 13]
[17:21:13.07] /# gi::executeAction lePin -in [gi::getWindows 13]
[17:21:13.07] /i ile::createPin
[17:21:15.24] /# gi::executeAction leManualGuardRing -in [gi::getWindows 13]
[17:21:15.24] /i ile::createGuardRing
[17:21:15.75] /i gi::executeAction deObjectActivation -in [gi::getWindows 13]
[17:21:17.03] /i gi::executeAction deObjectActivation -in [gi::getWindows 13]
[17:21:18.06] /# gi::executeAction lePin -in [gi::getWindows 13]
[17:21:18.06] /i ile::createPin
[17:21:20.52] /i gi::setField {termName} -value {G} -in [gi::getToolbars {deCommandOptions} -from [gi::getWindows 13]]
[17:21:22.36] /# gi::executeAction deStartDrag -in [gi::getWindows 13]
[17:21:22.36] /i de::startDrag {-1.232 0.835} -context [db::getNext [de::getContexts -window 13]]
[17:21:24.50] /# gi::executeAction deEndDrag -in [gi::getWindows 13]
[17:21:24.50] /i de::endDrag {-1.16 0.761} -context [db::getNext [de::getContexts -window 13]]
[17:21:27.71] /i gi::setActiveWindow 14
[17:21:27.71] /i gi::setActiveWindow 14 -raise true
[17:21:35.39] /i gi::setActiveWindow 13
[17:21:35.39] /i gi::setActiveWindow 13 -raise true
[17:21:42.37] /# gi::executeAction leVia -in [gi::getWindows 13]
[17:21:42.38] /i ile::createVia
[17:21:42.48] /o oa:0x210ae7e0
[17:21:54.55] /# gi::executeAction deAddPoint -in [gi::getWindows 13]
[17:21:54.55] /i de::addPoint {-1.432 0.461} -context [db::getNext [de::getContexts -window 13]]
[17:21:58.78] /# gi::executeAction deCanvasZoomInAtPoint -in [gi::getWindows 13]
[17:21:58.78] /i de::zoom -window [gi::getWindows 13] -factor 2.0 -center {-0.38 1.403}
[17:21:58.78] /o {-1.239 0.671} {0.422 1.407}
[17:21:59.55] /# gi::executeAction deCanvasZoomOutAtPoint -in [gi::getWindows 13]
[17:21:59.55] /i de::zoom -window [gi::getWindows 13] -factor 0.5 -center {-0.39 1.378}
[17:21:59.55] /o {-2.088 -0.036} {1.234 1.436}
[17:22:03.66] /# gi::executeAction deCanvasZoomInAtPoint -in [gi::getWindows 13]
[17:22:03.66] /i de::zoom -window [gi::getWindows 13] -factor 2.0 -center {-0.27 1.1}
[17:22:03.66] /o {-1.179 0.532} {0.482 1.268}
[17:22:05.83] /# gi::executeAction dePan -in [gi::getWindows 13]
[17:22:05.83] /i ide::pan [db::getNext [de::getContexts -window 13]]
[17:22:05.99] /i gi::executeAction deObjectActivation -in [gi::getWindows 13]
[17:22:06.31] /# gi::executeAction deStartDrag -in [gi::getWindows 13]
[17:22:06.32] /i de::startDrag {-0.265 1.178} -context [db::getNext [de::getContexts -window 13]]
[17:22:07.34] /# gi::executeAction deEndDrag -in [gi::getWindows 13]
[17:22:07.34] /i de::endDrag {-0.265 1.175} -context [db::getNext [de::getContexts -window 13]]
[17:22:07.34] /r dePanToPoint {-0.327 1.407}
[17:22:08.88] /# gi::executeAction leVia -in [gi::getWindows 13]
[17:22:08.88] /i ile::createVia
[17:22:09.01] /o oa:0x20459930
[17:22:13.90] /# gi::executeAction deAddPoint -in [gi::getWindows 13]
[17:22:13.91] /i de::addPoint {-0.073 1.629} -context [db::getNext [de::getContexts -window 13]]
[17:22:18.08] /i gi::setField {viaDefName} -value {poly_cust} -in [gi::getToolbars {deCommandOptions} -from [gi::getWindows 13]]
[17:22:22.83] /# gi::executeAction deAddPoint -in [gi::getWindows 13]
[17:22:22.83] /i de::addPoint {-0.393 1.432} -context [db::getNext [de::getContexts -window 13]]
[17:22:24.29] /# gi::executeAction deAbortCommand -in [gi::getWindows 13]
[17:22:24.29] /i de::abortCommand -context [db::getNext [de::getContexts -window 13]]
[17:22:25.13] /# gi::executeAction deSelectActive -in [gi::getWindows 13]
[17:22:25.14] /i de::deselectAll [db::getNext [de::getContexts -window 13]]
[17:22:25.14] /i de::select [de::getActiveFigure [gi::getWindows 13] -point {-0.088 1.614} -index 0 -intent none]
[17:22:25.14] /o oa:0x224e3d10
[17:22:25.83] /# gi::executeAction leStartStretchDrag -in [gi::getWindows 13]
[17:22:25.83] /i layout_editor::directStretch [de::getActiveFigure [gi::getWindows 13] -point {-0.071 1.615} -index 0 -intent none] 13
[17:22:25.83] /# ile::stretch -point {-0.07 1.615}
[17:22:30.65] /# gi::executeAction deEndDrag -in [gi::getWindows 13]
[17:22:30.65] /i de::endDrag {-0.141 1.49} -context [db::getNext [de::getContexts -window 13]]
[17:22:31.23] /# gi::executeAction leMove -in [gi::getWindows 13]
[17:22:31.23] /i ile::move
[17:22:31.83] /# gi::executeAction deAddPoint -in [gi::getWindows 13]
[17:22:31.83] /i de::addPoint {-0.094 1.55} -context [db::getNext [de::getContexts -window 13]]
[17:22:37.38] /i gi::setField {editAngleMode} -value {Any Angle} -in [gi::getToolbars {deCommandOptions} -from [gi::getWindows 13]]
[17:22:43.28] /# gi::executeAction deAddPoint -in [gi::getWindows 13]
[17:22:43.28] /i de::addPoint {-0.419 1.581} -context [db::getNext [de::getContexts -window 13]]
[17:22:44.38] /i gi::executeAction deCanvasDragCancel -in [gi::getWindows 13]
[17:22:46.25] /# gi::executeAction dePan -in [gi::getWindows 13]
[17:22:46.25] /i ide::pan [db::getNext [de::getContexts -window 13]]
[17:22:46.82] /# gi::executeAction deStartDrag -in [gi::getWindows 13]
[17:22:46.83] /i de::startDrag {-0.724 1.335} -context [db::getNext [de::getContexts -window 13]]
[17:22:48.23] /# gi::executeAction deEndDrag -in [gi::getWindows 13]
[17:22:48.23] /i de::endDrag {-0.72 1.335} -context [db::getNext [de::getContexts -window 13]]
[17:22:48.23] /r dePanToPoint {-0.86 1.417}
[17:22:48.47] /# gi::executeAction deCanvasZoomOutAtPoint -in [gi::getWindows 13]
[17:22:48.47] /i de::zoom -window [gi::getWindows 13] -factor 0.5 -center {-0.72 1.335}
[17:22:48.47] /o {-2.662 0.763} {0.66 2.235}
[17:22:48.60] /# gi::executeAction deCanvasZoomOutAtPoint -in [gi::getWindows 13]
[17:22:48.60] /i de::zoom -window [gi::getWindows 13] -factor 0.5 -center {-0.736 1.335}
[17:22:48.60] /o {-4.588 0.191} {2.056 3.135}
[17:22:49.81] /# gi::executeAction deCanvasZoomInAtPoint -in [gi::getWindows 13]
[17:22:49.81] /i de::zoom -window [gi::getWindows 13] -factor 2.0 -center {-1.132 0.923}
[17:22:49.81] /o {-2.86 0.557} {0.462 2.029}
[17:22:51.85] /# gi::executeAction dePan -in [gi::getWindows 13]
[17:22:51.85] /i ide::pan [db::getNext [de::getContexts -window 13]]
[17:22:52.11] /# gi::executeAction deStartDrag -in [gi::getWindows 13]
[17:22:52.11] /i de::startDrag {-1.83 0.823} -context [db::getNext [de::getContexts -window 13]]
[17:22:53.05] /# gi::executeAction deEndDrag -in [gi::getWindows 13]
[17:22:53.05] /i de::endDrag {-1.83 0.829} -context [db::getNext [de::getContexts -window 13]]
[17:22:53.05] /r dePanToPoint {-1.037 0.867}
[17:22:53.43] /# gi::executeAction deAddPoint -in [gi::getWindows 13]
[17:22:53.43] /i de::addPoint {-1.83 0.829} -context [db::getNext [de::getContexts -window 13]]
[17:22:55.68] /# gi::executeAction deStartDrag -in [gi::getWindows 13]
[17:22:55.68] /i de::startDrag {-1.075 1.417} -context [db::getNext [de::getContexts -window 13]]
[17:22:56.84] /# gi::executeAction deEndDrag -in [gi::getWindows 13]
[17:22:56.84] /i de::endDrag {-1.079 1.413} -context [db::getNext [de::getContexts -window 13]]
[17:22:56.85] /r dePanToPoint {-1.464 0.981}
[17:22:58.70] /# gi::executeAction leMove -in [gi::getWindows 13]
[17:22:58.70] /i ile::move
[17:22:59.67] /# gi::executeAction deAddPoint -in [gi::getWindows 13]
[17:22:59.67] /i de::addPoint {-2.017 0.947} -context [db::getNext [de::getContexts -window 13]]
[17:22:59.92] /# gi::executeAction deAbortCommand -in [gi::getWindows 13]
[17:22:59.92] /i de::abortCommand -context [db::getNext [de::getContexts -window 13]]
[17:23:01.85] /# gi::executeAction deSelectActive -in [gi::getWindows 13]
[17:23:01.85] /i de::deselectAll [db::getNext [de::getContexts -window 13]]
[17:23:01.85] /i de::select [de::getActiveFigure [gi::getWindows 13] -point {-1.509 0.469} -index 0 -intent none]
[17:23:01.85] /o oa:0x1f1a9300
[17:23:02.56] /# gi::executeAction leStartStretchDrag -in [gi::getWindows 13]
[17:23:02.57] /i layout_editor::directStretch [de::getActiveFigure [gi::getWindows 13] -point {-1.509 0.469} -index 0 -intent none] 13
[17:23:02.57] /# ile::stretch -point {-1.51 0.47}
[17:23:06.69] /# gi::executeAction deEndDrag -in [gi::getWindows 13]
[17:23:06.69] /i de::endDrag {-1.469 1.547} -context [db::getNext [de::getContexts -window 13]]
[17:23:07.68] /# gi::setCurrentIndex {lpps} -index {m2 drw} -in [gi::getAssistants leObjectLayerPanel -from [gi::getWindows 13]]
[17:23:07.68] /# gi::setItemSelection {lpps} -index {m2 drw} -in [gi::getAssistants leObjectLayerPanel -from [gi::getWindows 13]]
[17:23:07.77] /# gi::executeAction leOLPSetActiveLPP -in [gi::getAssistants leObjectLayerPanel -from [gi::getWindows 13]]
[17:23:07.77] /i de::setActiveLPP [de::getLPPs -from [oa::DesignFind nmos_h4 h4 layout] -filter {%lpp =="m2 drawing"}]
[17:23:08.85] /# gi::executeAction leRectangle -in [gi::getWindows 13]
[17:23:08.85] /i ile::createRectangle
[17:23:11.92] /# gi::executeAction deAddPoint -in [gi::getWindows 13]
[17:23:11.92] /i de::addPoint {-0.327 1.641} -context [db::getNext [de::getContexts -window 13]]
[17:23:17.29] /# gi::executeAction deAddPoint -in [gi::getWindows 13]
[17:23:17.29] /i de::addPoint {-1.461 1.457} -context [db::getNext [de::getContexts -window 13]]
[17:23:18.68] /# gi::executeAction deAbortCommand -in [gi::getWindows 13]
[17:23:18.68] /i de::abortCommand -context [db::getNext [de::getContexts -window 13]]
[17:23:21.02] /# gi::setCurrentIndex {lpps} -index {m1 drw} -in [gi::getAssistants leObjectLayerPanel -from [gi::getWindows 13]]
[17:23:21.02] /# gi::setItemSelection {lpps} -index {m1 drw} -in [gi::getAssistants leObjectLayerPanel -from [gi::getWindows 13]]
[17:23:21.08] /# gi::executeAction leOLPSetActiveLPP -in [gi::getAssistants leObjectLayerPanel -from [gi::getWindows 13]]
[17:23:21.08] /i de::setActiveLPP [de::getLPPs -from [oa::DesignFind nmos_h4 h4 layout] -filter {%lpp =="m1 drawing"}]
[17:23:22.05] /# gi::executeAction leRectangle -in [gi::getWindows 13]
[17:23:22.05] /i ile::createRectangle
[17:23:23.81] /# gi::executeAction deAddPoint -in [gi::getWindows 13]
[17:23:23.81] /i de::addPoint {-1.319 1.091} -context [db::getNext [de::getContexts -window 13]]
[17:23:28.61] /# gi::executeAction deAddPoint -in [gi::getWindows 13]
[17:23:28.61] /i de::addPoint {-1.421 1.607} -context [db::getNext [de::getContexts -window 13]]
[17:23:29.96] /# gi::executeAction deAbortCommand -in [gi::getWindows 13]
[17:23:29.96] /i de::abortCommand -context [db::getNext [de::getContexts -window 13]]
[17:23:31.60] /# gi::executeAction leSplit -in [gi::getWindows 13]
[17:23:31.60] /i ile::split
[17:23:31.71] /i gi::executeAction deObjectActivation -in [gi::getWindows 13]
[17:23:32.25] /i gi::executeAction deObjectActivation -in [gi::getWindows 13]
[17:23:38.35] /# gi::executeAction dePan -in [gi::getWindows 13]
[17:23:38.35] /i ide::pan [db::getNext [de::getContexts -window 13]]
[17:23:38.83] /# gi::executeAction deStartDrag -in [gi::getWindows 13]
[17:23:38.83] /i de::startDrag {0.079 0.677} -context [db::getNext [de::getContexts -window 13]]
[17:23:40.15] /# gi::executeAction deEndDrag -in [gi::getWindows 13]
[17:23:40.15] /i de::endDrag {0.077 0.679} -context [db::getNext [de::getContexts -window 13]]
[17:23:40.16] /r dePanToPoint {-1.146 0.705}
[17:23:41.46] /# gi::setCurrentIndex {lpps} -index {m1 pin} -in [gi::getAssistants leObjectLayerPanel -from [gi::getWindows 13]]
[17:23:41.46] /# gi::setItemSelection {lpps} -index {m1 pin} -in [gi::getAssistants leObjectLayerPanel -from [gi::getWindows 13]]
[17:23:41.55] /# gi::executeAction leOLPSetActiveLPP -in [gi::getAssistants leObjectLayerPanel -from [gi::getWindows 13]]
[17:23:41.55] /i de::setActiveLPP [de::getLPPs -from [oa::DesignFind nmos_h4 h4 layout] -filter {%lpp =="m1 pin"}]
[17:23:43.18] /i gi::executeAction deObjectActivation -in [gi::getWindows 13]
[17:23:43.35] /# gi::executeAction lePin -in [gi::getWindows 13]
[17:23:43.35] /i ile::createPin
[17:23:46.48] /i gi::setField {termName} -value {out} -in [gi::getToolbars {deCommandOptions} -from [gi::getWindows 13]]
[17:23:49.20] /# gi::executeAction deStartDrag -in [gi::getWindows 13]
[17:23:49.20] /i de::startDrag {-0.609 0.821} -context [db::getNext [de::getContexts -window 13]]
[17:23:50.53] /# gi::executeAction deEndDrag -in [gi::getWindows 13]
[17:23:50.53] /i de::endDrag {-0.529 0.765} -context [db::getNext [de::getContexts -window 13]]
[17:24:00.98] /i gi::setActiveWindow 14
[17:24:00.98] /i gi::setActiveWindow 14 -raise true
[17:24:05.06] /i gi::setActiveWindow 13
[17:24:05.06] /i gi::setActiveWindow 13 -raise true
[17:24:09.61] /# gi::executeAction xtDRCSetup -in [gi::getWindows 13]
[17:24:09.61] /i xt::showDRCSetup -job drc -window 13
[17:24:10.46] /o oa:0x1f30e150
[17:24:10.64] /i gi::setActiveDialog [gi::getDialogs {xtDRCSetup} -parent [gi::getWindows 13]]
[17:24:10.91] /i db::setAttr geometry -of [gi::getDialogs {xtDRCSetup} -parent [gi::getWindows 13]] -value 475x427+865+358
[17:24:12.87] /i gi::pressButton {/tabGroup/mainTab/jobParametersGroup/runsetFile/browseButton} -in [gi::getDialogs {xtDRCSetup} -parent [gi::getWindows 13]]
[17:24:20.65] /r giFileDialog accept ../../../lab1vlsi/PDK/hercules/drc/reference_drc.ev
[17:24:21.61] /i gi::setActiveTab {/tabGroup} -tabName {/tabGroup/customOptionsTab} -in [gi::getDialogs {xtDRCSetup} -parent [gi::getWindows 13]]
[17:24:22.51] /i gi::setField {/tabGroup/customOptionsTab/layerMapFile/entryField} -value {/remote/dept-seg-cae2/FTK/agarwals/PERFORCE/IPL/reference/90nm/techfiles/reference90RF_layer.map} -in [gi::getDialogs {xtDRCSetup} -parent [gi::getWindows 13]]
[17:24:22.58] /i gi::pressButton {/tabGroup/customOptionsTab/layerMapFile/browseButton} -in [gi::getDialogs {xtDRCSetup} -parent [gi::getWindows 13]]
[17:24:28.92] /r giFileDialog accept ../../../lab1vlsi/PDK/techfiles/reference90RF_layer.map
[17:24:30.79] /i gi::pressButton {/ok} -in [gi::getDialogs {xtDRCSetup} -parent [gi::getWindows 13]]
[17:24:32.55] /r giDialog gi::setActiveDialog [gi::getDialogs {xtShowDesignsPrompt}]
[17:24:32.55] /r giDialog gi::setCurrentIndex {target} -index {0,0} -in [gi::getDialogs {xtShowDesignsPrompt}]
[17:24:32.72] /r giDialog db::setAttr geometry -of [gi::getDialogs {xtShowDesignsPrompt}] -value 649x290+626+321
[17:24:35.08] /r giDialog gi::pressButton {ok} -in [gi::getDialogs {xtShowDesignsPrompt}]
[17:24:35.14] /# xt::physicalVerification::executePve drc 13
[17:24:35.45] /# gi::setActiveDialog [gi::getDialogs {xtDRCSetup} -parent [gi::getWindows 13]]
[17:24:37.01] /r giWindowId 15
[17:24:37.05] /r giWindowGeometry 800x600
[17:24:46.72] /m Information: 
              /c =============================
              /c JobID: hercules_drc_5
              /c Completed with no errors.
              /c =============================
              /c 
[17:25:55.69] /i gi::setActiveTab {tabs} -tabName {h4.LAYOUT_ERRORS} -in [gi::getWindows 15]
[17:25:57.47] /i gi::setActiveWindow 13
[17:25:57.48] /i gi::setActiveWindow 13 -raise true
[17:25:59.35] /# gi::executeAction deCanvasZoomOutAtPoint -in [gi::getWindows 13]
[17:25:59.35] /i de::zoom -window [gi::getWindows 13] -factor 0.5 -center {0.229 1.161}
[17:25:59.35] /o {-5.843 -1.223} {0.801 1.721}
[17:31:49.72] /r giDialog gi::setActiveDialog [gi::getDialogs {giCloseFrame}]
[17:31:49.89] /r giDialog db::setAttr geometry -of [gi::getDialogs {giCloseFrame}] -value 299x108+811+471
[17:31:52.20] /r giDialog gi::pressButton {giCloseTabsButton} -in [gi::getDialogs {giCloseFrame}]
[17:31:52.26] /i exit
[17:31:52.60] /r giDialog db::setAttr geometry -of [gi::getDialogs {deExitDialog}] -value 419x181+741+376
[17:31:52.63] /r giDialog gi::setActiveDialog [gi::getDialogs {deExitDialog}]
[17:31:55.02] /r giDialog gi::pressButton {ok} -in [gi::getDialogs {deExitDialog}]
[17:31:55.38] /i gi::setActiveWindow 15
[17:31:55.38] /i gi::setActiveWindow 15 -raise true
[17:31:56.01] /i gi::setActiveWindow 14
[17:31:56.01] /i gi::setActiveWindow 14 -raise true
[17:31:56.13] /i gi::setActiveWindow 2
[17:31:56.14] /i gi::setActiveWindow 2 -raise true
[17:31:56.75] /i gi::setActiveWindow 1
[17:31:56.75] /i gi::setActiveWindow 1 -raise true
[17:31:57.87] /o Shutdown time: Tue Apr 21 17:31:57 2026
[17:31:57.87] /o Elapsed session real time: 37.75 minutes
[17:31:57.87] /o Session terminated. Log is at /root/Excercise/Noise_Margins/nmos/h2/synopsys_custom/logs/ccompiler.root.2026_4_21_165406_10367.log
