[15:17:21.43] /r giWindowId 0
[15:17:21.43] /r giWindowGeometry 600x300
[15:17:21.46] /o 
              /c                                 Custom Compiler 
              /c 
              /c               Version N-2017.12-SP1-2 for linux64 - May 16, 2018 
              /c 
              /c                     Copyright (c) 2004 - 2018 Synopsys, Inc.
              /c    This software and the associated documentation are proprietary to Synopsys,
              /c  Inc. This software may only be used in accordance with the terms and conditions
              /c  of a written license agreement with Synopsys, Inc. All other use, reproduction,
              /c             or distribution of this software is strictly prohibited.
              /c 
              /c Build  (OPT) Config 4182185 compiled on Wed May 16 15:20:56 2018 for RHEL64 6.6
              /c Invocation: /usr/synopsys/customcompiler/N-2017.12-SP1-2/linux64/platform/bin/custom_compiler
              /c Execution time: Tue Apr 21 15:17:15 2026
              /c Host: localhost.localdomain
              /c Working directory: /root/Excercise/Noise_Margins/nmos/h2
              /c 
[15:17:24.92] /r giShowFrameTabs true
[15:17:24.92] /r giWindowId 1
[15:17:24.93] /r giWindowGeometry 1040x800
[15:17:36.70] /# gi::pressButton {/scroll/scrollArea/scrollAreaInnerWidget/applications/dmLibraryManager} -in [gi::getWindows 1]
[15:17:36.71] /# 
[15:17:36.71] /i dm::openLibraryManager
[15:17:36.71] /r giWindowId 2
[15:17:36.73] /r giWindowGeometry 660x600+50+84
[15:17:36.86] /o oa:0x19b9e420
[15:17:44.55] /i gi::setCurrentIndex {libs} -index {analogLib} -in [gi::getWindows 2]
[15:17:44.55] /# gi::executeAction dmShowNewLibrary -in [gi::getWindows 2]
[15:17:44.55] /i dm::showNewLibrary -parent 2
[15:17:44.69] /o oa:0x1911cf70
[15:17:44.96] /i gi::setActiveDialog [gi::getDialogs {dmNewLibrary} -parent [gi::getWindows 2]]
[15:17:45.03] /i db::setAttr geometry -of [gi::getDialogs {dmNewLibrary} -parent [gi::getWindows 2]] -value 458x467+720+208
[15:17:49.73] /i gi::setField {libName} -value {nmos_h2} -in [gi::getDialogs {dmNewLibrary} -parent [gi::getWindows 2]]
[15:17:49.81] /i gi::pressButton {ok} -in [gi::getDialogs {dmNewLibrary} -parent [gi::getWindows 2]]
[15:17:49.85] /# dm::createLib nmos\_h2 -path {./nmos_h2} -dmSystem oaDMFileSys
[15:17:49.90] /# db::importTechFile /usr/synopsys/customcompiler/N-2017.12-SP1-2/auxx/tech/cdesigner_1.0.tf -lib [oa::LibFind [oa::ScalarName [oa::CdbaNS] nmos\_h2]]; oa::save [oa::TechFind [oa::ScalarName [oa::CdbaNS] nmos\_h2]]
[15:17:49.94] /m Information: set default manufacturing grid to the default value 0.005um for the imported technology library nmos_h2. (TECH_IO-098)
[15:17:49.96] /m Information: Technology file /usr/synopsys/customcompiler/N-2017.12-SP1-2/auxx/tech/cdesigner_1.0.tf is successfully imported into lib nmos_h2. (TECH_IO-099)
[15:17:49.99] /# oa::close [oa::TechFind [oa::ScalarName [oa::CdbaNS] nmos\_h2]]
[15:17:52.49] /i gi::setCurrentIndex {libs} -index {nmos_h2} -in [gi::getWindows 2]
[15:17:52.51] /i gi::setItemSelection {libs} -index {nmos_h2} -in [gi::getWindows 2]
[15:17:57.25] /# gi::executeAction dmShowNewCell -in [gi::getWindows 2]
[15:17:57.25] /i dm::showNewCell -parent 2
[15:17:57.29] /o oa:0x1d714b20
[15:17:57.55] /i gi::setActiveDialog [gi::getDialogs {dmNewCell} -parent [gi::getWindows 2]]
[15:17:57.61] /i db::setAttr geometry -of [gi::getDialogs {dmNewCell} -parent [gi::getWindows 2]] -value 448x227+725+328
[15:18:01.12] /i gi::setField {cellName} -value {h2} -in [gi::getDialogs {dmNewCell} -parent [gi::getWindows 2]]
[15:18:01.18] /i gi::pressButton {ok} -in [gi::getDialogs {dmNewCell} -parent [gi::getWindows 2]]
[15:18:01.19] /# dm::createCell h2 -lib [ oa::LibFind [oa::ScalarName [oa::CdbaNS] nmos\_h2]]
[15:18:01.19] /# gi::setItemSelection {cells} -index {h2} -in [gi::getDialogs {dmNewCell} -parent [gi::getWindows 2]]
[15:18:03.89] /i gi::setCurrentIndex {cells} -index {h2} -in [gi::getWindows 2]
[15:18:03.89] /i gi::setItemSelection {cells} -index {h2} -in [gi::getWindows 2]
[15:18:05.38] /# gi::executeAction dmShowNewCellView -in [gi::getWindows 2]
[15:18:05.38] /i dm::showNewCellView -parent 2
[15:18:05.47] /o oa:0x1d2e1a00
[15:18:05.67] /i gi::setActiveDialog [gi::getDialogs {dmNewCellView} -parent [gi::getWindows 2]]
[15:18:05.86] /i db::setAttr geometry -of [gi::getDialogs {dmNewCellView} -parent [gi::getWindows 2]] -value 588x285+655+299
[15:18:10.77] /i gi::pressButton {ok} -in [gi::getDialogs {dmNewCellView} -parent [gi::getWindows 2]]
[15:18:10.79] /# db::getAttr viewType -of [dm::findCellView schematic -cell [dm::findCell h2 -lib [oa::LibFind [oa::ScalarName [oa::CdbaNS] nmos\_h2]]]]
[15:18:10.79] /# dm::createCellView schematic -cell [dm::findCell h2 -lib [ oa::LibFind [oa::ScalarName [oa::CdbaNS] nmos\_h2]]] -viewType schematic
[15:18:10.79] /# de::open [dm::findCellView schematic -cell [dm::findCell h2 -lib [oa::LibFind [oa::ScalarName [oa::CdbaNS] nmos\_h2]]]] -application seSchematic
[15:18:11.07] /m Information: License 'Schematic' checked out. (LICENSE-003)
[15:18:11.19] /r giWindowId 3
[15:18:11.20] /r giWindowGeometry 1632x849
[15:18:12.03] /m Information: 
[15:18:12.03] /o Checking "nmos_h2/h2/schematic"
[15:18:12.03] /o No rule violations found in "nmos_h2/h2/schematic"
[15:18:12.03] /m Information: Checking process is completed: marking the design violations
[15:18:12.03] /m Information: Marking of designs is completed
[15:18:13.73] /i db::setAttr maximized -of [gi::getFrames 1] -value true
[15:18:14.17] /i db::setAttr geometry -of [gi::getFrames 1] -value 1910x911+5+62
[15:18:30.28] /# gi::executeAction deSelectActive -in [gi::getWindows 3]
[15:18:30.28] /i de::deselectAllLogic -context [db::getNext [de::getContexts -window 3]]
[15:18:30.62] /# gi::executeAction seCreateInst -in [gi::getWindows 3]
[15:18:30.62] /i ise::createInst
[15:18:30.74] /i gi::setActiveDialog [gi::getDialogs {seCreateInst} -parent [gi::getWindows 3]]
[15:18:31.00] /i db::setAttr geometry -of [gi::getDialogs {seCreateInst}] -value 359x337+0+71
[15:18:33.74] /i gi::setField {instMasterLib} -value {reference90RF} -in [gi::getDialogs {seCreateInst} -parent [gi::getWindows 3]]
[15:18:34.19] /i db::setAttr geometry -of [gi::getDialogs {seCreateInst}] -value 359x337+0+71
[15:18:36.40] /w Warning: Preference 'leActiveLPP' is deprecated and scheduled for removal in a future release with no replacement. For migration assistance, see the Custom Compiler Tcl Reference Manual. (PREFERENCE-058)
[15:18:36.40] /o 	#######################################
[15:18:36.40] /o 	PDK Library Name	: reference90RF
[15:18:36.40] /o 	PDK Version		: 2.0
[15:18:36.40] /o 	PDK Release Date	: 25-March-2010 
[15:18:36.40] /o 	#######################################
[15:18:36.40] /o 
[15:18:36.44] /i gi::setField {instMasterCell} -value {n_3t} -in [gi::getDialogs {seCreateInst} -parent [gi::getWindows 3]]
[15:18:36.82] /i db::setAttr geometry -of [gi::getDialogs {seCreateInst}] -value 359x581+0+71
[15:18:39.80] /i gi::setItemSelection {parameters} -index {w,all} -in [gi::getDialogs {seCreateInst} -parent [gi::getWindows 3]]
[15:18:39.80] /i gi::setCurrentIndex {parameters} -index {w,Value} -in [gi::getDialogs {seCreateInst} -parent [gi::getWindows 3]]
[15:18:48.70] /i gi::setField {parameters} -value {2u} -index {w,Value} -in [gi::getDialogs {seCreateInst} -parent [gi::getWindows 3]]
[15:18:52.16] /# gi::executeAction deCanvasZoomInAtPoint -in [gi::getWindows 3]
[15:18:52.16] /i de::zoom -window [gi::getWindows 3] -factor 2.0 -center {2.63125 1.48125}
[15:18:52.16] /o {0.85 0.15} {6.68125 2.55625}
[15:18:55.10] /# gi::executeAction deAddPoint -in [gi::getWindows 3]
[15:18:55.11] /i de::addPoint {2.3875 1.725} -context [db::getNext [de::getContexts -window 3]]
[15:18:56.99] /# gi::executeAction deAddPoint -in [gi::getWindows 3]
[15:18:56.99] /i de::addPoint {3.11875 1.56875} -context [db::getNext [de::getContexts -window 3]]
[15:18:59.30] /# gi::executeAction deAddPoint -in [gi::getWindows 3]
[15:18:59.30] /i de::addPoint {3.9375 1.3875} -context [db::getNext [de::getContexts -window 3]]
[15:19:00.38] /# gi::executeAction deAbortCommand -in [gi::getWindows 3]
[15:19:00.38] /i de::abortCommand -context [db::getNext [de::getContexts -window 3]]
[15:19:11.47] /# gi::executeAction dePan -in [gi::getWindows 3]
[15:19:11.47] /i ide::pan [db::getNext [de::getContexts -window 3]]
[15:19:11.78] /# gi::executeAction deStartDrag -in [gi::getWindows 3]
[15:19:11.78] /i de::startDrag {4.84375 1.73125} -context [db::getNext [de::getContexts -window 3]]
[15:19:15.47] /# gi::executeAction deEndDrag -in [gi::getWindows 3]
[15:19:15.47] /i de::endDrag {4.84375 1.725} -context [db::getNext [de::getContexts -window 3]]
[15:19:15.47] /r dePanToPoint {3.6625 1.80625}
[15:19:16.05] /# gi::executeAction deAddPoint -in [gi::getWindows 3]
[15:19:16.05] /i de::addPoint {4.1625 2.09375} -context [db::getNext [de::getContexts -window 3]]
[15:19:16.95] /# gi::executeAction deStartDrag -in [gi::getWindows 3]
[15:19:16.95] /i de::startDrag {4 2.11875} -context [db::getNext [de::getContexts -window 3]]
[15:19:17.68] /# gi::executeAction deEndDrag -in [gi::getWindows 3]
[15:19:17.68] /i de::endDrag {4.0125 2.125} -context [db::getNext [de::getContexts -window 3]]
[15:19:17.68] /r dePanToPoint {3.70625 1.7125}
[15:19:19.12] /# gi::executeAction deAbortCommand -in [gi::getWindows 3]
[15:19:19.12] /i de::abortCommand -context [db::getNext [de::getContexts -window 3]]
[15:19:19.74] /# gi::executeAction deSelectActive -in [gi::getWindows 3]
[15:19:19.74] /i de::deselectAllLogic -context [db::getNext [de::getContexts -window 3]]
[15:19:20.66] /i gi::executeAction deCanvasDragCancel -in [gi::getWindows 3]
[15:19:20.92] /# gi::executeAction deSelectActive -in [gi::getWindows 3]
[15:19:20.92] /i de::deselectAllLogic -context [db::getNext [de::getContexts -window 3]]
[15:19:23.48] /# gi::executeAction seSchCreateWire -in [gi::getWindows 3]
[15:19:23.48] /i ise::createWire
[15:19:23.95] /# gi::executeAction deAddPoint -in [gi::getWindows 3]
[15:19:23.95] /i de::addPoint {2.63125 1.55} -context [db::getNext [de::getContexts -window 3]]
[15:19:24.11] /i de::setCursor -point {2.6875 1.5625 }
[15:19:25.01] /# gi::executeAction deAddPoint -in [gi::getWindows 3]
[15:19:25.01] /i de::addPoint {3.13125 1.55} -context [db::getNext [de::getContexts -window 3]]
[15:19:26.02] /# gi::executeAction deAddPoint -in [gi::getWindows 3]
[15:19:26.02] /i de::addPoint {3.38125 1.375} -context [db::getNext [de::getContexts -window 3]]
[15:19:27.04] /# gi::executeAction deAddPoint -in [gi::getWindows 3]
[15:19:27.04] /i de::addPoint {3.94375 1.39375} -context [db::getNext [de::getContexts -window 3]]
[15:19:28.00] /# gi::executeAction deAddPoint -in [gi::getWindows 3]
[15:19:28.00] /i de::addPoint {4.19375 1.2} -context [db::getNext [de::getContexts -window 3]]
[15:19:30.13] /# gi::executeAction deAddPoint -in [gi::getWindows 3]
[15:19:30.13] /i de::addPoint {4.4125 1.19375} -context [db::getNext [de::getContexts -window 3]]
[15:19:32.64] /# gi::executeAction deAddPoint -in [gi::getWindows 3]
[15:19:32.64] /i de::addPoint {4.45 1.16875} -context [db::getNext [de::getContexts -window 3]]
[15:19:32.78] /# gi::executeAction deCompleteShape -in [gi::getWindows 3]
[15:19:32.78] /i de::completeShape -context [db::getNext [de::getContexts -window 3]]
[15:19:45.31] /# gi::executeAction deAddPoint -in [gi::getWindows 3]
[15:19:45.31] /i de::addPoint {2.63125 2.475} -context [db::getNext [de::getContexts -window 3]]
[15:19:45.46] /i de::setCursor -point {2.625 2.4375 }
[15:19:48.16] /# gi::executeAction deAbortCommand -in [gi::getWindows 3]
[15:19:48.16] /i de::abortCommand -context [db::getNext [de::getContexts -window 3]]
[15:19:49.16] /# gi::executeAction deSelectActive -in [gi::getWindows 3]
[15:19:49.16] /i de::deselectAll [db::getNext [de::getContexts -window 3]]
[15:19:49.16] /i de::select [de::getActiveFigure [gi::getWindows 3] -point {2.64375 1.925} -index 0 -intent none]
[15:19:49.16] /o oa:0x1eaf6d90
[15:19:50.90] /# gi::executeAction seSchCreateWire -in [gi::getWindows 3]
[15:19:50.90] /i ise::createWire
[15:19:54.23] /# gi::executeAction deAddPoint -in [gi::getWindows 3]
[15:19:54.23] /i de::addPoint {2.39375 1.75} -context [db::getNext [de::getContexts -window 3]]
[15:19:54.39] /i de::setCursor -point {2.3125 1.75 }
[15:19:55.00] /# gi::executeAction deAddPoint -in [gi::getWindows 3]
[15:19:55.01] /i de::addPoint {2.21875 1.75} -context [db::getNext [de::getContexts -window 3]]
[15:19:55.16] /i de::setCursor -point {2.3125 1.8125 }
[15:19:55.19] /i de::setCursor -point {2.375 1.8125 }
[15:19:55.20] /i de::setCursor -point {2.375 1.875 }
[15:19:55.20] /i de::setCursor -point {2.4375 1.875 }
[15:19:55.79] /i de::setCursor -point {2.375 1.875 }
[15:19:55.87] /i de::setCursor -point {2.3125 1.875 }
[15:19:55.92] /i de::setCursor -point {2.3125 1.8125 }
[15:19:56.14] /i de::setCursor -point {2.25 1.8125 }
[15:19:56.77] /# gi::executeAction deAddPoint -in [gi::getWindows 3]
[15:19:56.77] /i de::addPoint {2.2375 1.75625} -context [db::getNext [de::getContexts -window 3]]
[15:19:57.91] /# gi::executeAction deAddPoint -in [gi::getWindows 3]
[15:19:57.91] /i de::addPoint {2.625 1.9125} -context [db::getNext [de::getContexts -window 3]]
[15:19:58.57] /# gi::executeAction deAddPoint -in [gi::getWindows 3]
[15:19:58.57] /i de::addPoint {2.64375 2.14375} -context [db::getNext [de::getContexts -window 3]]
[15:20:01.12] /# gi::executeAction deAddPoint -in [gi::getWindows 3]
[15:20:01.12] /i de::addPoint {3.375 1.75625} -context [db::getNext [de::getContexts -window 3]]
[15:20:02.83] /# gi::executeAction deAddPoint -in [gi::getWindows 3]
[15:20:02.83] /i de::addPoint {3.3875 2.10625} -context [db::getNext [de::getContexts -window 3]]
[15:20:02.85] /i de::setCursor -point {3.4375 2.125 }
[15:20:04.17] /# gi::executeAction deAddPoint -in [gi::getWindows 3]
[15:20:04.17] /i de::addPoint {4.2 1.5625} -context [db::getNext [de::getContexts -window 3]]
[15:20:05.73] /# gi::executeAction deAddPoint -in [gi::getWindows 3]
[15:20:05.73] /i de::addPoint {2.65 2.1125} -context [db::getNext [de::getContexts -window 3]]
[15:20:05.87] /i de::setCursor -point {2.625 2.1875 }
[15:20:06.84] /# gi::executeAction deAddPoint -in [gi::getWindows 3]
[15:20:06.84] /i de::addPoint {2.6375 2.225} -context [db::getNext [de::getContexts -window 3]]
[15:20:06.98] /i de::setCursor -point {2.6875 2.25 }
[15:20:06.99] /i de::setCursor -point {2.6875 2.1875 }
[15:20:07.03] /i de::setCursor -point {2.75 2.1875 }
[15:20:09.00] /# gi::executeAction deAddPoint -in [gi::getWindows 3]
[15:20:09.00] /i de::addPoint {2.63125 2.24375} -context [db::getNext [de::getContexts -window 3]]
[15:20:09.13] /# gi::executeAction deCompleteShape -in [gi::getWindows 3]
[15:20:09.13] /i de::completeShape -context [db::getNext [de::getContexts -window 3]]
[15:20:28.43] /# gi::executeAction seSchCreateSchematicPin -in [gi::getWindows 3]
[15:20:28.43] /i ise::createSchematicPin
[15:20:33.24] /i gi::setField {schematicPinType} -value {output} -in [gi::getToolbars {deCommandOptions} -from [gi::getWindows 3]]
[15:20:34.81] /# gi::executeAction deAddPoint -in [gi::getWindows 3]
[15:20:34.81] /i de::addPoint {4.43125 1.1875} -context [db::getNext [de::getContexts -window 3]]
[15:20:39.97] /i gi::setField {schematicPinType} -value {inputOutput} -in [gi::getToolbars {deCommandOptions} -from [gi::getWindows 3]]
[15:20:41.34] /# gi::executeAction deAddPoint -in [gi::getWindows 3]
[15:20:41.34] /i de::addPoint {2.6 2.25} -context [db::getNext [de::getContexts -window 3]]
[15:20:42.79] /# gi::executeAction deAddPoint -in [gi::getWindows 3]
[15:20:42.79] /i de::addPoint {2.225 1.7375} -context [db::getNext [de::getContexts -window 3]]
[15:20:43.59] /# gi::executeAction deAbortCommand -in [gi::getWindows 3]
[15:20:43.59] /i de::abortCommand -context [db::getNext [de::getContexts -window 3]]
[15:20:44.76] /# gi::executeAction deSelectActive -in [gi::getWindows 3]
[15:20:44.76] /i de::deselectAll [db::getNext [de::getContexts -window 3]]
[15:20:44.76] /i de::select [de::getActiveFigure [gi::getWindows 3] -point {2.39375 2.25} -index 0 -intent none]
[15:20:44.76] /o oa:0x1e8b9560
[15:20:44.91] /i ide::editCanvasText -object [de::getActiveFigure [gi::getWindows 3] -point {2.39375 2.25} -index 0 -intent none]
[15:20:47.54] /i gi::executeAction deObjectActivation -in [gi::getWindows 3]
[15:20:47.70] /i gi::executeAction deObjectActivation -in [gi::getWindows 3]
[15:20:48.89] /i de::commandOption {D}
[15:20:50.17] /# gi::executeAction deSelectActive -in [gi::getWindows 3]
[15:20:50.17] /i de::cycleActiveFigure [gi::getWindows 3] -direction next
[15:20:50.17] /o oa:0x1f093090
[15:20:50.32] /i ide::editCanvasText -object [de::getActiveFigure [gi::getWindows 3] -point {2.45 2.23125} -index 0 -intent none]
[15:20:51.70] /i de::commandOption {Dn}
[15:20:52.96] /# gi::executeAction deSelectActive -in [gi::getWindows 3]
[15:20:52.96] /i de::deselectAll [db::getNext [de::getContexts -window 3]]
[15:20:52.96] /i de::select [de::getActiveFigure [gi::getWindows 3] -point {2.01875 1.75} -index 0 -intent none]
[15:20:52.96] /o oa:0x1f05e050
[15:20:53.11] /i ide::editCanvasText -object [de::getActiveFigure [gi::getWindows 3] -point {2.01875 1.75} -index 0 -intent none]
[15:20:54.70] /i de::commandOption {G}
[15:20:56.12] /# gi::executeAction deSelectActive -in [gi::getWindows 3]
[15:20:56.12] /i de::deselectAll [db::getNext [de::getContexts -window 3]]
[15:20:56.12] /i de::select [de::getActiveFigure [gi::getWindows 3] -point {4.675 1.1875} -index 0 -intent none]
[15:20:56.12] /o oa:0x1d9ea160
[15:20:56.26] /i ide::editCanvasText -object [de::getActiveFigure [gi::getWindows 3] -point {4.675 1.1875} -index 0 -intent none]
[15:20:58.23] /i de::commandOption {out}
[15:20:59.06] /# gi::executeAction deSelectActive -in [gi::getWindows 3]
[15:20:59.06] /i de::deselectAll [db::getNext [de::getContexts -window 3]]
[15:20:59.06] /i de::deselectAllLogic -context [db::getNext [de::getContexts -window 3]]
[15:21:04.57] /# gi::executeAction seSchCheckAndSave -in [gi::getWindows 3]
[15:21:04.57] /i ise::check
[15:21:04.58] /m Information: 
[15:21:04.58] /o Checking "nmos_h2/h2/schematic"
[15:21:04.58] /o No rule violations found in "nmos_h2/h2/schematic"
[15:21:04.58] /m Information: Checking process is completed: marking the design violations
[15:21:04.62] /m Information: Marking of designs is completed
[15:21:04.62] /o true
[15:21:12.10] /i gi::pressButton {ConsoleToggleButton} -in [db::getAttr statusbar -of [gi::getWindows 3]]
[15:21:13.39] /i gi::pressButton {ConsoleToggleButton} -in [db::getAttr statusbar -of [gi::getWindows 3]]
[15:21:20.02] /# gi::executeAction deCellviewFromCellview -in [gi::getWindows 3]
[15:21:20.02] /i db::showCellViewFromCellView -src [db::getAttr container -of [db::getAttr editFile -of [db::getNext [de::getContexts -window 3]]]] 
[15:21:20.12] /o oa:0x1abde160
[15:21:20.31] /i gi::setActiveDialog [gi::getDialogs {dbCellViewFromCellView}]
[15:21:20.57] /i db::setAttr geometry -of [gi::getDialogs {dbCellViewFromCellView}] -value 628x339+636+320
[15:21:21.99] /i gi::pressButton {ok} -in [gi::getDialogs {dbCellViewFromCellView}]
[15:21:22.04] /r giWindowId 4
[15:21:22.05] /r giWindowGeometry 1632x849
[15:21:24.26] /# gi::executeAction deCanvasZoomOutAtPoint -in [gi::getWindows 4]
[15:21:24.26] /i de::zoom -window [gi::getWindows 4] -factor 0.5 -center {0.725 0.20625}
[15:21:24.26] /o {-3.8125 -1.1625} {3.6625 1.925}
[15:21:24.87] /# gi::executeAction deCanvasZoomInAtPoint -in [gi::getWindows 4]
[15:21:24.87] /i de::zoom -window [gi::getWindows 4] -factor 2.0 -center {0.76875 0.20625}
[15:21:24.87] /o {-1.525 -0.475} {2.21875 1.0625}
[15:21:50.05] /# gi::executeAction deSaveDesignAs -in [gi::getWindows 4]
[15:21:50.05] /i de::showSaveDesignAs -context [db::getNext [de::getContexts -window 4]]
[15:21:50.15] /r giDialog gi::setActiveDialog [gi::getDialogs {deSaveDesignAs} -parent [gi::getWindows 4]]
[15:21:50.41] /r giDialog db::setAttr geometry -of [gi::getDialogs {deSaveDesignAs} -parent [gi::getWindows 4]] -value 274x128+823+461
[15:21:51.57] /r giDialog gi::pressButton {ok} -in [gi::getDialogs {deSaveDesignAs} -parent [gi::getWindows 4]]
[15:21:51.57] /m Information: Saving design 'nmos_h2 h2 symbol'. (DESIGN_WINDOW-004)
[15:21:55.67] /i gi::setActiveWindow 2
[15:21:55.67] /i gi::setActiveWindow 2 -raise true
[15:21:57.22] /i gi::setItemSelection {cells} -index {} -in [gi::getWindows 2]
[15:21:59.43] /# gi::executeAction dmShowNewCell -in [gi::getWindows 2]
[15:21:59.43] /i dm::showNewCell -parent 2
[15:21:59.47] /o oa:0x1f63b040
[15:21:59.59] /i gi::setActiveDialog [gi::getDialogs {dmNewCell} -parent [gi::getWindows 2]]
[15:21:59.78] /i db::setAttr geometry -of [gi::getDialogs {dmNewCell} -parent [gi::getWindows 2]] -value 448x227+725+328
[15:22:04.61] /i gi::setField {cellName} -value {h2_test} -in [gi::getDialogs {dmNewCell} -parent [gi::getWindows 2]]
[15:22:04.61] /i gi::pressButton {ok} -in [gi::getDialogs {dmNewCell} -parent [gi::getWindows 2]]
[15:22:04.62] /# dm::createCell h2\_test -lib [ oa::LibFind [oa::ScalarName [oa::CdbaNS] nmos\_h2]]
[15:22:04.62] /# gi::setItemSelection {cells} -index {h2_test} -in [gi::getDialogs {dmNewCell} -parent [gi::getWindows 2]]
[15:22:05.99] /i gi::setCurrentIndex {cells} -index {h2_test} -in [gi::getWindows 2]
[15:22:05.99] /i gi::setItemSelection {cells} -index {h2_test} -in [gi::getWindows 2]
[15:22:08.29] /# gi::executeAction dmShowNewCellView -in [gi::getWindows 2]
[15:22:08.29] /i dm::showNewCellView -parent 2
[15:22:08.43] /o oa:0x1f5d0620
[15:22:08.50] /i gi::setActiveDialog [gi::getDialogs {dmNewCellView} -parent [gi::getWindows 2]]
[15:22:08.70] /i db::setAttr geometry -of [gi::getDialogs {dmNewCellView} -parent [gi::getWindows 2]] -value 588x285+655+299
[15:22:14.02] /i gi::pressButton {ok} -in [gi::getDialogs {dmNewCellView} -parent [gi::getWindows 2]]
[15:22:14.03] /# db::getAttr viewType -of [dm::findCellView schematic -cell [dm::findCell h2\_test -lib [oa::LibFind [oa::ScalarName [oa::CdbaNS] nmos\_h2]]]]
[15:22:14.04] /# dm::createCellView schematic -cell [dm::findCell h2\_test -lib [ oa::LibFind [oa::ScalarName [oa::CdbaNS] nmos\_h2]]] -viewType schematic
[15:22:14.04] /# de::open [dm::findCellView schematic -cell [dm::findCell h2\_test -lib [oa::LibFind [oa::ScalarName [oa::CdbaNS] nmos\_h2]]]] -application seSchematic
[15:22:14.09] /r giWindowId 5
[15:22:14.10] /r giWindowGeometry 1632x849
[15:22:14.59] /m Information: 
[15:22:14.59] /o Checking "nmos_h2/h2_test/schematic"
[15:22:14.59] /o No rule violations found in "nmos_h2/h2_test/schematic"
[15:22:14.59] /m Information: Checking process is completed: marking the design violations
[15:22:14.59] /m Information: Marking of designs is completed
[15:22:16.19] /# gi::executeAction deSelectActive -in [gi::getWindows 5]
[15:22:16.19] /i de::deselectAllLogic -context [db::getNext [de::getContexts -window 5]]
[15:22:17.47] /# gi::executeAction seCreateInst -in [gi::getWindows 5]
[15:22:17.47] /i ise::createInst
[15:22:17.57] /i gi::setActiveDialog [gi::getDialogs {seCreateInst} -parent [gi::getWindows 5]]
[15:22:17.82] /i db::setAttr geometry -of [gi::getDialogs {seCreateInst}] -value 359x337+0+71
[15:22:20.18] /i gi::setField {instMasterLib} -value {nmos_h2} -in [gi::getDialogs {seCreateInst} -parent [gi::getWindows 5]]
[15:22:20.50] /i db::setAttr geometry -of [gi::getDialogs {seCreateInst}] -value 359x337+0+71
[15:22:22.31] /i gi::setField {instMasterCell} -value {h2} -in [gi::getDialogs {seCreateInst} -parent [gi::getWindows 5]]
[15:22:22.77] /i db::setAttr geometry -of [gi::getDialogs {seCreateInst}] -value 359x337+0+71
[15:22:25.24] /# gi::executeAction deAddPoint -in [gi::getWindows 5]
[15:22:25.24] /i de::addPoint {3.40625 2.05625} -context [db::getNext [de::getContexts -window 5]]
[15:22:25.98] /# gi::executeAction deCanvasZoomInAtPoint -in [gi::getWindows 5]
[15:22:25.98] /i de::zoom -window [gi::getWindows 5] -factor 2.0 -center {3.46875 2.1875}
[15:22:25.98] /o {0.85625 0.73125} {6.69375 3.1375}
[15:22:26.40] /# gi::executeAction deCanvasZoomInAtPoint -in [gi::getWindows 5]
[15:22:26.40] /i de::zoom -window [gi::getWindows 5] -factor 2.0 -center {3.475 2.1625}
[15:22:26.40] /o {2.16875 1.45} {5.08125 2.65}
[15:22:26.85] /# gi::executeAction deCanvasZoomOutAtPoint -in [gi::getWindows 5]
[15:22:26.85] /i de::zoom -window [gi::getWindows 5] -factor 0.5 -center {3.475 2.1625}
[15:22:26.85] /o {0.85625 0.73125} {6.69375 3.1375}
[15:22:27.28] /# gi::executeAction deAbortCommand -in [gi::getWindows 5]
[15:22:27.28] /i de::abortCommand -context [db::getNext [de::getContexts -window 5]]
[15:22:28.64] /# gi::executeAction seCreateInst -in [gi::getWindows 5]
[15:22:28.64] /i ise::createInst
[15:22:28.67] /o seSchematic
[15:22:28.74] /i gi::setActiveDialog [gi::getDialogs {seCreateInst} -parent [gi::getWindows 5]]
[15:22:29.00] /i db::setAttr geometry -of [gi::getDialogs {seCreateInst}] -value 359x337+0+71
[15:22:34.36] /i gi::setField {instMasterLib} -value {basic} -in [gi::getDialogs {seCreateInst} -parent [gi::getWindows 5]]
[15:22:34.79] /i db::setAttr geometry -of [gi::getDialogs {seCreateInst}] -value 359x337+0+71
[15:22:39.68] /i gi::setField {instMasterCell} -value {vdd} -in [gi::getDialogs {seCreateInst} -parent [gi::getWindows 5]]
[15:22:40.00] /i db::setAttr geometry -of [gi::getDialogs {seCreateInst}] -value 359x337+0+71
[15:22:42.16] /# gi::executeAction deAddPoint -in [gi::getWindows 5]
[15:22:42.16] /i de::addPoint {3.35 2.675} -context [db::getNext [de::getContexts -window 5]]
[15:22:42.89] /# gi::executeAction deAbortCommand -in [gi::getWindows 5]
[15:22:42.89] /i de::abortCommand -context [db::getNext [de::getContexts -window 5]]
[15:22:43.81] /# gi::executeAction seSchCreateWire -in [gi::getWindows 5]
[15:22:43.81] /i ise::createWire
[15:22:44.85] /# gi::executeAction deAddPoint -in [gi::getWindows 5]
[15:22:44.85] /i de::addPoint {3.75625 2.5} -context [db::getNext [de::getContexts -window 5]]
[15:22:44.94] /i de::setCursor -point {3.6875 2.5 }
[15:22:46.07] /# gi::executeAction deAddPoint -in [gi::getWindows 5]
[15:22:46.07] /i de::addPoint {3.3875 2.675} -context [db::getNext [de::getContexts -window 5]]
[15:22:47.04] /# gi::executeAction deAddPoint -in [gi::getWindows 5]
[15:22:47.04] /i de::addPoint {3.425 2.05} -context [db::getNext [de::getContexts -window 5]]
[15:22:47.13] /i de::setCursor -point {3.4375 2.125 }
[15:22:47.97] /# gi::executeAction deAddPoint -in [gi::getWindows 5]
[15:22:47.98] /i de::addPoint {3.35625 2.63125} -context [db::getNext [de::getContexts -window 5]]
[15:22:48.84] /# gi::executeAction deAbortCommand -in [gi::getWindows 5]
[15:22:48.84] /i de::abortCommand -context [db::getNext [de::getContexts -window 5]]
[15:22:49.62] /# gi::executeAction deSelectActive -in [gi::getWindows 5]
[15:22:49.62] /i de::deselectAll [db::getNext [de::getContexts -window 5]]
[15:22:49.62] /i de::select [de::getActiveFigure [gi::getWindows 5] -point {4.08125 2.05625} -index 0 -intent none]
[15:22:49.62] /o oa:0x1eecbfc0
[15:22:50.13] /# gi::executeAction deSelectActive -in [gi::getWindows 5]
[15:22:50.13] /i de::deselectAll [db::getNext [de::getContexts -window 5]]
[15:22:50.13] /i de::deselectAllLogic -context [db::getNext [de::getContexts -window 5]]
[15:22:50.81] /# gi::executeAction seSchCreateWire -in [gi::getWindows 5]
[15:22:50.81] /i ise::createWire
[15:22:51.70] /# gi::executeAction deAddPoint -in [gi::getWindows 5]
[15:22:51.70] /i de::addPoint {4.06875 2.06875} -context [db::getNext [de::getContexts -window 5]]
[15:22:51.78] /i de::setCursor -point {4.125 2.0625 }
[15:22:52.40] /# gi::executeAction deAbortCommand -in [gi::getWindows 5]
[15:22:52.40] /i de::abortCommand -context [db::getNext [de::getContexts -window 5]]
[15:22:53.55] /# gi::executeAction seSchCreateSchematicPin -in [gi::getWindows 5]
[15:22:53.55] /i ise::createSchematicPin
[15:22:57.91] /i gi::setField {schematicPinType} -value {output} -in [gi::getToolbars {deCommandOptions} -from [gi::getWindows 5]]
[15:23:00.14] /# gi::executeAction deAddPoint -in [gi::getWindows 5]
[15:23:00.14] /i de::addPoint {4.0875 2.05625} -context [db::getNext [de::getContexts -window 5]]
[15:23:00.15] /w Warning: No wiring objects were found at this location. (SE-928)
[15:23:02.07] /# gi::executeAction deAddPoint -in [gi::getWindows 5]
[15:23:02.07] /i de::addPoint {4.03125 2.06875} -context [db::getNext [de::getContexts -window 5]]
[15:23:02.07] /w Warning: No wiring objects were found at this location. (SE-928)
[15:23:03.05] /# gi::executeAction deAbortCommand -in [gi::getWindows 5]
[15:23:03.05] /i de::abortCommand -context [db::getNext [de::getContexts -window 5]]
[15:23:03.69] /# gi::executeAction seSchCreateWire -in [gi::getWindows 5]
[15:23:03.69] /i ise::createWire
[15:23:04.95] /# gi::executeAction deAddPoint -in [gi::getWindows 5]
[15:23:04.95] /i de::addPoint {4.06875 2.05625} -context [db::getNext [de::getContexts -window 5]]
[15:23:05.01] /i de::setCursor -point {4.125 2.0625 }
[15:23:05.31] /# gi::executeAction deAddPoint -in [gi::getWindows 5]
[15:23:05.31] /i de::addPoint {4.20625 2.05} -context [db::getNext [de::getContexts -window 5]]
[15:23:06.99] /# gi::executeAction seSchShowDesignOptions -in [gi::getWindows 5]
[15:23:06.99] /i se::showSchDesignOptions -parent 5
[15:23:07.02] /o oa:0x1fa73850
[15:23:07.12] /i gi::setActiveDialog [gi::getDialogs {deSchematicDesignOptions} -parent [gi::getWindows 5]]
[15:23:07.38] /i db::setAttr geometry -of [gi::getDialogs {deSchematicDesignOptions} -parent [gi::getWindows 5]] -value 490x549+0+71
[15:23:08.69] /i de::setCursor -point {4.125 2.125 }
[15:23:08.70] /i de::setCursor -point {4 2.1875 }
[15:23:09.80] /i gi::closeWindows [gi::getDialogs {deSchematicDesignOptions} -parent [gi::getWindows 5]]
[15:23:10.38] /i de::setCursor -point {4.125 1.9375 }
[15:23:10.42] /i de::setCursor -point {4.125 2 }
[15:23:10.54] /i de::setCursor -point {4.1875 2 }
[15:23:11.09] /# gi::executeAction deAddPoint -in [gi::getWindows 5]
[15:23:11.09] /i de::addPoint {4.18125 2.04375} -context [db::getNext [de::getContexts -window 5]]
[15:23:11.22] /# gi::executeAction deCompleteShape -in [gi::getWindows 5]
[15:23:11.22] /i de::completeShape -context [db::getNext [de::getContexts -window 5]]
[15:23:12.21] /# gi::executeAction seSchCreateSchematicPin -in [gi::getWindows 5]
[15:23:12.21] /i ise::createSchematicPin
[15:23:13.43] /# gi::executeAction deAddPoint -in [gi::getWindows 5]
[15:23:13.43] /i de::addPoint {4.2 2.0375} -context [db::getNext [de::getContexts -window 5]]
[15:23:14.34] /# gi::executeAction deAbortCommand -in [gi::getWindows 5]
[15:23:14.34] /i de::abortCommand -context [db::getNext [de::getContexts -window 5]]
[15:23:14.81] /# gi::executeAction deSelectActive -in [gi::getWindows 5]
[15:23:14.81] /i de::deselectAll [db::getNext [de::getContexts -window 5]]
[15:23:14.81] /i de::select [de::getActiveFigure [gi::getWindows 5] -point {4.39375 2.0625} -index 0 -intent none]
[15:23:14.81] /o oa:0x174365c0
[15:23:14.95] /i ide::editCanvasText -object [de::getActiveFigure [gi::getWindows 5] -point {4.39375 2.0625} -index 0 -intent none]
[15:23:17.01] /i de::commandOption {out}
[15:23:18.02] /# gi::executeAction deSaveDesignAs -in [gi::getWindows 5]
[15:23:18.02] /i de::showSaveDesignAs -context [db::getNext [de::getContexts -window 5]]
[15:23:18.15] /r giDialog gi::setActiveDialog [gi::getDialogs {deSaveDesignAs} -parent [gi::getWindows 5]]
[15:23:18.40] /r giDialog db::setAttr geometry -of [gi::getDialogs {deSaveDesignAs} -parent [gi::getWindows 5]] -value 274x128+823+461
[15:23:20.45] /r giDialog gi::pressButton {ok} -in [gi::getDialogs {deSaveDesignAs} -parent [gi::getWindows 5]]
[15:23:20.45] /m Information: Saving design 'nmos_h2 h2_test schematic'. (DESIGN_WINDOW-004)
[15:23:23.15] /i gi::setActiveWindow 2
[15:23:23.15] /i gi::setActiveWindow 2 -raise true
[15:23:28.05] /i gi::sortItems {cells} -column {Cells} -order {descending} -in [gi::getWindows 2]
[15:23:30.73] /i gi::setCurrentIndex {cells} -index {h2} -in [gi::getWindows 2]
[15:23:30.73] /i gi::setItemSelection {cells} -index {h2} -in [gi::getWindows 2]
[15:24:04.59] /i gi::setItemSelection {cells} -index {} -in [gi::getWindows 2]
[15:24:05.47] /i gi::setItemSelection {cells} -index {h2} -in [gi::getWindows 2]
[15:24:07.01] /i gi::setCurrentIndex {views} -index {schematic} -in [gi::getWindows 2]
[15:24:07.02] /# gi::executeAction dmShowNewCellView -in [gi::getWindows 2]
[15:24:07.02] /i dm::showNewCellView -parent 2
[15:24:07.09] /o oa:0x20027150
[15:24:07.32] /i gi::setActiveDialog [gi::getDialogs {dmNewCellView} -parent [gi::getWindows 2]]
[15:24:07.43] /i db::setAttr geometry -of [gi::getDialogs {dmNewCellView} -parent [gi::getWindows 2]] -value 588x285+655+299
[15:24:13.57] /i gi::pressButton {ok} -in [gi::getDialogs {dmNewCellView} -parent [gi::getWindows 2]]
[15:24:13.58] /# db::getAttr viewType -of [dm::findCellView layout -cell [dm::findCell h2 -lib [oa::LibFind [oa::ScalarName [oa::CdbaNS] nmos\_h2]]]]
[15:24:13.59] /# dm::createCellView layout -cell [dm::findCell h2 -lib [ oa::LibFind [oa::ScalarName [oa::CdbaNS] nmos\_h2]]] -viewType maskLayout
[15:24:13.60] /# de::open [dm::findCellView layout -cell [dm::findCell h2 -lib [oa::LibFind [oa::ScalarName [oa::CdbaNS] nmos\_h2]]]] -application leLayout
[15:24:13.90] /m Information: License 'Basic' checked out. (LICENSE-003)
[15:24:13.90] /m Information: License 'Schematic' checked in. (LICENSE-004)
[15:24:14.00] /r giWindowId 6
[15:24:14.03] /r giWindowGeometry 1632x849
[15:24:14.19] /i de::setActiveLPP [de::getLPPs "text drawing" -from [db::getAttr editDesign -of [de::getContexts -window 6]]]
[15:24:16.67] /# gi::executeAction deCanvasZoomOutAtPoint -in [gi::getWindows 6]
[15:24:16.67] /i de::zoom -window [gi::getWindows 6] -factor 0.5 -center {-0.028 0.012}
[15:24:16.67] /o {-0.802 -0.38} {0.859 0.356}
[15:24:18.12] /# gi::executeAction leInstance -in [gi::getWindows 6]
[15:24:18.12] /i ile::createInst
[15:24:18.56] /i gi::setActiveDialog [gi::getDialogs {leCreateInst} -parent [gi::getWindows 6]]
[15:24:18.96] /i db::setAttr geometry -of [gi::getDialogs {leCreateInst}] -value 612x532+654+196
[15:24:21.22] /i gi::setCurrentIndex {instLCVLibs} -index {reference90RF} -in [gi::getDialogs {leCreateInst} -parent [gi::getWindows 6]]
[15:24:21.45] /i gi::setItemSelection {instLCVLibs} -index {reference90RF} -in [gi::getDialogs {leCreateInst} -parent [gi::getWindows 6]]
[15:24:23.64] /i gi::setCurrentIndex {instLCVCells} -index {n_3t} -in [gi::getDialogs {leCreateInst} -parent [gi::getWindows 6]]
[15:24:24.78] /i gi::setItemSelection {instLCVCells} -index {n_3t} -in [gi::getDialogs {leCreateInst} -parent [gi::getWindows 6]]
[15:24:26.21] /i gi::setActiveTab {tabWidget} -tabName {instParamTab} -in [gi::getDialogs {leCreateInst} -parent [gi::getWindows 6]]
[15:24:27.33] /i gi::setItemSelection {instParamExpand} -index {w,all} -in [gi::getDialogs {leCreateInst} -parent [gi::getWindows 6]]
[15:24:27.34] /i gi::setCurrentIndex {instParamExpand} -index {w,Value} -in [gi::getDialogs {leCreateInst} -parent [gi::getWindows 6]]
[15:24:32.34] /i gi::setField {instParamExpand} -value {2u} -index {w,Value} -in [gi::getDialogs {leCreateInst} -parent [gi::getWindows 6]]
[15:24:34.37] /# gi::executeAction deCanvasZoomOutAtPoint -in [gi::getWindows 6]
[15:24:34.37] /i de::zoom -window [gi::getWindows 6] -factor 0.5 -center {-0.469 -0.149}
[15:24:34.37] /o {-1.136 -0.611} {2.186 0.861}
[15:24:34.48] /# gi::executeAction deCanvasZoomOutAtPoint -in [gi::getWindows 6]
[15:24:34.48] /i de::zoom -window [gi::getWindows 6] -factor 0.5 -center {-0.476 -0.159}
[15:24:34.48] /o {-1.796 -1.063} {4.848 1.881}
[15:24:35.38] /# gi::executeAction deCanvasZoomOutAtPoint -in [gi::getWindows 6]
[15:24:35.38] /i de::zoom -window [gi::getWindows 6] -factor 0.5 -center {-0.476 -0.283}
[15:24:35.38] /o {-3.116 -1.843} {10.172 4.045}
[15:24:36.85] /# gi::executeAction deAddPoint -in [gi::getWindows 6]
[15:24:36.85] /i de::addPoint {-0.82 0.213} -context [db::getNext [de::getContexts -window 6]]
[15:24:37.78] /# gi::executeAction deAddPoint -in [gi::getWindows 6]
[15:24:37.78] /i de::addPoint {0.196 0.341} -context [db::getNext [de::getContexts -window 6]]
[15:24:39.47] /# gi::executeAction deAddPoint -in [gi::getWindows 6]
[15:24:39.47] /i de::addPoint {1.268 0.317} -context [db::getNext [de::getContexts -window 6]]
[15:24:39.64] /# gi::executeAction deAbortCommand -in [gi::getWindows 6]
[15:24:39.64] /i de::abortCommand -context [db::getNext [de::getContexts -window 6]]
[15:24:41.79] /i gi::setActiveWindow 2
[15:24:41.79] /i gi::setActiveWindow 2 -raise true
[15:24:45.82] /# gi::executeAction dbShowTechnologyManager -in [gi::getWindows 2]
[15:24:45.82] /i db::showManageTechnology
[15:24:45.82] /r giWindowId 7
[15:24:45.89] /r giWindowGeometry 350x400
[15:24:46.34] /# gi::setItemSelection {techTechnologyManagerLibWidget} -index {{analogLib}} -in [gi::getWindows 7]
[15:24:46.34] /# gi::setItemSelection {techTechnologyManagerLibWidget} -index {} -in [gi::getWindows 7]
[15:24:46.34] /# gi::setItemSelection {techTechnologyManagerLibWidget} -index {{nmos_h2}} -in [gi::getWindows 7]
[15:24:46.47] /o oa:0x20ad81b0
[15:24:48.47] /i gi::setCurrentIndex {techTechnologyManagerLibWidget} -index {nmos_h2 , Attachment} -in [gi::getWindows 7]
[15:24:49.97] /i gi::setField {techTechnologyManagerLibWidget} -value {nmos_h2} -index {nmos_h2,Attachment} -in [gi::getWindows 7]
[15:24:50.34] /r giDialog db::setAttr geometry -of [gi::getDialogs {deCloseDesigns}] -value 347x280+777+326
[15:24:50.59] /r giDialog gi::setActiveDialog [gi::getDialogs {deCloseDesigns}]
[15:24:50.59] /r giDialog gi::setCurrentIndex {target} -index {0,1} -in [gi::getDialogs {deCloseDesigns}]
[15:24:52.79] /r giDialog gi::pressButton {ok} -in [gi::getDialogs {deCloseDesigns}]
[15:24:52.79] /m Information: Saving design 'nmos_h2 h2 layout'. (DESIGN_WINDOW-004)
[15:24:53.97] /m Information: The context with top design nmos_h2/h2/layout was closed because all the designs in its hierarchy were unexpectedly purged. (DESIGN-113)
[15:24:54.25] /m Information: The context with top design nmos_h2/h2/schematic was closed because all the designs in its hierarchy were unexpectedly purged. (DESIGN-113)
[15:24:54.50] /m Information: The context with top design nmos_h2/h2/symbol was closed because all the designs in its hierarchy were unexpectedly purged. (DESIGN-113)
[15:24:54.78] /m Information: The context with top design nmos_h2/h2_test/schematic was closed because all the designs in its hierarchy were unexpectedly purged. (DESIGN-113)
[15:24:56.99] /i gi::setActiveWindow 2
[15:24:56.99] /i gi::setActiveWindow 2 -raise true
[15:25:00.38] /i gi::setCurrentIndex {views} -index {layout} -in [gi::getWindows 2]
[15:25:00.39] /i gi::setItemSelection {views} -index {layout} -in [gi::getWindows 2]
[15:25:00.56] /i gi::executeAction dmOpen -in [gi::getWindows 2]
[15:25:00.94] /r giWindowId 8
[15:25:00.98] /r giWindowGeometry 1632x849
[15:25:01.20] /# de::setActiveLPP [de::getLPPs "exclude blockage" -from [db::getAttr editDesign -of [de::getContexts -window 8]]]
[15:25:05.40] /i gi::executeAction giCloseWindow -in [gi::getWindows 7]
[15:25:06.54] /i gi::setField {stopLevel} -value {1} -in [gi::getToolbars {leHierarchy} -from [gi::getWindows 8]]
[15:25:14.29] /# gi::executeAction deSelectActive -in [gi::getWindows 8]
[15:25:14.29] /i de::deselectAll [db::getNext [de::getContexts -window 8]]
[15:25:14.29] /i de::select [de::getActiveFigure [gi::getWindows 8] -point {0.27 1.126} -index 0 -intent none]
[15:25:14.29] /o oa:0x201bf670
[15:25:15.35] /# gi::executeAction deSelectActive -in [gi::getWindows 8]
[15:25:15.35] /i de::cycleActiveFigure [gi::getWindows 8] -direction next
[15:25:15.35] /o oa:0x20759250
[15:25:15.35] /i de::cycleActiveFigure [gi::getWindows 8] -direction next
[15:25:15.35] /o oa:0x20357750
[15:25:15.35] /i de::deselectAll [db::getNext [de::getContexts -window 8]]
[15:25:15.35] /i de::select [de::getActiveFigure [gi::getWindows 8] -point {0.136 0.817} -index 2 -intent none]
[15:25:15.35] /o oa:0x203d4bd0
[15:25:16.98] /# gi::executeAction dePan -in [gi::getWindows 8]
[15:25:16.98] /i ide::pan [db::getNext [de::getContexts -window 8]]
[15:25:17.46] /# gi::executeAction deStartDrag -in [gi::getWindows 8]
[15:25:17.46] /i de::startDrag {0.162 0.637} -context [db::getNext [de::getContexts -window 8]]
[15:25:19.62] /# gi::executeAction deEndDrag -in [gi::getWindows 8]
[15:25:19.62] /i de::endDrag {0.172 0.64} -context [db::getNext [de::getContexts -window 8]]
[15:25:19.62] /r dePanToPoint {0.17 1.18}
[15:25:20.18] /# gi::executeAction deAbortCommand -in [gi::getWindows 8]
[15:25:20.18] /i de::abortCommand -context [db::getNext [de::getContexts -window 8]]
[15:25:20.64] /# gi::executeAction deCanvasZoomOutAtPoint -in [gi::getWindows 8]
[15:25:20.64] /i de::zoom -window [gi::getWindows 8] -factor 0.5 -center {0.172 0.64}
[15:25:20.64] /o {-5.811 -0.929} {6.15 4.371}
[15:25:22.16] /# gi::executeAction leMove -in [gi::getWindows 8]
[15:25:22.17] /i ile::move
[15:25:22.55] /# gi::executeAction deAddPoint -in [gi::getWindows 8]
[15:25:22.55] /i de::addPoint {0.346 1.245} -context [db::getNext [de::getContexts -window 8]]
[15:25:28.37] /i gi::setField {editAngleMode} -value {Any Angle} -in [gi::getToolbars {deCommandOptions} -from [gi::getWindows 8]]
[15:25:30.18] /# gi::executeAction deCanvasZoomInAtPoint -in [gi::getWindows 8]
[15:25:30.18] /i de::zoom -window [gi::getWindows 8] -factor 2.0 -center {0.202 0.813}
[15:25:30.19] /o {-2.805 -0.058} {3.176 2.592}
[15:25:38.87] /# gi::executeAction deAddPoint -in [gi::getWindows 8]
[15:25:38.87] /i de::addPoint {0.13 1.119} -context [db::getNext [de::getContexts -window 8]]
[15:25:39.54] /# gi::executeAction deSelectActive -in [gi::getWindows 8]
[15:25:39.54] /i de::deselectAll [db::getNext [de::getContexts -window 8]]
[15:25:39.54] /i de::select [de::getActiveFigure [gi::getWindows 8] -point {1.217 1.17} -index 0 -intent none]
[15:25:39.55] /o oa:0x207d8290
[15:25:41.01] /# gi::executeAction leMove -in [gi::getWindows 8]
[15:25:41.01] /i ile::move
[15:25:41.24] /# gi::executeAction deAddPoint -in [gi::getWindows 8]
[15:25:41.24] /i de::addPoint {1.203 1.17} -context [db::getNext [de::getContexts -window 8]]
[15:25:48.13] /# gi::executeAction deAddPoint -in [gi::getWindows 8]
[15:25:48.13] /i de::addPoint {0.717 1.069} -context [db::getNext [de::getContexts -window 8]]
[15:25:49.14] /i gi::executeAction deCanvasDragCancel -in [gi::getWindows 8]
[15:25:51.52] /i gi::setActiveWindow 2
[15:25:51.52] /i gi::setActiveWindow 2 -raise true
[15:25:52.96] /i gi::setCurrentIndex {views} -index {schematic} -in [gi::getWindows 2]
[15:25:52.98] /i gi::setItemSelection {views} -index {schematic} -in [gi::getWindows 2]
[15:25:53.10] /i gi::executeAction dmOpen -in [gi::getWindows 2]
[15:25:53.17] /r giWindowId 9
[15:25:53.19] /r giWindowGeometry 1632x849
[15:25:54.16] /o "nmos_h2/h2/schematic" design does not need checking
[15:25:58.41] /i gi::setActiveWindow 2
[15:25:58.41] /i gi::setActiveWindow 2 -raise true
[15:25:59.45] /i gi::setCurrentIndex {cells} -index {h2_test} -in [gi::getWindows 2]
[15:25:59.46] /i gi::setItemSelection {cells} -index {h2_test} -in [gi::getWindows 2]
[15:25:59.64] /i gi::setItemSelection {views} -index {schematic} -in [gi::getWindows 2]
[15:25:59.64] /i gi::executeAction dmOpen -in [gi::getWindows 2]
[15:25:59.83] /r giWindowId 10
[15:25:59.87] /r giWindowGeometry 1632x849
[15:26:00.79] /m Information: 
[15:26:00.79] /o Checking "nmos_h2/h2_test/schematic"
[15:26:00.79] /o No rule violations found in "nmos_h2/h2_test/schematic"
[15:26:00.79] /m Information: Checking process is completed: marking the design violations
[15:26:00.79] /m Information: Marking of designs is completed
[15:26:01.10] /i gi::setActiveWindow 2
[15:26:01.11] /i gi::setActiveWindow 2 -raise true
[15:26:01.19] /# gi::executeAction deSelectActive -in [gi::getWindows 10]
[15:26:01.19] /i de::deselectAllLogic -context [db::getNext [de::getContexts -window 10]]
[15:26:02.49] /i gi::setActiveWindow 10
[15:26:02.49] /i gi::setActiveWindow 10 -raise true
[15:26:02.59] /# gi::executeAction deSelectActive -in [gi::getWindows 10]
[15:26:02.59] /i de::deselectAllLogic -context [db::getNext [de::getContexts -window 10]]
[15:26:06.47] /# gi::executeAction seSchCheckAndSave -in [gi::getWindows 10]
[15:26:06.47] /i ise::check
[15:26:06.51] /m Information: 
[15:26:06.51] /o Checking "nmos_h2/h2_test/schematic"
[15:26:06.52] /o No rule violations found in "nmos_h2/h2_test/schematic"
[15:26:06.52] /m Information: Checking process is completed: marking the design violations
[15:26:06.70] /m Information: Marking of designs is completed
[15:26:06.70] /o true
[15:26:08.20] /i gi::pressButton {ConsoleToggleButton} -in [db::getAttr statusbar -of [gi::getWindows 10]]
[15:26:10.11] /i gi::pressButton {ConsoleToggleButton} -in [db::getAttr statusbar -of [gi::getWindows 10]]
[15:26:11.77] /i gi::executeAction giCloseWindow -in [gi::getWindows 10]
[15:26:11.99] /i gi::setActiveWindow 2
[15:26:11.99] /i gi::setActiveWindow 2 -raise true
[15:26:13.91] /i gi::setActiveWindow 9
[15:26:13.91] /i gi::setActiveWindow 9 -raise true
[15:26:17.62] /i gi::setActiveWindow 8
[15:26:17.62] /i gi::setActiveWindow 8 -raise true
[15:26:22.03] /# gi::executeAction dePan -in [gi::getWindows 8]
[15:26:22.03] /i ide::pan [db::getNext [de::getContexts -window 8]]
[15:26:23.05] /# gi::executeAction deStartDrag -in [gi::getWindows 8]
[15:26:23.05] /i de::startDrag {2.07 1.663} -context [db::getNext [de::getContexts -window 8]]
[15:26:23.56] /# gi::executeAction deEndDrag -in [gi::getWindows 8]
[15:26:23.56] /i de::endDrag {2.07 1.684} -context [db::getNext [de::getContexts -window 8]]
[15:26:23.56] /r dePanToPoint {0.092 1.393}
[15:26:24.38] /# gi::executeAction deStartDrag -in [gi::getWindows 8]
[15:26:24.39] /i de::startDrag {1.718 1.314} -context [db::getNext [de::getContexts -window 8]]
[15:26:25.45] /# gi::executeAction deEndDrag -in [gi::getWindows 8]
[15:26:25.45] /i de::endDrag {1.718 1.317} -context [db::getNext [de::getContexts -window 8]]
[15:26:25.45] /r dePanToPoint {-0.023 0.525}
[15:26:25.96] /# gi::executeAction deCanvasZoomInAtPoint -in [gi::getWindows 8]
[15:26:25.96] /i de::zoom -window [gi::getWindows 8] -factor 2.0 -center {-0.108 0.266}
[15:26:25.96] /o {-1.561 -0.267} {1.43 1.058}
[15:26:27.42] /# gi::executeAction leVia -in [gi::getWindows 8]
[15:26:27.42] /i ile::createVia
[15:26:27.57] /o oa:0x203bd190
[15:26:32.91] /i gi::setField {viaDefName} -value {via12} -in [gi::getToolbars {deCommandOptions} -from [gi::getWindows 8]]
[15:26:42.84] /# gi::executeAction deAddPoint -in [gi::getWindows 8]
[15:26:42.84] /i de::addPoint {-0.594 0.032} -context [db::getNext [de::getContexts -window 8]]
[15:26:46.64] /# gi::executeAction deAddPoint -in [gi::getWindows 8]
[15:26:46.64] /i de::addPoint {0.204 0.044} -context [db::getNext [de::getContexts -window 8]]
[15:26:52.09] /# gi::executeAction deAddPoint -in [gi::getWindows 8]
[15:26:52.09] /i de::addPoint {1.005 0.059} -context [db::getNext [de::getContexts -window 8]]
[15:26:53.56] /# gi::executeAction deAbortCommand -in [gi::getWindows 8]
[15:26:53.56] /i de::abortCommand -context [db::getNext [de::getContexts -window 8]]
[15:26:54.75] /# gi::setCurrentIndex {lpps} -index {m1 drw} -in [gi::getAssistants leObjectLayerPanel -from [gi::getWindows 8]]
[15:26:54.75] /# gi::setItemSelection {lpps} -index {m1 drw} -in [gi::getAssistants leObjectLayerPanel -from [gi::getWindows 8]]
[15:26:54.85] /# gi::executeAction leOLPSetActiveLPP -in [gi::getAssistants leObjectLayerPanel -from [gi::getWindows 8]]
[15:26:54.85] /i de::setActiveLPP [de::getLPPs -from [oa::DesignFind nmos_h2 h2 layout] -filter {%lpp =="m1 drawing"}]
[15:26:55.89] /# gi::executeAction leRectangle -in [gi::getWindows 8]
[15:26:55.90] /i ile::createRectangle
[15:26:58.72] /# gi::executeAction deAddPoint -in [gi::getWindows 8]
[15:26:58.73] /i de::addPoint {-0.644 0.338} -context [db::getNext [de::getContexts -window 8]]
[15:27:02.45] /# gi::executeAction deAddPoint -in [gi::getWindows 8]
[15:27:02.45] /i de::addPoint {-0.544 -0.031} -context [db::getNext [de::getContexts -window 8]]
[15:27:04.31] /# gi::executeAction deAddPoint -in [gi::getWindows 8]
[15:27:04.31] /i de::addPoint {0.155 0.34} -context [db::getNext [de::getContexts -window 8]]
[15:27:07.84] /# gi::executeAction deAddPoint -in [gi::getWindows 8]
[15:27:07.84] /i de::addPoint {0.256 -0.022} -context [db::getNext [de::getContexts -window 8]]
[15:27:11.16] /# gi::executeAction deAddPoint -in [gi::getWindows 8]
[15:27:11.16] /i de::addPoint {0.954 0.356} -context [db::getNext [de::getContexts -window 8]]
[15:27:15.80] /# gi::executeAction deAddPoint -in [gi::getWindows 8]
[15:27:15.80] /i de::addPoint {1.057 -0.006} -context [db::getNext [de::getContexts -window 8]]
[15:27:16.43] /# gi::executeAction deCanvasZoomInAtPoint -in [gi::getWindows 8]
[15:27:16.44] /i de::zoom -window [gi::getWindows 8] -factor 2.0 -center {1.017 0.32}
[15:27:16.44] /o {-0.272 0.027} {1.223 0.689}
[15:27:16.60] /# gi::executeAction deCanvasZoomOutAtPoint -in [gi::getWindows 8]
[15:27:16.60] /i de::zoom -window [gi::getWindows 8] -factor 0.5 -center {1.017 0.32}
[15:27:16.61] /o {-1.561 -0.267} {1.43 1.058}
[15:27:17.27] /# gi::executeAction deCanvasZoomInAtPoint -in [gi::getWindows 8]
[15:27:17.27] /i de::zoom -window [gi::getWindows 8] -factor 2.0 -center {1.014 0.32}
[15:27:17.27] /o {-0.273 0.027} {1.222 0.689}
[15:27:18.23] /# gi::executeAction deCanvasZoomOutAtPoint -in [gi::getWindows 8]
[15:27:18.23] /i de::zoom -window [gi::getWindows 8] -factor 0.5 -center {1.013 0.32}
[15:27:18.24] /o {-1.56 -0.267} {1.431 1.058}
[15:27:20.76] /# gi::setCurrentIndex {lpps} -index {m2 drw} -in [gi::getAssistants leObjectLayerPanel -from [gi::getWindows 8]]
[15:27:20.76] /# gi::setItemSelection {lpps} -index {m2 drw} -in [gi::getAssistants leObjectLayerPanel -from [gi::getWindows 8]]
[15:27:20.83] /# gi::executeAction leOLPSetActiveLPP -in [gi::getAssistants leObjectLayerPanel -from [gi::getWindows 8]]
[15:27:20.83] /i de::setActiveLPP [de::getLPPs -from [oa::DesignFind nmos_h2 h2 layout] -filter {%lpp =="m2 drawing"}]
[15:27:25.48] /# gi::executeAction deAddPoint -in [gi::getWindows 8]
[15:27:25.49] /i de::addPoint {-0.67 0.125} -context [db::getNext [de::getContexts -window 8]]
[15:27:32.48] /# gi::executeAction deAddPoint -in [gi::getWindows 8]
[15:27:32.48] /i de::addPoint {1.081 -0.029} -context [db::getNext [de::getContexts -window 8]]
[15:27:33.87] /# gi::executeAction deAbortCommand -in [gi::getWindows 8]
[15:27:33.87] /i de::abortCommand -context [db::getNext [de::getContexts -window 8]]
[15:27:37.11] /# gi::setCurrentIndex {lpps} -index {m1 drw} -in [gi::getAssistants leObjectLayerPanel -from [gi::getWindows 8]]
[15:27:37.11] /# gi::setItemSelection {lpps} -index {m1 drw} -in [gi::getAssistants leObjectLayerPanel -from [gi::getWindows 8]]
[15:27:37.20] /# gi::executeAction leOLPSetActiveLPP -in [gi::getAssistants leObjectLayerPanel -from [gi::getWindows 8]]
[15:27:37.20] /i de::setActiveLPP [de::getLPPs -from [oa::DesignFind nmos_h2 h2 layout] -filter {%lpp =="m1 drawing"}]
[15:27:39.27] /# gi::executeAction lePin -in [gi::getWindows 8]
[15:27:39.27] /i ile::createPin
[15:27:41.47] /# gi::executeAction dePan -in [gi::getWindows 8]
[15:27:41.47] /i ide::pan [db::getNext [de::getContexts -window 8]]
[15:27:42.02] /# gi::executeAction deStartDrag -in [gi::getWindows 8]
[15:27:42.02] /i de::startDrag {-0.183 0.779} -context [db::getNext [de::getContexts -window 8]]
[15:27:45.01] /# gi::executeAction deEndDrag -in [gi::getWindows 8]
[15:27:45.02] /i de::endDrag {-0.179 0.779} -context [db::getNext [de::getContexts -window 8]]
[15:27:45.02] /r dePanToPoint {-0.012 0.287}
[15:27:45.88] /i gi::executeAction deObjectActivation -in [gi::getWindows 8]
[15:27:46.04] /# gi::executeAction lePin -in [gi::getWindows 8]
[15:27:46.04] /i ile::createPin
[15:27:47.85] /i gi::setActiveWindow 9
[15:27:47.85] /i gi::setActiveWindow 9 -raise true
[15:27:48.74] /i gi::setActiveWindow 8
[15:27:48.74] /i gi::setActiveWindow 8 -raise true
[15:27:53.15] /i gi::setField {termName} -value {Dn} -in [gi::getToolbars {deCommandOptions} -from [gi::getWindows 8]]
[15:27:53.24] /i gi::setField {pinLabel} -value {true} -in [gi::getToolbars {deCommandOptions} -from [gi::getWindows 8]]
[15:27:58.20] /# gi::executeAction deStartDrag -in [gi::getWindows 8]
[15:27:58.20] /i de::startDrag {-0.636 0.192} -context [db::getNext [de::getContexts -window 8]]
[15:27:59.84] /# gi::executeAction deEndDrag -in [gi::getWindows 8]
[15:27:59.84] /i de::endDrag {-0.562 0.158} -context [db::getNext [de::getContexts -window 8]]
[15:28:00.90] /# gi::executeAction deCanvasZoomInAtPoint -in [gi::getWindows 8]
[15:28:00.90] /i de::zoom -window [gi::getWindows 8] -factor 2.0 -center {-0.573 0.153}
[15:28:00.90] /o {-1.04 -0.111} {0.455 0.552}
[15:28:01.08] /# gi::executeAction deCanvasZoomInAtPoint -in [gi::getWindows 8]
[15:28:01.08] /i de::zoom -window [gi::getWindows 8] -factor 2.0 -center {-0.573 0.153}
[15:28:01.08] /o {-0.807 0.021} {-0.059 0.352}
[15:28:02.84] /# gi::executeAction deAbortCommand -in [gi::getWindows 8]
[15:28:02.84] /i de::abortCommand -context [db::getNext [de::getContexts -window 8]]
[15:28:05.73] /# gi::executeAction deSelectActive -in [gi::getWindows 8]
[15:28:05.73] /i de::deselectAll [db::getNext [de::getContexts -window 8]]
[15:28:05.74] /i de::select [de::getActiveFigure [gi::getWindows 8] -point {-0.407 0.199} -index 0 -intent none]
[15:28:05.75] /o oa:0x20983150
[15:28:07.05] /# gi::executeAction deSelectActive -in [gi::getWindows 8]
[15:28:07.05] /i de::deselectAll [db::getNext [de::getContexts -window 8]]
[15:28:07.05] /i de::deselectAllLogic -context [db::getNext [de::getContexts -window 8]]
[15:28:07.40] /# gi::executeAction leDelete -in [gi::getWindows 8]
[15:28:07.40] /i ile::delete
[15:28:08.32] /# gi::executeAction deAddPoint -in [gi::getWindows 8]
[15:28:08.32] /i de::addPoint {-0.6 0.167} -context [db::getNext [de::getContexts -window 8]]
[15:28:10.00] /# gi::setCurrentIndex {lpps} -index {m1 pin} -in [gi::getAssistants leObjectLayerPanel -from [gi::getWindows 8]]
[15:28:10.00] /# gi::setItemSelection {lpps} -index {m1 pin} -in [gi::getAssistants leObjectLayerPanel -from [gi::getWindows 8]]
[15:28:10.08] /# gi::executeAction leOLPSetActiveLPP -in [gi::getAssistants leObjectLayerPanel -from [gi::getWindows 8]]
[15:28:10.08] /i de::setActiveLPP [de::getLPPs -from [oa::DesignFind nmos_h2 h2 layout] -filter {%lpp =="m1 pin"}]
[15:28:11.86] /# gi::executeAction lePin -in [gi::getWindows 8]
[15:28:11.87] /i ile::createPin
[15:28:14.63] /i gi::setField {termName} -value {Dn} -in [gi::getToolbars {deCommandOptions} -from [gi::getWindows 8]]
[15:28:18.35] /# gi::executeAction deStartDrag -in [gi::getWindows 8]
[15:28:18.36] /i de::startDrag {-0.642 0.201} -context [db::getNext [de::getContexts -window 8]]
[15:28:21.03] /# gi::executeAction deEndDrag -in [gi::getWindows 8]
[15:28:21.03] /i de::endDrag {-0.551 0.144} -context [db::getNext [de::getContexts -window 8]]
[15:28:21.96] /# gi::executeAction deCanvasZoomOutAtPoint -in [gi::getWindows 8]
[15:28:21.97] /i de::zoom -window [gi::getWindows 8] -factor 0.5 -center {-0.456 0.195}
[15:28:21.97] /o {-1.157 -0.153} {0.338 0.51}
[15:28:22.46] /# gi::executeAction deCanvasZoomOutAtPoint -in [gi::getWindows 8]
[15:28:22.46] /i de::zoom -window [gi::getWindows 8] -factor 0.5 -center {-0.461 0.198}
[15:28:22.47] /o {-1.854 -0.504} {1.137 0.821}
[15:28:24.12] /# gi::executeAction dePan -in [gi::getWindows 8]
[15:28:24.13] /i ide::pan [db::getNext [de::getContexts -window 8]]
[15:28:24.35] /i gi::executeAction deObjectActivation -in [gi::getWindows 8]
[15:28:24.63] /# gi::executeAction deStartDrag -in [gi::getWindows 8]
[15:28:24.63] /i de::startDrag {0.035 0.531} -context [db::getNext [de::getContexts -window 8]]
[15:28:26.19] /# gi::executeAction deEndDrag -in [gi::getWindows 8]
[15:28:26.19] /i de::endDrag {0.035 0.524} -context [db::getNext [de::getContexts -window 8]]
[15:28:26.19] /r dePanToPoint {-0.252 0.952}
[15:28:27.02] /# gi::executeAction deStartDrag -in [gi::getWindows 8]
[15:28:27.02] /i de::startDrag {-0.003 1.267} -context [db::getNext [de::getContexts -window 8]]
[15:28:28.04] /# gi::executeAction deEndDrag -in [gi::getWindows 8]
[15:28:28.04] /i de::endDrag {-0.001 1.253} -context [db::getNext [de::getContexts -window 8]]
[15:28:28.05] /r dePanToPoint {-0.252 1.913}
[15:28:29.13] /# gi::executeAction deStartDrag -in [gi::getWindows 8]
[15:28:29.13] /i de::startDrag {-0.201 1.962} -context [db::getNext [de::getContexts -window 8]]
[15:28:30.52] /# gi::executeAction deEndDrag -in [gi::getWindows 8]
[15:28:30.52] /i de::endDrag {-0.201 1.953} -context [db::getNext [de::getContexts -window 8]]
[15:28:30.52] /r dePanToPoint {-0.311 2.237}
[15:28:36.90] /i gi::setActiveWindow 9
[15:28:36.90] /i gi::setActiveWindow 9 -raise true
[15:28:44.69] /i gi::setActiveWindow 8
[15:28:44.69] /i gi::setActiveWindow 8 -raise true
[15:28:48.35] /# gi::executeAction deStartDrag -in [gi::getWindows 8]
[15:28:48.36] /i de::startDrag {-0.278 2.459} -context [db::getNext [de::getContexts -window 8]]
[15:28:49.39] /# gi::executeAction deEndDrag -in [gi::getWindows 8]
[15:28:49.39] /i de::endDrag {-0.28 2.463} -context [db::getNext [de::getContexts -window 8]]
[15:28:49.39] /r dePanToPoint {-0.279 2.034}
[15:28:59.04] /i gi::setActiveWindow 2
[15:28:59.04] /i gi::setActiveWindow 2 -raise true
[15:29:00.53] /i gi::setActiveWindow 9
[15:29:00.53] /i gi::setActiveWindow 9 -raise true
[15:29:01.93] /i gi::setActiveWindow 8
[15:29:01.93] /i gi::setActiveWindow 8 -raise true
[15:29:04.04] /# gi::setCurrentIndex {lpps} -index {poly pin} -in [gi::getAssistants leObjectLayerPanel -from [gi::getWindows 8]]
[15:29:04.04] /# gi::setItemSelection {lpps} -index {poly pin} -in [gi::getAssistants leObjectLayerPanel -from [gi::getWindows 8]]
[15:29:04.11] /# gi::executeAction leOLPSetActiveLPP -in [gi::getAssistants leObjectLayerPanel -from [gi::getWindows 8]]
[15:29:04.11] /i de::setActiveLPP [de::getLPPs -from [oa::DesignFind nmos_h2 h2 layout] -filter {%lpp =="poly pin"}]
[15:29:07.03] /i gi::executeAction deObjectActivation -in [gi::getWindows 8]
[15:29:07.17] /# gi::executeAction lePin -in [gi::getWindows 8]
[15:29:07.17] /i ile::createPin
[15:29:09.43] /# gi::executeAction leManualGuardRing -in [gi::getWindows 8]
[15:29:09.43] /i ile::createGuardRing
[15:29:09.86] /i gi::executeAction deObjectActivation -in [gi::getWindows 8]
[15:29:11.15] /i gi::executeAction deObjectActivation -in [gi::getWindows 8]
[15:29:11.37] /# gi::executeAction lePin -in [gi::getWindows 8]
[15:29:11.37] /i ile::createPin
[15:29:14.80] /i gi::setField {termName} -value {G} -in [gi::getToolbars {deCommandOptions} -from [gi::getWindows 8]]
[15:29:17.97] /# gi::executeAction deAddPoint -in [gi::getWindows 8]
[15:29:17.97] /i de::addPoint {-0.813 1.624} -context [db::getNext [de::getContexts -window 8]]
[15:29:19.68] /# gi::executeAction deStartDrag -in [gi::getWindows 8]
[15:29:19.68] /i de::startDrag {-0.811 1.624} -context [db::getNext [de::getContexts -window 8]]
[15:29:22.68] /# gi::executeAction deEndDrag -in [gi::getWindows 8]
[15:29:22.68] /i de::endDrag {-0.725 1.572} -context [db::getNext [de::getContexts -window 8]]
[15:29:23.52] /# gi::executeAction deCanvasZoomInAtPoint -in [gi::getWindows 8]
[15:29:23.52] /i de::zoom -window [gi::getWindows 8] -factor 2.0 -center {-0.757 1.557}
[15:29:23.52] /o {-1.266 1.464} {0.229 2.127}
[15:29:23.94] /# gi::executeAction deCanvasZoomInAtPoint -in [gi::getWindows 8]
[15:29:23.94] /i de::zoom -window [gi::getWindows 8] -factor 2.0 -center {-0.75 1.554}
[15:29:23.94] /o {-1.008 1.509} {-0.26 1.84}
[15:29:24.76] /# gi::executeAction deCanvasZoomOutAtPoint -in [gi::getWindows 8]
[15:29:24.76] /i de::zoom -window [gi::getWindows 8] -factor 0.5 -center {-0.749 1.555}
[15:29:24.76] /o {-1.267 1.463} {0.228 2.126}
[15:29:25.47] /# gi::executeAction deCanvasZoomOutAtPoint -in [gi::getWindows 8]
[15:29:25.47] /i de::zoom -window [gi::getWindows 8] -factor 0.5 -center {-0.747 1.63}
[15:29:25.47] /o {-1.786 1.297} {1.204 2.622}
[15:29:28.52] /i gi::setActiveWindow 2
[15:29:28.52] /i gi::setActiveWindow 2 -raise true
[15:29:29.32] /i gi::setActiveWindow 9
[15:29:29.32] /i gi::setActiveWindow 9 -raise true
[15:29:31.15] /i gi::setActiveWindow 8
[15:29:31.16] /i gi::setActiveWindow 8 -raise true
[15:29:33.18] /# gi::executeAction dePan -in [gi::getWindows 8]
[15:29:33.18] /i ide::pan [db::getNext [de::getContexts -window 8]]
[15:29:33.34] /i gi::executeAction deObjectActivation -in [gi::getWindows 8]
[15:29:33.47] /# gi::executeAction deStartDrag -in [gi::getWindows 8]
[15:29:33.47] /i de::startDrag {0.401 1.716} -context [db::getNext [de::getContexts -window 8]]
[15:29:35.48] /# gi::executeAction deEndDrag -in [gi::getWindows 8]
[15:29:35.48] /i de::endDrag {0.369 1.734} -context [db::getNext [de::getContexts -window 8]]
[15:29:35.48] /r dePanToPoint {0.461 1.566}
[15:29:37.34] /# gi::setCurrentIndex {lpps} -index {m1 pin} -in [gi::getAssistants leObjectLayerPanel -from [gi::getWindows 8]]
[15:29:37.35] /# gi::setItemSelection {lpps} -index {m1 pin} -in [gi::getAssistants leObjectLayerPanel -from [gi::getWindows 8]]
[15:29:37.43] /# gi::executeAction leOLPSetActiveLPP -in [gi::getAssistants leObjectLayerPanel -from [gi::getWindows 8]]
[15:29:37.43] /i de::setActiveLPP [de::getLPPs -from [oa::DesignFind nmos_h2 h2 layout] -filter {%lpp =="m1 pin"}]
[15:29:38.85] /i gi::executeAction deObjectActivation -in [gi::getWindows 8]
[15:29:39.05] /# gi::executeAction lePin -in [gi::getWindows 8]
[15:29:39.05] /i ile::createPin
[15:29:42.13] /i gi::setField {termName} -value {out} -in [gi::getToolbars {deCommandOptions} -from [gi::getWindows 8]]
[15:29:46.06] /# gi::executeAction deStartDrag -in [gi::getWindows 8]
[15:29:46.06] /i de::startDrag {0.61 1.414} -context [db::getNext [de::getContexts -window 8]]
[15:29:49.80] /# gi::executeAction deEndDrag -in [gi::getWindows 8]
[15:29:49.80] /i de::endDrag {0.693 1.365} -context [db::getNext [de::getContexts -window 8]]
[15:29:51.85] /# gi::executeAction dePan -in [gi::getWindows 8]
[15:29:51.85] /i ide::pan [db::getNext [de::getContexts -window 8]]
[15:29:51.95] /i gi::executeAction deObjectActivation -in [gi::getWindows 8]
[15:29:52.18] /# gi::executeAction deStartDrag -in [gi::getWindows 8]
[15:29:52.18] /i de::startDrag {0.257 1.752} -context [db::getNext [de::getContexts -window 8]]
[15:29:54.51] /# gi::executeAction deEndDrag -in [gi::getWindows 8]
[15:29:54.52] /i de::endDrag {0.252 1.752} -context [db::getNext [de::getContexts -window 8]]
[15:29:54.52] /r dePanToPoint {0.173 1.916}
[15:29:55.53] /# gi::executeAction leVia -in [gi::getWindows 8]
[15:29:55.53] /i ile::createVia
[15:29:55.76] /o oa:0x1f0b0c10
[15:30:41.48] /# gi::executeAction deAddPoint -in [gi::getWindows 8]
[15:30:41.49] /i de::addPoint {-0.946 2.048} -context [db::getNext [de::getContexts -window 8]]
[15:30:46.08] /# gi::executeAction deAbortCommand -in [gi::getWindows 8]
[15:30:46.08] /i de::abortCommand -context [db::getNext [de::getContexts -window 8]]
[15:30:48.52] /i de::undoTransaction -design [db::getAttr editDesign -of [de::getContexts -window 8]] -steps 1
[15:30:56.79] /# gi::executeAction leVia -in [gi::getWindows 8]
[15:30:56.79] /i ile::createVia
[15:30:56.95] /o oa:0x202fff70
[15:31:00.27] /i gi::setField {viaDefName} -value {poly_cust} -in [gi::getToolbars {deCommandOptions} -from [gi::getWindows 8]]
[15:31:21.21] /# gi::executeAction deAddPoint -in [gi::getWindows 8]
[15:31:21.21] /i de::addPoint {0.037 2.391} -context [db::getNext [de::getContexts -window 8]]
[15:31:23.99] /# gi::executeAction deAddPoint -in [gi::getWindows 8]
[15:31:23.99] /i de::addPoint {0.835 2.379} -context [db::getNext [de::getContexts -window 8]]
[15:31:29.64] /i gi::setField {viaDefName} -value {via12} -in [gi::getToolbars {deCommandOptions} -from [gi::getWindows 8]]
[15:31:32.91] /# gi::executeAction deAddPoint -in [gi::getWindows 8]
[15:31:32.91] /i de::addPoint {0.037 2.39} -context [db::getNext [de::getContexts -window 8]]
[15:31:36.00] /# gi::executeAction deAddPoint -in [gi::getWindows 8]
[15:31:36.00] /i de::addPoint {0.837 2.381} -context [db::getNext [de::getContexts -window 8]]
[15:31:39.28] /# gi::executeAction deCanvasZoomOutAtPoint -in [gi::getWindows 8]
[15:31:39.28] /i de::zoom -window [gi::getWindows 8] -factor 0.5 -center {-0.308 2.37}
[15:31:39.28] /o {-2.336 0.137} {3.645 2.787}
[15:31:40.72] /# gi::executeAction deCanvasZoomInAtPoint -in [gi::getWindows 8]
[15:31:40.72] /i de::zoom -window [gi::getWindows 8] -factor 2.0 -center {-0.107 2.431}
[15:31:40.72] /o {-1.221 1.284} {1.769 2.609}
[15:31:47.50] /# gi::executeAction deAddPoint -in [gi::getWindows 8]
[15:31:47.50] /i de::addPoint {-0.948 2.377} -context [db::getNext [de::getContexts -window 8]]
[15:31:49.07] /# gi::executeAction deAddPoint -in [gi::getWindows 8]
[15:31:49.07] /i de::addPoint {-0.19 2.566} -context [db::getNext [de::getContexts -window 8]]
[15:31:50.78] /# gi::executeAction deAbortCommand -in [gi::getWindows 8]
[15:31:50.78] /i de::abortCommand -context [db::getNext [de::getContexts -window 8]]
[15:31:52.88] /# gi::executeAction dePan -in [gi::getWindows 8]
[15:31:52.88] /i ide::pan [db::getNext [de::getContexts -window 8]]
[15:31:53.27] /# gi::executeAction deStartDrag -in [gi::getWindows 8]
[15:31:53.27] /i de::startDrag {-0.523 2.474} -context [db::getNext [de::getContexts -window 8]]
[15:31:55.43] /# gi::executeAction deEndDrag -in [gi::getWindows 8]
[15:31:55.43] /i de::endDrag {-0.523 2.476} -context [db::getNext [de::getContexts -window 8]]
[15:31:55.43] /r dePanToPoint {-0.061 2.312}
[15:31:57.31] /# gi::executeAction deAddPoint -in [gi::getWindows 8]
[15:31:57.31] /i de::addPoint {0.899 2.406} -context [db::getNext [de::getContexts -window 8]]
[15:31:58.43] /# gi::executeAction deStartDrag -in [gi::getWindows 8]
[15:31:58.43] /i de::startDrag {1.427 2.591} -context [db::getNext [de::getContexts -window 8]]
[15:31:59.09] /# gi::executeAction deEndDrag -in [gi::getWindows 8]
[15:31:59.09] /i de::endDrag {1.44 2.591} -context [db::getNext [de::getContexts -window 8]]
[15:31:59.09] /r dePanToPoint {0.242 2.38}
[15:31:59.78] /# gi::executeAction deStartDrag -in [gi::getWindows 8]
[15:31:59.78] /i de::startDrag {0.536 2.762} -context [db::getNext [de::getContexts -window 8]]
[15:32:00.07] /# gi::executeAction deEndDrag -in [gi::getWindows 8]
[15:32:00.07] /i de::endDrag {0.538 2.762} -context [db::getNext [de::getContexts -window 8]]
[15:32:00.07] /r dePanToPoint {0.168 2.393}
[15:32:00.23] /# gi::executeAction deAbortCommand -in [gi::getWindows 8]
[15:32:00.23] /i de::abortCommand -context [db::getNext [de::getContexts -window 8]]
[15:32:01.25] /# gi::executeAction leMove -in [gi::getWindows 8]
[15:32:01.25] /i ile::move
[15:32:01.65] /# gi::executeAction deAddPoint -in [gi::getWindows 8]
[15:32:01.65] /i de::addPoint {0.83 2.356} -context [db::getNext [de::getContexts -window 8]]
[15:32:03.65] /# gi::executeAction deAbortCommand -in [gi::getWindows 8]
[15:32:03.65] /i de::abortCommand -context [db::getNext [de::getContexts -window 8]]
[15:32:04.50] /# gi::executeAction deSelectActive -in [gi::getWindows 8]
[15:32:04.50] /i de::deselectAllLogic -context [db::getNext [de::getContexts -window 8]]
[15:32:04.67] /# gi::executeAction deSelectActive -in [gi::getWindows 8]
[15:32:04.67] /i de::deselectAllLogic -context [db::getNext [de::getContexts -window 8]]
[15:32:05.94] /# gi::executeAction deSelectActive -in [gi::getWindows 8]
[15:32:05.94] /i de::deselectAll [db::getNext [de::getContexts -window 8]]
[15:32:05.95] /i de::select [de::getActiveFigure [gi::getWindows 8] -point {0.84 2.417} -index 0 -intent none]
[15:32:05.95] /o oa:0x1f0b1a10
[15:32:06.37] /# gi::executeAction leMove -in [gi::getWindows 8]
[15:32:06.37] /i ile::move
[15:32:06.74] /# gi::executeAction deAddPoint -in [gi::getWindows 8]
[15:32:06.74] /i de::addPoint {0.84 2.417} -context [db::getNext [de::getContexts -window 8]]
[15:32:14.20] /# gi::executeAction deAddPoint -in [gi::getWindows 8]
[15:32:14.20] /i de::addPoint {0.839 2.685} -context [db::getNext [de::getContexts -window 8]]
[15:32:14.98] /# gi::executeAction deSelectActive -in [gi::getWindows 8]
[15:32:14.98] /i de::deselectAll [db::getNext [de::getContexts -window 8]]
[15:32:14.98] /i de::select [de::getActiveFigure [gi::getWindows 8] -point {-0.202 2.579} -index 0 -intent none]
[15:32:14.99] /o oa:0x204c0640
[15:32:16.61] /# gi::executeAction deSelectActive -in [gi::getWindows 8]
[15:32:16.61] /i de::cycleActiveFigure [gi::getWindows 8] -direction next
[15:32:16.61] /o oa:0x1e083250
[15:32:18.44] /# gi::executeAction leStartStretchDrag -in [gi::getWindows 8]
[15:32:18.44] /i layout_editor::directStretch [de::getActiveFigure [gi::getWindows 8] -point {-0.184 2.597} -index 0 -intent none] 8
[15:32:18.44] /# ile::stretch -point {-0.185 2.595}
[15:32:22.15] /# gi::executeAction deEndDrag -in [gi::getWindows 8]
[15:32:22.15] /i de::endDrag {-0.171 2.797} -context [db::getNext [de::getContexts -window 8]]
[15:32:22.65] /# gi::executeAction deSelectActive -in [gi::getWindows 8]
[15:32:22.65] /i de::deselectAll [db::getNext [de::getContexts -window 8]]
[15:32:22.65] /i de::deselectAllLogic -context [db::getNext [de::getContexts -window 8]]
[15:32:24.83] /# gi::setCurrentIndex {lpps} -index {m1 drw} -in [gi::getAssistants leObjectLayerPanel -from [gi::getWindows 8]]
[15:32:24.83] /# gi::setItemSelection {lpps} -index {m1 drw} -in [gi::getAssistants leObjectLayerPanel -from [gi::getWindows 8]]
[15:32:24.90] /# gi::executeAction leOLPSetActiveLPP -in [gi::getAssistants leObjectLayerPanel -from [gi::getWindows 8]]
[15:32:24.90] /i de::setActiveLPP [de::getLPPs -from [oa::DesignFind nmos_h2 h2 layout] -filter {%lpp =="m1 drawing"}]
[15:32:25.98] /# gi::executeAction leRectangle -in [gi::getWindows 8]
[15:32:25.98] /i ile::createRectangle
[15:32:29.38] /# gi::executeAction deAddPoint -in [gi::getWindows 8]
[15:32:29.38] /i de::addPoint {-0.895 2.042} -context [db::getNext [de::getContexts -window 8]]
[15:32:33.68] /# gi::executeAction deAddPoint -in [gi::getWindows 8]
[15:32:33.68] /i de::addPoint {-0.994 2.426} -context [db::getNext [de::getContexts -window 8]]
[15:32:35.34] /# gi::setCurrentIndex {lpps} -index {m2 drw} -in [gi::getAssistants leObjectLayerPanel -from [gi::getWindows 8]]
[15:32:35.34] /# gi::setItemSelection {lpps} -index {m2 drw} -in [gi::getAssistants leObjectLayerPanel -from [gi::getWindows 8]]
[15:32:35.43] /# gi::executeAction leOLPSetActiveLPP -in [gi::getAssistants leObjectLayerPanel -from [gi::getWindows 8]]
[15:32:35.43] /i de::setActiveLPP [de::getLPPs -from [oa::DesignFind nmos_h2 h2 layout] -filter {%lpp =="m2 drawing"}]
[15:32:38.10] /# gi::executeAction deAddPoint -in [gi::getWindows 8]
[15:32:38.10] /i de::addPoint {-1.023 2.482} -context [db::getNext [de::getContexts -window 8]]
[15:32:45.54] /# gi::executeAction deAddPoint -in [gi::getWindows 8]
[15:32:45.54] /i de::addPoint {0.108 2.291} -context [db::getNext [de::getContexts -window 8]]
[15:32:54.39] /# gi::executeAction deCanvasZoomOutAtPoint -in [gi::getWindows 8]
[15:32:54.39] /i de::zoom -window [gi::getWindows 8] -factor 0.5 -center {1.102 2.212}
[15:32:54.39] /o {-3.756 1.25} {2.224 3.9}
[15:32:55.05] /# gi::executeAction deCanvasZoomInAtPoint -in [gi::getWindows 8]
[15:32:55.05] /i de::zoom -window [gi::getWindows 8] -factor 2.0 -center {1.155 2.19}
[15:32:55.05] /o {-1.301 1.72} {1.69 3.045}
[15:32:56.60] /# gi::setCurrentIndex {lpps} -index {m1 drw} -in [gi::getAssistants leObjectLayerPanel -from [gi::getWindows 8]]
[15:32:56.60] /# gi::setItemSelection {lpps} -index {m1 drw} -in [gi::getAssistants leObjectLayerPanel -from [gi::getWindows 8]]
[15:32:56.69] /# gi::executeAction leOLPSetActiveLPP -in [gi::getAssistants leObjectLayerPanel -from [gi::getWindows 8]]
[15:32:56.69] /i de::setActiveLPP [de::getLPPs -from [oa::DesignFind nmos_h2 h2 layout] -filter {%lpp =="m1 drawing"}]
[15:32:59.39] /# gi::executeAction deAddPoint -in [gi::getWindows 8]
[15:32:59.39] /i de::addPoint {0.764 2.334} -context [db::getNext [de::getContexts -window 8]]
[15:33:04.25] /# gi::executeAction deAddPoint -in [gi::getWindows 8]
[15:33:04.25] /i de::addPoint {0.899 2.854} -context [db::getNext [de::getContexts -window 8]]
[15:33:05.46] /# gi::executeAction deAbortCommand -in [gi::getWindows 8]
[15:33:05.46] /i de::abortCommand -context [db::getNext [de::getContexts -window 8]]
[15:33:07.03] /# gi::executeAction leStartStretchDrag -in [gi::getWindows 8]
[15:33:07.03] /i layout_editor::directStretch [de::getActiveFigure [gi::getWindows 8] -point {0.935 2.649} -index 0 -intent none] 8
[15:33:07.03] /# db::setPrefValue deSelectMode -value Replace -scope [db::getScopes [db::getNext [de::getContexts -window 8]]]; ide::selectByRegion -region rectangle -point {0.935 2.65} 
[15:33:07.90] /# gi::executeAction deEndDrag -in [gi::getWindows 8]
[15:33:07.90] /i de::endDrag {0.937 2.741} -context [db::getNext [de::getContexts -window 8]]
[15:33:08.98] /# gi::executeAction deSelectActive -in [gi::getWindows 8]
[15:33:08.98] /i de::deselectAll [db::getNext [de::getContexts -window 8]]
[15:33:08.98] /i de::select [de::getActiveFigure [gi::getWindows 8] -point {0.932 2.674} -index 0 -intent none]
[15:33:08.98] /o oa:0x1e7d75b0
[15:33:09.63] /# gi::executeAction leStartStretchDrag -in [gi::getWindows 8]
[15:33:09.63] /i layout_editor::directStretch [de::getActiveFigure [gi::getWindows 8] -point {0.932 2.674} -index 0 -intent none] 8
[15:33:09.63] /# ile::stretch -point {0.93 2.675}
[15:33:14.25] /# gi::executeAction deEndDrag -in [gi::getWindows 8]
[15:33:14.25] /i de::endDrag {0.926 2.811} -context [db::getNext [de::getContexts -window 8]]
[15:33:15.72] /# gi::setCurrentIndex {lpps} -index {m2 drw} -in [gi::getAssistants leObjectLayerPanel -from [gi::getWindows 8]]
[15:33:15.72] /# gi::setItemSelection {lpps} -index {m2 drw} -in [gi::getAssistants leObjectLayerPanel -from [gi::getWindows 8]]
[15:33:15.77] /# gi::executeAction leOLPSetActiveLPP -in [gi::getAssistants leObjectLayerPanel -from [gi::getWindows 8]]
[15:33:15.77] /i de::setActiveLPP [de::getLPPs -from [oa::DesignFind nmos_h2 h2 layout] -filter {%lpp =="m2 drawing"}]
[15:33:17.22] /# gi::executeAction leMove -in [gi::getWindows 8]
[15:33:17.22] /i ile::move
[15:33:19.34] /# gi::executeAction leRotate90 -in [gi::getWindows 8]
[15:33:19.34] /i de::commandOption R90 -point {0.899 2.692}
[15:33:20.89] /# gi::executeAction deAbortCommand -in [gi::getWindows 8]
[15:33:20.89] /i de::abortCommand -context [db::getNext [de::getContexts -window 8]]
[15:33:21.22] /# gi::executeAction leRectangle -in [gi::getWindows 8]
[15:33:21.22] /i ile::createRectangle
[15:33:22.48] /# gi::executeAction deAddPoint -in [gi::getWindows 8]
[15:33:22.48] /i de::addPoint {0.899 2.692} -context [db::getNext [de::getContexts -window 8]]
[15:33:30.41] /# gi::executeAction deAddPoint -in [gi::getWindows 8]
[15:33:30.41] /i de::addPoint {-0.247 2.886} -context [db::getNext [de::getContexts -window 8]]
[15:33:34.69] /# gi::executeAction deCanvasZoomInAtPoint -in [gi::getWindows 8]
[15:33:34.69] /i de::zoom -window [gi::getWindows 8] -factor 2.0 -center {0.131 2.388}
[15:33:34.69] /o {-0.585 2.054} {0.91 2.716}
[15:33:36.23] /# gi::executeAction deAbortCommand -in [gi::getWindows 8]
[15:33:36.23] /i de::abortCommand -context [db::getNext [de::getContexts -window 8]]
[15:33:36.92] /# gi::executeAction deSelectActive -in [gi::getWindows 8]
[15:33:36.92] /i de::deselectAll [db::getNext [de::getContexts -window 8]]
[15:33:36.92] /i de::select [de::getActiveFigure [gi::getWindows 8] -point {0.2 2.272} -index 0 -intent none]
[15:33:36.92] /o oa:0x1ee04640
[15:33:37.61] /# gi::executeAction deSelectActive -in [gi::getWindows 8]
[15:33:37.61] /i de::deselectAll [db::getNext [de::getContexts -window 8]]
[15:33:37.61] /i de::select [de::getActiveFigure [gi::getWindows 8] -point {0.13 2.283} -index 0 -intent none]
[15:33:37.61] /o oa:0x2002ba00
[15:33:39.34] /# gi::executeAction deSelectActive -in [gi::getWindows 8]
[15:33:39.34] /i de::deselectAll [db::getNext [de::getContexts -window 8]]
[15:33:39.34] /i de::select [de::getActiveFigure [gi::getWindows 8] -point {0.135 2.482} -index 0 -intent none]
[15:33:39.35] /o oa:0x1f6bc180
[15:33:39.98] /# gi::executeAction deSelectActive -in [gi::getWindows 8]
[15:33:39.98] /i de::deselectAll [db::getNext [de::getContexts -window 8]]
[15:33:39.98] /i de::select [de::getActiveFigure [gi::getWindows 8] -point {0.125 2.482} -index 0 -intent none]
[15:33:39.98] /o oa:0x2064c6d0
[15:33:40.31] /# gi::executeAction leMove -in [gi::getWindows 8]
[15:33:40.31] /i ile::move
[15:33:40.88] /# gi::executeAction deAddPoint -in [gi::getWindows 8]
[15:33:40.88] /i de::addPoint {0.125 2.482} -context [db::getNext [de::getContexts -window 8]]
[15:33:43.91] /# gi::executeAction deAddPoint -in [gi::getWindows 8]
[15:33:43.91] /i de::addPoint {0.166 2.477} -context [db::getNext [de::getContexts -window 8]]
[15:33:45.27] /# gi::executeAction deSelectActive -in [gi::getWindows 8]
[15:33:45.27] /i de::deselectAll [db::getNext [de::getContexts -window 8]]
[15:33:45.27] /i de::select [de::getActiveFigure [gi::getWindows 8] -point {-0.054 2.417} -index 0 -intent none]
[15:33:45.27] /o oa:0x1f8b63b0
[15:33:48.06] /# gi::executeAction leMove -in [gi::getWindows 8]
[15:33:48.06] /i ile::move
[15:33:48.82] /# gi::executeAction deAddPoint -in [gi::getWindows 8]
[15:33:48.82] /i de::addPoint {-0.037 2.415} -context [db::getNext [de::getContexts -window 8]]
[15:33:52.26] /# gi::executeAction deAddPoint -in [gi::getWindows 8]
[15:33:52.26] /i de::addPoint {0.016 2.416} -context [db::getNext [de::getContexts -window 8]]
[15:33:54.23] /# gi::executeAction leStretch -in [gi::getWindows 8]
[15:33:54.23] /i ile::stretch
[15:33:55.15] /# gi::executeAction deAddPoint -in [gi::getWindows 8]
[15:33:55.15] /i de::addPoint {0.112 2.406} -context [db::getNext [de::getContexts -window 8]]
[15:33:56.42] /# gi::executeAction deAbortCommand -in [gi::getWindows 8]
[15:33:56.42] /i de::abortCommand -context [db::getNext [de::getContexts -window 8]]
[15:33:57.38] /# gi::executeAction deSelectActive -in [gi::getWindows 8]
[15:33:57.38] /i de::deselectAll [db::getNext [de::getContexts -window 8]]
[15:33:57.38] /i de::select [de::getActiveFigure [gi::getWindows 8] -point {0.112 2.406} -index 0 -intent none]
[15:33:57.39] /o oa:0x1e3db6e0
[15:33:58.98] /# gi::executeAction leStretch -in [gi::getWindows 8]
[15:33:58.98] /i ile::stretch
[15:33:59.69] /# gi::executeAction deAddPoint -in [gi::getWindows 8]
[15:33:59.69] /i de::addPoint {0.112 2.406} -context [db::getNext [de::getContexts -window 8]]
[15:34:01.85] /# gi::executeAction deAddPoint -in [gi::getWindows 8]
[15:34:01.85] /i de::addPoint {0.155 2.403} -context [db::getNext [de::getContexts -window 8]]
[15:34:03.10] /# gi::executeAction deCanvasZoomOutAtPoint -in [gi::getWindows 8]
[15:34:03.10] /i de::zoom -window [gi::getWindows 8] -factor 0.5 -center {-0.028 2.266}
[15:34:03.16] /o {-1.142 1.842} {1.849 3.167}
[15:34:03.83] /# gi::executeAction deCanvasZoomOutAtPoint -in [gi::getWindows 8]
[15:34:03.83] /i de::zoom -window [gi::getWindows 8] -factor 0.5 -center {-0.677 2.391}
[15:34:03.83] /o {-1.606 1.293} {4.374 3.943}
[15:34:04.46] /# gi::executeAction deCanvasZoomInAtPoint -in [gi::getWindows 8]
[15:34:04.47] /i de::zoom -window [gi::getWindows 8] -factor 2.0 -center {-0.789 2.373}
[15:34:04.47] /o {-1.198 1.833} {1.793 3.158}
[15:34:07.56] /# gi::setCurrentIndex {lpps} -index {m1 drw} -in [gi::getAssistants leObjectLayerPanel -from [gi::getWindows 8]]
[15:34:07.56] /# gi::setItemSelection {lpps} -index {m1 drw} -in [gi::getAssistants leObjectLayerPanel -from [gi::getWindows 8]]
[15:34:07.64] /# gi::executeAction leOLPSetActiveLPP -in [gi::getAssistants leObjectLayerPanel -from [gi::getWindows 8]]
[15:34:07.64] /i de::setActiveLPP [de::getLPPs -from [oa::DesignFind nmos_h2 h2 layout] -filter {%lpp =="m1 drawing"}]
[15:34:08.43] /# gi::executeAction leRectangle -in [gi::getWindows 8]
[15:34:08.43] /i ile::createRectangle
[15:34:11.65] /# gi::executeAction deAddPoint -in [gi::getWindows 8]
[15:34:11.65] /i de::addPoint {-0.096 2.051} -context [db::getNext [de::getContexts -window 8]]
[15:34:14.48] /# gi::executeAction deAddPoint -in [gi::getWindows 8]
[15:34:14.48] /i de::addPoint {-0.193 2.818} -context [db::getNext [de::getContexts -window 8]]
[15:34:15.53] /# gi::executeAction deCanvasZoomInAtPoint -in [gi::getWindows 8]
[15:34:15.53] /i de::zoom -window [gi::getWindows 8] -factor 2.0 -center {-0.119 2.357}
[15:34:15.53] /o {-0.658 2.095} {0.837 2.757}
[15:34:16.50] /# gi::executeAction deCanvasZoomOutAtPoint -in [gi::getWindows 8]
[15:34:16.50] /i de::zoom -window [gi::getWindows 8] -factor 0.5 -center {-0.133 2.299}
[15:34:16.50] /o {-1.184 1.891} {1.807 3.216}
[15:34:18.87] /# gi::executeAction dePan -in [gi::getWindows 8]
[15:34:18.87] /i ide::pan [db::getNext [de::getContexts -window 8]]
[15:34:19.15] /# gi::executeAction deStartDrag -in [gi::getWindows 8]
[15:34:19.15] /i de::startDrag {1.133 2.472} -context [db::getNext [de::getContexts -window 8]]
[15:34:19.44] /# gi::executeAction deEndDrag -in [gi::getWindows 8]
[15:34:19.44] /i de::endDrag {1.133 2.476} -context [db::getNext [de::getContexts -window 8]]
[15:34:19.44] /r dePanToPoint {0.396 2.072}
[15:34:20.26] /# gi::executeAction deStartDrag -in [gi::getWindows 8]
[15:34:20.26] /i de::startDrag {1.393 1.659} -context [db::getNext [de::getContexts -window 8]]
[15:34:20.51] /# gi::executeAction deEndDrag -in [gi::getWindows 8]
[15:34:20.51] /i de::endDrag {1.396 1.713} -context [db::getNext [de::getContexts -window 8]]
[15:34:20.52] /r dePanToPoint {0.351 1.482}
[15:34:20.93] /# gi::executeAction deCanvasZoomOutAtPoint -in [gi::getWindows 8]
[15:34:20.94] /i de::zoom -window [gi::getWindows 8] -factor 0.5 -center {0.934 1.308}
[15:34:20.95] /o {-3.222 0.331} {2.759 2.981}
[15:34:22.27] /# gi::executeAction deStartDrag -in [gi::getWindows 8]
[15:34:22.27] /i de::startDrag {1.722 1.059} -context [db::getNext [de::getContexts -window 8]]
[15:34:24.89] /# gi::executeAction deEndDrag -in [gi::getWindows 8]
[15:34:24.90] /i de::endDrag {1.722 1.052} -context [db::getNext [de::getContexts -window 8]]
[15:34:24.90] /r dePanToPoint {-0.041 1.991}
[15:34:26.71] /# gi::executeAction deStartDrag -in [gi::getWindows 8]
[15:34:26.71] /i de::startDrag {2.107 2.06} -context [db::getNext [de::getContexts -window 8]]
[15:34:27.25] /# gi::executeAction deEndDrag -in [gi::getWindows 8]
[15:34:27.25] /i de::endDrag {2.114 2.071} -context [db::getNext [de::getContexts -window 8]]
[15:34:27.25] /r dePanToPoint {0.114 0.814}
[15:34:27.99] /# gi::executeAction deStartDrag -in [gi::getWindows 8]
[15:34:27.99] /i de::startDrag {1.765 1.203} -context [db::getNext [de::getContexts -window 8]]
[15:34:28.33] /# gi::executeAction deEndDrag -in [gi::getWindows 8]
[15:34:28.33] /i de::endDrag {1.768 1.185} -context [db::getNext [de::getContexts -window 8]]
[15:34:28.34] /r dePanToPoint {-0.199 2.128}
[15:34:31.55] /i gi::executeAction deSaveDesign -in [gi::getWindows 8]
[15:34:31.55] /m Information: Saving design 'nmos_h2 h2 layout'. (DESIGN_WINDOW-004)
[15:34:36.05] /# gi::executeAction xtLVSSetup -in [gi::getWindows 8]
[15:34:36.05] /i xt::showLVSSetup -job lvs -window 8
[15:34:37.35] /o oa:0x20b4bd80
[15:34:37.64] /i gi::setActiveDialog [gi::getDialogs {xtLVSSetup} -parent [gi::getWindows 8]]
[15:34:37.82] /i db::setAttr geometry -of [gi::getDialogs {xtLVSSetup} -parent [gi::getWindows 8]] -value 704x454+787+330
[15:34:42.05] /i gi::pressButton {/tabGroup/mainTab/jobParametersGroup/runsetFile/browseButton} -in [gi::getDialogs {xtLVSSetup} -parent [gi::getWindows 8]]
[15:34:55.90] /r giFileDialog accept ../../../lab1vlsi/PDK/hercules/lvs/reference_lvs.ev
[15:34:58.89] /i gi::setActiveTab {/tabGroup} -tabName {/tabGroup/customOptionsTab} -in [gi::getDialogs {xtLVSSetup} -parent [gi::getWindows 8]]
[15:34:59.91] /i gi::setField {/tabGroup/customOptionsTab/layerMapFile/entryField} -value {/home/itsupport/Desktop/lab1vlsi/PDK/techfiles/reference90RF_layer.map} -in [gi::getDialogs {xtLVSSetup} -parent [gi::getWindows 8]]
[15:34:59.92] /i gi::setActiveTab {/tabGroup} -tabName {/tabGroup/controlVariablesTab} -in [gi::getDialogs {xtLVSSetup} -parent [gi::getWindows 8]]
[15:35:00.71] /i gi::setActiveTab {/tabGroup} -tabName {/tabGroup/netlistingOptionsTab} -in [gi::getDialogs {xtLVSSetup} -parent [gi::getWindows 8]]
[15:35:04.80] /i gi::setField {/tabGroup/netlistingOptionsTab/schematicOutputNetlist/entryField} -value {/root/Excercise/Noise_Margins/nmos/h2/synopsys_custom/h2.hercules.lvs/h2.custom_compiler.sp} -in [gi::getDialogs {xtLVSSetup} -parent [gi::getWindows 8]]
[15:35:04.80] /i gi::setActiveTab {/tabGroup} -tabName {/tabGroup/mainTab} -in [gi::getDialogs {xtLVSSetup} -parent [gi::getWindows 8]]
[15:35:05.98] /i gi::pressButton {/ok} -in [gi::getDialogs {xtLVSSetup} -parent [gi::getWindows 8]]
[15:35:06.98] /# xt::physicalVerification::executePve lvs 8
[15:35:08.06] /m Information: "Starting netlisting for design "nmos_h2/h2/schematic"..." (NETLISTING-010)
[15:35:08.08] /o No Design Integrity rule violations found in "nmos_h2/h2/schematic"
[15:35:08.17] /m Information: "Netlisting design "nmos_h2/h2/schematic" finished successfully." (NETLISTING-012)
[15:35:08.95] /r giWindowId 11
[15:35:08.99] /r giWindowGeometry 800x600
[15:35:15.63] /m Information: 
              /c =============================
              /c JobID: hercules_lvs_8
              /c --- EXTRACT ERROR SUMMARY ---
              /c No Comment
              /c  ERR_CREATE_PORTS ....................................... 1 violation found.
              /c --- COMPARE ERROR SUMMARY ---
              /c Top block compare result: PASS
              /c [h2 == h2]
              /c =============================
              /c 
[15:35:17.10] /j ::xt::hercules::vue::_private::registerConnection localhost:57150 tcp6 herculesVue_1 
[15:35:17.15] /j ::xt::hercules::vue::_private::isJobReady 
[15:35:17.15] /o false
[15:35:18.15] /j ::xt::hercules::vue::_private::isJobReady 
[15:35:18.15] /o false
[15:35:18.16] /m Information: Connection established with 'Hercules-VUE' running on 'localhost'.
[15:35:19.17] /j ::xt::hercules::vue::_private::isJobReady 
[15:35:19.17] /o true
[15:35:19.18] /j ::xt::hercules::vue::startFilter LAY 
[15:35:19.20] /j ::xt::hercules::vue::startFilter SCH 
[15:35:19.78] /j ::xt::hercules::vue::setInlibPath /root/Excercise/Noise_Margins/nmos/h2/synopsys_custom/h2.hercules.lvs/. 
[15:35:19.79] /j ::xt::hercules::vue::setTopLayLCV nmos_h2 h2 layout 
[15:35:19.80] /j ::xt::hercules::vue::openCell nmos_h2 h2 layout 
[15:35:19.82] /j ::xt::hercules::vue::setTopSchLib nmos_h2 
[15:35:22.77] /j ::xt::hercules::vue::clearAllHighlights {} {} 
[15:35:22.79] /j ::xt::hercules::vue::clearAllHighlights h2 layout 
[15:35:23.79] /j ::xt::hercules::vue::clearAllHighlights {} {} 
[15:35:23.80] /j ::xt::hercules::vue::clearAllHighlights h2 layout 
[15:35:23.82] /j ::xt::hercules::vue::clearAllHighlights h2 layout 
[15:35:23.83] /j ::xt::hercules::vue::openCell nmos_h2 h2 layout 
[15:35:24.67] /j ::xt::hercules::vue::clearAllHighlights h2 layout 
[15:35:24.69] /j ::xt::hercules::vue::clearAllHighlights h2 layout 
[15:35:24.70] /j ::xt::hercules::vue::setHighlightProperty h2 layout yellow brick 
[15:35:24.71] /j ::xt::hercules::vue::addPolygonBegin 5 
[15:35:24.75] /j ::xt::hercules::vue::addPolygonPoints {-1.815 0.070 0.685 2.570 0.185 3.070 -2.315 0.570 -1.815 0.070 } 
[15:35:24.75] /j ::xt::hercules::vue::addPolygonEnd 
[15:35:24.75] /j ::xt::hercules::vue::addPolygonBegin 5 
[15:35:24.75] /j ::xt::hercules::vue::addPolygonPoints {0.685 0.570 -1.815 3.070 -2.315 2.570 0.185 0.070 0.685 0.570 } 
[15:35:24.75] /j ::xt::hercules::vue::addPolygonEnd 
[15:35:24.75] /j ::xt::hercules::vue::setViewPort extents {-2.690 -0.305 1.060 3.445} LAY 
[15:35:24.77] /j ::xt::hercules::vue::addErrorDescription {"Layer Name: POLYPIN"} 
[15:35:24.79] /j ::xt::hercules::vue::drawHighlights h2 layout all 
[15:35:24.80] /j ::xt::hercules::vue::clearAllHighlights {} {} 
[15:35:26.47] /j ::xt::hercules::vue::clearAllHighlights h2 layout 
[15:35:26.49] /j ::xt::hercules::vue::clearAllHighlights {} {} 
[15:35:34.90] /j ::xt::hercules::vue::clearAllHighlights h2 layout 
[15:35:34.90] /j ::xt::hercules::vue::clearAllHighlights h2 layout 
[15:35:34.90] /j ::xt::hercules::vue::clearAllHighlights h2 layout 
[15:35:34.92] /j ::xt::hercules::vue::openCell nmos_h2 h2 layout 
[15:35:34.94] /j ::xt::hercules::vue::clearAllHighlights {} {} 
[15:35:34.96] /j ::xt::hercules::vue::clearAllHighlights {} {} 
[15:35:36.16] /j ::xt::hercules::vue::clearAllHighlights h2 layout 
[15:35:36.18] /j ::xt::hercules::vue::clearAllHighlights h2 layout 
[15:35:36.20] /j ::xt::hercules::vue::setHighlightProperty h2 layout yellow brick 
[15:35:36.22] /j ::xt::hercules::vue::addPolygonBegin 5 
[15:35:36.26] /j ::xt::hercules::vue::addPolygonPoints {-1.815 0.070 0.685 2.570 0.185 3.070 -2.315 0.570 -1.815 0.070 } 
[15:35:36.26] /j ::xt::hercules::vue::addPolygonEnd 
[15:35:36.26] /j ::xt::hercules::vue::addPolygonBegin 5 
[15:35:36.26] /j ::xt::hercules::vue::addPolygonPoints {0.685 0.570 -1.815 3.070 -2.315 2.570 0.185 0.070 0.685 0.570 } 
[15:35:36.26] /j ::xt::hercules::vue::addPolygonEnd 
[15:35:36.26] /j ::xt::hercules::vue::setViewPort extents {-2.690 -0.305 1.060 3.445} LAY 
[15:35:36.28] /j ::xt::hercules::vue::addErrorDescription {"Layer Name: POLYPIN"} 
[15:35:36.31] /j ::xt::hercules::vue::drawHighlights h2 layout all 
[15:35:36.32] /j ::xt::hercules::vue::clearAllHighlights {} {} 
[15:35:40.36] /i gi::setActiveWindow 11
[15:35:40.36] /i gi::setActiveWindow 11 -raise true
[15:35:40.67] /i gi::setActiveWindow 2
[15:35:40.67] /i gi::setActiveWindow 2 -raise true
[15:35:41.01] /i gi::setActiveWindow 11
[15:35:41.01] /i gi::setActiveWindow 11 -raise true
[15:35:41.13] /r giWindowId 12
[15:35:41.25] /r giWindowGeometry 1040x800
[15:35:41.53] /i gi::createFrame -window 2
[15:35:41.55] /i gi::setActiveWindow 12
[15:35:41.55] /i gi::setActiveWindow 12 -raise true
[15:35:41.89] /i db::setAttr geometry -of [gi::getFrames 2] -value 1910x911+5+62
[15:35:45.05] /i gi::setCurrentIndex {cells} -index {h2} -in [gi::getWindows 2]
[15:35:45.05] /i gi::setItemSelection {cells} -index {h2} -in [gi::getWindows 2]
[15:35:46.08] /i gi::setCurrentIndex {views} -index {layout} -in [gi::getWindows 2]
[15:35:46.09] /i gi::setItemSelection {views} -index {layout} -in [gi::getWindows 2]
[15:35:46.26] /i gi::executeAction dmOpen -in [gi::getWindows 2]
[15:35:46.31] /r giWindowId 13
[15:35:46.35] /r giWindowGeometry 1632x849
[15:35:46.44] /# de::setActiveLPP [de::getLPPs "m1 drawing" -from [db::getAttr editDesign -of [de::getContexts -window 13]]]
[15:35:50.19] /i gi::setField {stopLevel} -value {2} -in [gi::getToolbars {leHierarchy} -from [gi::getWindows 13]]
[15:35:52.57] /i gi::setField {stopLevel} -value {1} -in [gi::getToolbars {leHierarchy} -from [gi::getWindows 13]]
[15:36:01.48] /i gi::pressButton {ConsoleToggleButton} -in [db::getAttr statusbar -of [gi::getWindows 13]]
[15:36:01.80] /i db::setAttr dockSize -of [gi::getAssistants leObjectLayerPanel -from [gi::getWindows 13]] -value 200x519
[16:40:17.12] /# gi::executeAction xtDRCRun -in [gi::getWindows 13]
[16:40:17.13] /i xt::physicalVerification::executeRun drc 13
[16:40:18.18] /# xt::physicalVerification::executePve drc 13
[16:40:18.27] /e Error: xtDRCHerculesRunsetFile: preference value is empty in '/root/Excercise/Noise_Margins/nmos/h2/synopsys_custom/h2.hercules.drc_pve' scope.
[16:40:19.19] /i gi::setActiveDialog [gi::getDialogs {xtDRCSetup} -parent [gi::getWindows 13]]
[16:40:19.41] /i db::setAttr geometry -of [gi::getDialogs {xtDRCSetup} -parent [gi::getWindows 13]] -value 475x427+865+358
[16:40:21.65] /i gi::pressButton {/tabGroup/mainTab/jobParametersGroup/runsetFile/browseButton} -in [gi::getDialogs {xtDRCSetup} -parent [gi::getWindows 13]]
[16:40:30.91] /r giFileDialog accept ../../../lab1vlsi/PDK/hercules/drc/reference_drc.ev
[16:40:32.94] /i gi::pressButton {/ok} -in [gi::getDialogs {xtDRCSetup} -parent [gi::getWindows 13]]
[16:40:32.96] /# gi::setActiveTab {/tabGroup} -tabName {/tabGroup/customOptionsTab} -in [gi::getDialogs {xtDRCSetup} -parent [gi::getWindows 13]]
[16:40:32.96] /e Error: The requested action could not be completed because one or more inputs are incomplete or invalid. (CUSTOM_WIDGETS-001)
[16:40:34.96] /i gi::setField {/tabGroup/customOptionsTab/layerMapFile/entryField} -value {/remote/dept-seg-cae2/FTK/agarwals/PERFORCE/IPL/reference/90nm/techfiles/reference90RF_layer.map} -in [gi::getDialogs {xtDRCSetup} -parent [gi::getWindows 13]]
[16:40:35.12] /i gi::pressButton {/tabGroup/customOptionsTab/layerMapFile/browseButton} -in [gi::getDialogs {xtDRCSetup} -parent [gi::getWindows 13]]
[16:40:50.02] /r giFileDialog accept ../../../lab1vlsi/PDK/techfiles/reference90RF_layer.map
[16:40:51.62] /i gi::pressButton {/ok} -in [gi::getDialogs {xtDRCSetup} -parent [gi::getWindows 13]]
[16:40:53.70] /# xt::physicalVerification::executePve drc 13
[16:40:55.26] /r giWindowId 14
[16:40:55.49] /r giWindowGeometry 800x600
[16:40:58.75] /m Information: 
              /c =============================
              /c JobID: hercules_drc_3
              /c --- ERROR SUMMARY -----------
              /c 7.29: Minimum spacing for Metal 1 >= 0.1
              /c  EXTERNAL M1S { } (101) ................................. 1 violation found.
              /c 7.30: Minimum area of Metal 1 >= 0.04
              /c  AREA M1S { } (101) ..................................... 1 violation found.
              /c =============================
              /c 
[16:40:59.72] /j ::xt::hercules::vue::_private::registerConnection localhost:59327 tcp13 herculesVue_2 
[16:40:59.77] /j ::xt::hercules::vue::_private::isJobReady 
[16:40:59.77] /o false
[16:41:00.78] /j ::xt::hercules::vue::_private::isJobReady 
[16:41:00.79] /o false
[16:41:01.79] /m Information: Connection established with 'Hercules-VUE' running on 'localhost'.
[16:41:01.79] /j ::xt::hercules::vue::_private::isJobReady 
[16:41:01.79] /o true
[16:41:01.79] /j ::xt::hercules::vue::startFilter LAY 
[16:41:02.10] /j ::xt::hercules::vue::setInlibPath /root/Excercise/Noise_Margins/nmos/h2/synopsys_custom/h2.hercules.drc/. 
[16:41:02.10] /j ::xt::hercules::vue::setTopLayLCV nmos_h2 h2 layout 
[16:41:02.11] /j ::xt::hercules::vue::openCell nmos_h2 h2 layout 
[16:41:04.96] /j ::xt::hercules::vue::clearAllHighlights h2 layout 
[16:41:06.17] /j ::xt::hercules::vue::clearAllHighlights h2 layout 
[16:41:06.18] /j ::xt::hercules::vue::clearAllHighlights h2 layout 
[16:41:06.20] /j ::xt::hercules::vue::openCell nmos_h2 h2 layout 
[16:41:06.86] /j ::xt::hercules::vue::clearAllHighlights h2 layout 
[16:41:06.88] /j ::xt::hercules::vue::clearAllHighlights h2 layout 
[16:41:06.90] /j ::xt::hercules::vue::setHighlightProperty h2 layout yellow brick 
[16:41:06.93] /j ::xt::hercules::vue::addPolygonBegin 4 
[16:41:06.97] /j ::xt::hercules::vue::addPolygonPoints {-0.095 2.315 -0.095 2.465 -0.020 2.465 -0.020 2.315 -0.095 2.315} 
[16:41:06.97] /j ::xt::hercules::vue::addPolygonEnd 
[16:41:06.97] /j ::xt::hercules::vue::setViewPort extents {-0.104 2.296 -0.011 2.484} LAY 
[16:41:06.99] /j ::xt::hercules::vue::addErrorDescription {"Distance: 0.075"} 
[16:41:07.00] /j ::xt::hercules::vue::drawHighlights h2 layout all 
[16:41:08.35] /j ::xt::hercules::vue::clearAllHighlights h2 layout 
[16:41:08.38] /j ::xt::hercules::vue::setHighlightProperty h2 layout yellow brick 
[16:41:08.39] /j ::xt::hercules::vue::addPolygonBegin 4 
[16:41:08.43] /j ::xt::hercules::vue::addPolygonPoints {-0.095 2.315 -0.095 2.465 -0.020 2.465 -0.020 2.315 -0.095 2.315} 
[16:41:08.44] /j ::xt::hercules::vue::addPolygonEnd 
[16:41:08.44] /j ::xt::hercules::vue::setViewPort extents {-0.104 2.296 -0.011 2.484} LAY 
[16:41:08.45] /j ::xt::hercules::vue::addErrorDescription {"Distance: 0.075"} 
[16:41:08.47] /j ::xt::hercules::vue::drawHighlights h2 layout all 
[16:41:10.06] /i gi::setActiveWindow 14
[16:41:10.06] /i gi::setActiveWindow 14 -raise true
[16:41:10.20] /i gi::setActiveWindow 13
[16:41:10.20] /i gi::setActiveWindow 13 -raise true
[16:41:12.65] /i gi::executeAction deObjectActivation -in [gi::getWindows 13]
[16:41:12.87] /# gi::executeAction deCanvasPanWest -in [gi::getWindows 13]
[16:41:12.87] /i de::pan -window [gi::getWindows 13] -direction W -multiplier 0.5
[16:41:12.88] /o {-7.403 0.732} {0.032 3.055}
[16:41:12.99] /# gi::executeAction deCanvasPanWest -in [gi::getWindows 13]
[16:41:12.99] /i de::pan -window [gi::getWindows 13] -direction W -multiplier 0.5
[16:41:12.99] /o {-11.118 0.732} {-3.683 3.055}
[16:41:13.02] /# gi::executeAction deCanvasPanWest -in [gi::getWindows 13]
[16:41:13.02] /i de::pan -window [gi::getWindows 13] -direction W -multiplier 0.5
[16:41:13.03] /o {-14.833 0.732} {-7.398 3.055}
[16:41:13.51] /i gi::executeAction deObjectActivation -in [gi::getWindows 13]
[16:41:15.02] /# gi::executeAction dePan -in [gi::getWindows 13]
[16:41:15.02] /i ide::pan [db::getNext [de::getContexts -window 13]]
[16:41:15.22] /# gi::executeAction deStartDrag -in [gi::getWindows 13]
[16:41:15.22] /i de::startDrag {-9.668 1.47} -context [db::getNext [de::getContexts -window 13]]
[16:41:15.62] /# gi::executeAction deEndDrag -in [gi::getWindows 13]
[16:41:15.62] /i de::endDrag {-9.717 1.466} -context [db::getNext [de::getContexts -window 13]]
[16:41:15.62] /r dePanToPoint {-6.657 1.857}
[16:41:15.98] /# gi::executeAction deStartDrag -in [gi::getWindows 13]
[16:41:15.98] /i de::startDrag {-4.636 2.343} -context [db::getNext [de::getContexts -window 13]]
[16:41:16.30] /# gi::executeAction deEndDrag -in [gi::getWindows 13]
[16:41:16.30] /i de::endDrag {-4.641 2.343} -context [db::getNext [de::getContexts -window 13]]
[16:41:16.30] /r dePanToPoint {-2.87 2.345}
[16:41:16.48] /# gi::executeAction deCanvasZoomOutAtPoint -in [gi::getWindows 13]
[16:41:16.48] /i de::zoom -window [gi::getWindows 13] -factor 0.5 -center {-2.371 2.683}
[16:41:16.48] /o {-10.805 -0.316} {4.065 4.331}
[16:41:17.33] /# gi::executeAction deCanvasZoomInAtPoint -in [gi::getWindows 13]
[16:41:17.33] /i de::zoom -window [gi::getWindows 13] -factor 2.0 -center {0.466 2.621}
[16:41:17.33] /o {-5.169 1.153} {2.265 3.476}
[16:41:17.35] /# gi::executeAction deCanvasZoomInAtPoint -in [gi::getWindows 13]
[16:41:17.35] /i de::zoom -window [gi::getWindows 13] -factor 2.0 -center {0.466 2.621}
[16:41:17.35] /o {-2.352 1.887} {1.366 3.048}
[16:41:17.95] /# gi::executeAction deCanvasZoomInAtPoint -in [gi::getWindows 13]
[16:41:17.95] /i de::zoom -window [gi::getWindows 13] -factor 2.0 -center {0.162 2.561}
[16:41:17.95] /o {-1.095 2.224} {0.764 2.805}
[16:41:18.76] /# gi::executeAction deCanvasZoomInAtPoint -in [gi::getWindows 13]
[16:41:18.76] /i de::zoom -window [gi::getWindows 13] -factor 2.0 -center {0.095 2.536}
[16:41:18.76] /o {-0.5 2.38} {0.429 2.67}
[16:41:19.50] /# gi::executeAction deStartDrag -in [gi::getWindows 13]
[16:41:19.50] /i de::startDrag {0.076 2.537} -context [db::getNext [de::getContexts -window 13]]
[16:41:20.15] /# gi::executeAction deEndDrag -in [gi::getWindows 13]
[16:41:20.15] /i de::endDrag {0.076 2.538} -context [db::getNext [de::getContexts -window 13]]
[16:41:20.15] /r dePanToPoint {-0.044 2.436}
[16:41:24.31] /# gi::executeAction deCanvasZoomOutAtPoint -in [gi::getWindows 13]
[16:41:24.31] /i de::zoom -window [gi::getWindows 13] -factor 0.5 -center {0.072 2.43}
[16:41:24.31] /o {-1.09 2.152} {0.769 2.733}
[16:41:24.84] /# gi::executeAction deCanvasZoomInAtPoint -in [gi::getWindows 13]
[16:41:24.84] /i de::zoom -window [gi::getWindows 13] -factor 2.0 -center {0.072 2.431}
[16:41:24.84] /o {-0.509 2.291} {0.42 2.582}
[16:41:25.45] /# gi::executeAction deStartDrag -in [gi::getWindows 13]
[16:41:25.45] /i de::startDrag {0.265 2.393} -context [db::getNext [de::getContexts -window 13]]
[16:41:25.82] /# gi::executeAction deEndDrag -in [gi::getWindows 13]
[16:41:25.82] /i de::endDrag {0.266 2.396} -context [db::getNext [de::getContexts -window 13]]
[16:41:25.82] /r dePanToPoint {-0.034 2.256}
[16:41:26.19] /# gi::executeAction deStartDrag -in [gi::getWindows 13]
[16:41:26.19] /i de::startDrag {0.133 2.173} -context [db::getNext [de::getContexts -window 13]]
[16:41:27.24] /# gi::executeAction deEndDrag -in [gi::getWindows 13]
[16:41:27.24] /i de::endDrag {0.133 2.173} -context [db::getNext [de::getContexts -window 13]]
[16:41:27.24] /r dePanToPoint {-0.112 2.086}
[16:41:27.93] /# gi::executeAction deStartDrag -in [gi::getWindows 13]
[16:41:27.93] /i de::startDrag {0.133 2.173} -context [db::getNext [de::getContexts -window 13]]
[16:41:28.35] /# gi::executeAction deEndDrag -in [gi::getWindows 13]
[16:41:28.35] /i de::endDrag {0.133 2.173} -context [db::getNext [de::getContexts -window 13]]
[16:41:28.35] /r dePanToPoint {-0.078 2.324}
[16:41:29.85] /# gi::executeAction deAddPoint -in [gi::getWindows 13]
[16:41:29.85] /i de::addPoint {0.257 2.335} -context [db::getNext [de::getContexts -window 13]]
[16:41:30.67] /# gi::executeAction deStartDrag -in [gi::getWindows 13]
[16:41:30.67] /i de::startDrag {0.265 2.365} -context [db::getNext [de::getContexts -window 13]]
[16:41:31.06] /# gi::executeAction deEndDrag -in [gi::getWindows 13]
[16:41:31.06] /i de::endDrag {0.273 2.359} -context [db::getNext [de::getContexts -window 13]]
[16:41:31.06] /r dePanToPoint {-0.032 2.495}
[16:41:41.80] /# gi::executeAction leRuler -in [gi::getWindows 13]
[16:41:41.80] /i ile::createRuler
[16:41:43.91] /# gi::executeAction deAddPoint -in [gi::getWindows 13]
[16:41:43.91] /i de::addPoint {-0.095 2.471} -context [db::getNext [de::getContexts -window 13]]
[16:41:46.69] /# gi::executeAction deAddPoint -in [gi::getWindows 13]
[16:41:46.69] /i de::addPoint {-0.022 2.47} -context [db::getNext [de::getContexts -window 13]]
[16:41:48.83] /# gi::executeAction deCanvasZoomOutAtPoint -in [gi::getWindows 13]
[16:41:48.83] /i de::zoom -window [gi::getWindows 13] -factor 0.5 -center {0.167 2.43}
[16:41:48.83] /o {-1.161 2.27} {0.698 2.85}
[16:41:49.60] /# gi::executeAction deCanvasZoomInAtPoint -in [gi::getWindows 13]
[16:41:49.60] /i de::zoom -window [gi::getWindows 13] -factor 2.0 -center {0.169 2.42}
[16:41:49.60] /o {-0.496 2.345} {0.433 2.635}
[16:41:50.54] /# gi::executeAction deAbortCommand -in [gi::getWindows 13]
[16:41:50.54] /i de::abortCommand -context [db::getNext [de::getContexts -window 13]]
[16:41:50.98] /# gi::executeAction deCanvasZoomInAtPoint -in [gi::getWindows 13]
[16:41:50.98] /i de::zoom -window [gi::getWindows 13] -factor 2.0 -center {-0.044 2.49}
[16:41:50.98] /o {-0.27 2.417} {0.195 2.563}
[16:41:51.05] /# gi::executeAction deCanvasZoomInAtPoint -in [gi::getWindows 13]
[16:41:51.05] /i de::zoom -window [gi::getWindows 13] -factor 2.0 -center {-0.044 2.49}
[16:41:51.05] /o {-0.157 2.454} {0.075 2.526}
[16:41:52.56] /# gi::executeAction deSelectActive -in [gi::getWindows 13]
[16:41:52.56] /i de::deselectAll [db::getNext [de::getContexts -window 13]]
[16:41:52.56] /i de::select [de::getActiveFigure [gi::getWindows 13] -point {-0.045 2.47} -index 0 -intent none]
[16:41:52.57] /o oa:0x1c868bc0
[16:41:53.41] /# gi::executeAction leDelete -in [gi::getWindows 13]
[16:41:53.41] /i ile::delete
[16:41:54.38] /# gi::executeAction leRuler -in [gi::getWindows 13]
[16:41:54.38] /i ile::createRuler
[16:41:56.22] /# gi::executeAction deAddPoint -in [gi::getWindows 13]
[16:41:56.22] /i de::addPoint {-0.094 2.49} -context [db::getNext [de::getContexts -window 13]]
[16:41:59.30] /# gi::executeAction deAddPoint -in [gi::getWindows 13]
[16:41:59.30] /i de::addPoint {0.007 2.49} -context [db::getNext [de::getContexts -window 13]]
[16:41:59.82] /# gi::executeAction deCanvasZoomOutAtPoint -in [gi::getWindows 13]
[16:41:59.82] /i de::zoom -window [gi::getWindows 13] -factor 0.5 -center {0.016 2.491}
[16:41:59.82] /o {-0.33 2.416} {0.135 2.562}
[16:42:00.55] /# gi::executeAction deCanvasZoomOutAtPoint -in [gi::getWindows 13]
[16:42:00.55] /i de::zoom -window [gi::getWindows 13] -factor 0.5 -center {0.033 2.472}
[16:42:00.55] /o {-0.693 2.361} {0.236 2.651}
[16:42:00.78] /# gi::executeAction deCanvasZoomOutAtPoint -in [gi::getWindows 13]
[16:42:00.78] /i de::zoom -window [gi::getWindows 13] -factor 0.5 -center {0.034 2.47}
[16:42:00.78] /o {-1.42 2.252} {0.439 2.832}
[16:42:02.05] /# gi::executeAction deAbortCommand -in [gi::getWindows 13]
[16:42:02.06] /i de::abortCommand -context [db::getNext [de::getContexts -window 13]]
[16:42:02.70] /# gi::executeAction dePan -in [gi::getWindows 13]
[16:42:02.71] /i ide::pan [db::getNext [de::getContexts -window 13]]
[16:42:02.98] /# gi::executeAction deStartDrag -in [gi::getWindows 13]
[16:42:02.98] /i de::startDrag {0.239 2.329} -context [db::getNext [de::getContexts -window 13]]
[16:42:04.29] /# gi::executeAction deEndDrag -in [gi::getWindows 13]
[16:42:04.29] /i de::endDrag {0.239 2.327} -context [db::getNext [de::getContexts -window 13]]
[16:42:04.29] /r dePanToPoint {0.046 2.45}
[16:42:04.89] /# gi::executeAction deCanvasZoomInAtPoint -in [gi::getWindows 13]
[16:42:04.89] /i de::zoom -window [gi::getWindows 13] -factor 2.0 -center {0.246 2.343}
[16:42:04.89] /o {-0.318 2.251} {0.611 2.542}
[16:42:08.60] /# gi::executeAction deAddPoint -in [gi::getWindows 13]
[16:42:08.60] /i de::addPoint {0.171 2.489} -context [db::getNext [de::getContexts -window 13]]
[16:42:09.46] /# gi::executeAction deStartDrag -in [gi::getWindows 13]
[16:42:09.46] /i de::startDrag {0.234 2.5} -context [db::getNext [de::getContexts -window 13]]
[16:42:09.90] /# gi::executeAction deEndDrag -in [gi::getWindows 13]
[16:42:09.90] /i de::endDrag {0.235 2.501} -context [db::getNext [de::getContexts -window 13]]
[16:42:09.90] /r dePanToPoint {0.133 2.402}
[16:42:10.24] /# gi::executeAction deAbortCommand -in [gi::getWindows 13]
[16:42:10.24] /i de::abortCommand -context [db::getNext [de::getContexts -window 13]]
[16:42:11.13] /# gi::executeAction deSelectActive -in [gi::getWindows 13]
[16:42:11.13] /i de::deselectAll [db::getNext [de::getContexts -window 13]]
[16:42:11.13] /i de::select [de::getActiveFigure [gi::getWindows 13] -point {0.166 2.48} -index 0 -intent none]
[16:42:11.13] /o oa:0x1f0b7c20
[16:42:11.74] /# gi::executeAction deSelectActive -in [gi::getWindows 13]
[16:42:11.74] /i de::deselectAll [db::getNext [de::getContexts -window 13]]
[16:42:11.74] /i de::select [de::getActiveFigure [gi::getWindows 13] -point {0.177 2.484} -index 0 -intent none]
[16:42:11.74] /o oa:0x20a5e020
[16:42:13.05] /# gi::executeAction deSelectActive -in [gi::getWindows 13]
[16:42:13.05] /i de::deselectAll [db::getNext [de::getContexts -window 13]]
[16:42:13.05] /i de::select [de::getActiveFigure [gi::getWindows 13] -point {0.162 2.502} -index 0 -intent none]
[16:42:13.05] /o oa:0x1eb41bd0
[16:42:14.07] /# gi::executeAction leMove -in [gi::getWindows 13]
[16:42:14.07] /i ile::move
[16:42:14.60] /# gi::executeAction deAddPoint -in [gi::getWindows 13]
[16:42:14.60] /i de::addPoint {0.162 2.502} -context [db::getNext [de::getContexts -window 13]]
[16:42:17.83] /# gi::executeAction deAddPoint -in [gi::getWindows 13]
[16:42:17.83] /i de::addPoint {0.185 2.499} -context [db::getNext [de::getContexts -window 13]]
[16:42:18.93] /# gi::executeAction deSelectActive -in [gi::getWindows 13]
[16:42:18.93] /i de::deselectAll [db::getNext [de::getContexts -window 13]]
[16:42:18.93] /i de::select [de::getActiveFigure [gi::getWindows 13] -point {0.115 2.408} -index 0 -intent none]
[16:42:18.93] /o oa:0x1feb31d0
[16:42:23.14] /# gi::executeAction deSelectActive -in [gi::getWindows 13]
[16:42:23.14] /i de::deselectAll [db::getNext [de::getContexts -window 13]]
[16:42:23.14] /i de::select [de::getActiveFigure [gi::getWindows 13] -point {0.143 2.488} -index 0 -intent none]
[16:42:23.14] /o oa:0x2278c570
[16:42:48.47] /# gi::executeAction deCanvasPanWest -in [gi::getWindows 13]
[16:42:48.47] /i de::pan -window [gi::getWindows 13] -direction W -multiplier 0.5
[16:42:48.48] /o {-0.797 2.257} {0.133 2.547}
[16:42:50.16] /# gi::executeAction deCanvasZoomInAtPoint -in [gi::getWindows 13]
[16:42:50.16] /i de::zoom -window [gi::getWindows 13] -factor 2.0 -center {-0.083 2.356}
[16:42:50.16] /o {-0.44 2.306} {0.025 2.451}
[16:42:51.59] /# gi::executeAction dePan -in [gi::getWindows 13]
[16:42:51.59] /i ide::pan [db::getNext [de::getContexts -window 13]]
[16:42:51.75] /# gi::executeAction deStartDrag -in [gi::getWindows 13]
[16:42:51.75] /i de::startDrag {-0.074 2.35} -context [db::getNext [de::getContexts -window 13]]
[16:42:52.70] /# gi::executeAction deEndDrag -in [gi::getWindows 13]
[16:42:52.70] /i de::endDrag {-0.075 2.35} -context [db::getNext [de::getContexts -window 13]]
[16:42:52.71] /r dePanToPoint {0.034 2.399}
[16:42:53.17] /# gi::executeAction deCanvasZoomOutAtPoint -in [gi::getWindows 13]
[16:42:53.17] /i de::zoom -window [gi::getWindows 13] -factor 0.5 -center {0.165 2.415}
[16:42:53.17] /o {-0.561 2.239} {0.368 2.53}
[16:42:53.92] /# gi::executeAction deStartDrag -in [gi::getWindows 13]
[16:42:53.92] /i de::startDrag {0.26 2.415} -context [db::getNext [de::getContexts -window 13]]
[16:42:54.16] /# gi::executeAction deEndDrag -in [gi::getWindows 13]
[16:42:54.16] /i de::endDrag {0.23 2.374} -context [db::getNext [de::getContexts -window 13]]
[16:42:54.16] /r dePanToPoint {-0.036 2.466}
[16:42:54.49] /# gi::executeAction deCanvasZoomInAtPoint -in [gi::getWindows 13]
[16:42:54.49] /i de::zoom -window [gi::getWindows 13] -factor 2.0 -center {0.159 2.472}
[16:42:54.49] /o {-0.171 2.397} {0.294 2.542}
[16:42:55.20] /# gi::executeAction deStartDrag -in [gi::getWindows 13]
[16:42:55.20] /i de::startDrag {0.238 2.454} -context [db::getNext [de::getContexts -window 13]]
[16:42:55.67] /# gi::executeAction deEndDrag -in [gi::getWindows 13]
[16:42:55.67] /i de::endDrag {0.238 2.454} -context [db::getNext [de::getContexts -window 13]]
[16:42:55.67] /r dePanToPoint {0.064 2.431}
[16:42:56.21] /# gi::executeAction deAbortCommand -in [gi::getWindows 13]
[16:42:56.21] /i de::abortCommand -context [db::getNext [de::getContexts -window 13]]
[16:42:57.87] /# gi::executeAction deSelectActive -in [gi::getWindows 13]
[16:42:57.87] /i de::cycleActiveFigure [gi::getWindows 13] -direction next
[16:42:57.87] /o oa:0x2270abd0
[16:42:58.83] /# gi::executeAction leMove -in [gi::getWindows 13]
[16:42:58.83] /i ile::move
[16:42:59.12] /# gi::executeAction deAddPoint -in [gi::getWindows 13]
[16:42:59.12] /i de::addPoint {-0.007 2.484} -context [db::getNext [de::getContexts -window 13]]
[16:43:01.02] /# gi::executeAction deAddPoint -in [gi::getWindows 13]
[16:43:01.02] /i de::addPoint {0.02 2.484} -context [db::getNext [de::getContexts -window 13]]
[16:43:01.65] /# gi::executeAction deCanvasZoomOutAtPoint -in [gi::getWindows 13]
[16:43:01.65] /i de::zoom -window [gi::getWindows 13] -factor 0.5 -center {0.081 2.475}
[16:43:01.65] /o {-0.416 2.243} {0.513 2.534}
[16:43:04.31] /j ::xt::hercules::vue::clearAllHighlights h2 layout 
[16:43:04.34] /j ::xt::hercules::vue::clearAllHighlights h2 layout 
[16:43:04.35] /j ::xt::hercules::vue::setHighlightProperty h2 layout yellow brick 
[16:43:04.38] /j ::xt::hercules::vue::addPolygonBegin 4 
[16:43:04.41] /j ::xt::hercules::vue::addPolygonPoints {-0.020 2.315 -0.020 2.465 0.190 2.465 0.190 2.315 -0.020 2.315} 
[16:43:04.41] /j ::xt::hercules::vue::addPolygonEnd 
[16:43:04.41] /j ::xt::hercules::vue::setViewPort extents {-0.046 2.296 0.216 2.484} LAY 
[16:43:04.42] /j ::xt::hercules::vue::addErrorDescription {"Area: 0.032"} 
[16:43:04.43] /j ::xt::hercules::vue::drawHighlights h2 layout all 
[16:43:06.23] /j ::xt::hercules::vue::clearAllHighlights h2 layout 
[16:43:06.26] /j ::xt::hercules::vue::setHighlightProperty h2 layout yellow brick 
[16:43:06.28] /j ::xt::hercules::vue::addPolygonBegin 4 
[16:43:06.30] /j ::xt::hercules::vue::addPolygonPoints {-0.020 2.315 -0.020 2.465 0.190 2.465 0.190 2.315 -0.020 2.315} 
[16:43:06.31] /j ::xt::hercules::vue::addPolygonEnd 
[16:43:06.31] /j ::xt::hercules::vue::setViewPort extents {-0.046 2.296 0.216 2.484} LAY 
[16:43:06.36] /j ::xt::hercules::vue::addErrorDescription {"Area: 0.032"} 
[16:43:06.38] /j ::xt::hercules::vue::drawHighlights h2 layout all 
[16:43:08.02] /i gi::setActiveWindow 13
[16:43:08.02] /i gi::setActiveWindow 13 -raise true
[16:43:16.96] /j ::xt::hercules::vue::clearAllHighlights h2 layout 
[16:43:16.99] /j ::xt::hercules::vue::clearAllHighlights h2 layout 
[16:43:17.20] /m Information: Connection closed with 'Hercules-VUE' running on 'localhost'.
[16:43:24.41] /# gi::setCurrentIndex {lpps} -index {m1 pin} -in [gi::getAssistants leObjectLayerPanel -from [gi::getWindows 13]]
[16:43:24.41] /# gi::setItemSelection {lpps} -index {m1 pin} -in [gi::getAssistants leObjectLayerPanel -from [gi::getWindows 13]]
[16:43:24.51] /# gi::executeAction leOLPSetActiveLPP -in [gi::getAssistants leObjectLayerPanel -from [gi::getWindows 13]]
[16:43:24.51] /i de::setActiveLPP [de::getLPPs -from [oa::DesignFind nmos_h2 h2 layout] -filter {%lpp =="m1 pin"}]
[16:43:24.98] /# gi::executeAction leOLPSetActiveLPP -in [gi::getAssistants leObjectLayerPanel -from [gi::getWindows 13]]
[16:43:24.98] /i de::setActiveLPP [de::getLPPs -from [oa::DesignFind nmos_h2 h2 layout] -filter {%lpp =="m1 pin"}]
[16:43:25.34] /# gi::setCurrentIndex {lpps} -index {m1 drw} -in [gi::getAssistants leObjectLayerPanel -from [gi::getWindows 13]]
[16:43:25.34] /# gi::setItemSelection {lpps} -index {m1 drw} -in [gi::getAssistants leObjectLayerPanel -from [gi::getWindows 13]]
[16:43:25.42] /# gi::executeAction leOLPSetActiveLPP -in [gi::getAssistants leObjectLayerPanel -from [gi::getWindows 13]]
[16:43:25.42] /i de::setActiveLPP [de::getLPPs -from [oa::DesignFind nmos_h2 h2 layout] -filter {%lpp =="m1 drawing"}]
[16:43:27.11] /# gi::executeAction leRectangle -in [gi::getWindows 13]
[16:43:27.11] /i ile::createRectangle
[16:43:28.85] /# gi::executeAction deAddPoint -in [gi::getWindows 13]
[16:43:28.85] /i de::addPoint {0.056 2.466} -context [db::getNext [de::getContexts -window 13]]
[16:43:30.80] /# gi::executeAction deAddPoint -in [gi::getWindows 13]
[16:43:30.80] /i de::addPoint {0.313 2.315} -context [db::getNext [de::getContexts -window 13]]
[16:43:31.25] /# gi::executeAction deAbortCommand -in [gi::getWindows 13]
[16:43:31.25] /i de::abortCommand -context [db::getNext [de::getContexts -window 13]]
[16:43:32.80] /i gi::executeAction deSaveDesign -in [gi::getWindows 13]
[16:43:32.80] /m Information: Saving design 'nmos_h2 h2 layout'. (DESIGN_WINDOW-004)
[16:43:37.10] /# gi::executeAction xtDRCRun -in [gi::getWindows 13]
[16:43:37.10] /i xt::physicalVerification::executeRun drc 13
[16:43:37.37] /# xt::physicalVerification::executePve drc 13
[16:43:41.70] /m Information: 
              /c =============================
              /c JobID: hercules_drc_4
              /c Completed with no errors.
              /c =============================
              /c 
[16:43:47.89] /i gi::setActiveWindow 13
[16:43:47.89] /i gi::setActiveWindow 13 -raise true
[16:43:48.85] /# gi::executeAction deCanvasZoomInAtPoint -in [gi::getWindows 13]
[16:43:48.85] /i de::zoom -window [gi::getWindows 13] -factor 2.0 -center {0.167 2.417}
[16:43:48.85] /o {-0.125 2.33} {0.34 2.475}
[16:43:49.35] /# gi::executeAction deCanvasZoomOutAtPoint -in [gi::getWindows 13]
[16:43:49.35] /i de::zoom -window [gi::getWindows 13] -factor 0.5 -center {0.172 2.417}
[16:43:49.36] /o {-0.421 2.243} {0.508 2.534}
[16:43:50.60] /# gi::executeAction leMove -in [gi::getWindows 13]
[16:43:50.60] /i ile::move
[16:43:51.95] /# gi::executeAction leRuler -in [gi::getWindows 13]
[16:43:51.95] /i ile::createRuler
[16:43:52.95] /# gi::executeAction deAddPoint -in [gi::getWindows 13]
[16:43:52.95] /i de::addPoint {0.018 2.464} -context [db::getNext [de::getContexts -window 13]]
[16:43:55.35] /# gi::executeAction deAddPoint -in [gi::getWindows 13]
[16:43:55.35] /i de::addPoint {0.032 2.315} -context [db::getNext [de::getContexts -window 13]]
[16:44:07.07] /# gi::executeAction deAddPoint -in [gi::getWindows 13]
[16:44:07.07] /i de::addPoint {0.004 2.39} -context [db::getNext [de::getContexts -window 13]]
[16:44:08.92] /# gi::executeAction deAbortCommand -in [gi::getWindows 13]
[16:44:08.92] /i de::abortCommand -context [db::getNext [de::getContexts -window 13]]
[16:44:09.94] /# gi::executeAction leRuler -in [gi::getWindows 13]
[16:44:09.94] /i ile::createRuler
[16:44:11.41] /# gi::executeAction deAddPoint -in [gi::getWindows 13]
[16:44:11.41] /i de::addPoint {0.006 2.377} -context [db::getNext [de::getContexts -window 13]]
[16:44:25.27] /# gi::executeAction deAddPoint -in [gi::getWindows 13]
[16:44:25.28] /i de::addPoint {0.307 2.369} -context [db::getNext [de::getContexts -window 13]]
[16:44:25.69] /# gi::executeAction deAbortCommand -in [gi::getWindows 13]
[16:44:25.69] /i de::abortCommand -context [db::getNext [de::getContexts -window 13]]
[16:44:26.55] /# gi::executeAction leStretch -in [gi::getWindows 13]
[16:44:26.55] /i ile::stretch
[16:44:27.98] /# gi::executeAction deAddPoint -in [gi::getWindows 13]
[16:44:27.98] /i de::addPoint {0.316 2.41} -context [db::getNext [de::getContexts -window 13]]
[16:44:28.64] /# gi::executeAction deAddPoint -in [gi::getWindows 13]
[16:44:28.64] /i de::addPoint {0.316 2.41} -context [db::getNext [de::getContexts -window 13]]
[16:44:29.99] /# gi::executeAction leStretch -in [gi::getWindows 13]
[16:44:29.99] /i ile::stretch
[16:44:30.30] /# gi::executeAction deAddPoint -in [gi::getWindows 13]
[16:44:30.30] /i de::addPoint {0.316 2.41} -context [db::getNext [de::getContexts -window 13]]
[16:44:31.33] /# gi::executeAction deAbortCommand -in [gi::getWindows 13]
[16:44:31.33] /i de::abortCommand -context [db::getNext [de::getContexts -window 13]]
[16:44:32.12] /# gi::executeAction deSelectActive -in [gi::getWindows 13]
[16:44:32.12] /i de::deselectAll [db::getNext [de::getContexts -window 13]]
[16:44:32.12] /i de::deselectAllLogic -context [db::getNext [de::getContexts -window 13]]
[16:44:33.28] /# gi::executeAction deSelectActive -in [gi::getWindows 13]
[16:44:33.28] /i de::deselectAll [db::getNext [de::getContexts -window 13]]
[16:44:33.28] /i de::select [de::getActiveFigure [gi::getWindows 13] -point {0.31 2.414} -index 0 -intent none]
[16:44:33.28] /o oa:0x2199fdf0
[16:44:34.25] /# gi::executeAction leStretch -in [gi::getWindows 13]
[16:44:34.25] /i ile::stretch
[16:44:34.63] /# gi::executeAction deAddPoint -in [gi::getWindows 13]
[16:44:34.63] /i de::addPoint {0.317 2.414} -context [db::getNext [de::getContexts -window 13]]
[16:44:37.92] /# gi::executeAction deAbortCommand -in [gi::getWindows 13]
[16:44:37.92] /i de::abortCommand -context [db::getNext [de::getContexts -window 13]]
[16:44:39.90] /# gi::executeAction deSelectActive -in [gi::getWindows 13]
[16:44:39.90] /i de::cycleActiveFigure [gi::getWindows 13] -direction next
[16:44:39.90] /o oa:0x2090fb10
[16:44:40.22] /# gi::executeAction deSelectActive -in [gi::getWindows 13]
[16:44:40.22] /i de::deselectAll [db::getNext [de::getContexts -window 13]]
[16:44:40.22] /i de::deselectAllLogic -context [db::getNext [de::getContexts -window 13]]
[16:44:40.64] /# gi::executeAction leStretch -in [gi::getWindows 13]
[16:44:40.64] /i ile::stretch
[16:44:41.59] /# gi::executeAction deAddPoint -in [gi::getWindows 13]
[16:44:41.59] /i de::addPoint {0.316 2.412} -context [db::getNext [de::getContexts -window 13]]
[16:44:46.07] /# gi::executeAction deAddPoint -in [gi::getWindows 13]
[16:44:46.07] /i de::addPoint {0.306 2.414} -context [db::getNext [de::getContexts -window 13]]
[16:44:46.21] /# gi::executeAction deAbortCommand -in [gi::getWindows 13]
[16:44:46.21] /i de::abortCommand -context [db::getNext [de::getContexts -window 13]]
[16:44:46.81] /# gi::executeAction deSelectActive -in [gi::getWindows 13]
[16:44:46.81] /i de::deselectAllLogic -context [db::getNext [de::getContexts -window 13]]
[16:44:50.59] /# gi::executeAction deCanvasZoomOutAtPoint -in [gi::getWindows 13]
[16:44:50.59] /i de::zoom -window [gi::getWindows 13] -factor 0.5 -center {0.216 2.459}
[16:44:50.59] /o {-1.058 2.027} {0.8 2.608}
[16:44:51.68] /# gi::executeAction leSplit -in [gi::getWindows 13]
[16:44:51.69] /i ile::split
[16:44:53.08] /i gi::executeAction deSaveDesign -in [gi::getWindows 13]
[16:44:53.08] /m Information: Saving design 'nmos_h2 h2 layout'. (DESIGN_WINDOW-004)
[16:44:53.88] /i gi::executeAction deSaveDesign -in [gi::getWindows 13]
[16:44:53.88] /m Information: Saving design 'nmos_h2 h2 layout'. (DESIGN_WINDOW-004)
[16:44:54.09] /i gi::executeAction deSaveDesign -in [gi::getWindows 13]
[16:44:54.09] /m Information: Saving design 'nmos_h2 h2 layout'. (DESIGN_WINDOW-004)
[16:44:54.26] /i gi::executeAction deSaveDesign -in [gi::getWindows 13]
[16:44:54.26] /m Information: Saving design 'nmos_h2 h2 layout'. (DESIGN_WINDOW-004)
[16:45:01.65] /r giDialog gi::setActiveDialog [gi::getDialogs {giCloseFrame}]
[16:45:01.90] /r giDialog db::setAttr geometry -of [gi::getDialogs {giCloseFrame}] -value 299x108+811+471
[16:45:04.02] /r giDialog gi::pressButton {giCloseTabsButton} -in [gi::getDialogs {giCloseFrame}]
[16:45:04.05] /i gi::executeAction giCloseWindow -in [gi::getWindows 13]
[16:45:04.11] /i gi::setActiveWindow 14
[16:45:04.11] /i gi::setActiveWindow 14 -raise true
[16:45:04.35] /i gi::executeAction giCloseWindow -in [gi::getWindows 14]
[16:45:04.37] /i gi::setActiveWindow 2
[16:45:04.37] /i gi::setActiveWindow 2 -raise true
[16:45:04.38] /i gi::executeAction giCloseWindow -in [gi::getWindows 2]
[16:45:04.39] /i gi::setActiveWindow 12
[16:45:04.39] /i gi::setActiveWindow 12 -raise true
[16:45:04.41] /i gi::executeAction giCloseWindow -in [gi::getWindows 12]
[16:45:04.73] /i gi::setActiveWindow 11
[16:45:04.73] /i gi::setActiveWindow 11 -raise true
[16:45:06.94] /r giDialog gi::setActiveDialog [gi::getDialogs {giCloseFrame}]
[16:45:07.20] /r giDialog db::setAttr geometry -of [gi::getDialogs {giCloseFrame}] -value 299x108+811+471
[16:45:08.28] /r giDialog gi::pressButton {giCloseTabsButton} -in [gi::getDialogs {giCloseFrame}]
[16:45:08.31] /i exit
[16:45:08.52] /r giDialog gi::setActiveDialog [gi::getDialogs {deExitDialog}]
[16:45:08.61] /r giDialog db::setAttr geometry -of [gi::getDialogs {deExitDialog}] -value 419x181+741+376
[16:45:10.43] /r giDialog gi::pressButton {ok} -in [gi::getDialogs {deExitDialog}]
[16:45:10.49] /i gi::setActiveWindow 8
[16:45:10.49] /i gi::setActiveWindow 8 -raise true
[16:45:10.52] /i gi::setActiveWindow 9
[16:45:10.52] /i gi::setActiveWindow 9 -raise true
[16:45:10.88] /i gi::setActiveWindow 1
[16:45:10.88] /i gi::setActiveWindow 1 -raise true
[16:45:11.58] /o Shutdown time: Tue Apr 21 16:45:11 2026
[16:45:11.59] /o Elapsed session real time: 1 hour 27.85 minutes
[16:45:11.59] /o Session terminated. Log is at /root/Excercise/Noise_Margins/nmos/h2/synopsys_custom/logs/ccompiler.root.2026_4_21_151715_31273.log
