 ****** HSPICE -- N-2017.12-SP2 linux64 (May 24 2018) ******                    
  Copyright (c) 1986 - 2026 by Synopsys, Inc. All Rights Reserved.              
  This software and the associated documentation are proprietary
  to Synopsys, Inc. This software may only be used in accordance
  with the terms and conditions of a written license agreement with
  Synopsys, Inc. All other use, reproduction, or distribution of
  this software is strictly prohibited.
  Input File: tb_netlist_counter_2b_post                                        
  Command line options: /usr/synopsys/hspice/N-2017.12-SP2/hspice/linux64/hspice tb_netlist_counter_2b_post -o tb_netlist_counter_2b_post.lis
 lic:  
 lic: FLEXlm: SDK_11.6.9.3 
 lic: USER:   root                 HOSTNAME: localhost.localdomain 
 lic: HOSTID: 1234567890ab         PID:      17987 
 lic: Using FLEXlm license file: 
 lic: 27000@localhost 
 lic: Checkout 1 hspice 
 lic: License/Maintenance for hspice will expire on 30-dec-2030/2019.2019 
 lic: 1(in_use)/99(total) FLOATING license(s) on SERVER 27000@localhost 
 lic:   
1****** HSPICE -- N-2017.12-SP2 linux64 (May 24 2018) ******                    
 ******  
 *******************************************************

 ****** circuit name directory
 circuit number to circuit name directory
   number circuitname                     definition         multiplier
        0 main circuit
        1 x1.                             counter_2b         1.00 
  **info** (tb_netlist_counter_2b_post:33) DC voltage reset to initial transient source value in source 0:vclk. new dc=0.0000D+00
  **warning** (tb_netlist_counter_2b_post:27) Both nodes of element vss are connected together; Line ignored.
  
             
 Warning:'No DC path nodes' occurs 462 times
 No DC path from the following nodes,connected with gdcpath:
 -------------------------
 |Node        |Subckt    |
 |------------+----------|
 |x1.ln_n_36:1|counter_2b|
 |x1.ln_n_36:2|counter_2b|
 |x1.ln_n_36:3|counter_2b|
 |x1.ln_n_36:4|counter_2b|
 |x1.ln_n_37:1|counter_2b|
 |x1.ln_n_37:2|counter_2b|
 |x1.ln_n_37:3|counter_2b|
 |x1.ln_n_37:4|counter_2b|
 |x1.ln_n_38:1|counter_2b|
 |x1.ln_n_38:2|counter_2b|
 -------------------------
              
             
 Warning:'1 connection nodes' occurs 764 times
 Summary of 1 connection from the following nodes:
 ------------------------
 |Node       |Subckt    |
 |-----------+----------|
 |x1.clk:10  |counter_2b|
 |x1.clk:16  |counter_2b|
 |x1.gnd!:101|counter_2b|
 |x1.gnd!:122|counter_2b|
 |x1.gnd!:143|counter_2b|
 |x1.gnd!:16 |counter_2b|
 |x1.gnd!:164|counter_2b|
 |x1.gnd!:175|counter_2b|
 |x1.gnd!:186|counter_2b|
 |x1.gnd!:197|counter_2b|
 ------------------------
              
             
 Warning:'No Tran path ' occurs 340 times
 Summary of No Tran path from the following nodes:
 -------------------------
 |Node        |Subckt    |
 |------------+----------|
 |x1.ln_n_36:1|counter_2b|
 |x1.ln_n_36:2|counter_2b|
 |x1.ln_n_36:3|counter_2b|
 |x1.ln_n_36:4|counter_2b|
 |x1.ln_n_37:1|counter_2b|
 |x1.ln_n_37:2|counter_2b|
 |x1.ln_n_37:3|counter_2b|
 |x1.ln_n_37:4|counter_2b|
 |x1.ln_n_38:1|counter_2b|
 |x1.ln_n_38:2|counter_2b|
 -------------------------
              
      
             
 Warning:'Floating bulk' occurs 108 times
 Summary of floating bulk:
 -----------------------------------------
 |Node                        |Device    |
 |----------------------------+----------|
 |x1.xi0|xi0|xi10|mm0:bulk    |x1.       |
 |x1.xi0|xi0|xi10|mm1:bulk    |x1.       |
 |x1.xi0|xi0|xi11|mm0:bulk    |x1.       |
 |x1.xi0|xi0|xi11|mm1:bulk    |x1.       |
 |x1.xi0|xi0|xi8|xi3|mm10:bulk|x1.       |
 |x1.xi0|xi0|xi8|xi3|mm11:bulk|x1.       |
 |x1.xi0|xi0|xi8|xi3|mm8:bulk |x1.       |
 |x1.xi0|xi0|xi8|xi3|mm9:bulk |x1.       |
 |x1.xi0|xi0|xi8|xi4|mm10:bulk|x1.       |
 |x1.xi0|xi0|xi8|xi4|mm11:bulk|x1.       |
 -----------------------------------------
              
 *****************************************************************
 ******  option summary
 ******
 runlvl  = 3         bypass  = 2.0000    
             
 Summary of Linear Res Distribution Info
 ---------------------------------------
 |Range          |Total     |Percent(%)|
 |---------------+----------+----------|
 |1e-04  ~  1e-03|170       |2.7787    |
 |1e-03  ~  1e-02|15        |0.2452    |
 |1e-02  ~  1e-01|636       |10.3956   |
 |1e-01  ~  1e+00|2335      |38.1661   |
 |1e+00  ~  1e+03|2962      |48.4145   |
 ---------------------------------------
              
             
 Summary of Linear Cap Distribution Info
 ---------------------------------------
 |Range          |Total     |Percent(%)|
 |---------------+----------+----------|
 |0e+00  ~  1e-24|3         |0.0618    |
 |1e-24  ~  1e-23|16        |0.3294    |
 |1e-23  ~  1e-22|25        |0.5146    |
 |1e-22  ~  1e-21|39        |0.8028    |
 |1e-21  ~  1e-20|13        |0.2676    |
 |1e-20  ~  1e-19|300       |6.1754    |
 |1e-19  ~  1e-18|904       |18.6085   |
 |1e-18  ~  1e-17|1565      |32.2149   |
 |1e-17  ~  1e-16|1498      |30.8357   |
 |1e-16  ~  1e-15|493       |10.1482   |
 |1e-14  ~  1e-13|2         |0.0412    |
 ---------------------------------------
              
             
 Summary of Detailed RC Type Statistics
 -------------------------
 |Element Type|Number    |
 |------------+----------|
 |Constant Res|6118      |
 |            |          |
 |Constant Cap|4858      |
 -------------------------
              
  Opening plot unit= 15
 file=tb_netlist_counter_2b_post.pa0

 no convergence with standard algorithm,  trying damped pseudo-transient

  *** pseudo tran succeeded *** 
 ******  
 *******************************************************

 ****** operating point information tnom=  25.000 temp=  25.000 ******
 ****** operating point status is voltage   simulation time is     0.     
    node    =voltage      node    =voltage      node    =voltage

 +0:clk     =   0.      0:q0      =   0.      0:q1      =   1.0000 
 +0:vdd!    =   1.2000  1:clk:1   =   0.      1:clk:10  =  14.7275u
 +1:clk:11  =   0.      1:clk:12  =   8.4293u 1:clk:13  =   9.1542u
 +1:clk:14  =   7.2307u 1:clk:15  =  13.5319u 1:clk:16  =   0.     
 +1:clk:2   =   3.7743u 1:clk:3   =   8.3573u 1:clk:4   =   8.5012u
 +1:clk:5   =   9.0823u 1:clk:6   =   9.2262u 1:clk:7   =  10.3133u
 +1:clk:8   =  14.7275u 1:clk:9   =  14.7275u 1:gnd!:1  =   0.     
 +1:gnd!:10 =  61.4348u 1:gnd!:100=  49.9310u 1:gnd!:101=  49.9310u
 +1:gnd!:102=  51.4334u 1:gnd!:103=  51.4322u 1:gnd!:104=  51.4298u
 +1:gnd!:105=  51.4261u 1:gnd!:106=  51.4212u 1:gnd!:107=  51.4148u
 +1:gnd!:108=  51.4070u 1:gnd!:109=  51.3977u 1:gnd!:11 =  59.8155u
 +1:gnd!:110=  51.3866u 1:gnd!:111=  51.3736u 1:gnd!:112=  51.3735u
 +1:gnd!:113=  51.3865u 1:gnd!:114=  51.3976u 1:gnd!:115=  51.4070u
 +1:gnd!:116=  51.4148u 1:gnd!:117=  51.4211u 1:gnd!:118=  51.4260u
 +1:gnd!:119=  51.4297u 1:gnd!:12 =  59.8723u 1:gnd!:120=  51.4321u
 +1:gnd!:121=  51.4333u 1:gnd!:122=  51.4333u 1:gnd!:123=  53.0522u
 +1:gnd!:124=  53.0522u 1:gnd!:125=  53.0522u 1:gnd!:126=  53.0522u
 +1:gnd!:127=  53.0522u 1:gnd!:128=  53.0523u 1:gnd!:129=  53.0524u
 +1:gnd!:13 =  59.9142u 1:gnd!:130=  53.0524u 1:gnd!:131=  53.0525u
 +1:gnd!:132=  53.0526u 1:gnd!:133=  53.2858u 1:gnd!:134=  53.3709u
 +1:gnd!:135=  53.4437u 1:gnd!:136=  53.5051u 1:gnd!:137=  53.5562u
 +1:gnd!:138=  53.5977u 1:gnd!:139=  53.6302u 1:gnd!:14 =  59.9418u
 +1:gnd!:140=  53.6541u 1:gnd!:141=  53.6699u 1:gnd!:142=  53.6777u
 +1:gnd!:143=  53.6777u 1:gnd!:144=  55.3854u 1:gnd!:145=  55.3775u
 +1:gnd!:146=  55.3615u 1:gnd!:147=  55.3373u 1:gnd!:148=  55.3044u
 +1:gnd!:149=  55.2623u 1:gnd!:15 =  59.9555u 1:gnd!:150=  55.2105u
 +1:gnd!:151=  55.1482u 1:gnd!:152=  55.0745u 1:gnd!:153=  54.9882u
 +1:gnd!:154=  54.9874u 1:gnd!:155=  55.0734u 1:gnd!:156=  55.1469u
 +1:gnd!:157=  55.2090u 1:gnd!:158=  55.2607u 1:gnd!:159=  55.3026u
 +1:gnd!:16 =  59.9555u 1:gnd!:160=  55.3354u 1:gnd!:161=  55.3595u
 +1:gnd!:162=  55.3755u 1:gnd!:163=  55.3834u 1:gnd!:164=  55.3834u
 +1:gnd!:165=  55.3877u 1:gnd!:166=  55.3837u 1:gnd!:167=  55.3756u
 +1:gnd!:168=  55.3632u 1:gnd!:169=  55.3465u 1:gnd!:17 =  57.9384u
 +1:gnd!:170=  55.3458u 1:gnd!:171=  55.3623u 1:gnd!:172=  55.3745u
 +1:gnd!:173=  55.3825u 1:gnd!:174=  55.3865u 1:gnd!:175=  55.3865u
 +1:gnd!:176=  56.1877u 1:gnd!:177=  56.1831u 1:gnd!:178=  56.1738u
 +1:gnd!:179=  56.1597u 1:gnd!:18 =  57.9372u 1:gnd!:180=  56.1406u
 +1:gnd!:181=  56.1403u 1:gnd!:182=  56.1593u 1:gnd!:183=  56.1733u
 +1:gnd!:184=  56.1825u 1:gnd!:185=  56.1871u 1:gnd!:186=  56.1871u
 +1:gnd!:187=  57.7020u 1:gnd!:188=  57.6882u 1:gnd!:189=  57.6605u
 +1:gnd!:19 =  57.9347u 1:gnd!:190=  57.6184u 1:gnd!:191=  57.5612u
 +1:gnd!:192=  57.5605u 1:gnd!:193=  57.6174u 1:gnd!:194=  57.6593u
 +1:gnd!:195=  57.6870u 1:gnd!:196=  57.7007u 1:gnd!:197=  57.7007u
 +1:gnd!:198=  57.7089u 1:gnd!:199=  57.7050u 1:gnd!:2  =  51.0237u
 +1:gnd!:20 =  57.9311u 1:gnd!:200=  57.6969u 1:gnd!:201=  57.6847u
 +1:gnd!:202=  57.6682u 1:gnd!:203=  57.6688u 1:gnd!:204=  57.6855u
 +1:gnd!:205=  57.6979u 1:gnd!:206=  57.7060u 1:gnd!:207=  57.7100u
 +1:gnd!:208=  57.7100u 1:gnd!:209=  58.9081u 1:gnd!:21 =  57.9261u
 +1:gnd!:210=  58.9039u 1:gnd!:211=  58.8953u 1:gnd!:212=  58.8824u
 +1:gnd!:213=  58.8648u 1:gnd!:214=  58.8423u 1:gnd!:215=  58.8146u
 +1:gnd!:216=  58.7813u 1:gnd!:217=  58.7419u 1:gnd!:218=  58.6958u
 +1:gnd!:219=  58.6962u 1:gnd!:22 =  57.9198u 1:gnd!:220=  58.7425u
 +1:gnd!:221=  58.7821u 1:gnd!:222=  58.8155u 1:gnd!:223=  58.8433u
 +1:gnd!:224=  58.8658u 1:gnd!:225=  58.8835u 1:gnd!:226=  58.8965u
 +1:gnd!:227=  58.9051u 1:gnd!:228=  58.9093u 1:gnd!:229=  58.9093u
 +1:gnd!:23 =  57.9120u 1:gnd!:230=  58.9850u 1:gnd!:231=  58.9838u
 +1:gnd!:232=  58.9814u 1:gnd!:233=  58.9777u 1:gnd!:234=  58.9727u
 +1:gnd!:235=  58.9664u 1:gnd!:236=  58.9586u 1:gnd!:237=  58.9492u
 +1:gnd!:238=  58.9381u 1:gnd!:239=  58.9251u 1:gnd!:24 =  57.9026u
 +1:gnd!:240=  58.9251u 1:gnd!:241=  58.9381u 1:gnd!:242=  58.9492u
 +1:gnd!:243=  58.9586u 1:gnd!:244=  58.9664u 1:gnd!:245=  58.9727u
 +1:gnd!:246=  58.9777u 1:gnd!:247=  58.9813u 1:gnd!:248=  58.9837u
 +1:gnd!:249=  58.9849u 1:gnd!:25 =  57.8914u 1:gnd!:250=  58.9849u
 +1:gnd!:251=  61.3995u 1:gnd!:252=  61.3871u 1:gnd!:253=  61.3622u
 +1:gnd!:254=  61.3242u 1:gnd!:255=  61.2728u 1:gnd!:256=  61.2070u
 +1:gnd!:257=  61.1261u 1:gnd!:258=  61.0286u 1:gnd!:259=  60.9133u
 +1:gnd!:26 =  57.8784u 1:gnd!:260=  60.7784u 1:gnd!:261=  60.7770u
 +1:gnd!:262=  60.9114u 1:gnd!:263=  61.0262u 1:gnd!:264=  61.1232u
 +1:gnd!:265=  61.2039u 1:gnd!:266=  61.2694u 1:gnd!:267=  61.3206u
 +1:gnd!:268=  61.3584u 1:gnd!:269=  61.3833u 1:gnd!:27 =  59.2020u
 +1:gnd!:270=  61.3957u 1:gnd!:271=  61.3957u 1:gnd!:272=  60.1762u
 +1:gnd!:273=  60.1720u 1:gnd!:274=  60.1635u 1:gnd!:275=  60.1506u
 +1:gnd!:276=  60.1331u 1:gnd!:277=  60.1107u 1:gnd!:278=  60.0831u
 +1:gnd!:279=  60.0499u 1:gnd!:28 =  59.6985u 1:gnd!:280=  60.0107u
 +1:gnd!:281=  59.9647u 1:gnd!:282=  59.9651u 1:gnd!:283=  60.0112u
 +1:gnd!:284=  60.0506u 1:gnd!:285=  60.0839u 1:gnd!:286=  60.1115u
 +1:gnd!:287=  60.1340u 1:gnd!:288=  60.1515u 1:gnd!:289=  60.1645u
 +1:gnd!:29 =  60.1230u 1:gnd!:290=  60.1730u 1:gnd!:291=  60.1773u
 +1:gnd!:292=  60.1773u 1:gnd!:293=  56.6457u 1:gnd!:294=  60.1487u
 +1:gnd!:295=  60.0860u 1:gnd!:296=  60.2989u 1:gnd!:297=  56.6457u
 +1:gnd!:298=  59.6987u 1:gnd!:299=  59.7123u 1:gnd!:3  =  41.8860u
 +1:gnd!:30 =  60.4816u 1:gnd!:300=  55.8037u 1:gnd!:301=  57.8521u
 +1:gnd!:302=  57.9005u 1:gnd!:303=  58.1994u 1:gnd!:304=  53.8963u
 +1:gnd!:305=  54.1676u 1:gnd!:306=  54.1643u 1:gnd!:307=  54.1777u
 +1:gnd!:308=  54.1436u 1:gnd!:309=  51.8991u 1:gnd!:31 =  60.7796u
 +1:gnd!:310=  52.8919u 1:gnd!:311=  52.8873u 1:gnd!:312=  52.8583u
 +1:gnd!:313=  39.4391u 1:gnd!:314=  39.0432u 1:gnd!:315=  38.3805u
 +1:gnd!:316=  49.7163u 1:gnd!:317=  51.3473u 1:gnd!:318=  51.3473u
 +1:gnd!:319=  51.2341u 1:gnd!:32 =  61.0216u 1:gnd!:320=  51.3473u
 +1:gnd!:321=  53.0613u 1:gnd!:322=  53.0528u 1:gnd!:323=  52.7127u
 +1:gnd!:324=  53.1140u 1:gnd!:325=  54.8140u 1:gnd!:326=  54.8140u
 +1:gnd!:327=  54.0627u 1:gnd!:328=  54.8138u 1:gnd!:329=  55.3120u
 +1:gnd!:33 =  61.2110u 1:gnd!:330=  55.3121u 1:gnd!:331=  55.1522u
 +1:gnd!:332=  55.3119u 1:gnd!:333=  56.1013u 1:gnd!:334=  56.1013u
 +1:gnd!:335=  55.9183u 1:gnd!:336=  56.1012u 1:gnd!:337=  56.4072u
 +1:gnd!:338=  57.4438u 1:gnd!:339=  57.4438u 1:gnd!:34 =  61.3507u
 +1:gnd!:340=  56.8961u 1:gnd!:341=  57.4436u 1:gnd!:342=  57.6342u
 +1:gnd!:343=  57.6342u 1:gnd!:344=  57.4745u 1:gnd!:345=  57.6344u
 +1:gnd!:346=  58.6027u 1:gnd!:347=  58.6027u 1:gnd!:348=  58.1998u
 +1:gnd!:349=  58.6028u 1:gnd!:35 =  61.4426u 1:gnd!:350=  58.8988u
 +1:gnd!:351=  58.8988u 1:gnd!:352=  58.7855u 1:gnd!:353=  58.8988u
 +1:gnd!:354=  58.9017u 1:gnd!:355=  60.5060u 1:gnd!:356=  60.5061u
 +1:gnd!:357=  59.3318u 1:gnd!:358=  60.5057u 1:gnd!:359=  59.8720u
 +1:gnd!:36 =  61.4883u 1:gnd!:360=  59.8720u 1:gnd!:361=  59.4709u
 +1:gnd!:362=  59.4709u 1:gnd!:363=  59.8721u 1:gnd!:364=  41.4900u
 +1:gnd!:365=  58.3077u 1:gnd!:366=  52.9215u 1:gnd!:367=  58.6129u
 +1:gnd!:368=  57.8550u 1:gnd!:369=  58.9017u 1:gnd!:37 =  61.4883u
 +1:gnd!:370=  58.6127u 1:gnd!:371=  55.3161u 1:gnd!:372=  54.8328u
 +1:gnd!:373=  57.4575u 1:gnd!:374=  53.0528u 1:gnd!:375=  51.3502u
 +1:gnd!:376=  56.1059u 1:gnd!:377=  57.6382u 1:gnd!:378=  57.4572u
 +1:gnd!:379=  53.1326u 1:gnd!:38 =  54.4751u 1:gnd!:380=  56.1058u
 +1:gnd!:381=  57.6384u 1:gnd!:382=  59.8820u 1:gnd!:383=  60.5355u
 +1:gnd!:384=  60.5350u 1:gnd!:385=  59.8822u 1:gnd!:386=  59.7614u
 +1:gnd!:387=  58.1511u 1:gnd!:388=  54.1464u 1:gnd!:389=  54.1469u
 +1:gnd!:39 =  54.4709u 1:gnd!:390=  52.8775u 1:gnd!:391=  52.8630u
 +1:gnd!:392=  51.3502u 1:gnd!:393=  51.3473u 1:gnd!:394=  53.1055u
 +1:gnd!:395=  54.8326u 1:gnd!:396=  54.8139u 1:gnd!:397=  55.3158u
 +1:gnd!:398=  55.3119u 1:gnd!:399=  56.1013u 1:gnd!:4  =  42.0861u
 +1:gnd!:40 =  54.4623u 1:gnd!:400=  57.4436u 1:gnd!:401=  57.7020u
 +1:gnd!:402=  57.6343u 1:gnd!:403=  58.6028u 1:gnd!:404=  58.8988u
 +1:gnd!:405=  60.5058u 1:gnd!:406=  59.8721u 1:gnd!:407=  56.1877u
 +1:gnd!:408=  57.7089u 1:gnd!:409=  53.7885u 1:gnd!:41 =  54.4492u
 +1:gnd!:410=  54.4751u 1:gnd!:411=  57.9384u 1:gnd!:412=  62.9766u
 +1:gnd!:413=  51.4334u 1:gnd!:414=  53.0522u 1:gnd!:415=  55.3854u
 +1:gnd!:416=  55.3877u 1:gnd!:417=  58.9081u 1:gnd!:418=  58.9850u
 +1:gnd!:419=  61.3995u 1:gnd!:42 =  54.4315u 1:gnd!:420=  60.1762u
 +1:gnd!:43 =  54.4089u 1:gnd!:44 =  54.3810u 1:gnd!:45 =  54.3475u
 +1:gnd!:46 =  54.3078u 1:gnd!:47 =  54.2613u 1:gnd!:48 =  54.1699u
 +1:gnd!:49 =  54.1829u 1:gnd!:5  =  50.1170u 1:gnd!:50 =  54.1940u
 +1:gnd!:51 =  54.2034u 1:gnd!:52 =  54.2113u 1:gnd!:53 =  54.2176u
 +1:gnd!:54 =  54.2226u 1:gnd!:55 =  54.2262u 1:gnd!:56 =  54.2286u
 +1:gnd!:57 =  54.2298u 1:gnd!:58 =  54.2298u 1:gnd!:59 =  53.7885u
 +1:gnd!:6  =  62.9766u 1:gnd!:60 =  53.7760u 1:gnd!:61 =  53.7510u
 +1:gnd!:62 =  53.7129u 1:gnd!:63 =  53.6613u 1:gnd!:64 =  53.5953u
 +1:gnd!:65 =  53.5140u 1:gnd!:66 =  53.4163u 1:gnd!:67 =  53.3006u
 +1:gnd!:68 =  53.1652u 1:gnd!:69 =  53.0369u 1:gnd!:7  =  62.8258u
 +1:gnd!:70 =  53.1253u 1:gnd!:71 =  53.2009u 1:gnd!:72 =  53.2648u
 +1:gnd!:73 =  53.3179u 1:gnd!:74 =  53.3610u 1:gnd!:75 =  53.3948u
 +1:gnd!:76 =  53.4197u 1:gnd!:77 =  53.4360u 1:gnd!:78 =  53.4442u
 +1:gnd!:79 =  53.4442u 1:gnd!:8  =  62.5220u 1:gnd!:80 =  18.9104u
 +1:gnd!:81 =  18.9104u 1:gnd!:82 =  19.1898u 1:gnd!:83 =  19.7529u
 +1:gnd!:84 =  20.6078u 1:gnd!:85 =  21.7673u 1:gnd!:86 =  23.2484u
 +1:gnd!:87 =  25.0731u 1:gnd!:88 =  27.2684u 1:gnd!:89 =  29.8666u
 +1:gnd!:9  =  62.0606u 1:gnd!:90 =  32.9061u 1:gnd!:91 =  43.7395u
 +1:gnd!:92 =  44.6967u 1:gnd!:93 =  45.5605u 1:gnd!:94 =  46.3435u
 +1:gnd!:95 =  47.0573u 1:gnd!:96 =  47.7126u 1:gnd!:97 =  48.3189u
 +1:gnd!:98 =  48.8852u 1:gnd!:99 =  49.4199u 1:ln_n_26:=   0.     
 +1:ln_n_26:=   0.      1:ln_n_36:=   0.      1:ln_n_36:=   0.     
 +1:ln_n_36:=   0.      1:ln_n_36:=   0.      1:ln_n_36:=   0.     
 +1:ln_n_36:=   0.      1:ln_n_37:=   0.      1:ln_n_37:=   0.     
 +1:ln_n_37:=   0.      1:ln_n_37:=   0.      1:ln_n_37:=   0.     
 +1:ln_n_37:=   0.      1:ln_n_38:=   0.      1:ln_n_38:=   0.     
 +1:ln_n_38:=   0.      1:ln_n_38:=   0.      1:ln_n_38:=   0.     
 +1:ln_n_38:=   0.      1:ln_n_39:=   0.      1:ln_n_39:=   0.     
 +1:ln_n_39:=   0.      1:ln_n_39:=   0.      1:ln_n_39:=   0.     
 +1:ln_n_39:=   0.      1:ln_n_40:=   0.      1:ln_n_40:=   0.     
 +1:ln_n_40:=   0.      1:ln_n_40:=   0.      1:ln_n_40:=   0.     
 +1:ln_n_40:=   0.      1:ln_n_41:=   0.      1:ln_n_41:=   0.     
 +1:ln_n_41:=   0.      1:ln_n_41:=   0.      1:ln_n_41:=   0.     
 +1:ln_n_41:=   0.      1:ln_n_42:=   0.      1:ln_n_42:=   0.     
 +1:ln_n_42:=   0.      1:ln_n_42:=   0.      1:ln_n_42:=   0.     
 +1:ln_n_42:=   0.      1:ln_n_43:=   0.      1:ln_n_43:=   0.     
 +1:ln_n_43:=   0.      1:ln_n_43:=   0.      1:ln_n_43:=   0.     
 +1:ln_n_43:=   0.      1:ln_n_44:=   0.      1:ln_n_44:=   0.     
 +1:ln_n_44:=   0.      1:ln_n_44:=   0.      1:ln_n_44:=   0.     
 +1:ln_n_44:=   0.      1:ln_n_45:=   0.      1:ln_n_45:=   0.     
 +1:ln_n_45:=   0.      1:ln_n_45:=   0.      1:ln_n_45:=   0.     
 +1:ln_n_45:=   0.      1:ln_n_46:=   0.      1:ln_n_46:=   0.     
 +1:ln_n_46:=   0.      1:ln_n_46:=   0.      1:ln_n_46:=   0.     
 +1:ln_n_46:=   0.      1:ln_n_47:=   0.      1:ln_n_47:=   0.     
 +1:ln_n_47:=   0.      1:ln_n_47:=   0.      1:ln_n_47:=   0.     
 +1:ln_n_47:=   0.      1:ln_n_48:=   0.      1:ln_n_48:=   0.     
 +1:ln_n_48:=   0.      1:ln_n_48:=   0.      1:ln_n_48:=   0.     
 +1:ln_n_48:=   0.      1:ln_n_49:=   0.      1:ln_n_49:=   0.     
 +1:ln_n_49:=   0.      1:ln_n_49:=   0.      1:ln_n_49:=   0.     
 +1:ln_n_49:=   0.      1:ln_n_50:=   0.      1:ln_n_50:=   0.     
 +1:ln_n_50:=   0.      1:ln_n_50:=   0.      1:ln_n_50:=   0.     
 +1:ln_n_50:=   0.      1:ln_n_51:=   0.      1:ln_n_51:=   0.     
 +1:ln_n_51:=   0.      1:ln_n_51:=   0.      1:ln_n_51:=   0.     
 +1:ln_n_51:=   0.      1:ln_n_52:=   0.      1:ln_n_52:=   0.     
 +1:ln_n_52:=   0.      1:ln_n_52:=   0.      1:ln_n_53:=   0.     
 +1:ln_n_53:=   0.      1:ln_n_53:=   0.      1:ln_n_53:=   0.     
 +1:ln_n_54:=   0.      1:ln_n_54:=   0.      1:ln_n_55:=   0.     
 +1:ln_n_55:=   0.      1:ln_n_56:=   0.      1:ln_n_56:=   0.     
 +1:ln_n_57:=   0.      1:ln_n_57:=   0.      1:q0:1    =   2.3884n
 +1:q0:10   =  49.1201n 1:q0:11   =  68.7552n 1:q0:12   =   3.0027u
 +1:q0:13   =   6.5481u 1:q0:14   =   6.5485u 1:q0:15   =   9.5483u
 +1:q0:16   =   1.8089u 1:q0:17   =   9.1501u 1:q0:18   =   8.3546u
 +1:q0:19   =  10.8649u 1:q0:2    =   6.5481u 1:q0:20   =   5.8395u
 +1:q0:21   =   6.2439u 1:q0:22   =   9.5925u 1:q0:23   =   6.6907u
 +1:q0:24   =   6.6696u 1:q0:25   =   9.9384u 1:q0:26   =   5.3660u
 +1:q0:27   =   1.2879u 1:q0:28   =   5.3673u 1:q0:29   =   8.9335u
 +1:q0:3    =   1.2879u 1:q0:30   =   9.1495u 1:q0:31   =   9.1495u
 +1:q0:32   =   6.2677u 1:q0:33   =   6.4809u 1:q0:34   =   6.2676u
 +1:q0:35   =   9.6354u 1:q0:36   =   9.8669u 1:q0:37   =   9.6353u
 +1:q0:38   =   9.6354u 1:q0:39   =  10.5902u 1:q0:4    =   6.4809u
 +1:q0:40   =  10.5888u 1:q0:41   =  10.5860u 1:q0:42   =  10.5818u
 +1:q0:43   =  10.5762u 1:q0:44   =  10.5689u 1:q0:45   =  10.5600u
 +1:q0:46   =  10.5492u 1:q0:47   =  10.5365u 1:q0:48   =  10.5216u
 +1:q0:49   =  10.5044u 1:q0:5    =  11.3412u 1:q0:50   =  10.6271u
 +1:q0:51   =  10.6534u 1:q0:52   =  10.6760u 1:q0:53   =  10.6950u
 +1:q0:54   =  10.7109u 1:q0:55   =  10.7237u 1:q0:56   =  10.7338u
 +1:q0:57   =  10.7412u 1:q0:58   =  10.7461u 1:q0:59   =  10.7485u
 +1:q0:6    =  10.1318u 1:q0:60   =  10.7485u 1:q0:61   =   5.8204u
 +1:q0:62   =   8.9095u 1:q0:63   =   8.9095u 1:q0:64   =   6.2402u
 +1:q0:65   =   6.6696u 1:q0:66   =   8.8982u 1:q0:67   =   8.4687u
 +1:q0:68   =   8.4687u 1:q0:69   =   6.2439u 1:q0:7    =   9.1501u
 +1:q0:70   =   6.2429u 1:q0:71   =   9.6353u 1:q0:72   =   9.6095u
 +1:q0:73   =  10.0074u 1:q0:74   =  10.3871u 1:q0:75   =  10.0074u
 +1:q0:76   =   9.6255u 1:q0:77   =   9.1923u 1:q0:78   =   9.8987u
 +1:q0:79   =   9.8692u 1:q0:8    =  12.0741u 1:q0:80   =  68.7552n
 +1:q0:81   =  11.3412u 1:q0:82   =   6.5485u 1:q0:83   =  12.0741u
 +1:q0:84   =  10.0161u 1:q0:85   =  10.3944u 1:q0:86   =   5.3660u
 +1:q0:87   =   8.9335u 1:q0:88   =   8.4477u 1:q0:89   =   5.8204u
 +1:q0:9    =  10.0161u 1:q0:90   =   6.2677u 1:q0:91   =  10.3983u
 +1:q0:92   =  10.5175u 1:q0:93   =  10.5739u 1:q0:94   =   3.0027u
 +1:q0:95   =   9.5483u 1:q0:96   =   5.3673u 1:q0:97   =   8.9335u
 +1:q0:98   =   6.2676u 1:q0:99   =  10.5902u 1:q1:1    =   1.0000 
 +1:q1:10   =   1.0000  1:q1:11   =   1.0144  1:q1:12   =   1.0144 
 +1:q1:13   =   1.0144  1:q1:14   =   1.0152  1:q1:15   =   1.0152 
 +1:q1:16   =   1.0144  1:q1:17   =   1.0137  1:q1:18   =   1.0137 
 +1:q1:19   =   1.0167  1:q1:2    =   1.0020  1:q1:20   =   1.0167 
 +1:q1:21   =   1.0083  1:q1:22   =   1.0020  1:q1:23   =   1.0083 
 +1:q1:24   =   1.0144  1:q1:25   =   1.0152  1:q1:26   =   1.0152 
 +1:q1:27   =   1.0152  1:q1:28   =   1.0152  1:q1:29   =   1.0172 
 +1:q1:3    =   1.0144  1:q1:30   =   1.0173  1:q1:31   =   1.0174 
 +1:q1:32   =   1.0174  1:q1:33   =   1.0175  1:q1:34   =   1.0175 
 +1:q1:35   =   1.0175  1:q1:36   =   1.0176  1:q1:37   =   1.0176 
 +1:q1:38   =   1.0176  1:q1:39   =   1.0176  1:q1:4    =   1.0144 
 +1:q1:40   =   1.0176  1:q1:41   =   1.0167  1:q1:42   =   1.0167 
 +1:q1:43   =   1.0167  1:q1:44   =   1.0167  1:q1:45   =   1.0167 
 +1:q1:46   =   1.0167  1:q1:47   =   1.0167  1:q1:48   =   1.0167 
 +1:q1:49   =   1.0167  1:q1:5    =   1.0152  1:q1:50   =   1.0167 
 +1:q1:51   =   1.0167  1:q1:52   =   1.0090  1:q1:53   =   1.0090 
 +1:q1:54   =   1.0144  1:q1:55   =   1.0144  1:q1:56   =   1.0144 
 +1:q1:57   =   1.0137  1:q1:58   =   1.0101  1:q1:59   =   1.0108 
 +1:q1:6    =   1.0152  1:q1:60   =   1.0108  1:q1:61   =   1.0152 
 +1:q1:62   =   1.0152  1:q1:63   =   1.0153  1:q1:64   =   1.0160 
 +1:q1:65   =   1.0160  1:q1:66   =   1.0152  1:q1:67   =   1.0152 
 +1:q1:68   =   1.0152  1:q1:69   =   1.0000  1:q1:7    =   1.0000 
 +1:q1:70   =   1.0144  1:q1:71   =   1.0144  1:q1:72   =   1.0152 
 +1:q1:73   =   1.0152  1:q1:74   =   1.0083  1:q1:75   =   1.0144 
 +1:q1:76   =   1.0000  1:q1:77   =   1.0108  1:q1:78   =   1.0167 
 +1:q1:79   =   1.0167  1:q1:8    =   1.0000  1:q1:80   =   1.0167 
 +1:q1:81   =   1.0101  1:q1:82   =   1.0083  1:q1:83   =   1.0144 
 +1:q1:9    =   1.0000  1:vdd!:1  =   1.2000  1:vdd!:10 =   1.1944 
 +1:vdd!:100=   1.1944  1:vdd!:100=   1.1985  1:vdd!:100=   1.1944 
 +1:vdd!:100=   1.1985  1:vdd!:100=   1.1944  1:vdd!:100=   1.1984 
 +1:vdd!:100=   1.1944  1:vdd!:100=   1.1983  1:vdd!:100=   1.1944 
 +1:vdd!:100=   1.1982  1:vdd!:100=   1.1941  1:vdd!:101=   1.1944 
 +1:vdd!:101=   1.1982  1:vdd!:101=   1.1945  1:vdd!:101=   1.1981 
 +1:vdd!:101=   1.1945  1:vdd!:101=   1.1980  1:vdd!:101=   1.1946 
 +1:vdd!:101=   1.1947  1:vdd!:101=   1.1948  1:vdd!:101=   1.1949 
 +1:vdd!:101=   1.1950  1:vdd!:102=   1.1985  1:vdd!:102=   1.1976 
 +1:vdd!:102=   1.1951  1:vdd!:102=   1.1975  1:vdd!:102=   1.1951 
 +1:vdd!:102=   1.1975  1:vdd!:102=   1.1952  1:vdd!:102=   1.1953 
 +1:vdd!:102=   1.1974  1:vdd!:102=   1.1953  1:vdd!:102=   1.1973 
 +1:vdd!:103=   1.1985  1:vdd!:103=   1.1953  1:vdd!:103=   1.1972 
 +1:vdd!:103=   1.1973  1:vdd!:103=   1.1973  1:vdd!:103=   1.1954 
 +1:vdd!:103=   1.1972  1:vdd!:103=   1.1954  1:vdd!:103=   1.1971 
 +1:vdd!:103=   1.1955  1:vdd!:103=   1.1956  1:vdd!:104=   1.1985 
 +1:vdd!:104=   1.1955  1:vdd!:104=   1.1985  1:vdd!:104=   1.1944 
 +1:vdd!:104=   1.1944  1:vdd!:104=   1.1944  1:vdd!:104=   1.1945 
 +1:vdd!:104=   1.1948  1:vdd!:104=   1.1950  1:vdd!:104=   1.1949 
 +1:vdd!:104=   1.1952  1:vdd!:105=   1.1985  1:vdd!:105=   1.1951 
 +1:vdd!:105=   1.1951  1:vdd!:105=   1.1953  1:vdd!:105=   1.1944 
 +1:vdd!:105=   1.1944  1:vdd!:105=   1.1944  1:vdd!:105=   1.1944 
 +1:vdd!:105=   1.1944  1:vdd!:105=   1.1934  1:vdd!:105=   1.1945 
 +1:vdd!:106=   1.1985  1:vdd!:106=   1.1985  1:vdd!:106=   1.1944 
 +1:vdd!:106=   1.1947  1:vdd!:106=   1.1946  1:vdd!:106=   1.1954 
 +1:vdd!:106=   1.1954  1:vdd!:107=   1.1985  1:vdd!:108=   1.1985 
 +1:vdd!:109=   1.1985  1:vdd!:11 =   1.1985  1:vdd!:110=   1.1985 
 +1:vdd!:111=   1.1985  1:vdd!:112=   1.1985  1:vdd!:113=   1.1985 
 +1:vdd!:114=   1.1944  1:vdd!:115=   1.1944  1:vdd!:116=   1.1944 
 +1:vdd!:117=   1.1944  1:vdd!:118=   1.1944  1:vdd!:119=   1.1944 
 +1:vdd!:12 =   1.1979  1:vdd!:120=   1.1944  1:vdd!:121=   1.1944 
 +1:vdd!:122=   1.1944  1:vdd!:123=   1.1944  1:vdd!:124=   1.1944 
 +1:vdd!:125=   1.1985  1:vdd!:126=   1.1985  1:vdd!:127=   1.1985 
 +1:vdd!:128=   1.1985  1:vdd!:129=   1.1985  1:vdd!:13 =   1.1980 
 +1:vdd!:130=   1.1985  1:vdd!:131=   1.1985  1:vdd!:132=   1.1985 
 +1:vdd!:133=   1.1985  1:vdd!:134=   1.1985  1:vdd!:135=   1.1985 
 +1:vdd!:136=   1.1985  1:vdd!:137=   1.1944  1:vdd!:138=   1.1944 
 +1:vdd!:139=   1.1944  1:vdd!:14 =   1.1976  1:vdd!:140=   1.1944 
 +1:vdd!:141=   1.1944  1:vdd!:142=   1.1944  1:vdd!:143=   1.1944 
 +1:vdd!:144=   1.1944  1:vdd!:145=   1.1944  1:vdd!:146=   1.1944 
 +1:vdd!:147=   1.1944  1:vdd!:148=   1.1985  1:vdd!:149=   1.1985 
 +1:vdd!:15 =   1.1977  1:vdd!:150=   1.1985  1:vdd!:151=   1.1985 
 +1:vdd!:152=   1.1985  1:vdd!:153=   1.1985  1:vdd!:154=   1.1985 
 +1:vdd!:155=   1.1985  1:vdd!:156=   1.1985  1:vdd!:157=   1.1985 
 +1:vdd!:158=   1.1985  1:vdd!:159=   1.1985  1:vdd!:16 =   1.1971 
 +1:vdd!:160=   1.1944  1:vdd!:161=   1.1944  1:vdd!:162=   1.1944 
 +1:vdd!:163=   1.1944  1:vdd!:164=   1.1944  1:vdd!:165=   1.1944 
 +1:vdd!:166=   1.1944  1:vdd!:167=   1.1944  1:vdd!:168=   1.1944 
 +1:vdd!:169=   1.1944  1:vdd!:17 =   1.1971  1:vdd!:170=   1.1944 
 +1:vdd!:171=   1.1985  1:vdd!:172=   1.1985  1:vdd!:173=   1.1985 
 +1:vdd!:174=   1.1985  1:vdd!:175=   1.1985  1:vdd!:176=   1.1985 
 +1:vdd!:177=   1.1985  1:vdd!:178=   1.1985  1:vdd!:179=   1.1985 
 +1:vdd!:18 =   1.1955  1:vdd!:180=   1.1985  1:vdd!:181=   1.1985 
 +1:vdd!:182=   1.1985  1:vdd!:183=   1.1944  1:vdd!:184=   1.1944 
 +1:vdd!:185=   1.1944  1:vdd!:186=   1.1944  1:vdd!:187=   1.1944 
 +1:vdd!:188=   1.1944  1:vdd!:189=   1.1944  1:vdd!:19 =   1.1955 
 +1:vdd!:190=   1.1944  1:vdd!:191=   1.1944  1:vdd!:192=   1.1944 
 +1:vdd!:193=   1.1944  1:vdd!:194=   1.1991  1:vdd!:195=   1.1992 
 +1:vdd!:196=   1.1993  1:vdd!:197=   1.1993  1:vdd!:198=   1.1994 
 +1:vdd!:199=   1.1994  1:vdd!:2  =   1.1944  1:vdd!:20 =   1.1985 
 +1:vdd!:200=   1.1995  1:vdd!:201=   1.1995  1:vdd!:202=   1.1995 
 +1:vdd!:203=   1.1995  1:vdd!:204=   1.1995  1:vdd!:205=   1.1995 
 +1:vdd!:206=   1.1944  1:vdd!:207=   1.1944  1:vdd!:208=   1.1944 
 +1:vdd!:209=   1.1944  1:vdd!:21 =   1.1980  1:vdd!:210=   1.1944 
 +1:vdd!:211=   1.1944  1:vdd!:212=   1.1944  1:vdd!:213=   1.1944 
 +1:vdd!:214=   1.1944  1:vdd!:215=   1.1944  1:vdd!:216=   1.1944 
 +1:vdd!:217=   1.1944  1:vdd!:218=   1.1984  1:vdd!:219=   1.1984 
 +1:vdd!:22 =   1.1979  1:vdd!:220=   1.1984  1:vdd!:221=   1.1984 
 +1:vdd!:222=   1.1984  1:vdd!:223=   1.1984  1:vdd!:224=   1.1984 
 +1:vdd!:225=   1.1984  1:vdd!:226=   1.1984  1:vdd!:227=   1.1984 
 +1:vdd!:228=   1.1984  1:vdd!:229=   1.1984  1:vdd!:23 =   1.1977 
 +1:vdd!:230=   1.1944  1:vdd!:231=   1.1944  1:vdd!:232=   1.1944 
 +1:vdd!:233=   1.1944  1:vdd!:234=   1.1944  1:vdd!:235=   1.1944 
 +1:vdd!:236=   1.1944  1:vdd!:237=   1.1944  1:vdd!:238=   1.1944 
 +1:vdd!:239=   1.1944  1:vdd!:24 =   1.1976  1:vdd!:240=   1.1944 
 +1:vdd!:241=   1.1944  1:vdd!:242=   1.1984  1:vdd!:243=   1.1984 
 +1:vdd!:244=   1.1984  1:vdd!:245=   1.1984  1:vdd!:246=   1.1984 
 +1:vdd!:247=   1.1984  1:vdd!:248=   1.1984  1:vdd!:249=   1.1984 
 +1:vdd!:25 =   1.1985  1:vdd!:250=   1.1984  1:vdd!:251=   1.1984 
 +1:vdd!:252=   1.1984  1:vdd!:253=   1.1984  1:vdd!:254=   1.1944 
 +1:vdd!:255=   1.1944  1:vdd!:256=   1.1944  1:vdd!:257=   1.1944 
 +1:vdd!:258=   1.1944  1:vdd!:259=   1.1944  1:vdd!:26 =   1.1985 
 +1:vdd!:260=   1.1944  1:vdd!:261=   1.1944  1:vdd!:262=   1.1944 
 +1:vdd!:263=   1.1944  1:vdd!:264=   1.1944  1:vdd!:265=   1.1983 
 +1:vdd!:266=   1.1983  1:vdd!:267=   1.1983  1:vdd!:268=   1.1983 
 +1:vdd!:269=   1.1983  1:vdd!:27 =   1.1985  1:vdd!:270=   1.1983 
 +1:vdd!:271=   1.1983  1:vdd!:272=   1.1983  1:vdd!:273=   1.1983 
 +1:vdd!:274=   1.1983  1:vdd!:275=   1.1983  1:vdd!:276=   1.1983 
 +1:vdd!:277=   1.1944  1:vdd!:278=   1.1944  1:vdd!:279=   1.1944 
 +1:vdd!:28 =   1.1985  1:vdd!:280=   1.1944  1:vdd!:281=   1.1944 
 +1:vdd!:282=   1.1944  1:vdd!:283=   1.1944  1:vdd!:284=   1.1944 
 +1:vdd!:285=   1.1944  1:vdd!:286=   1.1944  1:vdd!:287=   1.1944 
 +1:vdd!:288=   1.1982  1:vdd!:289=   1.1982  1:vdd!:29 =   1.1985 
 +1:vdd!:290=   1.1982  1:vdd!:291=   1.1982  1:vdd!:292=   1.1982 
 +1:vdd!:293=   1.1982  1:vdd!:294=   1.1982  1:vdd!:295=   1.1982 
 +1:vdd!:296=   1.1982  1:vdd!:297=   1.1982  1:vdd!:298=   1.1982 
 +1:vdd!:299=   1.1982  1:vdd!:3  =   1.1984  1:vdd!:30 =   1.1985 
 +1:vdd!:300=   1.1934  1:vdd!:301=   1.1934  1:vdd!:302=   1.1934 
 +1:vdd!:303=   1.1934  1:vdd!:304=   1.1935  1:vdd!:305=   1.1935 
 +1:vdd!:306=   1.1935  1:vdd!:307=   1.1936  1:vdd!:308=   1.1936 
 +1:vdd!:309=   1.1937  1:vdd!:31 =   1.1985  1:vdd!:310=   1.1938 
 +1:vdd!:311=   1.1982  1:vdd!:312=   1.1982  1:vdd!:313=   1.1982 
 +1:vdd!:314=   1.1982  1:vdd!:315=   1.1982  1:vdd!:316=   1.1982 
 +1:vdd!:317=   1.1982  1:vdd!:318=   1.1982  1:vdd!:319=   1.1982 
 +1:vdd!:32 =   1.1985  1:vdd!:320=   1.1982  1:vdd!:321=   1.1982 
 +1:vdd!:322=   1.1982  1:vdd!:323=   1.1945  1:vdd!:324=   1.1945 
 +1:vdd!:325=   1.1945  1:vdd!:326=   1.1945  1:vdd!:327=   1.1945 
 +1:vdd!:328=   1.1945  1:vdd!:329=   1.1945  1:vdd!:33 =   1.1985 
 +1:vdd!:330=   1.1945  1:vdd!:331=   1.1945  1:vdd!:332=   1.1945 
 +1:vdd!:333=   1.1945  1:vdd!:334=   1.1981  1:vdd!:335=   1.1981 
 +1:vdd!:336=   1.1981  1:vdd!:337=   1.1981  1:vdd!:338=   1.1981 
 +1:vdd!:339=   1.1981  1:vdd!:34 =   1.1985  1:vdd!:340=   1.1981 
 +1:vdd!:341=   1.1981  1:vdd!:342=   1.1981  1:vdd!:343=   1.1981 
 +1:vdd!:344=   1.1981  1:vdd!:345=   1.1981  1:vdd!:346=   1.1945 
 +1:vdd!:347=   1.1945  1:vdd!:348=   1.1945  1:vdd!:349=   1.1945 
 +1:vdd!:35 =   1.1985  1:vdd!:350=   1.1945  1:vdd!:351=   1.1945 
 +1:vdd!:352=   1.1945  1:vdd!:353=   1.1945  1:vdd!:354=   1.1945 
 +1:vdd!:355=   1.1945  1:vdd!:356=   1.1945  1:vdd!:357=   1.1980 
 +1:vdd!:358=   1.1980  1:vdd!:359=   1.1980  1:vdd!:36 =   1.1985 
 +1:vdd!:360=   1.1980  1:vdd!:361=   1.1980  1:vdd!:362=   1.1980 
 +1:vdd!:363=   1.1980  1:vdd!:364=   1.1980  1:vdd!:365=   1.1980 
 +1:vdd!:366=   1.1980  1:vdd!:367=   1.1980  1:vdd!:368=   1.1980 
 +1:vdd!:369=   1.1946  1:vdd!:37 =   1.1985  1:vdd!:370=   1.1946 
 +1:vdd!:371=   1.1946  1:vdd!:372=   1.1946  1:vdd!:373=   1.1946 
 +1:vdd!:374=   1.1946  1:vdd!:375=   1.1946  1:vdd!:376=   1.1946 
 +1:vdd!:377=   1.1946  1:vdd!:378=   1.1946  1:vdd!:379=   1.1946 
 +1:vdd!:38 =   1.1985  1:vdd!:380=   1.1980  1:vdd!:381=   1.1980 
 +1:vdd!:382=   1.1980  1:vdd!:383=   1.1980  1:vdd!:384=   1.1980 
 +1:vdd!:385=   1.1980  1:vdd!:386=   1.1980  1:vdd!:387=   1.1980 
 +1:vdd!:388=   1.1980  1:vdd!:389=   1.1980  1:vdd!:39 =   1.1985 
 +1:vdd!:390=   1.1980  1:vdd!:391=   1.1980  1:vdd!:392=   1.1947 
 +1:vdd!:393=   1.1947  1:vdd!:394=   1.1947  1:vdd!:395=   1.1947 
 +1:vdd!:396=   1.1947  1:vdd!:397=   1.1947  1:vdd!:398=   1.1947 
 +1:vdd!:399=   1.1947  1:vdd!:4  =   1.1944  1:vdd!:40 =   1.1985 
 +1:vdd!:400=   1.1947  1:vdd!:401=   1.1947  1:vdd!:402=   1.1947 
 +1:vdd!:403=   1.1979  1:vdd!:404=   1.1979  1:vdd!:405=   1.1979 
 +1:vdd!:406=   1.1979  1:vdd!:407=   1.1979  1:vdd!:408=   1.1979 
 +1:vdd!:409=   1.1979  1:vdd!:41 =   1.1985  1:vdd!:410=   1.1979 
 +1:vdd!:411=   1.1979  1:vdd!:412=   1.1979  1:vdd!:413=   1.1979 
 +1:vdd!:414=   1.1979  1:vdd!:415=   1.1948  1:vdd!:416=   1.1948 
 +1:vdd!:417=   1.1948  1:vdd!:418=   1.1948  1:vdd!:419=   1.1948 
 +1:vdd!:42 =   1.1985  1:vdd!:420=   1.1948  1:vdd!:421=   1.1948 
 +1:vdd!:422=   1.1948  1:vdd!:423=   1.1948  1:vdd!:424=   1.1948 
 +1:vdd!:425=   1.1948  1:vdd!:426=   1.1977  1:vdd!:427=   1.1977 
 +1:vdd!:428=   1.1977  1:vdd!:429=   1.1977  1:vdd!:43 =   1.1985 
 +1:vdd!:430=   1.1977  1:vdd!:431=   1.1977  1:vdd!:432=   1.1977 
 +1:vdd!:433=   1.1977  1:vdd!:434=   1.1977  1:vdd!:435=   1.1977 
 +1:vdd!:436=   1.1977  1:vdd!:437=   1.1977  1:vdd!:438=   1.1949 
 +1:vdd!:439=   1.1949  1:vdd!:44 =   1.1985  1:vdd!:440=   1.1949 
 +1:vdd!:441=   1.1949  1:vdd!:442=   1.1949  1:vdd!:443=   1.1949 
 +1:vdd!:444=   1.1949  1:vdd!:445=   1.1949  1:vdd!:446=   1.1949 
 +1:vdd!:447=   1.1949  1:vdd!:448=   1.1949  1:vdd!:449=   1.1976 
 +1:vdd!:45 =   1.1944  1:vdd!:450=   1.1976  1:vdd!:451=   1.1976 
 +1:vdd!:452=   1.1976  1:vdd!:453=   1.1976  1:vdd!:454=   1.1976 
 +1:vdd!:455=   1.1976  1:vdd!:456=   1.1976  1:vdd!:457=   1.1976 
 +1:vdd!:458=   1.1976  1:vdd!:459=   1.1976  1:vdd!:46 =   1.1944 
 +1:vdd!:460=   1.1976  1:vdd!:461=   1.1950  1:vdd!:462=   1.1950 
 +1:vdd!:463=   1.1950  1:vdd!:464=   1.1950  1:vdd!:465=   1.1950 
 +1:vdd!:466=   1.1950  1:vdd!:467=   1.1950  1:vdd!:468=   1.1950 
 +1:vdd!:469=   1.1950  1:vdd!:47 =   1.1944  1:vdd!:470=   1.1950 
 +1:vdd!:471=   1.1950  1:vdd!:472=   1.1976  1:vdd!:473=   1.1976 
 +1:vdd!:474=   1.1976  1:vdd!:475=   1.1976  1:vdd!:476=   1.1976 
 +1:vdd!:477=   1.1976  1:vdd!:478=   1.1976  1:vdd!:479=   1.1976 
 +1:vdd!:48 =   1.1944  1:vdd!:480=   1.1976  1:vdd!:481=   1.1976 
 +1:vdd!:482=   1.1976  1:vdd!:483=   1.1976  1:vdd!:484=   1.1951 
 +1:vdd!:485=   1.1951  1:vdd!:486=   1.1951  1:vdd!:487=   1.1951 
 +1:vdd!:488=   1.1951  1:vdd!:489=   1.1951  1:vdd!:49 =   1.1944 
 +1:vdd!:490=   1.1951  1:vdd!:491=   1.1951  1:vdd!:492=   1.1951 
 +1:vdd!:493=   1.1951  1:vdd!:494=   1.1951  1:vdd!:495=   1.1975 
 +1:vdd!:496=   1.1975  1:vdd!:497=   1.1975  1:vdd!:498=   1.1975 
 +1:vdd!:499=   1.1975  1:vdd!:5  =   1.1985  1:vdd!:50 =   1.1944 
 +1:vdd!:500=   1.1975  1:vdd!:501=   1.1975  1:vdd!:502=   1.1975 
 +1:vdd!:503=   1.1975  1:vdd!:504=   1.1975  1:vdd!:505=   1.1975 
 +1:vdd!:506=   1.1975  1:vdd!:507=   1.1951  1:vdd!:508=   1.1951 
 +1:vdd!:509=   1.1951  1:vdd!:51 =   1.1944  1:vdd!:510=   1.1951 
 +1:vdd!:511=   1.1951  1:vdd!:512=   1.1951  1:vdd!:513=   1.1951 
 +1:vdd!:514=   1.1951  1:vdd!:515=   1.1951  1:vdd!:516=   1.1951 
 +1:vdd!:517=   1.1951  1:vdd!:518=   1.1975  1:vdd!:519=   1.1975 
 +1:vdd!:52 =   1.1944  1:vdd!:520=   1.1975  1:vdd!:521=   1.1975 
 +1:vdd!:522=   1.1975  1:vdd!:523=   1.1975  1:vdd!:524=   1.1975 
 +1:vdd!:525=   1.1975  1:vdd!:526=   1.1975  1:vdd!:527=   1.1975 
 +1:vdd!:528=   1.1975  1:vdd!:529=   1.1975  1:vdd!:53 =   1.1944 
 +1:vdd!:530=   1.1952  1:vdd!:531=   1.1952  1:vdd!:532=   1.1952 
 +1:vdd!:533=   1.1952  1:vdd!:534=   1.1952  1:vdd!:535=   1.1952 
 +1:vdd!:536=   1.1952  1:vdd!:537=   1.1952  1:vdd!:538=   1.1952 
 +1:vdd!:539=   1.1952  1:vdd!:54 =   1.1944  1:vdd!:540=   1.1952 
 +1:vdd!:541=   1.1974  1:vdd!:542=   1.1974  1:vdd!:543=   1.1974 
 +1:vdd!:544=   1.1974  1:vdd!:545=   1.1974  1:vdd!:546=   1.1974 
 +1:vdd!:547=   1.1974  1:vdd!:548=   1.1974  1:vdd!:549=   1.1974 
 +1:vdd!:55 =   1.1944  1:vdd!:550=   1.1974  1:vdd!:551=   1.1974 
 +1:vdd!:552=   1.1974  1:vdd!:553=   1.1953  1:vdd!:554=   1.1953 
 +1:vdd!:555=   1.1953  1:vdd!:556=   1.1953  1:vdd!:557=   1.1953 
 +1:vdd!:558=   1.1953  1:vdd!:559=   1.1953  1:vdd!:56 =   1.1985 
 +1:vdd!:560=   1.1953  1:vdd!:561=   1.1953  1:vdd!:562=   1.1953 
 +1:vdd!:563=   1.1953  1:vdd!:564=   1.1973  1:vdd!:565=   1.1973 
 +1:vdd!:566=   1.1973  1:vdd!:567=   1.1973  1:vdd!:568=   1.1973 
 +1:vdd!:569=   1.1973  1:vdd!:57 =   1.1985  1:vdd!:570=   1.1973 
 +1:vdd!:571=   1.1973  1:vdd!:572=   1.1973  1:vdd!:573=   1.1973 
 +1:vdd!:574=   1.1973  1:vdd!:575=   1.1973  1:vdd!:576=   1.1953 
 +1:vdd!:577=   1.1953  1:vdd!:578=   1.1953  1:vdd!:579=   1.1953 
 +1:vdd!:58 =   1.1985  1:vdd!:580=   1.1953  1:vdd!:581=   1.1953 
 +1:vdd!:582=   1.1953  1:vdd!:583=   1.1953  1:vdd!:584=   1.1953 
 +1:vdd!:585=   1.1953  1:vdd!:586=   1.1953  1:vdd!:587=   1.1973 
 +1:vdd!:588=   1.1973  1:vdd!:589=   1.1973  1:vdd!:59 =   1.1985 
 +1:vdd!:590=   1.1973  1:vdd!:591=   1.1973  1:vdd!:592=   1.1973 
 +1:vdd!:593=   1.1973  1:vdd!:594=   1.1973  1:vdd!:595=   1.1973 
 +1:vdd!:596=   1.1973  1:vdd!:597=   1.1973  1:vdd!:598=   1.1973 
 +1:vdd!:599=   1.1954  1:vdd!:6  =   1.1985  1:vdd!:60 =   1.1985 
 +1:vdd!:600=   1.1954  1:vdd!:601=   1.1954  1:vdd!:602=   1.1954 
 +1:vdd!:603=   1.1954  1:vdd!:604=   1.1954  1:vdd!:605=   1.1954 
 +1:vdd!:606=   1.1954  1:vdd!:607=   1.1954  1:vdd!:608=   1.1954 
 +1:vdd!:609=   1.1954  1:vdd!:61 =   1.1985  1:vdd!:610=   1.1972 
 +1:vdd!:611=   1.1972  1:vdd!:612=   1.1972  1:vdd!:613=   1.1972 
 +1:vdd!:614=   1.1972  1:vdd!:615=   1.1972  1:vdd!:616=   1.1972 
 +1:vdd!:617=   1.1972  1:vdd!:618=   1.1972  1:vdd!:619=   1.1972 
 +1:vdd!:62 =   1.1985  1:vdd!:620=   1.1972  1:vdd!:621=   1.1972 
 +1:vdd!:622=   1.1954  1:vdd!:623=   1.1954  1:vdd!:624=   1.1954 
 +1:vdd!:625=   1.1954  1:vdd!:626=   1.1954  1:vdd!:627=   1.1954 
 +1:vdd!:628=   1.1954  1:vdd!:629=   1.1954  1:vdd!:63 =   1.1985 
 +1:vdd!:630=   1.1954  1:vdd!:631=   1.1954  1:vdd!:632=   1.1954 
 +1:vdd!:633=   1.1971  1:vdd!:634=   1.1971  1:vdd!:635=   1.1971 
 +1:vdd!:636=   1.1971  1:vdd!:637=   1.1971  1:vdd!:638=   1.1971 
 +1:vdd!:639=   1.1971  1:vdd!:64 =   1.1985  1:vdd!:640=   1.1971 
 +1:vdd!:641=   1.1971  1:vdd!:642=   1.1971  1:vdd!:643=   1.1971 
 +1:vdd!:644=   1.1971  1:vdd!:645=   1.1955  1:vdd!:646=   1.1955 
 +1:vdd!:647=   1.1955  1:vdd!:648=   1.1955  1:vdd!:649=   1.1955 
 +1:vdd!:65 =   1.1985  1:vdd!:650=   1.1955  1:vdd!:651=   1.1955 
 +1:vdd!:652=   1.1955  1:vdd!:653=   1.1955  1:vdd!:654=   1.1955 
 +1:vdd!:655=   1.1955  1:vdd!:656=   1.1970  1:vdd!:657=   1.1970 
 +1:vdd!:658=   1.1970  1:vdd!:659=   1.1971  1:vdd!:66 =   1.1985 
 +1:vdd!:660=   1.1956  1:vdd!:661=   1.1956  1:vdd!:662=   1.1956 
 +1:vdd!:663=   1.1971  1:vdd!:664=   1.1956  1:vdd!:665=   1.1985 
 +1:vdd!:666=   1.1985  1:vdd!:667=   1.1985  1:vdd!:668=   1.1985 
 +1:vdd!:669=   1.1985  1:vdd!:67 =   1.1985  1:vdd!:670=   1.1985 
 +1:vdd!:671=   1.1944  1:vdd!:672=   1.1944  1:vdd!:673=   1.1944 
 +1:vdd!:674=   1.1944  1:vdd!:675=   1.1944  1:vdd!:676=   1.1944 
 +1:vdd!:677=   1.1944  1:vdd!:678=   1.1985  1:vdd!:679=   1.1985 
 +1:vdd!:68 =   1.1944  1:vdd!:680=   1.1985  1:vdd!:681=   1.1985 
 +1:vdd!:682=   1.1985  1:vdd!:683=   1.1944  1:vdd!:684=   1.1944 
 +1:vdd!:685=   1.1944  1:vdd!:686=   1.1944  1:vdd!:687=   1.1944 
 +1:vdd!:688=   1.1944  1:vdd!:689=   1.1985  1:vdd!:69 =   1.1944 
 +1:vdd!:690=   1.1985  1:vdd!:691=   1.1985  1:vdd!:692=   1.1985 
 +1:vdd!:693=   1.1985  1:vdd!:694=   1.1985  1:vdd!:695=   1.1944 
 +1:vdd!:696=   1.1944  1:vdd!:697=   1.1944  1:vdd!:698=   1.1944 
 +1:vdd!:699=   1.1944  1:vdd!:7  =   1.1985  1:vdd!:70 =   1.1944 
 +1:vdd!:700=   1.1985  1:vdd!:701=   1.1985  1:vdd!:702=   1.1985 
 +1:vdd!:703=   1.1985  1:vdd!:704=   1.1985  1:vdd!:705=   1.1985 
 +1:vdd!:706=   1.1944  1:vdd!:707=   1.1944  1:vdd!:708=   1.1944 
 +1:vdd!:709=   1.1944  1:vdd!:71 =   1.1944  1:vdd!:710=   1.1944 
 +1:vdd!:711=   1.1944  1:vdd!:712=   1.1985  1:vdd!:713=   1.1985 
 +1:vdd!:714=   1.1985  1:vdd!:715=   1.1985  1:vdd!:716=   1.1985 
 +1:vdd!:717=   1.1985  1:vdd!:718=   1.1985  1:vdd!:719=   1.1985 
 +1:vdd!:72 =   1.1944  1:vdd!:720=   1.1944  1:vdd!:721=   1.1944 
 +1:vdd!:722=   1.1944  1:vdd!:723=   1.1944  1:vdd!:724=   1.1944 
 +1:vdd!:725=   1.1944  1:vdd!:726=   1.1985  1:vdd!:727=   1.1985 
 +1:vdd!:728=   1.1985  1:vdd!:729=   1.1985  1:vdd!:73 =   1.1944 
 +1:vdd!:730=   1.1985  1:vdd!:731=   1.1985  1:vdd!:732=   1.1944 
 +1:vdd!:733=   1.1944  1:vdd!:734=   1.1944  1:vdd!:735=   1.1944 
 +1:vdd!:736=   1.1944  1:vdd!:737=   1.1985  1:vdd!:738=   1.1985 
 +1:vdd!:739=   1.1985  1:vdd!:74 =   1.1944  1:vdd!:740=   1.1985 
 +1:vdd!:741=   1.1985  1:vdd!:742=   1.1985  1:vdd!:743=   1.1944 
 +1:vdd!:744=   1.1944  1:vdd!:745=   1.1944  1:vdd!:746=   1.1944 
 +1:vdd!:747=   1.1944  1:vdd!:748=   1.1988  1:vdd!:749=   1.1988 
 +1:vdd!:75 =   1.1944  1:vdd!:750=   1.1988  1:vdd!:751=   1.1985 
 +1:vdd!:752=   1.1989  1:vdd!:753=   1.1989  1:vdd!:754=   1.1944 
 +1:vdd!:755=   1.1944  1:vdd!:756=   1.1944  1:vdd!:757=   1.1944 
 +1:vdd!:758=   1.1944  1:vdd!:759=   1.1944  1:vdd!:76 =   1.1944 
 +1:vdd!:760=   1.1984  1:vdd!:761=   1.1984  1:vdd!:762=   1.1984 
 +1:vdd!:763=   1.1984  1:vdd!:764=   1.1984  1:vdd!:765=   1.1984 
 +1:vdd!:766=   1.1944  1:vdd!:767=   1.1944  1:vdd!:768=   1.1944 
 +1:vdd!:769=   1.1944  1:vdd!:77 =   1.1944  1:vdd!:770=   1.1944 
 +1:vdd!:771=   1.1944  1:vdd!:772=   1.1984  1:vdd!:773=   1.1984 
 +1:vdd!:774=   1.1984  1:vdd!:775=   1.1984  1:vdd!:776=   1.1984 
 +1:vdd!:777=   1.1984  1:vdd!:778=   1.1944  1:vdd!:779=   1.1944 
 +1:vdd!:78 =   1.1944  1:vdd!:780=   1.1944  1:vdd!:781=   1.1944 
 +1:vdd!:782=   1.1944  1:vdd!:783=   1.1944  1:vdd!:784=   1.1983 
 +1:vdd!:785=   1.1983  1:vdd!:786=   1.1983  1:vdd!:787=   1.1983 
 +1:vdd!:788=   1.1983  1:vdd!:789=   1.1983  1:vdd!:79 =   1.1985 
 +1:vdd!:790=   1.1944  1:vdd!:791=   1.1944  1:vdd!:792=   1.1944 
 +1:vdd!:793=   1.1944  1:vdd!:794=   1.1944  1:vdd!:795=   1.1982 
 +1:vdd!:796=   1.1982  1:vdd!:797=   1.1982  1:vdd!:798=   1.1982 
 +1:vdd!:799=   1.1982  1:vdd!:8  =   1.1985  1:vdd!:80 =   1.1985 
 +1:vdd!:800=   1.1982  1:vdd!:801=   1.1941  1:vdd!:802=   1.1940 
 +1:vdd!:803=   1.1944  1:vdd!:804=   1.1941  1:vdd!:805=   1.1941 
 +1:vdd!:806=   1.1982  1:vdd!:807=   1.1982  1:vdd!:808=   1.1982 
 +1:vdd!:809=   1.1982  1:vdd!:81 =   1.1985  1:vdd!:810=   1.1982 
 +1:vdd!:811=   1.1945  1:vdd!:812=   1.1945  1:vdd!:813=   1.1945 
 +1:vdd!:814=   1.1945  1:vdd!:815=   1.1945  1:vdd!:816=   1.1981 
 +1:vdd!:817=   1.1981  1:vdd!:818=   1.1981  1:vdd!:819=   1.1981 
 +1:vdd!:82 =   1.1985  1:vdd!:820=   1.1981  1:vdd!:821=   1.1945 
 +1:vdd!:822=   1.1945  1:vdd!:823=   1.1945  1:vdd!:824=   1.1945 
 +1:vdd!:825=   1.1945  1:vdd!:826=   1.1980  1:vdd!:827=   1.1980 
 +1:vdd!:828=   1.1980  1:vdd!:829=   1.1980  1:vdd!:83 =   1.1985 
 +1:vdd!:830=   1.1980  1:vdd!:831=   1.1946  1:vdd!:832=   1.1946 
 +1:vdd!:833=   1.1946  1:vdd!:834=   1.1946  1:vdd!:835=   1.1946 
 +1:vdd!:836=   1.1980  1:vdd!:837=   1.1980  1:vdd!:838=   1.1980 
 +1:vdd!:839=   1.1980  1:vdd!:84 =   1.1985  1:vdd!:840=   1.1947 
 +1:vdd!:841=   1.1947  1:vdd!:842=   1.1947  1:vdd!:843=   1.1947 
 +1:vdd!:844=   1.1947  1:vdd!:845=   1.1947  1:vdd!:846=   1.1979 
 +1:vdd!:847=   1.1979  1:vdd!:848=   1.1979  1:vdd!:849=   1.1979 
 +1:vdd!:85 =   1.1985  1:vdd!:850=   1.1948  1:vdd!:851=   1.1948 
 +1:vdd!:852=   1.1948  1:vdd!:853=   1.1948  1:vdd!:854=   1.1948 
 +1:vdd!:855=   1.1948  1:vdd!:856=   1.1977  1:vdd!:857=   1.1977 
 +1:vdd!:858=   1.1977  1:vdd!:859=   1.1977  1:vdd!:86 =   1.1985 
 +1:vdd!:860=   1.1949  1:vdd!:861=   1.1949  1:vdd!:862=   1.1949 
 +1:vdd!:863=   1.1949  1:vdd!:864=   1.1949  1:vdd!:865=   1.1949 
 +1:vdd!:866=   1.1976  1:vdd!:867=   1.1976  1:vdd!:868=   1.1976 
 +1:vdd!:869=   1.1976  1:vdd!:87 =   1.1985  1:vdd!:870=   1.1950 
 +1:vdd!:871=   1.1950  1:vdd!:872=   1.1950  1:vdd!:873=   1.1950 
 +1:vdd!:874=   1.1950  1:vdd!:875=   1.1950  1:vdd!:876=   1.1976 
 +1:vdd!:877=   1.1976  1:vdd!:878=   1.1976  1:vdd!:879=   1.1976 
 +1:vdd!:88 =   1.1985  1:vdd!:880=   1.1976  1:vdd!:881=   1.1951 
 +1:vdd!:882=   1.1951  1:vdd!:883=   1.1951  1:vdd!:884=   1.1951 
 +1:vdd!:885=   1.1951  1:vdd!:886=   1.1975  1:vdd!:887=   1.1975 
 +1:vdd!:888=   1.1975  1:vdd!:889=   1.1975  1:vdd!:89 =   1.1985 
 +1:vdd!:890=   1.1975  1:vdd!:891=   1.1951  1:vdd!:892=   1.1951 
 +1:vdd!:893=   1.1951  1:vdd!:894=   1.1951  1:vdd!:895=   1.1951 
 +1:vdd!:896=   1.1951  1:vdd!:897=   1.1975  1:vdd!:898=   1.1975 
 +1:vdd!:899=   1.1975  1:vdd!:9  =   1.1985  1:vdd!:90 =   1.1985 
 +1:vdd!:900=   1.1975  1:vdd!:901=   1.1975  1:vdd!:902=   1.1952 
 +1:vdd!:903=   1.1952  1:vdd!:904=   1.1952  1:vdd!:905=   1.1952 
 +1:vdd!:906=   1.1952  1:vdd!:907=   1.1974  1:vdd!:908=   1.1974 
 +1:vdd!:909=   1.1974  1:vdd!:91 =   1.1944  1:vdd!:910=   1.1974 
 +1:vdd!:911=   1.1974  1:vdd!:912=   1.1953  1:vdd!:913=   1.1953 
 +1:vdd!:914=   1.1953  1:vdd!:915=   1.1953  1:vdd!:916=   1.1953 
 +1:vdd!:917=   1.1953  1:vdd!:918=   1.1973  1:vdd!:919=   1.1973 
 +1:vdd!:92 =   1.1944  1:vdd!:920=   1.1973  1:vdd!:921=   1.1973 
 +1:vdd!:922=   1.1973  1:vdd!:923=   1.1973  1:vdd!:924=   1.1953 
 +1:vdd!:925=   1.1953  1:vdd!:926=   1.1953  1:vdd!:927=   1.1953 
 +1:vdd!:928=   1.1953  1:vdd!:929=   1.1973  1:vdd!:93 =   1.1944 
 +1:vdd!:930=   1.1973  1:vdd!:931=   1.1973  1:vdd!:932=   1.1973 
 +1:vdd!:933=   1.1973  1:vdd!:934=   1.1954  1:vdd!:935=   1.1954 
 +1:vdd!:936=   1.1954  1:vdd!:937=   1.1954  1:vdd!:938=   1.1954 
 +1:vdd!:939=   1.1954  1:vdd!:94 =   1.1944  1:vdd!:940=   1.1972 
 +1:vdd!:941=   1.1972  1:vdd!:942=   1.1972  1:vdd!:943=   1.1972 
 +1:vdd!:944=   1.1972  1:vdd!:945=   1.1954  1:vdd!:946=   1.1954 
 +1:vdd!:947=   1.1954  1:vdd!:948=   1.1954  1:vdd!:949=   1.1954 
 +1:vdd!:95 =   1.1944  1:vdd!:950=   1.1971  1:vdd!:951=   1.1971 
 +1:vdd!:952=   1.1971  1:vdd!:953=   1.1971  1:vdd!:954=   1.1971 
 +1:vdd!:955=   1.1955  1:vdd!:956=   1.1955  1:vdd!:957=   1.1955 
 +1:vdd!:958=   1.1955  1:vdd!:959=   1.1955  1:vdd!:96 =   1.1944 
 +1:vdd!:960=   1.1955  1:vdd!:961=   1.1985  1:vdd!:962=   1.1989 
 +1:vdd!:963=   1.1944  1:vdd!:964=   1.1984  1:vdd!:965=   1.1944 
 +1:vdd!:966=   1.1985  1:vdd!:967=   1.1944  1:vdd!:968=   1.1944 
 +1:vdd!:969=   1.1944  1:vdd!:97 =   1.1944  1:vdd!:970=   1.1944 
 +1:vdd!:971=   1.1940  1:vdd!:972=   1.1945  1:vdd!:973=   1.1945 
 +1:vdd!:974=   1.1975  1:vdd!:975=   1.1952  1:vdd!:976=   1.1953 
 +1:vdd!:977=   1.1954  1:vdd!:978=   1.1982  1:vdd!:979=   1.1980 
 +1:vdd!:98 =   1.1944  1:vdd!:980=   1.1981  1:vdd!:981=   1.1980 
 +1:vdd!:982=   1.1946  1:vdd!:983=   1.1951  1:vdd!:984=   1.1976 
 +1:vdd!:985=   1.1974  1:vdd!:986=   1.1975  1:vdd!:987=   1.1976 
 +1:vdd!:988=   1.1977  1:vdd!:989=   1.1979  1:vdd!:99 =   1.1944 
 +1:vdd!:990=   1.1971  1:vdd!:991=   1.1944  1:vdd!:992=   1.1985 
 +1:vdd!:993=   1.1944  1:vdd!:994=   1.1985  1:vdd!:995=   1.1944 
 +1:vdd!:996=   1.1985  1:vdd!:997=   1.1944  1:vdd!:998=   1.1985 
 +1:vdd!:999=   1.1944  1:xi1|xi0|= 884.4499m 1:xi1|xi0|= 884.4499m
 +1:xi1|xi0|= 884.4499m 1:xi0|xi0|= 891.8465m 1:xi0|xi0|= 891.8465m
 +1:xi1|ln_i=   0.      1:xi0|xi0|= 891.8465m 1:xi0|xi0|= 891.8465m
 +1:xi0|xi0|= 891.8465m 1:xi0|xi0|= 891.8465m 1:xi0|xi0|= 891.8465m
 +1:xi0|xi0|= 891.8465m 1:xi0|xi0|= 891.8465m 1:xi0|xi0|= 891.8465m
 +1:xi0|xi0|= 891.8465m 1:xi0|xi0|= 891.8465m 1:xi1|ln_i=   0.     
 +1:xi0|xi0|= 891.8465m 1:xi0|xi0|= 891.8465m 1:xi0|xi0|= 891.8465m
 +1:xi0|xi0|= 891.8465m 1:xi0|xi0|= 891.8465m 1:xi0|xi0|= 891.8465m
 +1:xi0|xi0|= 891.8465m 1:xi0|xi0|= 891.8465m 1:xi1|ln_i=   0.     
 +1:xi1|ln_i=   0.      1:xi1|ln_i=   0.      1:xi1|ln_i=   0.     
 +1:xi1|ln_i=   0.      1:xi1|ln_i=   0.      1:xi1|ln_i=   0.     
 +1:xi1|ln_i=   0.      1:xi1|ln_i=   0.      1:xi0|ln_i=   0.     
 +1:xi0|ln_i=   0.      1:xi0|ln_i=   0.      1:xi0|ln_i=   0.     
 +1:xi1|ln_i=   0.      1:xi0|ln_i=   0.      1:xi0|ln_i=   0.     
 +1:xi0|ln_i=   0.      1:xi0|ln_i=   0.      1:xi1|ln_i=   0.     
 +1:xi1|ln_i=   0.      1:xi1|ln_i=   0.      1:xi1|ln_i=   0.     
 +1:xi1|ln_i=   0.      1:xi1|ln_i=   0.      1:xi1|ln_i=   0.     
 +1:xi1|ln_i=   0.      1:xi1|ln_i=   0.      1:xi0|ln_i=   0.     
 +1:xi0|ln_i=   0.      1:xi0|ln_i=   0.      1:xi0|ln_i=   0.     
 +1:xi0|ln_i=   0.      1:xi0|ln_i=   0.      1:xi0|ln_i=   0.     
 +1:xi0|ln_i=   0.      1:xi0|ln_i=   0.      1:xi1|ln_i=   0.     
 +1:xi1|ln_i=   0.      1:xi1|ln_i=   0.      1:xi1|ln_i=   0.     
 +1:xi0|ln_i=   0.      1:xi0|ln_i=   0.      1:xi0|ln_i=   0.     
 +1:xi0|ln_i=   0.      1:xi1|ln_i=   0.      1:xi1|ln_i=   0.     
 +1:xi0|ln_i=   0.      1:xi1|ln_i=   0.      1:xi1|ln_i=   0.     
 +1:xi0|ln_i=   0.      1:xi0|ln_i=   0.      1:xi0|ln_i=   0.     
 +1:xi0|ln_i=   0.      1:xi1|ln_i=   0.      1:xi1|ln_i=   0.     
 +1:xi1|ln_i=   0.      1:xi1|ln_i=   0.      1:xi1|ln_i=   0.     
 +1:xi0|ln_i=   0.      1:xi0|ln_i=   0.      1:xi0|ln_i=   0.     
 +1:xi0|ln_i=   0.      1:xi1|ln_i=   0.      1:xi1|ln_i=   0.     
 +1:xi1|ln_i=   0.      1:xi1|ln_i=   0.      1:xi1|ln_i=   0.     
 +1:xi0|ln_i=   0.      1:xi1|ln_i=   0.      1:xi0|ln_i=   0.     
 +1:xi0|ln_i=   0.      1:xi0|ln_i=   0.      1:xi0|ln_i=   0.     
 +1:xi0|ln_i=   0.      1:xi0|ln_i=   0.      1:xi0|ln_i=   0.     
 +1:xi0|ln_i=   0.      1:xi1|ln_i=   0.      1:xi1|ln_i=   0.     
 +1:xi1|ln_i=   0.      1:xi1|ln_i=   0.      1:xi1|ln_i=   0.     
 +1:xi0|ln_i=   0.      1:xi0|ln_i=   0.      1:xi0|ln_i=   0.     
 +1:xi0|ln_i=   0.      1:xi1|ln_i=   0.      1:xi1|ln_i=   0.     
 +1:xi1|ln_i=   0.      1:xi1|ln_i=   0.      1:xi1|ln_i=   0.     
 +1:xi1|ln_i=   0.      1:xi1|ln_i=   0.      1:xi1|ln_i=   0.     
 +1:xi1|ln_i=   0.      1:xi0|ln_i=   0.      1:xi0|ln_i=   0.     
 +1:xi0|ln_i=   0.      1:xi0|ln_i=   0.      1:xi1|ln_i=   0.     
 +1:xi1|ln_i=   0.      1:xi1|ln_i=   0.      1:xi1|ln_i=   0.     
 +1:xi1|ln_i=   0.      1:xi1|ln_i=   0.      1:xi0|ln_i=   0.     
 +1:xi0|ln_i=   0.      1:xi0|ln_i=   0.      1:xi0|ln_i=   0.     
 +1:xi0|ln_i=   0.      1:xi0|xi0|=  51.5142u 1:xi1|xi0|=  51.5140u
 +1:xi0|ln_i=   0.      1:xi0|xi0|=  53.0516u 1:xi1|xi0|=  54.2072u
 +1:xi0|xi0|=  55.9222u 1:xi1|xi0|=  55.9184u 1:xi0|xi0|=  55.6608u
 +1:xi1|xi0|=  55.6558u 1:xi0|xi0|=  56.4995u 1:xi1|xi0|=  56.4969u
 +1:xi0|xi0|=  58.6338u 1:xi1|xi0|=  58.6284u 1:xi0|ln_i=   0.     
 +1:xi0|xi0|=  57.9787u 1:xi1|xi0|=  57.9831u 1:xi0|xi0|=  59.1950u
 +1:xi1|xi0|=  59.1973u 1:xi0|xi0|=  59.0659u 1:xi1|xi0|=  59.0658u
 +1:xi0|xi0|=  62.2387u 1:xi1|xi0|=  62.2316u 1:xi0|xi0|=  60.4620u
 +1:xi1|xi0|=  60.4639u 1:xi0|ln_i=   0.      1:xi0|xi0|=   0.     
 +1:xi1|xi0|=  51.0237u 1:xi1|xi3|=   6.5485u 1:xi0|xi0|=  10.6827u
 +1:xi0|xi0|=  10.9127u 1:xi0|xi2|=   9.1501u 1:xi0|xi0|=  12.0741u
 +1:xi0|xi0|=  10.0161u 1:xi0|xi0|=  10.6827u 1:xi1|xi0|=   1.0180 
 +1:xi0|ln_i=   0.      1:xi1|xi0|=   1.0167  1:xi1|xi2|=   1.0144 
 +1:xi1|xi0|=   1.0152  1:xi1|xi0|=   1.0152  1:xi1|xi0|=   1.0180 
 +1:xi0|xi3|=   1.1985  1:xi0|xi0|=   1.1984  1:xi1|xi0|=   1.1944 
 +1:xi0|xi0|=   1.1983  1:xi1|xi0|=   1.1944  1:xi0|ln_i=   0.     
 +1:xi0|xi0|=   1.1982  1:xi1|xi0|=   1.1930  1:xi0|xi0|=   1.1982 
 +1:xi1|xi0|=   1.1945  1:xi0|xi0|=   1.1981  1:xi1|xi0|=   1.1945 
 +1:xi0|xi0|=   1.1980  1:xi1|xi0|=   1.1946  1:xi0|xi0|=   1.1980 
 +1:xi1|xi0|=   1.1947  1:xi1|ln_i=   0.      1:xi0|xi0|=   1.1979 
 +1:xi1|xi0|=   1.1948  1:xi0|xi0|=   1.1977  1:xi1|xi0|=   1.1949 
 +1:xi0|xi0|=   1.1976  1:xi1|xi0|=   1.1950  1:xi0|xi0|=   1.1976 
 +1:xi1|xi0|=   1.1951  1:xi0|xi0|=   1.1975  1:xi1|xi0|=   1.1951 
 +1:xi1|ln_i=   0.      1:xi0|xi0|=   1.1975  1:xi1|xi0|=   1.1952 
 +1:xi0|xi0|=   1.1974  1:xi1|xi0|=   1.1953  1:xi0|xi0|=   1.1973 
 +1:xi1|xi0|=   1.1953  1:xi0|xi0|=   1.1973  1:xi1|xi0|=   1.1954 
 +1:xi0|xi0|=   1.1972  1:xi1|xi0|=   1.1954  1:xi1|ln_i=   0.     
 +1:xi0|xi0|=   1.1971  1:xi1|xi0|=   1.1955  1:xi0|xi0|=   1.2000 
 +1:xi1|xi0|=   1.1944  1:xi0|xi0|=   1.1984  1:xi1|xi0|=   1.1944 
 +1:xi0|xi0|=   2.4904u 1:xi0|xi0|=   7.8039u 1:xi1|xi0|=   9.7796u
 +1:xi1|xi0|=  14.7275u 1:xi1|ln_i=   0.      1:xi1|xi2|= 358.1676m
 +1:xi0|xi2|= 358.1676m 1:xi1|xi2|= 358.1676m 1:xi0|xi2|= 358.1676m
 +1:xi1|xi3|= 358.1676m 1:xi0|xi3|= 358.1676m 1:xi1|xi3|= 358.1676m
 +1:xi0|xi3|= 358.1676m 1:xi1|xi1|= 358.1676m 1:xi0|xi1|= 358.1676m
 +1:xi1|ln_i=   0.      1:xi1|xi1|= 358.1676m 1:xi0|xi1|= 358.1676m
 +1:xi1|xi0|= 358.1676m 1:xi0|xi0|= 358.1676m 1:xi1|xi0|= 358.1676m
 +1:xi0|xi0|= 358.1676m 1:xi1|xi0|= 358.1676m 1:xi0|xi0|= 358.1676m
 +1:xi1|xi0|= 358.1676m 1:xi0|xi0|= 358.1676m 1:xi1|ln_i=   0.     
 +1:xi1|xi0|= 358.1676m 1:xi0|xi0|= 358.1676m 1:xi1|xi0|= 358.1676m
 +1:xi0|xi0|= 358.1676m 1:xi1|xi0|= 358.1676m 1:xi0|xi0|= 358.1676m
 +1:xi1|xi0|= 358.1676m 1:xi0|xi0|= 358.1676m 1:xi1|xi0|= 358.1676m
 +1:xi0|xi0|= 358.1676m 1:xi1|ln_i=   0.      1:xi1|xi0|= 358.1676m
 +1:xi0|xi0|= 358.1676m 1:xi1|xi0|= 358.1676m 1:xi0|xi0|= 358.1676m
 +1:xi1|xi0|= 358.1676m 1:xi0|xi0|= 358.1676m 1:xi1|xi0|= 358.1676m
 +1:xi0|xi0|= 358.1676m 1:xi1|xi0|= 358.1676m 1:xi0|xi0|= 358.1676m
 +1:xi1|ln_i=   0.      1:xi1|xi0|= 358.1676m 1:xi0|xi0|= 358.1676m
 +1:xi1|xi0|= 358.1676m 1:xi0|xi0|= 358.1676m 1:xi1|xi0|= 358.1676m
 +1:xi0|xi0|= 358.1676m 1:xi1|xi0|= 358.1676m 1:xi0|xi0|= 358.1676m
 +1:xi1|xi0|= 358.1676m 1:xi0|xi0|= 358.1676m 1:xi0|ln_i=   0.     
 +1:xi1|xi0|= 358.1676m 1:xi0|xi0|= 358.1676m 1:xi0|xi0|=   1.1982 
 +1:xi0|xi0|=   1.1982  1:xi0|xi0|=   1.1982  1:xi0|xi3|=   1.1981 
 +1:xi0|xi0|=   1.1982  1:xi0|xi0|=   1.1981  1:xi0|xi2|=   1.2968m
 +1:xi0|xi1|=   1.1984  1:xi0|ln_i=   0.      1:xi0|xi1|= 161.6100u
 +1:xi0|ln_i=   0.      1:xi0|ln_i=   0.      1:xi0|ln_i=   0.     
 +1:xi0|ln_i=   0.      1:xi0|ln_i=   0.      1:xi0|xi0|=  82.1902u
 +1:xi0|xi0|=  81.3306u 1:xi0|xi0|=  80.8402u 1:xi0|xi0|=  81.6261u
 +1:xi1|ln_i=   0.      1:xi0|xi0|=  81.2729u 1:xi0|xi0|=  81.2046u
 +1:xi0|xi0|=  81.2003u 1:xi0|xi0|=  81.2986u 1:xi0|xi0|=  81.2284u
 +1:xi0|xi0|=  81.2852u 1:xi0|xi0|=  81.2986u 1:xi0|xi0|=  83.3946u
 +1:xi0|xi0|=  81.5718u 1:xi0|xi0|=  83.3946u 1:xi1|ln_i=   0.     
 +1:xi0|xi0|=  83.3946u 1:xi0|xi0|=  81.7036u 1:xi0|xi0|=  81.7036u
 +1:xi0|xi0|=  81.7036u 1:xi0|xi0|=  81.2704u 1:xi0|xi0|=  81.2748u
 +1:xi0|xi0|=  81.2783u 1:xi0|xi0|=  81.2811u 1:xi0|xi0|=  81.2832u
 +1:xi0|xi0|=  81.2845u 1:xi1|ln_i=   0.      1:xi0|xi0|=  81.2852u
 +1:xi0|xi0|=  81.2431u 1:xi0|xi0|=  81.2516u 1:xi0|xi0|=  81.2589u
 +1:xi0|xi0|=  81.2651u 1:xi0|xi0|=  81.0083u 1:xi0|xi0|=  81.0107u
 +1:xi0|xi0|=  81.0157u 1:xi0|xi0|=  81.0233u 1:xi0|xi0|=  81.0337u
 +1:xi1|ln_i=   0.      1:xi0|xi0|=  81.5322u 1:xi0|xi0|=  81.2986u
 +1:xi0|xi0|=  81.5292u 1:xi0|xi0|=  81.2986u 1:xi0|xi0|=  81.2729u
 +1:xi0|xi0|=  81.0083u 1:xi0|xi0|=  81.2284u 1:xi0|xi0|=  81.2028u
 +1:xi0|xi0|= 266.4558u 1:xi0|xi0|= 266.4558u 1:xi1|ln_i=   0.     
 +1:xi0|xi0|= 266.4558u 1:xi0|xi0|= 266.4558u 1:xi0|xi0|= 266.4558u
 +1:xi0|xi0|= 266.4558u 1:xi0|xi0|= 266.4558u 1:xi0|xi0|= 266.4558u
 +1:xi0|xi0|= 266.4558u 1:xi0|xi0|= 266.4558u 1:xi0|xi0|= 266.4558u
 +1:xi0|xi0|= 266.4558u 1:xi0|ln_i=   0.      1:xi0|xi0|= 266.4558u
 +1:xi0|xi0|= 266.4558u 1:xi0|xi0|=   1.1976  1:xi0|xi0|=   1.1976 
 +1:xi0|xi0|=   1.1976  1:xi0|xi0|=   1.1976  1:xi0|xi0|=   1.1976 
 +1:xi0|xi0|=   1.1976  1:xi0|xi0|=   1.1976  1:xi0|xi0|=   1.1976 
 +1:xi0|ln_i=   0.      1:xi0|xi0|=  95.3259m 1:xi0|xi0|=  95.3259m
 +1:xi0|xi0|=  95.3259m 1:xi0|xi0|=  95.3259m 1:xi0|xi0|=  95.3259m
 +1:xi0|xi0|=  95.3259m 1:xi0|xi0|=  95.3259m 1:xi0|xi0|=  95.3259m
 +1:xi0|xi0|=  95.3259m 1:xi0|xi0|=  95.3259m 1:xi0|ln_i=   0.     
 +1:xi0|xi0|=  95.3259m 1:xi0|xi0|=  95.3259m 1:xi0|xi0|=  95.3259m
 +1:xi0|xi0|=  95.3259m 1:xi0|xi0|= 122.1360u 1:xi0|xi0|= 122.1360u
 +1:xi0|xi0|= 122.1360u 1:xi0|xi0|= 122.1360u 1:xi0|xi0|= 122.1360u
 +1:xi0|xi0|= 122.1360u 1:xi0|ln_i=   0.      1:xi0|xi0|= 122.1360u
 +1:xi0|xi0|= 122.1360u 1:xi0|xi0|= 122.1360u 1:xi0|xi0|= 122.1360u
 +1:xi0|xi0|= 122.1360u 1:xi0|xi0|= 122.1360u 1:xi0|xi0|= 122.1360u
 +1:xi0|xi0|= 122.1360u 1:xi0|xi0|= 164.9672u 1:xi0|xi0|= 165.6459u
 +1:xi0|ln_i=   0.      1:xi0|xi0|= 168.2359u 1:xi0|xi0|= 165.6825u
 +1:xi0|xi0|= 165.6459u 1:xi0|xi0|=  84.3694u 1:xi0|xi0|=  83.7727u
 +1:xi0|xi0|=  86.2636u 1:xi0|xi0|=  84.7482u 1:xi0|xi0|=  86.1710u
 +1:xi0|xi0|=  84.8509u 1:xi0|xi0|=  80.2646u 1:xi1|ln_i=   0.     
 +1:xi0|xi0|=  78.9032u 1:xi0|xi0|=  79.4054u 1:xi0|xi0|=  79.6990u
 +1:xi0|xi0|=  79.2758u 1:xi0|xi0|=  79.3700u 1:xi0|xi0|=  79.2714u
 +1:xi0|xi0|=  79.2996u 1:xi0|xi0|=  79.3443u 1:xi0|xi0|=  79.3700u
 +1:xi0|xi0|=  79.3587u 1:xi1|ln_i=   0.      1:xi0|xi0|=  81.4730u
 +1:xi0|xi0|=  81.4730u 1:xi0|xi0|=  81.4730u 1:xi0|xi0|=  79.6442u
 +1:xi0|xi0|=  79.7771u 1:xi0|xi0|=  79.7771u 1:xi0|xi0|=  79.7771u
 +1:xi0|xi0|=  79.0750u 1:xi0|xi0|=  79.0776u 1:xi0|xi0|=  79.0827u
 +1:xi0|ln_i=   0.      1:xi0|xi0|=  79.0905u 1:xi0|xi0|=  79.1010u
 +1:xi0|xi0|=  79.3380u 1:xi0|xi0|=  79.3435u 1:xi0|xi0|=  79.3480u
 +1:xi0|xi0|=  79.3516u 1:xi0|xi0|=  79.3545u 1:xi0|xi0|=  79.3566u
 +1:xi0|xi0|=  79.3580u 1:xi0|xi0|=  79.3587u 1:xi0|ln_i=   0.     
 +1:xi0|xi0|=  79.3154u 1:xi0|xi0|=  79.3241u 1:xi0|xi0|=  79.3316u
 +1:xi0|xi0|=  79.6045u 1:xi0|xi0|=  79.3700u 1:xi0|xi0|=  79.6014u
 +1:xi0|xi0|=  79.3700u 1:xi0|xi0|=  79.3443u 1:xi0|xi0|=  79.0750u
 +1:xi0|xi0|=  79.2996u 1:xi1|ln_i=   0.      1:xi0|xi0|=  79.2739u
 +1:xi0|xi0|=   1.1979  1:xi0|xi0|=   1.1979  1:xi0|xi0|=   1.1979 
 +1:xi0|xi0|=   1.1979  1:xi0|xi0|=   1.1979  1:xi0|xi0|=   1.1979 
 +1:xi0|xi0|=   1.1979  1:xi0|xi0|=   1.1979  1:xi0|xi0|=   1.1979 
 +1:xi1|ln_i=   0.      1:xi0|xi0|=   1.1979  1:xi0|xi0|=   1.1979 
 +1:xi0|xi0|=   1.1979  1:xi0|xi0|=   1.1979  1:xi0|xi0|=   1.1979 
 +1:xi0|xi0|=   1.1979  1:xi0|xi0|=   1.1979  1:xi0|xi0|=   1.1979 
 +1:xi0|xi0|=   1.1979  1:xi0|xi0|=   1.1979  1:xi1|ln_i=   0.     
 +1:xi0|xi0|=   1.1979  1:xi0|xi0|=   1.1979  1:xi0|xi0|=   1.1979 
 +1:xi0|xi0|=   1.1979  1:xi0|xi0|=   1.1979  1:xi0|xi0|=   1.1979 
 +1:xi0|xi0|=   1.1979  1:xi0|xi0|=   1.1979  1:xi0|xi0|=   1.1979 
 +1:xi0|xi0|=   1.1979  1:xi1|ln_i=   0.      1:xi0|xi0|=   1.1979 
 +1:xi0|xi0|=   1.1979  1:xi0|xi0|=   1.1979  1:xi0|xi0|=   1.1979 
 +1:xi0|xi0|=   1.1979  1:xi0|xi0|=   1.1979  1:xi0|xi0|=   1.1979 
 +1:xi0|xi0|=   1.1979  1:xi0|xi0|=   1.1979  1:xi0|xi0|=   1.1979 
 +1:xi1|ln_i=   0.      1:xi0|xi0|=   1.1979  1:xi0|xi0|=   1.1979 
 +1:xi0|xi0|= 974.7311m 1:xi0|xi0|= 974.7311m 1:xi0|xi0|= 974.7311m
 +1:xi0|xi0|= 974.7311m 1:xi0|xi0|= 974.7311m 1:xi0|xi0|= 974.7311m
 +1:xi0|xi0|= 974.7311m 1:xi0|xi0|= 974.7311m 1:xi0|ln_i=   0.     
 +1:xi0|xi0|= 974.7311m 1:xi0|xi0|= 974.7311m 1:xi0|xi0|= 974.7311m
 +1:xi0|xi0|= 974.7311m 1:xi0|xi0|= 974.7311m 1:xi0|xi0|= 974.7311m
 +1:xi0|xi0|= 123.1377u 1:xi0|xi0|= 123.1377u 1:xi0|xi0|= 123.1377u
 +1:xi0|xi0|= 123.1377u 1:xi0|ln_i=   0.      1:xi0|xi0|= 123.1377u
 +1:xi0|xi0|= 123.1377u 1:xi0|xi0|= 123.1377u 1:xi0|xi0|= 123.1377u
 +1:xi0|xi0|= 123.1377u 1:xi0|xi0|= 123.1377u 1:xi0|xi0|= 123.1377u
 +1:xi0|xi0|= 123.1377u 1:xi0|xi0|= 123.1377u 1:xi0|xi0|= 123.1377u
 +1:xi0|ln_i=   0.      1:xi0|xi0|=  42.4378u 1:xi0|xi0|=  42.4378u
 +1:xi0|xi0|=  42.4378u 1:xi0|xi0|=  42.4378u 1:xi0|xi0|=  42.4378u
 +1:xi0|xi0|=  42.4378u 1:xi0|xi0|=  42.4378u 1:xi0|xi0|=  42.4378u
 +1:xi0|xi0|=  42.4378u 1:xi0|xi0|=  42.4378u 1:xi0|ln_i=   0.     
 +1:xi0|xi0|=  42.4378u 1:xi0|xi0|=  42.4378u 1:xi0|xi0|=  42.4378u
 +1:xi0|xi0|=  42.4378u 1:xi0|ln_i=   0.      1:xi0|ln_i=   0.     
 +1:xi0|ln_i=   0.      1:xi0|ln_i=   0.      1:xi0|ln_i=   0.     
 +1:xi0|ln_i=   0.      1:xi0|ln_i=   0.      1:xi0|ln_i=   0.     
 +1:xi0|ln_i=   0.      1:xi0|ln_i=   0.      1:xi0|xi0|=   1.1983 
 +1:xi0|xi0|=   1.1983  1:xi0|xi0|=   1.1983  1:xi0|xi0|=   1.1983 
 +1:xi0|xi0|=   1.1983  1:xi0|xi0|=   1.1983  1:xi0|xi0|=   1.1983 
 +1:xi1|ln_i=   0.      1:xi0|xi0|=   1.1983  1:xi0|xi0|=   1.1983 
 +1:xi0|xi0|=   1.1983  1:xi0|xi0|=   1.1983  1:xi0|xi0|=   1.1983 
 +1:xi0|xi0|=   1.1983  1:xi0|xi0|=   1.1983  1:xi0|xi0|=   1.1983 
 +1:xi0|xi0|=   1.1983  1:xi0|xi0|=   1.1983  1:xi1|ln_i=   0.     
 +1:xi0|xi0|=   1.1983  1:xi0|xi0|=   1.1983  1:xi0|xi0|=   1.1983 
 +1:xi0|xi0|=   1.1983  1:xi0|xi0|=   1.1983  1:xi0|xi0|=   1.1983 
 +1:xi0|xi0|=   1.1983  1:xi0|xi0|=   1.1983  1:xi0|xi0|=   1.1983 
 +1:xi0|xi0|=   1.1983  1:xi1|ln_i=   0.      1:xi0|xi0|=   1.1983 
 +1:xi0|xi0|=   1.1983  1:xi0|xi0|=   1.1983  1:xi0|xi0|=   1.1983 
 +1:xi0|xi0|=   1.1983  1:xi0|xi0|=   1.1983  1:xi0|xi0|=   1.1983 
 +1:xi0|xi0|=   1.1983  1:xi0|xi0|=   1.1983  1:xi0|xi0|=   1.1983 
 +1:xi1|ln_i=   0.      1:xi0|xi0|=   1.1983  1:xi0|xi0|=   1.1983 
 +1:xi0|xi0|=   1.1983  1:xi0|xi0|=   1.1983  1:xi0|xi0|=   1.1983 
 +1:xi0|xi0|=   1.1983  1:xi0|xi0|=   1.1983  1:xi0|xi0|=   1.1983 
 +1:xi0|xi0|=   1.1983  1:xi0|xi0|=   1.1983  1:xi1|ln_i=   0.     
 +1:xi0|xi0|=   1.1983  1:xi0|xi0|=   1.1983  1:xi0|xi0|=  95.3674m
 +1:xi0|xi0|=  95.3674m 1:xi0|xi0|=  95.3674m 1:xi0|xi0|=  95.3674m
 +1:xi0|xi0|=  95.3674m 1:xi0|xi0|=  95.3674m 1:xi0|xi0|=  95.3674m
 +1:xi0|xi0|=  95.3674m 1:xi1|ln_i=   0.      1:xi0|xi0|=  95.3674m
 +1:xi0|xi0|=  95.3674m 1:xi0|xi0|=  95.3674m 1:xi0|xi0|=  95.3674m
 +1:xi0|xi0|=  95.3674m 1:xi0|xi0|=  95.3674m 1:xi0|xi0|= 204.5350u
 +1:xi0|xi0|= 204.5350u 1:xi0|xi0|= 204.5350u 1:xi0|xi0|= 204.5350u
 +1:xi1|ln_i=   0.      1:xi0|xi0|= 204.5350u 1:xi0|xi0|= 204.5350u
 +1:xi0|xi0|= 204.5350u 1:xi0|xi0|= 204.5350u 1:xi0|xi0|= 204.5350u
 +1:xi0|xi0|= 204.5350u 1:xi0|xi0|= 204.5350u 1:xi0|xi0|= 204.5350u
 +1:xi0|xi0|= 204.5350u 1:xi0|xi0|= 204.5350u 1:xi0|ln_i=   0.     
 +1:xi0|xi0|=   1.1971  1:xi0|xi0|=   1.1971  1:xi0|xi0|=   1.1971 
 +1:xi0|xi0|=   1.1971  1:xi0|xi0|=   1.1971  1:xi0|xi0|=   1.1971 
 +1:xi0|xi0|=   1.1971  1:xi0|xi0|=   1.1971  1:xi0|xi0|=   1.1971 
 +1:xi0|xi0|=   1.1971  1:xi0|ln_i=   0.      1:xi0|xi0|=   1.1971 
 +1:xi0|xi0|=   1.1971  1:xi0|xi0|=   1.1971  1:xi0|xi0|=   1.1971 
 +1:xi0|xi0|=   1.1971  1:xi0|xi0|=   1.1971  1:xi0|xi0|=   1.1971 
 +1:xi0|xi0|=   1.1971  1:xi0|xi0|=   1.1971  1:xi0|xi0|=   1.1971 
 +1:xi1|ln_i=   0.      1:xi0|xi0|=   1.1971  1:xi0|xi0|=   1.1971 
 +1:xi0|xi0|=   1.1971  1:xi0|xi0|=   1.1971  1:xi0|xi0|=   1.1971 
 +1:xi0|xi0|=   1.1971  1:xi0|xi0|=   1.1971  1:xi0|xi0|=   1.1971 
 +1:xi0|xi0|=   1.1971  1:xi0|xi0|=   1.1971  1:xi1|ln_i=   0.     
 +1:xi0|xi0|=   1.1971  1:xi0|xi0|=   1.1971  1:xi0|xi0|=   1.1971 
 +1:xi0|xi0|=   1.1971  1:xi0|xi0|=   1.1971  1:xi0|xi0|=   1.1971 
 +1:xi0|xi0|=   1.1971  1:xi0|xi0|=   1.1971  1:xi0|xi0|=   1.1971 
 +1:xi0|xi0|=   1.1971  1:xi1|ln_i=   0.      1:xi0|xi0|=   1.1971 
 +1:xi0|xi0|=   1.1971  1:xi0|xi0|=   1.1971  1:xi0|xi0|=   1.1971 
 +1:xi0|xi0|=   1.1971  1:xi0|xi0|=   1.1971  1:xi0|xi0|=   1.1971 
 +1:xi0|xi0|=   1.1971  1:xi0|xi0|=   1.1971  1:xi0|xi0|=   1.1974 
 +1:xi1|ln_i=   0.      1:xi0|xi0|=   1.1974  1:xi0|xi0|=   1.1974 
 +1:xi0|xi0|=   1.1974  1:xi0|xi0|=   1.1974  1:xi0|xi0|=   1.1974 
 +1:xi0|xi0|=   1.1974  1:xi0|xi0|=   1.1974  1:xi0|xi0|=   1.1974 
 +1:xi0|xi0|= 164.1707u 1:xi0|xi0|= 164.8548u 1:xi1|ln_i=   0.     
 +1:xi0|xi0|= 166.3494u 1:xi0|xi0|= 164.7766u 1:xi0|xi0|= 164.4983u
 +1:xi0|xi0|= 164.4559u 1:xi0|xi0|= 164.2942u 1:xi0|xi0|= 167.5541u
 +1:xi0|xi0|= 167.5541u 1:xi0|xi0|= 167.5541u 1:xi0|xi0|= 164.8545u
 +1:xi0|xi0|= 164.8545u 1:xi0|ln_i=   0.      1:xi0|xi0|= 164.8545u
 +1:xi0|xi0|= 164.2942u 1:xi0|xi0|= 164.2961u 1:xi0|xi0|= 164.2997u
 +1:xi0|xi0|= 164.3053u 1:xi0|xi0|= 164.3129u 1:xi0|xi0|= 164.3226u
 +1:xi0|xi0|= 164.3345u 1:xi0|xi0|= 164.3488u 1:xi0|xi0|= 164.3658u
 +1:xi0|ln_i=   0.      1:xi0|xi0|= 164.3856u 1:xi0|xi0|= 164.7338u
 +1:xi0|xi0|= 164.7426u 1:xi0|xi0|= 164.7498u 1:xi0|xi0|= 164.7554u
 +1:xi0|xi0|= 164.7595u 1:xi0|xi0|= 164.7622u 1:xi0|xi0|= 164.7636u
 +1:xi0|xi0|= 164.8548u 1:xi0|xi0|= 164.6790u 1:xi0|ln_i=   0.     
 +1:xi0|xi0|= 164.6960u 1:xi0|xi0|= 164.7107u 1:xi0|xi0|= 164.7232u
 +1:xi0|xi0|= 164.8114u 1:xi0|xi0|= 164.7516u 1:xi0|xi0|= 164.5174u
 +1:xi0|xi0|= 164.7481u 1:xi0|xi0|= 164.5174u 1:xi0|xi0|= 164.7636u
 +1:xi1|xi2|=   1.1943  1:xi0|ln_i=   0.      1:xi1|xi1|=   1.6930m
 +1:xi1|xi1|=   1.1944  1:xi1|xi0|=  82.6763u 1:xi1|xi0|=  81.3215u
 +1:xi1|xi0|=  81.8282u 1:xi1|xi0|=  82.1158u 1:xi1|xi0|=  81.7204u
 +1:xi1|xi0|=  81.7647u 1:xi1|xi0|=  81.6924u 1:xi1|xi0|=  81.6969u
 +1:xi0|ln_i=   0.      1:xi1|xi0|=  81.7902u 1:xi1|xi0|=  81.4946u
 +1:xi1|xi0|=  81.7902u 1:xi1|xi0|=  82.1930u 1:xi1|xi0|=  82.1930u
 +1:xi1|xi0|=  82.1930u 1:xi1|xi0|=  83.8733u 1:xi1|xi0|=  82.0618u
 +1:xi1|xi0|=  83.8733u 1:xi1|xi0|=  83.8733u 1:xi1|ln_i=   0.     
 +1:xi1|xi0|=  81.4946u 1:xi1|xi0|=  81.4972u 1:xi1|xi0|=  81.5024u
 +1:xi1|xi0|=  81.5102u 1:xi1|xi0|=  81.5208u 1:xi1|xi0|=  81.7809u
 +1:xi1|xi0|=  81.7802u 1:xi1|xi0|=  81.7788u 1:xi1|xi0|=  81.7767u
 +1:xi1|xi0|=  81.7737u 1:xi1|ln_i=   0.      1:xi1|xi0|=  81.7700u
 +1:xi1|xi0|=  81.7655u 1:xi1|xi0|=  81.7600u 1:xi1|xi0|=  81.7535u
 +1:xi1|xi0|=  81.7459u 1:xi1|xi0|=  81.7370u 1:xi1|xi0|=  82.0225u
 +1:xi1|xi0|=  81.7902u 1:xi1|xi0|=  82.0194u 1:xi1|xi0|=  81.7902u
 +1:xi1|ln_i=   0.      1:xi1|xi0|=  81.7647u 1:xi1|xi0|=  81.7809u
 +1:xi1|xi0|=  81.7204u 1:xi1|xi0|=  81.6950u 1:xi1|xi0|= 265.9113u
 +1:xi1|xi0|= 265.9113u 1:xi1|xi0|= 265.9113u 1:xi1|xi0|= 265.9113u
 +1:xi1|xi0|= 265.9113u 1:xi1|xi0|= 265.9113u 1:xi1|ln_i=   0.     
 +1:xi1|xi0|= 265.9113u 1:xi1|xi0|= 265.9113u 1:xi1|xi0|= 265.9113u
 +1:xi1|xi0|= 265.9113u 1:xi1|xi0|= 265.9113u 1:xi1|xi0|= 265.9113u
 +1:xi1|xi0|= 265.9113u 1:xi1|xi0|= 265.9113u 1:xi1|xi0|=   1.1947 
 +1:xi1|xi0|=   1.1947  1:xi1|ln_i=   0.      1:xi1|xi0|=   1.1947 
 +1:xi1|xi0|=   1.1947  1:xi1|xi0|=   1.1947  1:xi1|xi0|=   1.1947 
 +1:xi1|xi0|=   1.1947  1:xi1|xi0|=   1.1947  1:xi1|xi0|=  95.1974m
 +1:xi1|xi0|=  95.1974m 1:xi1|xi0|=  95.1974m 1:xi1|xi0|=  95.1974m
 +1:xi0|ln_i=   0.      1:xi1|xi0|=  95.1974m 1:xi1|xi0|=  95.1974m
 +1:xi1|xi0|=  95.1974m 1:xi1|xi0|=  95.1974m 1:xi1|xi0|=  95.1974m
 +1:xi1|xi0|=  95.1974m 1:xi1|xi0|=  95.1974m 1:xi1|xi0|=  95.1974m
 +1:xi1|xi0|=  95.1974m 1:xi1|xi0|=  95.1974m 1:xi0|ln_i=   0.     
 +1:xi1|xi0|= 122.5855u 1:xi1|xi0|= 122.5855u 1:xi1|xi0|= 122.5855u
 +1:xi1|xi0|= 122.5855u 1:xi1|xi0|= 122.5855u 1:xi1|xi0|= 122.5855u
 +1:xi1|xi0|= 122.5855u 1:xi1|xi0|= 122.5855u 1:xi1|xi0|= 122.5855u
 +1:xi1|xi0|= 122.5855u 1:xi0|ln_i=   0.      1:xi1|xi0|= 122.5855u
 +1:xi1|xi0|= 122.5855u 1:xi1|xi0|= 122.5855u 1:xi1|xi0|= 122.5855u
 +1:xi1|xi0|= 165.8531u 1:xi1|xi0|= 166.5461u 1:xi1|xi0|= 166.5850u
 +1:xi1|xi0|= 169.1216u 1:xi1|xi0|= 166.5461u 1:xi1|xi0|=  83.6650u
 +1:xi0|ln_i=   0.      1:xi1|xi0|=  84.2602u 1:xi1|xi0|=  84.6327u
 +1:xi1|xi0|=  86.1290u 1:xi1|xi0|=  84.7356u 1:xi1|xi0|=  86.0401u
 +1:xi1|xi0|=  78.5742u 1:xi1|xi0|=  79.0679u 1:xi1|xi0|=  79.3369u
 +1:xi1|xi0|=  79.8952u 1:xi1|xi0|=  78.9641u 1:xi0|ln_i=   0.     
 +1:xi1|xi0|=  78.9406u 1:xi1|xi0|=  78.9362u 1:xi1|xi0|=  79.0116u
 +1:xi1|xi0|=  78.9862u 1:xi1|xi0|=  79.0116u 1:xi1|xi0|=  78.7432u
 +1:xi1|xi0|=  79.4143u 1:xi1|xi0|=  79.4143u 1:xi1|xi0|=  79.4143u
 +1:xi1|xi0|=  81.0886u 1:xi1|ln_i=   0.      1:xi1|xi0|=  81.0886u
 +1:xi1|xi0|=  81.0886u 1:xi1|xi0|=  78.7687u 1:xi1|xi0|=  78.7583u
 +1:xi1|xi0|=  78.7507u 1:xi1|xi0|=  78.7457u 1:xi1|xi0|=  78.7432u
 +1:xi1|xi0|=  79.0220u 1:xi1|xi0|=  79.0213u 1:xi1|xi0|=  79.0199u
 +1:xi1|ln_i=   0.      1:xi1|xi0|=  79.0179u 1:xi1|xi0|=  79.0151u
 +1:xi1|xi0|=  79.0115u 1:xi1|xi0|=  79.0070u 1:xi1|xi0|=  79.0017u
 +1:xi1|xi0|=  78.9954u 1:xi1|xi0|=  78.9880u 1:xi1|xi0|=  78.9795u
 +1:xi1|xi0|=  79.2433u 1:xi1|xi0|=  79.2825u 1:xi1|ln_i=   0.     
 +1:xi1|xi0|=  78.9641u 1:xi1|xi0|=  78.9387u 1:xi1|xi0|=  78.9862u
 +1:xi1|xi0|=  79.0116u 1:xi1|xi0|=  79.2402u 1:xi1|xi0|=  79.0116u
 +1:xi1|xi0|=  79.0220u 1:xi1|xi0|=   1.1944  1:xi1|xi0|=   1.1944 
 +1:xi1|xi0|=   1.1944  1:xi1|ln_i=   0.      1:xi1|xi0|=   1.1944 
 +1:xi1|xi0|=   1.1944  1:xi1|xi0|=   1.1944  1:xi1|xi0|=   1.1944 
 +1:xi1|xi0|=   1.1944  1:xi1|xi0|=   1.1944  1:xi1|xi0|=   1.1944 
 +1:xi1|xi0|=   1.1944  1:xi1|xi0|=   1.1944  1:xi1|xi0|=   1.1944 
 +1:xi1|ln_i=   0.      1:xi1|xi0|=   1.1944  1:xi1|xi0|=   1.1944 
 +1:xi1|xi0|=   1.1944  1:xi1|xi0|=   1.1944  1:xi1|xi0|=   1.1944 
 +1:xi1|ln_i=   0.      1:xi1|xi0|=   1.1944  1:xi1|xi0|=   1.1944 
 +1:xi1|xi0|=   1.1944  1:xi1|xi0|=   1.1944  1:xi1|xi0|=   1.1944 
 +1:xi1|ln_i=   0.      1:xi1|xi0|=   1.1944  1:xi1|xi0|=   1.1944 
 +1:xi1|xi0|=   1.1944  1:xi1|xi0|=   1.1944  1:xi1|xi0|=   1.1944 
 +1:xi1|xi0|=   1.1944  1:xi1|xi0|=   1.1944  1:xi1|xi0|=   1.1944 
 +1:xi1|xi0|=   1.1944  1:xi1|xi0|=   1.1944  1:xi1|ln_i=   0.     
 +1:xi1|xi0|=   1.1944  1:xi1|xi0|=   1.1944  1:xi1|xi0|=   1.1944 
 +1:xi1|xi0|=   1.1944  1:xi1|xi0|=   1.1944  1:xi1|xi0|=   1.1944 
 +1:xi1|xi0|=   1.1944  1:xi1|xi0|=   1.1944  1:xi1|xi0|= 972.7180m
 +1:xi1|xi0|= 972.7180m 1:xi1|ln_i=   0.      1:xi1|xi0|= 972.7180m
 +1:xi1|xi0|= 972.7180m 1:xi1|xi0|= 972.7180m 1:xi1|xi0|= 972.7180m
 +1:xi1|xi0|= 972.7180m 1:xi1|xi0|= 972.7180m 1:xi1|xi0|= 972.7180m
 +1:xi1|xi0|= 972.7180m 1:xi1|xi0|= 972.7180m 1:xi1|xi0|= 972.7180m
 +1:xi1|ln_i=   0.      1:xi1|xi0|= 972.7180m 1:xi1|xi0|= 972.7180m
 +1:xi1|xi0|= 123.4940u 1:xi1|xi0|= 123.4940u 1:xi1|xi0|= 123.4940u
 +1:xi1|xi0|= 123.4940u 1:xi1|xi0|= 123.4940u 1:xi1|xi0|= 123.4940u
 +1:xi1|xi0|= 123.4940u 1:xi1|xi0|= 123.4940u 1:xi1|ln_i=   0.     
 +1:xi1|xi0|= 123.4940u 1:xi1|xi0|= 123.4940u 1:xi1|xi0|= 123.4940u
 +1:xi1|xi0|= 123.4940u 1:xi1|xi0|= 123.4940u 1:xi1|xi0|= 123.4940u
 +1:xi1|xi0|= 947.8839m 1:xi1|xi0|= 947.8839m 1:xi1|xi0|= 947.8839m
 +1:xi1|xi0|= 947.8839m 1:xi1|ln_i=   0.      1:xi1|xi0|= 947.8839m
 +1:xi1|xi0|= 947.8839m 1:xi1|xi0|= 947.8839m 1:xi1|xi0|= 947.8839m
 +1:xi1|xi0|= 947.8839m 1:xi1|xi0|= 947.8839m 1:xi1|xi0|= 947.8839m
 +1:xi1|xi0|= 947.8839m 1:xi1|xi0|= 947.8839m 1:xi1|xi0|= 947.8839m
 +1:xi0|ln_i=   0.      1:xi1|xi0|=   1.6386m 1:xi1|xi0|=   1.6560m
 +1:xi1|xi0|=   1.6560m 1:xi1|xi3|=   1.6473m 1:xi1|xi0|=   1.6473m
 +1:xi1|xi0|=   1.6493m 1:xi1|xi0|=   1.1944  1:xi1|xi0|=   1.1944 
 +1:xi1|xi0|=   1.1944  1:xi1|xi0|=   1.1944  1:xi0|ln_i=   0.     
 +1:xi1|xi0|=   1.1944  1:xi1|xi0|=   1.1944  1:xi1|xi0|=   1.1944 
 +1:xi1|xi0|=   1.1944  1:xi1|xi0|=   1.1944  1:xi1|xi0|=   1.1944 
 +1:xi1|xi0|=   1.1944  1:xi1|xi0|=   1.1944  1:xi1|xi0|=   1.1944 
 +1:xi1|xi0|=   1.1944  1:xi0|ln_i=   0.      1:xi1|xi0|=   1.1944 
 +1:xi1|xi0|=   1.1944  1:xi1|xi0|=   1.1944  1:xi1|xi0|=   1.1944 
 +1:xi1|xi0|=   1.1944  1:xi1|xi0|=   1.1944  1:xi1|xi0|=   1.1944 
 +1:xi1|xi0|=   1.1944  1:xi1|xi0|=   1.1944  1:xi1|xi0|=   1.1944 
 +1:xi0|ln_i=   0.      1:xi1|xi0|=   1.1944  1:xi1|xi0|=   1.1944 
 +1:xi1|xi0|=   1.1944  1:xi1|xi0|=   1.1944  1:xi1|xi0|=   1.1944 
 +1:xi1|ln_i=   0.      1:xi1|xi0|=   1.1944  1:xi1|xi0|=   1.1944 
 +1:xi1|xi0|=   1.1944  1:xi1|xi0|=   1.1944  1:xi1|xi0|=   1.1944 
 +1:xi0|ln_i=   0.      1:xi1|xi0|=   1.1944  1:xi1|xi0|=   1.1944 
 +1:xi1|xi0|=   1.1944  1:xi1|xi0|=   1.1944  1:xi1|xi0|=   1.1944 
 +1:xi1|xi0|=   1.1944  1:xi1|xi0|=   1.1944  1:xi1|xi0|=   1.1944 
 +1:xi1|xi0|=   1.1944  1:xi1|xi0|=   1.1944  1:xi1|ln_i=   0.     
 +1:xi1|xi0|=   1.1944  1:xi1|xi0|=   1.1944  1:xi1|xi0|=   1.1944 
 +1:xi1|xi0|=   1.1944  1:xi1|xi0|=   1.1944  1:xi1|ln_i=   0.     
 +1:xi1|ln_i=   0.      1:xi1|ln_i=   0.      1:xi1|ln_i=   0.     
 +1:xi1|ln_i=   0.      1:xi1|ln_i=   0.      1:xi0|ln_i=   0.     
 +1:xi0|ln_i=   0.      1:xi0|ln_i=   0.      1:xi0|ln_i=   0.     
 +1:xi0|ln_i=   0.      1:xi0|ln_i=   0.      1:xi0|ln_i=   0.     
 +1:xi0|ln_i=   0.      1:xi0|ln_i=   0.      1:xi0|ln_i=   0.     
 +1:xi1|ln_i=   0.      1:xi1|xi0|=  95.1392m 1:xi1|xi0|=  95.1392m
 +1:xi1|xi0|=  95.1392m 1:xi1|xi0|=  95.1392m 1:xi1|xi0|=  95.1392m
 +1:xi1|xi0|=  95.1392m 1:xi1|xi0|=  95.1392m 1:xi1|xi0|=  95.1392m
 +1:xi1|xi0|=  95.1392m 1:xi1|xi0|=  95.1392m 1:xi1|ln_i=   0.     
 +1:xi1|xi0|=  95.1392m 1:xi1|xi0|=  95.1392m 1:xi1|xi0|=  95.1392m
 +1:xi1|xi0|=  95.1392m 1:xi1|xi0|= 823.7212u 1:xi1|xi0|= 823.7212u
 +1:xi1|xi0|= 823.7212u 1:xi1|xi0|= 823.7212u 1:xi1|xi0|= 823.7212u
 +1:xi1|xi0|= 823.7212u 1:xi1|ln_i=   0.      1:xi1|xi0|= 823.7212u
 +1:xi1|xi0|= 823.7212u 1:xi1|xi0|= 823.7212u 1:xi1|xi0|= 823.7212u
 +1:xi1|xi0|= 823.7212u 1:xi1|xi0|= 823.7212u 1:xi1|xi0|= 823.7212u
 +1:xi1|xi0|= 823.7212u 1:xi1|xi0|=   1.1951  1:xi1|xi0|=   1.1951 
 +1:xi0|ln_i=   0.      1:xi1|xi0|=   1.1951  1:xi1|xi0|=   1.1951 
 +1:xi1|xi0|=   1.1951  1:xi1|xi0|=   1.1951  1:xi1|xi0|=   1.1951 
 +1:xi1|xi0|=   1.1951  1:xi1|xi0|=   1.1951  1:xi1|xi0|=   1.1951 
 +1:xi1|xi0|=   1.1951  1:xi1|xi0|=   1.1951  1:xi0|ln_i=   0.     
 +1:xi1|xi0|=   1.1951  1:xi1|xi0|=   1.1951  1:xi1|xi0|=   1.1951 
 +1:xi1|xi0|=   1.1951  1:xi1|xi0|=   1.1951  1:xi1|xi0|=   1.1951 
 +1:xi1|xi0|=   1.1951  1:xi1|xi0|=   1.1951  1:xi1|xi0|=   1.1951 
 +1:xi1|xi0|=   1.1951  1:xi0|ln_i=   0.      1:xi1|xi0|=   1.1951 
 +1:xi1|xi0|=   1.1951  1:xi1|xi0|=   1.1951  1:xi1|xi0|=   1.1951 
 +1:xi1|xi0|=   1.1951  1:xi1|xi0|=   1.1951  1:xi1|xi0|=   1.1951 
 +1:xi1|xi0|=   1.1951  1:xi1|xi0|=   1.1951  1:xi1|xi0|=   1.1951 
 +1:xi0|ln_i=   0.      1:xi1|xi0|=   1.1951  1:xi1|xi0|=   1.1951 
 +1:xi1|xi0|=   1.1951  1:xi1|xi0|=   1.1951  1:xi1|xi0|=   1.1951 
 +1:xi0|ln_i=   0.      1:xi1|xi0|=   1.1951  1:xi1|xi0|=   1.1951 
 +1:xi1|xi0|=   1.1951  1:xi1|xi0|=   1.1951  1:xi1|xi0|=   1.1951 
 +1:xi0|ln_i=   0.      1:xi1|xi0|=   1.1951  1:xi1|xi0|=   1.1951 
 +1:xi1|xi0|=   1.1951  1:xi1|xi0|=   1.1951  1:xi1|xi0|=   1.1951 
 +1:xi1|xi0|=   1.1951  1:xi1|xi0|=   1.1951  1:xi1|ln_i=   0.     
 +1:xi1|ln_i=   0.      1:xi1|ln_i=   0.      1:xi1|ln_i=   0.     
 +1:xi1|ln_i=   0.      1:xi1|ln_i=   0.      1:xi1|xi0|=   1.1952 
 +1:xi1|xi0|=   1.1952  1:xi1|xi0|=   1.1952  1:xi1|xi0|=   1.1952 
 +1:xi1|xi0|=   1.1952  1:xi1|xi0|=   1.1952  1:xi1|xi0|=   1.1952 
 +1:xi1|xi0|=   1.1952  1:xi1|ln_i=   0.      1:xi1|xi0|=   1.1952 
 +1:xi1|xi0|= 166.0716u 1:xi1|xi0|= 167.5413u 1:xi1|xi0|= 165.3665u
 +1:xi1|xi0|= 165.9795u 1:xi1|xi0|= 165.7031u 1:xi1|xi0|= 165.6595u
 +1:xi1|xi0|= 165.4934u 1:xi1|xi0|= 166.0570u 1:xi1|xi0|= 166.0570u
 +1:xi1|ln_i=   0.      1:xi1|xi0|= 166.0570u 1:xi1|xi0|= 168.7375u
 +1:xi1|xi0|= 168.7375u 1:xi1|xi0|= 168.7375u 1:xi1|xi0|= 165.9074u
 +1:xi1|xi0|= 165.8898u 1:xi1|xi0|= 166.0716u 1:xi1|xi0|= 165.9773u
 +1:xi1|xi0|= 165.9759u 1:xi1|xi0|= 165.9731u 1:xi0|ln_i=   0.     
 +1:xi1|xi0|= 165.9688u 1:xi1|xi0|= 165.9630u 1:xi1|xi0|= 165.9556u
 +1:xi1|xi0|= 165.9465u 1:xi1|xi0|= 165.9356u 1:xi1|xi0|= 165.9226u
 +1:xi1|xi0|= 166.0140u 1:xi1|xi0|= 165.4934u 1:xi1|xi0|= 165.5873u
 +1:xi1|xi0|= 165.5669u 1:xi0|ln_i=   0.      1:xi1|xi0|= 165.5495u
 +1:xi1|xi0|= 165.5347u 1:xi1|xi0|= 165.5225u 1:xi1|xi0|= 165.5126u
 +1:xi1|xi0|= 165.5048u 1:xi1|xi0|= 165.4990u 1:xi1|xi0|= 165.4953u
 +1:xi1|xi0|= 165.9547u 1:xi1|xi0|= 165.7221u 1:xi1|xi0|= 165.9512u
 +1:xi0|ln_i=   0.      1:xi1|xi0|= 165.7221u 1:xi1|xi0|= 165.9773u
 +1:xi0|xi0|=   1.1982  1:xi0|xi0|=   1.1982  1:xi0|xi0|=   1.1982 
 +1:xi0|xi0|=   1.1982  1:xi1|xi0|=   1.1942  1:xi1|xi0|=   1.1942 
 +1:xi1|xi0|=   1.1942  1:xi1|xi0|=   1.1942  1:xi1|ln_i=   0.     
 +1:xi1|ln_i=   0.      1:xi1|ln_i=   0.      1:xi0|ln_i=   0.     
 +1:xi1|ln_i=   0.      1:xi1|ln_i=   0.      1:xi0|ln_i=   0.     
 +1:xi0|ln_i=   0.      1:xi0|ln_i=   0.      1:xi0|ln_i=   0.     
 +1:xi0|ln_i=   0.      1:xi1|ln_i=   0.      1:xi1|ln_i=   0.     
 +1:xi0|ln_i=   0.      1:xi1|ln_i=   0.      1:xi0|ln_i=   0.     
 +1:xi1|ln_i=   0.      1:xi1|ln_i=   0.      1:xi1|ln_i=   0.     
 +1:xi1|ln_i=   0.      1:xi0|ln_i=   0.      1:xi0|ln_i=   0.     
 +1:xi0|ln_i=   0.      1:xi0|ln_i=   0.      1:xi1|ln_i=   0.     
 +1:xi1|ln_i=   0.      1:xi1|ln_i=   0.      1:xi1|ln_i=   0.     
 +1:xi1|ln_i=   0.      1:xi1|ln_i=   0.      1:xi1|ln_i=   0.     
 +1:xi0|ln_i=   0.      1:xi0|ln_i=   0.      1:xi0|ln_i=   0.     
 +1:xi0|ln_i=   0.      1:xi0|ln_i=   0.      1:xi0|ln_i=   0.     
 +1:xi0|ln_i=   0.      1:xi1|ln_i=   0.      1:xi1|ln_i=   0.     
 +1:xi1|ln_i=   0.      1:xi1|ln_i=   0.      1:xi0|ln_i=   0.     
 +1:xi0|ln_i=   0.      1:xi0|ln_i=   0.      1:xi0|ln_i=   0.     
 +1:xi1|ln_i=   0.      1:xi0|ln_i=   0.      1:xi1|ln_i=   0.     
 +1:xi0|ln_i=   0.      1:xi0|ln_i=   0.      1:xi1|ln_i=   0.     
 +1:xi1|ln_i=   0.      1:xi1|ln_i=   0.      1:xi1|ln_i=   0.     
 +1:xi0|ln_i=   0.      1:xi0|ln_i=   0.      1:xi0|ln_i=   0.     
 +1:xi0|ln_i=   0.      1:xi0|ln_i=   0.      1:xi1|ln_i=   0.     
 +1:xi1|ln_i=   0.      1:xi1|ln_i=   0.      1:xi0|ln_i=   0.     
 +1:xi0|ln_i=   0.      1:xi0|ln_i=   0.      1:xi1|ln_i=   0.     
 +1:xi1|ln_i=   0.      1:xi1|ln_i=   0.      1:xi0|ln_i=   0.     
 +1:xi0|ln_i=   0.      1:xi0|ln_i=   0.      1:xi0|ln_i=   0.     
 +1:xi1|ln_i=   0.      1:xi1|ln_i=   0.      1:xi1|ln_i=   0.     
 +1:xi1|ln_i=   0.      1:xi1|ln_i=   0.      1:xi0|ln_i=   0.     
 +1:xi0|ln_i=   0.      1:xi0|ln_i=   0.      1:xi0|ln_i=   0.     
 +1:xi0|ln_i=   0.      1:xi0|ln_i=   0.      1:xi1|ln_i=   0.     
 +1:xi1|ln_i=   0.      1:xi1|ln_i=   0.      1:xi1|ln_i=   0.     
 +1:xi1|ln_i=   0.      1:xi0|ln_i=   0.      1:xi0|ln_i=   0.     
 +1:xi0|ln_i=   0.      1:xi0|ln_i=   0.      1:xi0|ln_i=   0.     
 +1:xi0|ln_i=   0.      1:xi1|ln_i=   0.      1:xi1|ln_i=   0.     
 +1:xi1|ln_i=   0.      1:xi1|ln_i=   0.      1:xi1|ln_i=   0.     
 +1:xi0|ln_i=   0.      1:xi0|ln_i=   0.      1:xi0|ln_i=   0.     
 +1:xi0|ln_i=   0.      1:xi0|ln_i=   0.      1:xi0|ln_i=   0.     
 +1:xi0|ln_i=   0.      1:xi0|ln_i=   0.      1:xi0|ln_i=   0.     
 +1:xi0|ln_i=   0.      1:xi0|ln_i=   0.      1:xi0|ln_i=   0.     
 +1:xi1|ln_i=   0.      1:xi0|ln_i=   0.      1:xi1|ln_i=   0.     
 +1:xi1|ln_i=   0.      1:xi0|ln_i=   0.      1:xi0|ln_i=   0.     
 +1:xi0|ln_i=   0.      1:xi1|ln_i=   0.      1:xi1|ln_i=   0.     
 +1:xi1|ln_i=   0.      1:xi1|ln_i=   0.      1:xi1|ln_i=   0.     
 +1:xi0|ln_i=   0.      1:xi0|ln_i=   0.      1:xi0|ln_i=   0.     
 +1:xi0|ln_i=   0.      1:xi0|ln_i=   0.      1:xi0|ln_i=   0.     
 +1:xi1|ln_i=   0.      1:xi1|ln_i=   0.      1:xi0|ln_i=   0.     
 +1:xi0|ln_i=   0.      1:xi1|ln_i=   0.      1:xi0|ln_i=   0.     
 +1:xi1|ln_i=   0.      1:xi1|ln_i=   0.      1:xi1|ln_i=   0.     
 +1:xi1|ln_i=   0.      1:xi0|ln_i=   0.      1:xi0|ln_i=   0.     
 +1:xi0|ln_i=   0.      1:xi0|ln_i=   0.      1:xi0|ln_i=   0.     
 +1:xi1|ln_i=   0.      1:xi0|ln_i=   0.      1:xi1|ln_i=   0.     
 +1:xi1|ln_i=   0.      1:xi1|ln_i=   0.      1:xi1|ln_i=   0.     
 +1:xi1|ln_i=   0.      1:xi1|ln_i=   0.      1:xi0|ln_i=   0.     
 +1:xi0|ln_i=   0.      1:xi1|ln_i=   0.      1:xi1|ln_i=   0.     
 +1:xi0|ln_i=   0.      1:xi1|ln_i=   0.      1:xi1|ln_i=   0.     
 +1:xi1|ln_i=   0.      1:xi0|ln_i=   0.      1:xi0|ln_i=   0.     
 +1:xi0|ln_i=   0.      1:xi0|ln_i=   0.      1:xi0|ln_i=   0.     
 +1:xi1|ln_i=   0.      1:xi1|ln_i=   0.      1:xi0|ln_i=   0.     
 +1:xi0|ln_i=   0.      1:xi0|ln_i=   0.      1:xi1|ln_i=   0.     
 +1:xi1|ln_i=   0.      1:xi1|ln_i=   0.      1:xi1|ln_i=   0.     
 +1:xi1|ln_i=   0.      1:xi0|ln_i=   0.      1:xi0|ln_i=   0.     
 +1:xi0|ln_i=   0.      1:xi0|ln_i=   0.      1:xi0|ln_i=   0.     
 +1:xi0|ln_i=   0.      1:xi0|ln_i=   0.      1:xi0|ln_i=   0.     
 +1:xi0|ln_i=   0.      1:xi0|ln_i=   0.      1:xi0|ln_i=   0.     
 +1:xi0|ln_i=   0.      1:xi1|ln_i=   0.      1:xi1|ln_i=   0.     
 +1:xi0|ln_i=   0.      1:xi0|ln_i=   0.      1:xi0|ln_i=   0.     
 +1:xi1|ln_i=   0.      1:xi1|ln_i=   0.      1:xi1|ln_i=   0.     
 +1:xi1|ln_i=   0.      1:xi1|ln_i=   0.      1:xi0|ln_i=   0.     
 +1:xi0|ln_i=   0.      1:xi0|ln_i=   0.      1:xi0|ln_i=   0.     
 +1:xi0|ln_i=   0.      1:xi0|ln_i=   0.      1:xi0|ln_i=   0.     
 +1:xi0|ln_i=   0.      1:xi0|ln_i=   0.      1:xi0|ln_i=   0.     
 +1:xi1|ln_i=   0.      1:xi1|ln_i=   0.      1:xi1|ln_i=   0.     
 +1:xi1|ln_i=   0.      1:xi0|ln_i=   0.      1:xi1|ln_i=   0.     
 +1:xi1|ln_i=   0.      1:xi1|ln_i=   0.      1:xi1|ln_i=   0.     
 +1:xi1|ln_i=   0.      1:xi1|ln_i=   0.      1:xi1|ln_i=   0.     
 +1:xi1|ln_i=   0.      1:xi1|ln_i=   0.      1:xi1|ln_i=   0.     
 +1:xi0|ln_i=   0.      1:xi1|ln_i=   0.      1:xi1|ln_i=   0.     
 +1:xi1|ln_i=   0.      1:xi0|ln_i=   0.      1:xi0|ln_i=   0.     
 +1:xi0|ln_i=   0.      1:xi0|ln_i=   0.      1:xi1|ln_i=   0.     
 +1:xi1|ln_i=   0.      1:xi1|ln_i=   0.      1:xi1|ln_i=   0.     
 +1:xi1|ln_i=   0.      1:xi0|ln_i=   0.      1:xi0|ln_i=   0.     
 +1:xi0|ln_i=   0.      1:xi0|ln_i=   0.      1:xi0|ln_i=   0.     
 +1:xi0|ln_i=   0.      1:xi0|ln_i=   0.      1:xi0|ln_i=   0.     
 +1:xi0|ln_i=   0.      1:xi1|ln_i=   0.      1:xi0|ln_i=   0.     
 +1:xi0|ln_i=   0.      1:xi0|ln_i=   0.      1:xi0|ln_i=   0.     
 +1:xi0|ln_i=   0.      1:xi0|ln_i=   0.      1:xi0|ln_i=   0.     
 +1:xi0|ln_i=   0.      1:xi0|ln_i=   0.      1:xi0|ln_i=   0.     
 +1:xi1|ln_i=   0.      1:xi0|ln_i=   0.      1:xi0|ln_i=   0.     
 +1:xi1|ln_i=   0.      1:xi1|ln_i=   0.      1:xi1|ln_i=   0.     
 +1:xi0|ln_i=   0.      1:xi0|ln_i=   0.      1:xi0|ln_i=   0.     
 +1:xi1|ln_i=   0.      1:xi1|ln_i=   0.      1:xi1|ln_i=   0.     
 +1:xi1|ln_i=   0.      1:xi1|ln_i=   0.      1:xi1|ln_i=   0.     
 +1:xi0|ln_i=   0.      1:xi0|ln_i=   0.      1:xi0|ln_i=   0.     
 +1:xi0|ln_i=   0.      1:xi0|ln_i=   0.      1:xi1|ln_i=   0.     
 +1:xi1|ln_i=   0.      1:xi1|ln_i=   0.      1:xi1|ln_i=   0.     
 +1:xi1|ln_i=   0.      1:xi1|ln_i=   0.      1:xi1|ln_i=   0.     
 +1:xi0|ln_i=   0.      1:xi0|ln_i=   0.      1:xi0|ln_i=   0.     
 +1:xi0|ln_i=   0.      1:xi0|ln_i=   0.      1:xi0|ln_i=   0.     
 +1:xi1|ln_i=   0.      1:xi1|ln_i=   0.      1:xi1|ln_i=   0.     
 +1:xi1|ln_i=   0.      1:xi1|ln_i=   0.      1:xi1|ln_i=   0.     
 +1:xi1|ln_i=   0.      1:xi0|ln_i=   0.      1:xi0|ln_i=   0.     
 +1:xi0|ln_i=   0.      1:xi0|ln_i=   0.      1:xi1|ln_i=   0.     
 +1:xi0|ln_i=   0.      1:xi0|ln_i=   0.      1:xi1|ln_i=   0.     
 +1:xi1|ln_i=   0.      1:xi1|ln_i=   0.      1:xi1|ln_i=   0.     
 +1:xi1|ln_i=   0.      1:xi1|ln_i=   0.      1:xi0|ln_i=   0.     
 +1:xi0|ln_i=   0.      1:xi1|ln_i=   0.      1:xi0|ln_i=   0.     
 +1:xi0|ln_i=   0.      1:xi0|ln_i=   0.      1:xi0|ln_i=   0.     
 +1:xi1|ln_i=   0.      1:xi1|ln_i=   0.      1:xi1|ln_i=   0.     
 +1:xi1|ln_i=   0.      1:xi1|ln_i=   0.      1:xi1|ln_i=   0.     
 +1:xi1|ln_i=   0.      1:xi0|ln_i=   0.      1:xi0|ln_i=   0.     
 +1:xi0|ln_i=   0.      1:xi0|ln_i=   0.      1:xi0|ln_i=   0.     
 +1:xi0|ln_i=   0.      1:xi1|ln_i=   0.      1:xi1|ln_i=   0.     
 +1:xi1|ln_i=   0.      1:xi1|ln_i=   0.      1:xi1|ln_i=   0.     
 +1:xi1|ln_i=   0.      1:xi0|ln_i=   0.      1:xi0|ln_i=   0.     
 +1:xi0|ln_i=   0.      1:xi0|ln_i=   0.      1:xi0|ln_i=   0.     
 +1:xi1|ln_i=   0.      1:xi1|ln_i=   0.      1:xi1|ln_i=   0.     
 +1:xi1|ln_i=   0.      1:xi1|ln_i=   0.      1:xi1|ln_i=   0.     
 +1:xi1|ln_i=   0.      1:xi1|ln_i=   0.      1:xi1|ln_i=   0.     
 +1:xi1|ln_i=   0.      1:xi1|ln_i=   0.      1:xi1|ln_i=   0.     
 +1:xi1|ln_i=   0.      1:xi1|xi0|= 884.4499m 1:xi1|xi0|= 884.4499m
 +1:xi1|ln_i=   0.      1:xi1|xi0|= 884.4499m 1:xi1|xi0|= 884.4499m
 +1:xi1|xi0|= 884.4499m 1:xi1|xi0|= 884.4499m 1:xi1|xi0|= 884.4499m
 +1:xi1|xi0|= 884.4499m 1:xi1|xi0|= 884.4499m 1:xi1|xi0|= 884.4499m
 +1:xi1|xi0|= 884.4499m 1:xi1|xi0|= 884.4499m 1:xi1|ln_i=   0.     
 +1:xi1|xi0|= 884.4499m 1:xi1|xi0|= 884.4499m 1:xi1|xi0|= 884.4499m
 +1:xi1|xi0|= 884.4499m 1:xi1|xi0|= 884.4499m 1:xi0:ln_n= 358.1676m
 +1:xi0:ln_n= 358.1676m 1:xi0:q   =   9.1498u 1:xi0|ln_n= 891.8465m
 +1:xi0|ln_n=   0.      1:xi0|ln_n=   0.      1:xi0|ln_n=   0.     
 +1:xi0|ln_n=   0.      1:xi0|ln_n=   0.      1:xi0|ln_n=   0.     
 +1:xi0|ln_n=   0.      1:xi0|ln_n=   0.      1:xi0|ln_n=   0.     
 +1:xi0|ln_n=   0.      1:xi0|ln_n=   0.      1:xi0|ln_n=   0.     
 +1:xi0|ln_n=   0.      1:xi0|ln_n=   0.      1:xi0|ln_n=   0.     
 +1:xi0|ln_n=   0.      1:xi0|ln_n=   0.      1:xi0|ln_n=   0.     
 +1:xi0|ln_n=   0.      1:xi0|ln_n=   0.      1:xi0|ln_n=   0.     
 +1:xi0|ln_n=   0.      1:xi0|ln_n=   0.      1:xi0|ln_n=   0.     
 +1:xi0|ln_n=   0.      1:xi0|ln_n=   0.      1:xi0|ln_n=   0.     
 +1:xi0|ln_n=   0.      1:xi0|ln_n=   0.      1:xi0|ln_n=   0.     
 +1:xi0|ln_n=   0.      1:xi0|ln_n=   0.      1:xi0|ln_n=   0.     
 +1:xi0|ln_n=   0.      1:xi0|ln_n=   0.      1:xi0|ln_n=   0.     
 +1:xi0|ln_n=   0.      1:xi0|ln_n=   0.      1:xi0|ln_n=   0.     
 +1:xi0|ln_n=   0.      1:xi0|ln_n=   0.      1:xi0|ln_n=   0.     
 +1:xi0|ln_n=   0.      1:xi0|ln_n=   0.      1:xi0|ln_n=   0.     
 +1:xi0|ln_n=   0.      1:xi0|ln_n=   0.      1:xi0|ln_n=   0.     
 +1:xi0|ln_n=   0.      1:xi0|ln_n=   0.      1:xi0|ln_n=   0.     
 +1:xi0|ln_n=   0.      1:xi0|ln_n=   0.      1:xi0|ln_n=   0.     
 +1:xi0|ln_n=   0.      1:xi0|ln_n=   0.      1:xi0|ln_n=   0.     
 +1:xi0|ln_n=   0.      1:xi0|ln_n=   0.      1:xi0|ln_n=   0.     
 +1:xi0|ln_n=   0.      1:xi0|ln_n=   0.      1:xi0|ln_n=   0.     
 +1:xi0|ln_n=   0.      1:xi0|ln_n=   0.      1:xi0|ln_n=   0.     
 +1:xi0|ln_n=   0.      1:xi0|ln_n=   0.      1:xi0|ln_n=   0.     
 +1:xi0|ln_n=   0.      1:xi0|ln_n=   0.      1:xi0|ln_n=   0.     
 +1:xi0|ln_n=   0.      1:xi0|ln_n=   0.      1:xi0|ln_n=   0.     
 +1:xi0|ln_n=   0.      1:xi0|ln_n=   0.      1:xi0|ln_n=   0.     
 +1:xi0|ln_n=   0.      1:xi0|ln_n=   0.      1:xi0|ln_n=   0.     
 +1:xi0|ln_n=   0.      1:xi0|ln_n=   0.      1:xi0|ln_n=   0.     
 +1:xi0|ln_n=   0.      1:xi0|ln_n=   0.      1:xi0|ln_n=   0.     
 +1:xi0|ln_n=   0.      1:xi0|ln_n=   0.      1:xi0|ln_n=   0.     
 +1:xi0|ln_n=   0.      1:xi0|ln_n=   0.      1:xi0|ln_n=   0.     
 +1:xi0|ln_n=   0.      1:xi0|ln_n=   0.      1:xi0|net1=   1.1985 
 +1:xi0|net1=   1.1985  1:xi0|net1=   1.1985  1:xi0|net1=   1.1985 
 +1:xi0|net1=   1.1985  1:xi0|net1=   1.1985  1:xi0|net1=   1.1985 
 +1:xi0|net1=   1.1985  1:xi0|net1=   1.1985  1:xi0|net1=   1.1985 
 +1:xi0|net1=   1.1985  1:xi0|net1=   1.1984  1:xi0|net1=   1.1985 
 +1:xi0|net1=   1.1985  1:xi0|net1=   1.1985  1:xi0|net1=   1.1985 
 +1:xi0|net1=   1.1985  1:xi0|net1=   1.1985  1:xi0|net1=   1.1985 
 +1:xi0|net1=   1.1985  1:xi0|net1=   1.1985  1:xi0|net1=   1.1985 
 +1:xi0|net1=   1.1985  1:xi0|net1=   1.1985  1:xi0|net1=   1.1985 
 +1:xi0|net1=   1.1985  1:xi0|net1=   1.1985  1:xi0|net1=   1.1985 
 +1:xi0|net1=   1.1985  1:xi0|net1=   1.1984  1:xi0|net1=   1.1985 
 +1:xi0|net1=   1.1985  1:xi0|net1=   1.1985  1:xi0|net1=   1.1984 
 +1:xi0|net1=   1.1985  1:xi0|net1=   1.1985  1:xi0|net1=   1.1985 
 +1:xi0|net1=   1.1985  1:xi0|net1=   1.1985  1:xi0|net1=   1.1985 
 +1:xi0|net1=   1.1985  1:xi0|net1=   1.1985  1:xi0|net1=   1.1985 
 +1:xi0|net1=   1.1985  1:xi0|net1= 162.8735u 1:xi0|net1= 161.2321u
 +1:xi0|net1= 161.2279u 1:xi0|net1= 161.2222u 1:xi0|net1= 161.2150u
 +1:xi0|net1= 161.2060u 1:xi0|net1= 161.1953u 1:xi0|net1= 161.1825u
 +1:xi0|net1= 161.1676u 1:xi0|net1= 161.1504u 1:xi0|net1= 160.8378u
 +1:xi0|net1= 161.6647u 1:xi0|net1= 160.8177u 1:xi0|net1= 160.8005u
 +1:xi0|net1= 160.7860u 1:xi0|net1= 160.7739u 1:xi0|net1= 160.7641u
 +1:xi0|net1= 160.7564u 1:xi0|net1= 160.7507u 1:xi0|net1= 160.7470u
 +1:xi0|net1= 160.7452u 1:xi0|net1= 160.7452u 1:xi0|net1= 161.6100u
 +1:xi0|net1= 161.1289u 1:xi0|net1= 161.1032u 1:xi0|net1= 161.1105u
 +1:xi0|net1= 161.1289u 1:xi0|net1= 161.1489u 1:xi0|net1= 161.4091u
 +1:xi0|net1= 162.8735u 1:xi0|net1= 161.6100u 1:xi0|net1= 161.0946u
 +1:xi0|net1= 160.9238u 1:xi0|net1= 161.5323u 1:xi0|net1= 160.8808u
 +1:xi0|net1= 161.1746u 1:xi0|net1= 161.1489u 1:xi0|net1= 161.2362u
 +1:xi0|net1= 161.1746u 1:xi0|net1= 161.1746u 1:xi0|net1= 161.4060u
 +1:xi0|net1= 161.4488u 1:xi0|net1= 161.2362u 1:xi0|net1= 161.2349u
 +1:xi0|net1=   1.2992m 1:xi0|net1=   1.3058m 1:xi0|net1=   1.3056m
 +1:xi0|net1=   1.3054m 1:xi0|net1=   1.3051m 1:xi0|net1=   1.3048m
 +1:xi0|net1=   1.3043m 1:xi0|net1=   1.3038m 1:xi0|net1=   1.3032m
 +1:xi0|net1=   1.3025m 1:xi0|net1=   1.2890m 1:xi0|net1=   1.2980m
 +1:xi0|net1=   1.2884m 1:xi0|net1=   1.2879m 1:xi0|net1=   1.2876m
 +1:xi0|net1=   1.2875m 1:xi0|net1=   1.2875m 1:xi0|net1=   1.2964m
 +1:xi0|net1=   1.2964m 1:xi0|net1=   1.2967m 1:xi0|net1=   1.2964m
 +1:xi0|net1=   1.2964m 1:xi0|net1=   1.2968m 1:xi0|net1=   1.2967m
 +1:xi0|net1=   1.2992m 1:xi0|net1=   1.2968m 1:xi0|net1=   1.2961m
 +1:xi0|net1=   1.2964m 1:xi0|net1=   1.2964m 1:xi0|net1=   1.2964m
 +1:xi0|net1=   1.3060m 1:xi0|net1=   1.2967m 1:xi0|net1=   1.2964m
 +1:xi0|net1=   1.2967m 1:xi0|net1=   1.2967m 1:xi0|net1=   1.3060m
 +1:xi0|net1=   1.3059m 1:xi0|net9=   1.1982  1:xi0|net9=   1.1982 
 +1:xi0|net9=   1.1982  1:xi0|net9=   1.1982  1:xi0|net9=   1.1982 
 +1:xi0|net9=   1.1982  1:xi0|net9=   1.1982  1:xi0|net9=   1.1982 
 +1:xi0|net9=   1.1982  1:xi0|net9=   1.1982  1:xi0|net9=   1.1982 
 +1:xi0|net9=   1.1982  1:xi0|net9=   1.1982  1:xi0|net9=   1.1982 
 +1:xi0|net9=   1.1982  1:xi0|net9=   1.1982  1:xi0|net9=   1.1982 
 +1:xi0|net9=   1.1982  1:xi0|net9=   1.1982  1:xi0|net9=   1.1982 
 +1:xi0|net9=   1.1982  1:xi0|net9=   1.1982  1:xi0|net9=   1.1982 
 +1:xi0|net9=   1.1982  1:xi0|net9=   1.1982  1:xi0|net9=   1.1982 
 +1:xi0|net9=   1.1982  1:xi0|net9=   1.1982  1:xi0|net9=   1.1982 
 +1:xi0|net9=   1.1982  1:xi0|net9=   1.1982  1:xi0|net9=   1.1982 
 +1:xi0|net9=   1.1982  1:xi0|net9=   1.1982  1:xi0|net9=   1.1982 
 +1:xi0|net9=   1.1982  1:xi0|net9=   1.1982  1:xi0|net9=   1.1982 
 +1:xi0|net9=   1.1982  1:xi0|net9=   1.1982  1:xi0|net9=   1.1982 
 +1:xi0|net9=   1.1982  1:xi0|net9=   1.1982  1:xi0|net9=   1.1982 
 +1:xi0|net9=   1.1982  1:xi0|net9=   1.1982  1:xi0|net9=   1.1982 
 +1:xi0|net9=   1.1982  1:xi0|net9=   1.1982  1:xi0|net9=   1.1982 
 +1:xi0|net9=   1.1982  1:xi0|net9=   1.1982  1:xi0|net9=   1.1982 
 +1:xi0|net9=   1.1982  1:xi0|net9=   1.1982  1:xi0|net9=   1.1982 
 +1:xi0|net9=   1.1982  1:xi0|net9=   1.1982  1:xi0|net9=   1.1982 
 +1:xi0|net9=   1.1982  1:xi0|net9=   1.1982  1:xi0|net9=   1.1982 
 +1:xi0|net9=   1.1982  1:xi0|net9=   1.1982  1:xi0|qn:1=   1.1982 
 +1:xi0|qn:1=   1.1982  1:xi0|qn:1=   1.1982  1:xi0|qn:1=   1.1982 
 +1:xi0|qn:1=   1.1982  1:xi0|qn:1=   1.1982  1:xi0|qn:1=   1.1982 
 +1:xi0|qn:1=   1.1981  1:xi0|qn:1=   1.1982  1:xi0|qn:1=   1.1982 
 +1:xi0|qn:1=   1.1982  1:xi0|qn:2=   1.1982  1:xi0|qn:2=   1.1982 
 +1:xi0|qn:2=   1.1982  1:xi0|qn:2=   1.1982  1:xi0|qn:2=   1.1982 
 +1:xi0|qn:2=   1.1982  1:xi0|qn:2=   1.1982  1:xi0|qn:2=   1.1982 
 +1:xi0|qn:2=   1.1982  1:xi0|qn:2=   1.1982  1:xi0|qn:2=   1.1982 
 +1:xi0|qn:3=   1.1982  1:xi0|qn:3=   1.1982  1:xi0|qn:3=   1.1982 
 +1:xi0|qn:3=   1.1982  1:xi0|qn:3=   1.1982  1:xi0|qn:3=   1.1982 
 +1:xi0|qn:3=   1.1982  1:xi0|qn:3=   1.1982  1:xi0|qn:3=   1.1982 
 +1:xi0|qn:3=   1.1982  1:xi0|qn:3=   1.1982  1:xi0|qn:4=   1.1982 
 +1:xi0|qn:4=   1.1982  1:xi0|qn:4=   1.1982  1:xi0|qn:4=   1.1982 
 +1:xi0|qn:4=   1.1982  1:xi0|qn:4=   1.1982  1:xi0|qn:4=   1.1982 
 +1:xi0|qn:4=   1.1982  1:xi0|qn:4=   1.1982  1:xi0|qn:4=   1.1982 
 +1:xi0|qn:4=   1.1982  1:xi0|qn:5=   1.1982  1:xi0|qn:5=   1.1982 
 +1:xi0|qn:5=   1.1982  1:xi0|qn:5=   1.1982  1:xi0|qn:5=   1.1982 
 +1:xi0|qn:5=   1.1982  1:xi0|qn:5=   1.1982  1:xi0|qn:5=   1.1982 
 +1:xi0|qn:5=   1.1981  1:xi0|qn:5=   1.1982  1:xi0|qn:5=   1.1982 
 +1:xi0|qn:6=   1.1981  1:xi0|qn:6=   1.1981  1:xi0|qn:6=   1.1982 
 +1:xi0|qn:6=   1.1982  1:xi0|qn:6=   1.1982  1:xi0|qn:7=   1.1982 
 +1:xi0|qn:8=   1.1981  1:xi0|qn:9=   1.1981  1:xi0|xi0|= 167.0316u
 +1:xi0|xi0|= 165.3368u 1:xi0|xi0|= 165.3129u 1:xi0|xi0|= 165.3749u
 +1:xi0|xi0|= 165.3749u 1:xi0|xi0|= 165.3749u 1:xi0|xi0|= 165.5900u
 +1:xi0|xi0|= 165.3742u 1:xi0|xi0|= 165.1809u 1:xi0|xi0|= 165.1611u
 +1:xi0|xi0|= 165.1443u 1:xi0|xi0|= 165.6820u 1:xi0|xi0|= 165.1300u
 +1:xi0|xi0|= 165.1182u 1:xi0|xi0|= 165.1086u 1:xi0|xi0|= 165.1010u
 +1:xi0|xi0|= 165.0955u 1:xi0|xi0|= 165.0918u 1:xi0|xi0|= 165.0900u
 +1:xi0|xi0|= 165.5542u 1:xi0|xi0|= 165.5528u 1:xi0|xi0|= 165.5501u
 +1:xi0|xi0|= 168.2359u 1:xi0|xi0|= 165.5459u 1:xi0|xi0|= 165.5403u
 +1:xi0|xi0|= 165.5331u 1:xi0|xi0|= 165.5243u 1:xi0|xi0|= 165.5136u
 +1:xi0|xi0|= 165.5010u 1:xi0|xi0|= 165.4863u 1:xi0|xi0|= 165.4692u
 +1:xi0|xi0|= 165.3503u 1:xi0|xi0|= 168.2359u 1:xi0|xi0|= 165.6825u
 +1:xi0|xi0|= 165.5900u 1:xi0|xi0|= 165.3166u 1:xi0|xi0|= 165.3086u
 +1:xi0|xi0|= 165.2652u 1:xi0|xi0|= 165.2231u 1:xi0|xi0|= 165.3742u
 +1:xi0|xi0|= 165.3503u 1:xi0|xi0|= 165.0900u 1:xi0|xi0|= 165.5542u
 +1:xi0|xi0|= 165.6825u 1:xi0|xi0|= 165.6822u 1:xi0|xi0|= 165.5900u
 +1:xi0|xi0|= 165.3493u 1:xi0|xi0|= 165.3368u 1:xi0|xi0|=   1.1974 
 +1:xi0|xi0|=   1.1974  1:xi0|xi0|=   1.1974  1:xi0|xi0|=   1.1974 
 +1:xi0|xi0|=   1.1974  1:xi0|xi0|=   1.1974  1:xi0|xi0|=   1.1974 
 +1:xi0|xi0|=   1.1974  1:xi0|xi0|=   1.1974  1:xi0|xi0|=   1.1974 
 +1:xi0|xi0|=   1.1974  1:xi0|xi0|=   1.1974  1:xi0|xi0|=   1.1974 
 +1:xi0|xi0|=   1.1974  1:xi0|xi0|=   1.1974  1:xi0|xi0|=   1.1974 
 +1:xi0|xi0|=   1.1974  1:xi0|xi0|=   1.1974  1:xi0|xi0|=   1.1974 
 +1:xi0|xi0|=   1.1974  1:xi0|xi0|=   1.1974  1:xi0|xi0|=   1.1974 
 +1:xi0|xi0|=   1.1974  1:xi0|xi0|=   1.1974  1:xi0|xi0|=   1.1974 
 +1:xi0|xi0|=   1.1974  1:xi0|xi0|=   1.1974  1:xi0|xi0|=   1.1974 
 +1:xi0|xi0|=   1.1974  1:xi0|xi0|=   1.1974  1:xi0|xi0|=   1.1974 
 +1:xi0|xi0|=   1.1974  1:xi0|xi0|=   1.1974  1:xi0|xi0|=   1.1974 
 +1:xi0|xi0|=   1.1974  1:xi0|xi0|=   1.1974  1:xi0|xi0|=   1.1974 
 +1:xi0|xi0|=   1.1974  1:xi0|xi0|=   1.1974  1:xi0|xi0|=   1.1974 
 +1:xi0|xi0|=   1.1974  1:xi0|xi0|=   1.1974  1:xi0|xi0|=   1.1974 
 +1:xi0|xi0|=   1.1974  1:xi0|xi0|=   1.1974  1:xi0|xi0|=   1.1974 
 +1:xi0|xi0|=   1.1974  1:xi0|xi0|=   1.1974  1:xi0|xi0|=   1.1974 
 +1:xi0|xi0|=   1.1974  1:xi0|xi0|=   1.1974  1:xi0|xi0|=   1.1974 
 +1:xi0|xi0|=   1.1974  1:xi0|xi0|=   1.1974  1:xi0|xi0|=   1.1974 
 +1:xi0|xi0|=   1.1974  1:xi0|xi0|=   1.1974  1:xi0|xi0|=   1.1974 
 +1:xi0|xi0|=   1.1974  1:xi0|xi0|=   1.1974  1:xi0|xi0|=   1.1974 
 +1:xi0|xi0|=   1.1974  1:xi0|xi0|=   1.1974  1:xi0|xi0|=   1.1974 
 +1:xi0|xi0|=   1.1974  1:xi0|xi0|=   1.1974  1:xi0|xi0|=   1.1974 
 +1:xi0|xi0|=   1.1974  1:xi0|xi0|=   1.1974  1:xi0|xi0|=   1.1974 
 +1:xi0|xi0|=   1.1974  1:xi0|xi0|=   1.1974  1:xi0|xi0|=   1.1974 
 +1:xi0|xi0|=   1.1974  1:xi0|xi0|=   1.1974  1:xi0|xi0|=   1.1974 
 +1:xi0|xi0|=   1.1974  1:xi0|xi0|=   1.1974  1:xi0|xi0|=   1.1974 
 +1:xi0|xi0|=   1.1974  1:xi0|xi0|=  86.2636u 1:xi0|xi0|=  84.6169u
 +1:xi0|xi0|=  84.3961u 1:xi0|xi0|=  84.3674u 1:xi0|xi0|=  84.7479u
 +1:xi0|xi0|=  84.8065u 1:xi0|xi0|=  84.4212u 1:xi0|xi0|=  84.6370u
 +1:xi0|xi0|=  84.4211u 1:xi0|xi0|=  84.3924u 1:xi0|xi0|=  84.6169u
 +1:xi0|xi0|=  84.7482u 1:xi0|xi0|=  84.3923u 1:xi0|xi0|=  84.3230u
 +1:xi0|xi0|=  84.3223u 1:xi0|xi0|=  84.3210u 1:xi0|xi0|=  84.3189u
 +1:xi0|xi0|=  84.3160u 1:xi0|xi0|=  84.3124u 1:xi0|xi0|=  84.3079u
 +1:xi0|xi0|=  84.3025u 1:xi0|xi0|=  84.2962u 1:xi0|xi0|=  86.1710u
 +1:xi0|xi0|=  84.2887u 1:xi0|xi0|=  84.2800u 1:xi0|xi0|=  84.0149u
 +1:xi0|xi0|=  84.0020u 1:xi0|xi0|=  83.9925u 1:xi0|xi0|=  83.9862u
 +1:xi0|xi0|=  83.9831u 1:xi0|xi0|=  83.9831u 1:xi0|xi0|=  84.3971u
 +1:xi0|xi0|=  84.3674u 1:xi0|xi0|=  84.8509u 1:xi0|xi0|=  84.3054u
 +1:xi0|xi0|=  84.2564u 1:xi0|xi0|=  84.3054u 1:xi0|xi0|=  86.2636u
 +1:xi0|xi0|=  84.7482u 1:xi0|xi0|=  86.1710u 1:xi0|xi0|=  84.8509u
 +1:xi0|xi0|=  84.2601u 1:xi0|xi0|=  84.4211u 1:xi0|xi0|=  84.2504u
 +1:xi0|xi0|=  85.0550u 1:xi0|xi0|=  84.3971u 1:xi0|xi0|=  84.4212u
 +1:xi0|xi0|=  84.3924u 1:xi0|xi0|=  84.3923u 1:xi0|xi0|=  84.3230u
 +1:xi0|xi0|=  84.7474u 1:xi0|xi0|=  84.6370u 1:xi0|xi0|=  84.9635u
 +1:xi0|xi0|=  84.7317u 1:xi0|xi0|=   1.1976  1:xi0|xi0|=   1.1976 
 +1:xi0|xi0|=   1.1976  1:xi0|xi0|=   1.1976  1:xi0|xi0|=   1.1976 
 +1:xi0|xi0|=   1.1976  1:xi0|xi0|=   1.1976  1:xi0|xi0|=   1.1976 
 +1:xi0|xi0|=   1.1976  1:xi0|xi0|=   1.1976  1:xi0|xi0|=   1.1976 
 +1:xi0|xi0|=   1.1976  1:xi0|xi0|=   1.1976  1:xi0|xi0|=   1.1976 
 +1:xi0|xi0|=   1.1976  1:xi0|xi0|=   1.1976  1:xi0|xi0|=   1.1976 
 +1:xi0|xi0|=   1.1976  1:xi0|xi0|=   1.1976  1:xi0|xi0|=   1.1976 
 +1:xi0|xi0|=   1.1976  1:xi0|xi0|=   1.1976  1:xi0|xi0|=   1.1976 
 +1:xi0|xi0|=   1.1976  1:xi0|xi0|=   1.1976  1:xi0|xi0|=   1.1976 
 +1:xi0|xi0|=   1.1976  1:xi0|xi0|=   1.1976  1:xi0|xi0|=   1.1976 
 +1:xi0|xi0|=   1.1976  1:xi0|xi0|=   1.1976  1:xi0|xi0|=   1.1976 
 +1:xi0|xi0|=   1.1976  1:xi0|xi0|=   1.1976  1:xi0|xi0|=   1.1976 
 +1:xi0|xi0|=   1.1976  1:xi0|xi0|=   1.1976  1:xi0|xi0|=   1.1976 
 +1:xi0|xi0|=   1.1976  1:xi0|xi0|=   1.1976  1:xi0|xi0|=   1.1976 
 +1:xi0|xi0|=   1.1976  1:xi0|xi0|=   1.1976  1:xi0|xi0|=   1.1976 
 +1:xi0|xi0|=   1.1976  1:xi0|xi0|=   1.1976  1:xi0|xi0|=   1.1976 
 +1:xi0|xi0|=   1.1976  1:xi0|xi0|=   1.1976  1:xi0|xi0|=   1.1976 
 +1:xi0|xi0|=   1.1976  1:xi0|xi0|=   1.1976  1:xi0|xi0|=   1.1976 
 +1:xi0|xi0|=   1.1976  1:xi0|xi0|=   1.1976  1:xi0|xi0|=   1.1976 
 +1:xi0|xi0|=   1.1976  1:xi0|xi0|=   1.1976  1:xi0|xi0|=   1.1976 
 +1:xi0|xi0|=   1.1976  1:xi0|xi0|=   1.1976  1:xi0|xi0|=   1.1976 
 +1:xi0|xi0|=   1.1976  1:xi0|xi0|=   1.1976  1:xi0|xi0|=   1.1976 
 +1:xi0|xi0|=   1.1976  1:xi0|xi0|=   1.1976  1:xi0|xi0|=   1.1976 
 +1:xi0|xi0|=   1.1976  1:xi0|xi0|=   1.1976  1:xi0|xi0|=   1.1976 
 +1:xi0|xi0|=   1.1976  1:xi0|xi0|=   1.1976  1:xi0|xi1|=   1.1982 
 +1:xi0|xi1|= 259.4961u 1:xi0|xi1|= 259.4961u 1:xi0|xi1|=  54.6306u
 +1:xi0|xi1|= 891.8465m 1:xi0|xi1|=   1.1982  1:xi0|xi1|= 162.8735u
 +1:xi0|xi1|=   1.1985  1:xi0|xi1|= 891.8465m 1:xi0|xi1|=   1.1982 
 +1:xi0|xi1|=   1.1985  1:xi0|xi1|=   1.1985  1:xi0|xi1|= 259.4961u
 +1:xi0|xi1|= 259.4961u 1:xi0|xi1|= 259.4961u 1:xi0|xi1|= 259.4961u
 +1:xi0|xi1|= 259.4961u 1:xi0|xi1|= 259.4961u 1:xi0|xi1|= 259.4961u
 +1:xi0|xi1|= 259.4961u 1:xi0|xi1|= 259.4961u 1:xi0|xi1|= 259.4961u
 +1:xi0|xi1|= 259.4961u 1:xi0|xi1|= 259.4961u 1:xi0|xi2|=   1.1985 
 +1:xi0|xi2|=  96.2899m 1:xi0|xi2|=  96.2899m 1:xi0|xi2|=  58.0193u
 +1:xi0|xi2|= 891.8465m 1:xi0|xi2|=   1.1985  1:xi0|xi2|=   1.2992m
 +1:xi0|xi2|=   1.1985  1:xi0|xi2|= 891.8465m 1:xi0|xi2|=   1.1985 
 +1:xi0|xi2|=  11.3412u 1:xi0|xi2|=   1.1985  1:xi0|xi2|=  96.2899m
 +1:xi0|xi2|=  96.2899m 1:xi0|xi2|=  96.2899m 1:xi0|xi2|=  96.2899m
 +1:xi0|xi2|=  96.2899m 1:xi0|xi2|=  96.2899m 1:xi0|xi2|=  96.2899m
 +1:xi0|xi2|=  96.2899m 1:xi0|xi2|=  96.2899m 1:xi0|xi2|=  96.2899m
 +1:xi0|xi2|=  96.2899m 1:xi0|xi2|=  96.2899m 1:xi0|xi3|= 160.6200u
 +1:xi0|xi3|= 118.1545u 1:xi0|xi3|= 118.1545u 1:xi0|xi3|=  54.7640u
 +1:xi0|xi3|= 891.8465m 1:xi0|xi3|= 161.3289u 1:xi0|xi3|=   1.1982 
 +1:xi0|xi3|=   1.1985  1:xi0|xi3|= 891.8465m 1:xi0|xi3|= 161.3289u
 +1:xi0|xi3|=   1.1985  1:xi0|xi3|=   1.1985  1:xi0|xi3|= 118.1545u
 +1:xi0|xi3|= 118.1545u 1:xi0|xi3|= 118.1545u 1:xi0|xi3|= 118.1545u
 +1:xi0|xi3|= 118.1545u 1:xi0|xi3|= 118.1545u 1:xi0|xi3|= 118.1545u
 +1:xi0|xi3|= 118.1545u 1:xi0|xi3|= 118.1545u 1:xi0|xi3|= 118.1545u
 +1:xi0|xi3|= 118.1545u 1:xi0|xi3|= 118.1545u 1:xi0|xi4|= 358.1676m
 +1:xi0|xi4|=   1.2773m 1:xi0|xi4|=   1.0000  1:xi0|xi4|=  73.1820u
 +1:xi0|xi4|= 891.8465m 1:xi0|xi4|=   1.3096m 1:xi0|xi4|=   1.0000 
 +1:xi0|xi4|=   1.1985  1:xi1:ln_n= 358.1676m 1:xi1:ln_n= 358.1676m
 +1:xi1:q   =   1.0144  1:xi1|ln_n= 884.4499m 1:xi1|ln_n=   0.     
 +1:xi1|ln_n=   0.      1:xi1|ln_n=   0.      1:xi1|ln_n=   0.     
 +1:xi1|ln_n=   0.      1:xi1|ln_n=   0.      1:xi1|ln_n=   0.     
 +1:xi1|ln_n=   0.      1:xi1|ln_n=   0.      1:xi1|ln_n=   0.     
 +1:xi1|ln_n=   0.      1:xi1|ln_n=   0.      1:xi1|ln_n=   0.     
 +1:xi1|ln_n=   0.      1:xi1|ln_n=   0.      1:xi1|ln_n=   0.     
 +1:xi1|ln_n=   0.      1:xi1|ln_n=   0.      1:xi1|ln_n=   0.     
 +1:xi1|ln_n=   0.      1:xi1|ln_n=   0.      1:xi1|ln_n=   0.     
 +1:xi1|ln_n=   0.      1:xi1|ln_n=   0.      1:xi1|ln_n=   0.     
 +1:xi1|ln_n=   0.      1:xi1|ln_n=   0.      1:xi1|ln_n=   0.     
 +1:xi1|ln_n=   0.      1:xi1|ln_n=   0.      1:xi1|ln_n=   0.     
 +1:xi1|ln_n=   0.      1:xi1|ln_n=   0.      1:xi1|ln_n=   0.     
 +1:xi1|ln_n=   0.      1:xi1|ln_n=   0.      1:xi1|ln_n=   0.     
 +1:xi1|ln_n=   0.      1:xi1|ln_n=   0.      1:xi1|ln_n=   0.     
 +1:xi1|ln_n=   0.      1:xi1|ln_n=   0.      1:xi1|ln_n=   0.     
 +1:xi1|ln_n=   0.      1:xi1|ln_n=   0.      1:xi1|ln_n=   0.     
 +1:xi1|ln_n=   0.      1:xi1|ln_n=   0.      1:xi1|ln_n=   0.     
 +1:xi1|ln_n=   0.      1:xi1|ln_n=   0.      1:xi1|ln_n=   0.     
 +1:xi1|ln_n=   0.      1:xi1|ln_n=   0.      1:xi1|ln_n=   0.     
 +1:xi1|ln_n=   0.      1:xi1|ln_n=   0.      1:xi1|ln_n=   0.     
 +1:xi1|ln_n=   0.      1:xi1|ln_n=   0.      1:xi1|ln_n=   0.     
 +1:xi1|ln_n=   0.      1:xi1|ln_n=   0.      1:xi1|ln_n=   0.     
 +1:xi1|ln_n=   0.      1:xi1|ln_n=   0.      1:xi1|ln_n=   0.     
 +1:xi1|ln_n=   0.      1:xi1|ln_n=   0.      1:xi1|ln_n=   0.     
 +1:xi1|ln_n=   0.      1:xi1|ln_n=   0.      1:xi1|ln_n=   0.     
 +1:xi1|ln_n=   0.      1:xi1|ln_n=   0.      1:xi1|ln_n=   0.     
 +1:xi1|ln_n=   0.      1:xi1|ln_n=   0.      1:xi1|ln_n=   0.     
 +1:xi1|ln_n=   0.      1:xi1|ln_n=   0.      1:xi1|ln_n=   0.     
 +1:xi1|ln_n=   0.      1:xi1|ln_n=   0.      1:xi1|ln_n=   0.     
 +1:xi1|ln_n=   0.      1:xi1|ln_n=   0.      1:xi1|ln_n=   0.     
 +1:xi1|ln_n=   0.      1:xi1|ln_n=   0.      1:xi1|ln_n=   0.     
 +1:xi1|ln_n=   0.      1:xi1|ln_n=   0.      1:xi1|ln_n=   0.     
 +1:xi1|ln_n=   0.      1:xi1|net1=   1.6930m 1:xi1|net1=   1.6950m
 +1:xi1|net1=   1.6955m 1:xi1|net1=   1.6959m 1:xi1|net1=   1.6962m
 +1:xi1|net1=   1.6965m 1:xi1|net1=   1.6968m 1:xi1|net1=   1.6970m
 +1:xi1|net1=   1.6971m 1:xi1|net1=   1.6973m 1:xi1|net1=   1.6973m
 +1:xi1|net1=   1.6936m 1:xi1|net1=   1.6974m 1:xi1|net1=   1.6974m
 +1:xi1|net1=   1.6852m 1:xi1|net1=   1.6852m 1:xi1|net1=   1.6852m
 +1:xi1|net1=   1.6853m 1:xi1|net1=   1.6855m 1:xi1|net1=   1.6857m
 +1:xi1|net1=   1.6859m 1:xi1|net1=   1.6862m 1:xi1|net1=   1.6948m
 +1:xi1|net1=   1.6865m 1:xi1|net1=   1.6869m 1:xi1|net1=   1.6874m
 +1:xi1|net1=   1.6927m 1:xi1|net1=   1.6927m 1:xi1|net1=   1.6927m
 +1:xi1|net1=   1.6930m 1:xi1|net1=   1.6930m 1:xi1|net1=   1.6948m
 +1:xi1|net1=   1.6928m 1:xi1|net1=   1.6930m 1:xi1|net1=   1.6884m
 +1:xi1|net1=   1.6894m 1:xi1|net1=   1.6927m 1:xi1|net1=   1.6927m
 +1:xi1|net1=   1.6927m 1:xi1|net1=   1.6924m 1:xi1|net1=   1.6926m
 +1:xi1|net1=   1.6927m 1:xi1|net1=   1.6929m 1:xi1|net1=   1.6929m
 +1:xi1|net1=   1.1944  1:xi1|net1=   1.1944  1:xi1|net1=   1.1944 
 +1:xi1|net1=   1.1944  1:xi1|net1=   1.1944  1:xi1|net1=   1.1944 
 +1:xi1|net1=   1.1944  1:xi1|net1=   1.1944  1:xi1|net1=   1.1944 
 +1:xi1|net1=   1.1944  1:xi1|net1=   1.1944  1:xi1|net1=   1.1944 
 +1:xi1|net1=   1.1944  1:xi1|net1=   1.1944  1:xi1|net1=   1.1944 
 +1:xi1|net1=   1.1944  1:xi1|net1=   1.1944  1:xi1|net1=   1.1944 
 +1:xi1|net1=   1.1944  1:xi1|net1=   1.1944  1:xi1|net1=   1.1944 
 +1:xi1|net1=   1.1944  1:xi1|net1=   1.1944  1:xi1|net1=   1.1944 
 +1:xi1|net1=   1.1944  1:xi1|net1=   1.1944  1:xi1|net1=   1.1944 
 +1:xi1|net1=   1.1944  1:xi1|net1=   1.1944  1:xi1|net1=   1.1944 
 +1:xi1|net1=   1.1944  1:xi1|net1=   1.1944  1:xi1|net1=   1.1944 
 +1:xi1|net1=   1.1944  1:xi1|net1=   1.1944  1:xi1|net1=   1.1944 
 +1:xi1|net1=   1.1944  1:xi1|net1=   1.1944  1:xi1|net1=   1.1944 
 +1:xi1|net1=   1.1944  1:xi1|net1=   1.1944  1:xi1|net1=   1.1944 
 +1:xi1|net1=   1.1944  1:xi1|net1=   1.1944  1:xi1|net1=   1.1943 
 +1:xi1|net1=   1.1943  1:xi1|net1=   1.1943  1:xi1|net1=   1.1943 
 +1:xi1|net1=   1.1943  1:xi1|net1=   1.1943  1:xi1|net1=   1.1943 
 +1:xi1|net1=   1.1943  1:xi1|net1=   1.1943  1:xi1|net1=   1.1943 
 +1:xi1|net1=   1.1943  1:xi1|net1=   1.1943  1:xi1|net1=   1.1943 
 +1:xi1|net1=   1.1943  1:xi1|net1=   1.1943  1:xi1|net1=   1.1943 
 +1:xi1|net1=   1.1943  1:xi1|net1=   1.1943  1:xi1|net1=   1.1943 
 +1:xi1|net1=   1.1943  1:xi1|net1=   1.1943  1:xi1|net1=   1.1943 
 +1:xi1|net1=   1.1943  1:xi1|net1=   1.1943  1:xi1|net1=   1.1943 
 +1:xi1|net1=   1.1943  1:xi1|net1=   1.1943  1:xi1|net1=   1.1943 
 +1:xi1|net1=   1.1943  1:xi1|net1=   1.1943  1:xi1|net1=   1.1943 
 +1:xi1|net1=   1.1943  1:xi1|net1=   1.1943  1:xi1|net1=   1.1943 
 +1:xi1|net1=   1.1943  1:xi1|net1=   1.1943  1:xi1|net1=   1.1943 
 +1:xi1|net9=   1.1942  1:xi1|net9=   1.1942  1:xi1|net9=   1.1942 
 +1:xi1|net9=   1.1942  1:xi1|net9=   1.1942  1:xi1|net9=   1.1942 
 +1:xi1|net9=   1.1942  1:xi1|net9=   1.1942  1:xi1|net9=   1.1942 
 +1:xi1|net9=   1.1942  1:xi1|net9=   1.1942  1:xi1|net9=   1.1942 
 +1:xi1|net9=   1.1942  1:xi1|net9=   1.1942  1:xi1|net9=   1.1942 
 +1:xi1|net9=   1.1942  1:xi1|net9=   1.1942  1:xi1|net9=   1.1942 
 +1:xi1|net9=   1.1942  1:xi1|net9=   1.1942  1:xi1|net9=   1.1942 
 +1:xi1|net9=   1.1942  1:xi1|net9=   1.1942  1:xi1|net9=   1.1942 
 +1:xi1|net9=   1.1942  1:xi1|net9=   1.1942  1:xi1|net9=   1.1942 
 +1:xi1|net9=   1.1942  1:xi1|net9=   1.1942  1:xi1|net9=   1.1942 
 +1:xi1|net9=   1.1942  1:xi1|net9=   1.1942  1:xi1|net9=   1.1942 
 +1:xi1|net9=   1.1942  1:xi1|net9=   1.1942  1:xi1|net9=   1.1942 
 +1:xi1|net9=   1.1942  1:xi1|net9=   1.1942  1:xi1|net9=   1.1942 
 +1:xi1|net9=   1.1942  1:xi1|net9=   1.1942  1:xi1|net9=   1.1942 
 +1:xi1|net9=   1.1942  1:xi1|net9=   1.1942  1:xi1|net9=   1.1942 
 +1:xi1|net9=   1.1942  1:xi1|net9=   1.1942  1:xi1|net9=   1.1942 
 +1:xi1|net9=   1.1942  1:xi1|net9=   1.1942  1:xi1|net9=   1.1942 
 +1:xi1|net9=   1.1942  1:xi1|net9=   1.1942  1:xi1|net9=   1.1942 
 +1:xi1|net9=   1.1942  1:xi1|net9=   1.1942  1:xi1|net9=   1.1942 
 +1:xi1|net9=   1.1942  1:xi1|net9=   1.1942  1:xi1|net9=   1.1942 
 +1:xi1|net9=   1.1942  1:xi1|net9=   1.1942  1:xi1|net9=   1.1942 
 +1:xi1|net9=   1.1942  1:xi1|qn:1=   1.6468m 1:xi1|qn:1=   1.6473m
 +1:xi1|qn:1=   1.6472m 1:xi1|qn:1=   1.6470m 1:xi1|qn:1=   1.6470m
 +1:xi1|qn:1=   1.6471m 1:xi1|qn:1=   1.6469m 1:xi1|qn:1=   1.6469m
 +1:xi1|qn:1=   1.6469m 1:xi1|qn:1=   1.6469m 1:xi1|qn:1=   1.6469m
 +1:xi1|qn:2=   1.6560m 1:xi1|qn:2=   1.6469m 1:xi1|qn:2=   1.6485m
 +1:xi1|qn:2=   1.6470m 1:xi1|qn:2=   1.6483m 1:xi1|qn:2=   1.6470m
 +1:xi1|qn:2=   1.6472m 1:xi1|qn:2=   1.6472m 1:xi1|qn:2=   1.6471m
 +1:xi1|qn:2=   1.6512m 1:xi1|qn:2=   1.6516m 1:xi1|qn:3=   1.6470m
 +1:xi1|qn:3=   1.6520m 1:xi1|qn:3=   1.6524m 1:xi1|qn:3=   1.6527m
 +1:xi1|qn:3=   1.6529m 1:xi1|qn:3=   1.6531m 1:xi1|qn:3=   1.6533m
 +1:xi1|qn:3=   1.6534m 1:xi1|qn:3=   1.6535m 1:xi1|qn:3=   1.6535m
 +1:xi1|qn:3=   1.6535m 1:xi1|qn:4=   1.6470m 1:xi1|qn:4=   1.6415m
 +1:xi1|qn:4=   1.6415m 1:xi1|qn:4=   1.6416m 1:xi1|qn:4=   1.6417m
 +1:xi1|qn:4=   1.6418m 1:xi1|qn:4=   1.6420m 1:xi1|qn:4=   1.6422m
 +1:xi1|qn:4=   1.6425m 1:xi1|qn:4=   1.6428m 1:xi1|qn:4=   1.6432m
 +1:xi1|qn:5=   1.6473m 1:xi1|qn:5=   1.6437m 1:xi1|qn:5=   1.6469m
 +1:xi1|qn:5=   1.6469m 1:xi1|qn:5=   1.6470m 1:xi1|qn:5=   1.6472m
 +1:xi1|qn:5=   1.6473m 1:xi1|qn:5=   1.6497m 1:xi1|qn:5=   1.6473m
 +1:xi1|qn:5=   1.6471m 1:xi1|qn:5=   1.6493m 1:xi1|qn:6=   1.6472m
 +1:xi1|qn:6=   1.6470m 1:xi1|qn:6=   1.6447m 1:xi1|qn:6=   1.6457m
 +1:xi1|qn:6=   1.6470m 1:xi1|qn:7=   1.6497m 1:xi1|qn:8=   1.6473m
 +1:xi1|qn:9=   1.6493m 1:xi1|xi0|= 166.5850u 1:xi1|xi0|= 166.2794u
 +1:xi1|xi0|= 166.2794u 1:xi1|xi0|= 166.4931u 1:xi1|xi0|= 166.2787u
 +1:xi1|xi0|= 165.9783u 1:xi1|xi0|= 165.9801u 1:xi1|xi0|= 165.9839u
 +1:xi1|xi0|= 165.9895u 1:xi1|xi0|= 165.9972u 1:xi1|xi0|= 166.0070u
 +1:xi1|xi0|= 169.1216u 1:xi1|xi0|= 166.0191u 1:xi1|xi0|= 166.0336u
 +1:xi1|xi0|= 166.0508u 1:xi1|xi0|= 166.0709u 1:xi1|xi0|= 166.3653u
 +1:xi1|xi0|= 166.3828u 1:xi1|xi0|= 166.3979u 1:xi1|xi0|= 166.4108u
 +1:xi1|xi0|= 166.4217u 1:xi1|xi0|= 166.4307u 1:xi1|xi0|= 166.5847u
 +1:xi1|xi0|= 166.4381u 1:xi1|xi0|= 166.4438u 1:xi1|xi0|= 166.4481u
 +1:xi1|xi0|= 166.4509u 1:xi1|xi0|= 166.4523u 1:xi1|xi0|= 166.4523u
 +1:xi1|xi0|= 166.2549u 1:xi1|xi0|= 166.2292u 1:xi1|xi0|= 166.2054u
 +1:xi1|xi0|= 166.5850u 1:xi1|xi0|= 166.5845u 1:xi1|xi0|= 166.4931u
 +1:xi1|xi0|= 166.1139u 1:xi1|xi0|= 166.2092u 1:xi1|xi0|= 166.1568u
 +1:xi1|xi0|= 166.2011u 1:xi1|xi0|= 166.2787u 1:xi1|xi0|= 166.2549u
 +1:xi1|xi0|= 166.2292u 1:xi1|xi0|= 165.9783u 1:xi1|xi0|= 169.1216u
 +1:xi1|xi0|= 167.9251u 1:xi1|xi0|= 166.4931u 1:xi1|xi0|= 166.2540u
 +1:xi1|xi0|= 166.2794u 1:xi1|xi0|=   1.1952  1:xi1|xi0|=   1.1952 
 +1:xi1|xi0|=   1.1952  1:xi1|xi0|=   1.1952  1:xi1|xi0|=   1.1952 
 +1:xi1|xi0|=   1.1952  1:xi1|xi0|=   1.1952  1:xi1|xi0|=   1.1952 
 +1:xi1|xi0|=   1.1952  1:xi1|xi0|=   1.1952  1:xi1|xi0|=   1.1952 
 +1:xi1|xi0|=   1.1952  1:xi1|xi0|=   1.1952  1:xi1|xi0|=   1.1952 
 +1:xi1|xi0|=   1.1952  1:xi1|xi0|=   1.1952  1:xi1|xi0|=   1.1952 
 +1:xi1|xi0|=   1.1952  1:xi1|xi0|=   1.1952  1:xi1|xi0|=   1.1952 
 +1:xi1|xi0|=   1.1952  1:xi1|xi0|=   1.1952  1:xi1|xi0|=   1.1952 
 +1:xi1|xi0|=   1.1952  1:xi1|xi0|=   1.1952  1:xi1|xi0|=   1.1952 
 +1:xi1|xi0|=   1.1952  1:xi1|xi0|=   1.1952  1:xi1|xi0|=   1.1952 
 +1:xi1|xi0|=   1.1952  1:xi1|xi0|=   1.1952  1:xi1|xi0|=   1.1952 
 +1:xi1|xi0|=   1.1952  1:xi1|xi0|=   1.1952  1:xi1|xi0|=   1.1952 
 +1:xi1|xi0|=   1.1952  1:xi1|xi0|=   1.1952  1:xi1|xi0|=   1.1952 
 +1:xi1|xi0|=   1.1952  1:xi1|xi0|=   1.1952  1:xi1|xi0|=   1.1952 
 +1:xi1|xi0|=   1.1952  1:xi1|xi0|=   1.1952  1:xi1|xi0|=   1.1952 
 +1:xi1|xi0|=   1.1952  1:xi1|xi0|=   1.1952  1:xi1|xi0|=   1.1952 
 +1:xi1|xi0|=   1.1952  1:xi1|xi0|=   1.1952  1:xi1|xi0|=   1.1952 
 +1:xi1|xi0|=   1.1952  1:xi1|xi0|=   1.1952  1:xi1|xi0|=   1.1952 
 +1:xi1|xi0|=   1.1952  1:xi1|xi0|=   1.1952  1:xi1|xi0|=   1.1952 
 +1:xi1|xi0|=   1.1952  1:xi1|xi0|=   1.1952  1:xi1|xi0|=   1.1952 
 +1:xi1|xi0|=   1.1952  1:xi1|xi0|=   1.1952  1:xi1|xi0|=   1.1952 
 +1:xi1|xi0|=   1.1952  1:xi1|xi0|=   1.1952  1:xi1|xi0|=   1.1952 
 +1:xi1|xi0|=   1.1952  1:xi1|xi0|=   1.1952  1:xi1|xi0|=   1.1952 
 +1:xi1|xi0|=   1.1952  1:xi1|xi0|=   1.1952  1:xi1|xi0|=   1.1952 
 +1:xi1|xi0|=   1.1952  1:xi1|xi0|=   1.1952  1:xi1|xi0|=   1.1952 
 +1:xi1|xi0|=   1.1952  1:xi1|xi0|=   1.1952  1:xi1|xi0|=   1.1952 
 +1:xi1|xi0|=   1.1952  1:xi1|xi0|=   1.1952  1:xi1|xi0|=   1.1952 
 +1:xi1|xi0|=  84.6327u 1:xi1|xi0|=  84.6170u 1:xi1|xi0|=  84.8462u
 +1:xi1|xi0|=  84.5034u 1:xi1|xi0|=  84.2850u 1:xi1|xi0|=  84.2566u
 +1:xi1|xi0|=  84.3098u 1:xi1|xi0|=  84.5229u 1:xi1|xi0|=  84.3097u
 +1:xi1|xi0|=  84.2814u 1:xi1|xi0|=  84.5034u 1:xi1|xi0|=  86.1290u
 +1:xi1|xi0|=  84.2813u 1:xi1|xi0|=  83.8746u 1:xi1|xi0|=  83.8777u
 +1:xi1|xi0|=  83.8840u 1:xi1|xi0|=  83.8934u 1:xi1|xi0|=  83.9063u
 +1:xi1|xi0|=  84.1707u 1:xi1|xi0|=  84.1793u 1:xi1|xi0|=  84.1868u
 +1:xi1|xi0|=  84.1932u 1:xi1|xi0|=  84.7356u 1:xi1|xi0|=  84.1986u
 +1:xi1|xi0|=  84.2031u 1:xi1|xi0|=  84.2067u 1:xi1|xi0|=  84.2096u
 +1:xi1|xi0|=  84.2117u 1:xi1|xi0|=  84.2131u 1:xi1|xi0|=  84.2137u
 +1:xi1|xi0|=  84.2137u 1:xi1|xi0|=  84.2860u 1:xi1|xi0|=  84.2566u
 +1:xi1|xi0|=  86.0401u 1:xi1|xi0|=  84.1954u 1:xi1|xi0|=  84.1470u
 +1:xi1|xi0|=  84.1954u 1:xi1|xi0|=  84.6327u 1:xi1|xi0|=  86.1290u
 +1:xi1|xi0|=  84.7356u 1:xi1|xi0|=  86.0401u 1:xi1|xi0|=  84.3097u
 +1:xi1|xi0|=  84.1507u 1:xi1|xi0|=  84.1410u 1:xi1|xi0|=  84.6324u
 +1:xi1|xi0|=  84.2860u 1:xi1|xi0|=  84.3098u 1:xi1|xi0|=  84.2813u
 +1:xi1|xi0|=  84.2814u 1:xi1|xi0|=  83.8746u 1:xi1|xi0|=  84.6319u
 +1:xi1|xi0|=  84.9356u 1:xi1|xi0|=  84.5229u 1:xi1|xi0|=  84.6913u
 +1:xi1|xi0|=   1.1947  1:xi1|xi0|=   1.1947  1:xi1|xi0|=   1.1947 
 +1:xi1|xi0|=   1.1947  1:xi1|xi0|=   1.1947  1:xi1|xi0|=   1.1947 
 +1:xi1|xi0|=   1.1947  1:xi1|xi0|=   1.1947  1:xi1|xi0|=   1.1947 
 +1:xi1|xi0|=   1.1947  1:xi1|xi0|=   1.1947  1:xi1|xi0|=   1.1947 
 +1:xi1|xi0|=   1.1947  1:xi1|xi0|=   1.1947  1:xi1|xi0|=   1.1947 
 +1:xi1|xi0|=   1.1947  1:xi1|xi0|=   1.1947  1:xi1|xi0|=   1.1947 
 +1:xi1|xi0|=   1.1947  1:xi1|xi0|=   1.1947  1:xi1|xi0|=   1.1947 
 +1:xi1|xi0|=   1.1947  1:xi1|xi0|=   1.1947  1:xi1|xi0|=   1.1947 
 +1:xi1|xi0|=   1.1947  1:xi1|xi0|=   1.1947  1:xi1|xi0|=   1.1947 
 +1:xi1|xi0|=   1.1947  1:xi1|xi0|=   1.1947  1:xi1|xi0|=   1.1947 
 +1:xi1|xi0|=   1.1947  1:xi1|xi0|=   1.1947  1:xi1|xi0|=   1.1947 
 +1:xi1|xi0|=   1.1947  1:xi1|xi0|=   1.1947  1:xi1|xi0|=   1.1947 
 +1:xi1|xi0|=   1.1947  1:xi1|xi0|=   1.1947  1:xi1|xi0|=   1.1947 
 +1:xi1|xi0|=   1.1947  1:xi1|xi0|=   1.1947  1:xi1|xi0|=   1.1947 
 +1:xi1|xi0|=   1.1947  1:xi1|xi0|=   1.1947  1:xi1|xi0|=   1.1947 
 +1:xi1|xi0|=   1.1947  1:xi1|xi0|=   1.1947  1:xi1|xi0|=   1.1947 
 +1:xi1|xi0|=   1.1947  1:xi1|xi0|=   1.1947  1:xi1|xi0|=   1.1947 
 +1:xi1|xi0|=   1.1947  1:xi1|xi0|=   1.1947  1:xi1|xi0|=   1.1947 
 +1:xi1|xi0|=   1.1947  1:xi1|xi0|=   1.1947  1:xi1|xi0|=   1.1947 
 +1:xi1|xi0|=   1.1947  1:xi1|xi0|=   1.1947  1:xi1|xi0|=   1.1947 
 +1:xi1|xi0|=   1.1947  1:xi1|xi0|=   1.1947  1:xi1|xi0|=   1.1947 
 +1:xi1|xi0|=   1.1947  1:xi1|xi0|=   1.1947  1:xi1|xi0|=   1.1947 
 +1:xi1|xi0|=   1.1947  1:xi1|xi0|=   1.1947  1:xi1|xi0|=   1.1947 
 +1:xi1|xi0|=   1.1947  1:xi1|xi0|=   1.1947  1:xi1|xi0|=   1.1947 
 +1:xi1|xi0|=   1.1947  1:xi1|xi1|=   1.1942  1:xi1|xi1|= 971.1126m
 +1:xi1|xi1|= 971.1126m 1:xi1|xi1|=  53.9945u 1:xi1|xi1|= 884.4499m
 +1:xi1|xi1|=   1.1942  1:xi1|xi1|=   1.1944  1:xi1|xi1|=   1.1944 
 +1:xi1|xi1|= 884.4499m 1:xi1|xi1|=   1.1942  1:xi1|xi1|=   1.6948m
 +1:xi1|xi1|=   1.1944  1:xi1|xi1|= 971.1126m 1:xi1|xi1|= 971.1126m
 +1:xi1|xi1|= 971.1126m 1:xi1|xi1|= 971.1126m 1:xi1|xi1|= 971.1126m
 +1:xi1|xi1|= 971.1126m 1:xi1|xi1|= 971.1126m 1:xi1|xi1|= 971.1126m
 +1:xi1|xi1|= 971.1126m 1:xi1|xi1|= 971.1126m 1:xi1|xi1|= 971.1126m
 +1:xi1|xi1|= 971.1126m 1:xi1|xi2|=   1.6822m 1:xi1|xi2|= 911.2107u
 +1:xi1|xi2|= 911.2107u 1:xi1|xi2|=  64.5775u 1:xi1|xi2|= 884.4499m
 +1:xi1|xi2|=   1.6999m 1:xi1|xi2|=   1.1943  1:xi1|xi2|=   1.1944 
 +1:xi1|xi2|= 884.4499m 1:xi1|xi2|=   1.6999m 1:xi1|xi2|=   1.0144 
 +1:xi1|xi2|=   1.1944  1:xi1|xi2|= 911.2107u 1:xi1|xi2|= 911.2107u
 +1:xi1|xi2|= 911.2107u 1:xi1|xi2|= 911.2107u 1:xi1|xi2|= 911.2107u
 +1:xi1|xi2|= 911.2107u 1:xi1|xi2|= 911.2107u 1:xi1|xi2|= 911.2107u
 +1:xi1|xi2|= 911.2107u 1:xi1|xi2|= 911.2107u 1:xi1|xi2|= 911.2107u
 +1:xi1|xi2|= 911.2107u 1:xi1|xi3|=   1.1944  1:xi1|xi3|=  96.2975m
 +1:xi1|xi3|=  96.2975m 1:xi1|xi3|=  54.3108u 1:xi1|xi3|= 884.4499m
 +1:xi1|xi3|=   1.1944  1:xi1|xi3|=   1.6497m 1:xi1|xi3|=   1.1944 
 +1:xi1|xi3|= 884.4499m 1:xi1|xi3|=   1.1944  1:xi1|xi3|=   9.5483u
 +1:xi1|xi3|=   1.1944  1:xi1|xi3|=  96.2975m 1:xi1|xi3|=  96.2975m
 +1:xi1|xi3|=  96.2975m 1:xi1|xi3|=  96.2975m 1:xi1|xi3|=  96.2975m
 +1:xi1|xi3|=  96.2975m 1:xi1|xi3|=  96.2975m 1:xi1|xi3|=  96.2975m
 +1:xi1|xi3|=  96.2975m 1:xi1|xi3|=  96.2975m 1:xi1|xi3|=  96.2975m
 +1:xi1|xi3|=  96.2975m 1:xi1|xi4|= 358.1676m 1:xi1|xi4|=   1.1943 
 +1:xi1|xi4|=  68.7552n 1:xi1|xi4|=  60.8824u 1:xi1|xi4|= 884.4499m
 +1:xi1|xi4|=   1.1943  1:xi1|xi4|=   3.0027u 1:xi1|xi4|=   1.1944 

 ******
 *******************************************************

 ****** transient analysis tnom=  25.000 temp=  25.000 ******
 trise_q0=  72.6789p  targ=   5.1599n   trig=   5.0872n
 tfall_q0= 104.1325p  targ=  15.2227n   trig=  15.1186n
 tpd_clk_q0=  -9.8931n  targ=   5.1169n   trig=  15.0100n
 tpd_clk_q1=  10.1031n  targ=  35.1131n   trig=  25.0100n

          ***** job concluded
 ******  
 *******************************************************

 ****** job statistics summary tnom=  25.000 temp=  25.000 ******
  
  
 ******  Machine Information  ******
 CPU:
 model name	: 13th Gen Intel(R) Core(TM) i5-13500H
 cpu MHz	: 3187.212
  
 OS:
 Linux version 3.10.0-1160.59.1.el7.x86_64 (mockbuild@kbuilder.bsys.centos.org) (gcc version 4.8.5 20150623 (Red Hat 4.8.5-44) (GCC) ) #1 SMP Wed Feb 23 16:47:03 UTC 2022


  ******  HSPICE Threads Information  ******

  Command Line Threads Count :     1
  Available CPU Count        :     4
  Actual Threads Count       :     1


  ****** Statistics of Ignored Elements ******
  Voltage Sources :       1

  ******  Circuit Statistics  ******
  # nodes       =    4786 # elements   =   11086
  # resistors   =    6118 # capacitors =    4858 # inductors   =       0
  # mutual_inds =       0 # vccs       =       0 # vcvs        =       0
  # cccs        =       0 # ccvs       =       0 # volt_srcs   =       2
  # curr_srcs   =       0 # diodes     =       0 # bjts        =       0
  # jfets       =       0 # mosfets    =     108 # U elements  =       0
  # T elements  =       0 # W elements =       0 # B elements  =       0
  # S elements  =       0 # P elements =       0 # va device   =       0
  # vector_srcs =       0 # N elements =       0


  ******  Runtime Statistics (seconds)  ******

  analysis           time    # points   tot. iter  conv.iter
  op point           0.27           1         278
  transient          2.43      100001        2564         865 rev=        12
  readin             0.11
  errchk             0.05
  setup              0.06
  output             0.00


           peak memory used        286.66 megabytes
           total cpu time            2.92 seconds
           total elapsed time        3.09 seconds
           job started at     11:56:42 06/09/2026
           job ended   at     11:56:45 06/09/2026


 lic: Release hspice token(s) 
 lic: total license checkout elapse time:        0.12(s)
